date,nav_theo_usd_bt,nav_theo_usd_live,nav_ucits_eur_bt,nav_ucits_eur_live,bench_6040_usd,bench_allw_usd,bench_rpar_usd,bench_6040_eur,bench_allw_eur,bench_rpar_eur
2006-01-31,100.0,,100.0,,100.0,,,100.0,,
2006-02-01,99.5869,,100.34628,,100.304355,,,101.069206,,
2006-02-02,99.1695,,99.71907,,99.637088,,,100.189249,,
2006-02-03,98.7784,,99.904234,,99.45591,,,100.589466,,
2006-02-06,99.4319,,101.027451,,99.606996,,,101.205356,,
2006-02-07,97.2324,,98.66896,,99.045879,,,100.509233,,
2006-02-08,97.5426,,99.140977,,99.562453,,,101.193928,,
2006-02-09,97.6474,,99.106637,,99.496512,,,100.983382,,
2006-02-10,96.9184,,99.053113,,99.516204,,,101.708136,,
2006-02-13,96.3552,,98.477508,,99.435834,,,101.625995,,
2006-02-14,96.6528,,98.615853,,100.001889,,,102.032964,,
2006-02-15,96.3888,,98.569854,,100.260504,,,102.529166,,
2006-02-16,97.4378,,99.500305,,100.666547,,,102.797396,,
2006-02-17,97.8909,,99.728441,,100.672629,,,102.562387,,
2006-02-21,98.2817,,100.311512,,100.375861,,,102.448924,,
2006-02-22,98.2769,,100.298193,,100.892492,,,102.96758,,
2006-02-23,97.8556,,99.826326,,100.780487,,,102.810118,,
2006-02-24,98.5962,,100.997115,,100.96861,,,103.427296,,
2006-02-27,98.0054,,100.586863,,100.911994,,,103.570017,,
2006-02-28,98.03,,99.970683,,100.415635,,,102.403546,,
2006-03-01,98.5646,,100.499006,,100.958367,,,102.939752,,
2006-03-02,99.0408,,100.011538,,100.858141,,,101.846691,,
2006-03-03,98.5819,,99.572953,,100.493204,,,101.503471,,
2006-03-06,97.0309,,98.169485,,99.989342,,,101.162642,,
2006-03-07,96.5384,,98.722839,,99.993948,,,102.256578,,
2006-03-08,96.1988,,98.070325,,100.147087,,,102.095425,,
2006-03-09,95.9751,,97.981952,,99.689574,,,101.774096,,
2006-03-10,96.115,,98.058901,,100.27393,,,102.301944,,
2006-03-13,96.7904,,98.360005,,100.460414,,,102.089533,,
2006-03-14,97.8917,,99.073367,,101.226911,,,102.448838,,
2006-03-15,98.1302,,98.845701,,101.390829,,,102.130104,,
2006-03-16,98.8457,,98.64285,,101.68437,,,101.475694,,
2006-03-17,98.417,,98.126425,,101.638648,,,101.338561,,
2006-03-20,97.9145,,97.866199,,101.528016,,,101.477933,,
2006-03-21,97.4383,,97.945871,,101.046428,,,101.572794,,
2006-03-22,97.7765,,98.424182,,101.483689,,,102.155928,,
2006-03-23,97.963,,99.485092,,101.323507,,,102.897813,,
2006-03-24,98.7279,,99.72042,,101.441098,,,102.460894,,
2006-03-27,98.9873,,100.148842,,101.383835,,,102.573499,,
2006-03-28,98.6383,,99.937135,,100.908685,,,102.237416,,
2006-03-29,99.3889,,100.49661,,101.205007,,,102.332958,,
2006-03-30,99.7945,,99.720676,,100.917231,,,100.842576,,
2006-03-31,99.2573,,99.576742,,101.063404,,,101.388659,,
2006-04-03,99.5291,,99.684895,,100.976931,,,101.134992,,
2006-04-04,99.9342,,99.118883,,101.418549,,,100.591122,,
2006-04-05,100.5977,,99.533356,,101.652093,,,100.576593,,
2006-04-06,100.6827,,100.089921,,101.559867,,,100.961923,,
2006-04-07,99.4154,,99.875463,,100.803978,,,101.270466,,
2006-04-10,100.3269,,100.716275,,100.860083,,,101.251527,,
2006-04-11,99.755,,99.870009,,100.430413,,,100.546201,,
2006-04-12,99.6868,,100.131569,,100.507454,,,100.955885,,
2006-04-13,99.5867,,99.989715,,100.340383,,,100.746448,,
2006-04-17,100.7005,,99.936004,,100.3899,,,99.627763,,
2006-04-18,102.1026,,100.498864,,101.311931,,,99.720614,,
2006-04-19,103.1005,,101.235196,,101.466089,,,99.630355,,
2006-04-20,101.8247,,100.51015,,101.491247,,,100.181002,,
2006-04-21,103.3371,,101.746925,,101.490144,,,99.928391,,
2006-04-24,102.4156,,100.513978,,101.5325,,,99.647275,,
2006-04-25,102.1347,,99.891534,,101.149003,,,98.927486,,
2006-04-26,102.0545,,99.636749,,101.09211,,,98.697158,,
2006-04-27,101.7102,,98.658837,,101.483759,,,98.439189,,
2006-04-28,102.8865,,99.151134,,101.772798,,,98.077865,,
2006-05-01,102.8729,,99.350667,,101.115939,,,97.653862,,
2006-05-02,104.2256,,100.457543,,101.61518,,,97.941497,,
2006-05-03,103.6465,,99.749121,,101.362154,,,97.550672,,
2006-05-04,103.9687,,99.594037,,101.554824,,,97.281729,,
2006-05-05,104.8628,,100.158511,,102.165282,,,97.582007,,
2006-05-08,104.5664,,100.016851,,102.122895,,,97.67966,,
2006-05-09,105.5259,,100.546976,,102.220393,,,97.39743,,
2006-05-10,106.0274,,100.827255,,102.147248,,,97.137405,,
2006-05-11,105.4323,,99.847397,,101.375994,,,96.005959,,
2006-05-12,104.0086,,97.805784,,100.499323,,,94.505791,,
2006-05-15,102.404,,97.305451,,100.645862,,,95.634848,,
2006-05-16,103.0517,,97.433511,,100.752869,,,95.260007,,
2006-05-17,101.5391,,96.877359,,99.487275,,,94.919735,,
2006-05-18,101.1812,,95.769261,,99.355617,,,94.041324,,
2006-05-19,100.9486,,96.080217,,99.766948,,,94.955553,,
2006-05-22,100.5388,,94.998503,,99.322607,,,93.84933,,
2006-05-23,100.6779,,95.515978,,98.761974,,,93.698285,,
2006-05-24,99.8241,,95.166409,,99.237717,,,94.607386,,
2006-05-25,101.156,,96.074531,,99.971243,,,94.949289,,
2006-05-26,101.5168,,96.993099,,100.441702,,,95.965908,,
2006-05-30,100.5915,,95.018759,,99.291718,,,93.790984,,
2006-05-31,101.0436,,95.892862,,99.866188,,,94.775469,,
2006-06-01,100.8902,,95.792149,,100.409289,,,95.335538,,
2006-06-02,101.9616,,95.932805,,100.842525,,,94.879899,,
2006-06-05,100.6531,,94.81174,,99.83105,,,94.037398,,
2006-06-06,100.398,,95.109407,,99.780276,,,94.524222,,
2006-06-07,99.1738,,94.302415,,99.211346,,,94.338116,,
2006-06-08,99.0088,,95.142706,,99.300836,,,95.423338,,
2006-06-09,98.6255,,94.85685,,99.161317,,,95.372192,,
2006-06-12,97.6999,,94.36228,,98.397721,,,95.036262,,
2006-06-13,95.1505,,92.295932,,97.825829,,,94.891,,
2006-06-14,95.5909,,92.25936,,98.128415,,,94.708437,,
2006-06-15,97.6089,,93.916246,,99.315794,,,95.558566,,
2006-06-16,97.419,,93.703865,,98.853089,,,95.083264,,
2006-06-19,95.7896,,92.61289,,98.284685,,,95.02523,,
2006-06-20,96.1082,,92.876607,,98.507707,,,95.195431,,
2006-06-21,97.2386,,93.375201,,98.957385,,,95.025697,,
2006-06-22,96.843,,93.60158,,98.520108,,,95.222554,,
2006-06-23,97.3948,,94.646591,,98.536183,,,95.755768,,
2006-06-26,97.8435,,94.531015,,98.68286,,,95.341958,,
2006-06-27,97.5066,,94.242969,,98.276005,,,94.986621,,
2006-06-28,97.9138,,94.802356,,98.637489,,,95.503047,,
2006-06-29,100.0204,,96.01614,,99.970633,,,95.968366,,
2006-06-30,101.0033,,96.004505,,99.977457,,,95.029432,,
2006-07-03,101.7118,,96.58732,,100.285037,,,95.23244,,
2006-07-05,101.5913,,97.056651,,99.820154,,,95.364562,,
2006-07-06,101.9614,,96.99102,,100.029452,,,95.15325,,
2006-07-07,101.4359,,96.227605,,99.788035,,,94.66435,,
2006-07-10,101.3593,,96.804577,,99.936092,,,95.445323,,
2006-07-11,102.6716,,97.697177,,100.264668,,,95.40686,,
2006-07-12,102.6859,,98.272292,,99.652943,,,95.369696,,
2006-07-13,102.287,,97.998541,,98.71524,,,94.57653,,
2006-07-14,102.5572,,98.591513,,98.533245,,,94.723157,,
2006-07-17,101.0951,,98.140496,,98.36687,,,95.492001,,
2006-07-18,100.678,,97.884095,,98.634504,,,95.897308,,
2006-07-19,101.9861,,98.509881,,99.608926,,,96.213734,,
2006-07-20,100.7294,,96.972418,,99.240935,,,95.539469,,
2006-07-21,99.8377,,95.606722,,98.796847,,,94.60998,,
2006-07-24,100.8547,,97.062299,,99.937623,,,96.179707,,
2006-07-25,101.4625,,98.089857,,100.120263,,,96.792236,,
2006-07-26,102.2419,,97.755032,,100.225678,,,95.827292,,
2006-07-27,102.3141,,97.955028,,100.239829,,,95.969131,,
2006-07-28,102.8539,,98.085609,,100.921977,,,96.24325,,
2006-07-31,103.2287,,98.311931,,100.806435,,,96.005038,,
2006-08-01,103.5476,,98.146633,,100.611987,,,95.364139,,
2006-08-02,104.054,,98.927426,,101.032652,,,96.054934,,
2006-08-03,103.6996,,98.47497,,101.204813,,,96.105876,,
2006-08-04,103.6605,,97.879711,,101.233134,,,95.587711,,
2006-08-07,103.9421,,98.405472,,101.089087,,,95.704429,,
2006-08-08,103.4192,,97.971461,,100.855646,,,95.542946,,
2006-08-09,103.6774,,97.994614,,100.687626,,,95.168716,,
2006-08-10,103.0264,,97.904515,,100.850711,,,95.836989,,
2006-08-11,102.6425,,98.022414,,100.609882,,,96.081287,,
2006-08-14,101.9573,,97.498257,,100.612174,,,96.21196,,
2006-08-15,102.5559,,97.51076,,101.43371,,,96.443775,,
2006-08-16,103.0559,,97.589276,,102.071533,,,96.657124,,
2006-08-17,102.3982,,97.049618,,102.236498,,,96.896363,,
2006-08-18,103.0159,,97.619833,,102.581621,,,97.208302,,
2006-08-21,103.6641,,97.769205,,102.416505,,,96.592555,,
2006-08-22,103.6871,,98.470791,,102.386501,,,97.235623,,
2006-08-23,103.0287,,97.975627,,102.231059,,,97.217106,,
2006-08-24,103.3199,,98.406496,,102.175439,,,97.31646,,
2006-08-25,103.5838,,98.71972,,102.289279,,,97.485987,,
2006-08-28,103.1093,,98.090638,,102.552787,,,97.561212,,
2006-08-29,103.0051,,97.647656,,102.636555,,,97.298279,,
2006-08-30,102.8799,,97.468164,,102.739423,,,97.335076,,
2006-08-31,103.0977,,97.819345,,102.779896,,,97.517812,,
2006-09-01,103.5918,,98.104391,,103.148961,,,97.685009,,
2006-09-05,104.2978,,98.934839,,103.218347,,,97.91089,,
2006-09-06,102.9662,,97.755612,,102.681307,,,97.485136,,
2006-09-07,102.274,,97.670501,,102.385628,,,97.777105,,
2006-09-08,101.5521,,97.38655,,102.610733,,,98.401759,,
2006-09-11,99.9964,,95.713461,,102.649172,,,98.252612,,
2006-09-12,100.2017,,96.015802,,103.358122,,,99.040366,,
2006-09-13,100.9226,,96.683725,,103.634584,,,99.281803,,
2006-09-14,99.7878,,95.333653,,103.579232,,,98.95585,,
2006-09-15,100.0121,,96.06886,,103.721158,,,99.631679,,
2006-09-18,100.9163,,96.548351,,103.79494,,,99.302396,,
2006-09-19,100.2047,,96.086839,,103.732249,,,99.469426,,
2006-09-20,99.9157,,95.756845,,104.112419,,,99.778881,,
2006-09-21,100.5525,,95.650801,,103.985908,,,98.916838,,
2006-09-22,100.683,,95.729996,,103.825016,,,98.717443,,
2006-09-25,101.1333,,96.467477,,104.388192,,,99.572203,,
2006-09-26,101.8985,,97.626329,,104.898339,,,100.500398,,
2006-09-27,102.6765,,98.286508,,104.957447,,,100.469932,,
2006-09-28,102.5639,,98.163263,,104.898045,,,100.397259,,
2006-09-29,102.4717,,98.252928,,104.867191,,,100.549796,,
2006-10-02,102.0226,,97.376872,,104.668571,,,99.902355,,
2006-10-03,100.3707,,95.830288,,104.79684,,,100.056205,,
2006-10-04,100.9419,,96.512082,,105.694479,,,101.056095,,
2006-10-05,101.5098,,97.223278,,105.683338,,,101.220577,,
2006-10-06,101.2841,,97.777428,,105.445137,,,101.794401,,
2006-10-09,101.101,,97.592918,,105.572177,,,101.908951,,
2006-10-10,101.3158,,98.244914,,105.488265,,,102.290911,,
2006-10-11,100.796,,97.92051,,105.366777,,,102.360893,,
2006-10-12,101.8529,,98.624136,,105.960409,,,102.601436,,
2006-10-13,102.5819,,99.703266,,106.017679,,,103.042631,,
2006-10-16,103.5517,,100.453106,,106.183115,,,103.005781,,
2006-10-17,102.9895,,99.812155,,106.045312,,,102.773692,,
2006-10-18,102.9017,,99.830522,,106.18024,,,103.011212,,
2006-10-19,103.7361,,99.898618,,106.265245,,,102.334203,,
2006-10-20,103.1487,,99.380181,,106.26282,,,102.380527,,
2006-10-23,102.8312,,99.603157,,106.431408,,,103.090348,,
2006-10-24,103.5166,,100.211151,,106.66671,,,103.260673,,
2006-10-25,104.4792,,100.789875,,106.99123,,,103.213201,,
2006-10-26,104.9058,,100.483789,,107.343556,,,102.818788,,
2006-10-27,104.6625,,99.920095,,107.021998,,,102.17268,,
2006-10-30,104.4723,,99.816899,,106.982961,,,102.215682,,
2006-10-31,105.0453,,100.057683,,107.128292,,,102.041773,,
2006-11-01,105.1671,,100.228671,,106.777133,,,101.763101,,
2006-11-02,105.3638,,100.235404,,106.689377,,,101.496461,,
2006-11-03,105.6777,,101.032106,,106.354024,,,101.678699,,
2006-11-06,106.1563,,101.433829,,107.074878,,,102.311544,,
2006-11-07,106.2675,,101.118857,,107.42639,,,102.221598,,
2006-11-08,106.472,,101.472296,,107.686515,,,102.62978,,
2006-11-09,107.2237,,101.615145,,107.352537,,,101.737243,,
2006-11-10,106.932,,101.196707,,107.474557,,,101.710164,,
2006-11-13,106.8581,,101.442641,,107.588417,,,102.135946,,
2006-11-14,107.1178,,101.665363,,108.12742,,,102.623592,,
2006-11-15,107.4378,,101.818046,,108.235296,,,102.573827,,
2006-11-16,106.514,,101.195001,,108.362482,,,102.951175,,
2006-11-17,107.0413,,101.466015,,108.494596,,,102.843615,,
2006-11-20,107.0273,,101.531911,,108.559987,,,102.985901,,
2006-11-21,107.7802,,102.015296,,108.682772,,,102.869592,,
2006-11-22,107.8375,,101.280991,,108.865706,,,102.246682,,
2006-11-24,108.1052,,100.361641,,108.621115,,,100.840602,,
2006-11-27,107.6922,,99.681352,,107.708263,,,99.69622,,
2006-11-28,108.2518,,99.698332,,108.101663,,,99.560058,,
2006-11-29,109.1663,,100.892165,,108.71079,,,100.471179,,
2006-11-30,110.038,,101.021966,,108.873152,,,99.95256,,
2006-12-01,110.0031,,100.278094,,108.81207,,,99.192358,,
2006-12-04,110.2686,,100.474918,,109.356367,,,99.643706,,
2006-12-05,110.2759,,100.677762,,109.605612,,,100.065814,,
2006-12-06,109.6767,,100.349257,,109.520172,,,100.206041,,
2006-12-07,109.3743,,100.080106,,109.192906,,,99.914126,,
2006-12-08,108.9483,,100.317,,109.225526,,,100.572262,,
2006-12-11,109.3035,,100.393135,,109.436561,,,100.515349,,
2006-12-12,109.3727,,100.09371,,109.477971,,,100.19005,,
2006-12-13,109.4204,,100.675447,,109.408808,,,100.664781,,
2006-12-14,109.8419,,101.601522,,109.924944,,,101.678336,,
2006-12-15,109.1733,,101.446196,,109.923519,,,102.143316,,
2006-12-18,108.3769,,100.598515,,109.768395,,,101.890141,,
2006-12-19,109.1442,,100.54307,,109.926971,,,101.264155,,
2006-12-20,108.7022,,100.325955,,109.870968,,,101.404661,,
2006-12-21,108.4869,,100.089253,,109.720274,,,101.227155,,
2006-12-22,107.9705,,99.885715,,109.273667,,,101.091301,,
2006-12-26,108.3875,,100.608354,,109.644938,,,101.775544,,
2006-12-27,108.829,,100.894909,,109.965381,,,101.948443,,
2006-12-28,108.9146,,100.697818,,109.769458,,,101.488184,,
2006-12-29,108.6395,,100.040241,,109.489199,,,100.822683,,
2007-01-03,107.5092,,99.239952,,109.464786,,,101.045121,,
2007-01-04,107.0304,,99.454967,,109.694431,,,101.930442,,
2007-01-05,106.2305,,99.318994,,109.142833,,,102.041846,,
2007-01-08,106.5473,,99.4622,,109.467389,,,102.188111,,
2007-01-09,106.4489,,99.546151,,109.414044,,,102.319019,,
2007-01-10,105.8773,,99.493776,,109.57938,,,102.972651,,
2007-01-11,105.7491,,99.720168,,109.791965,,,103.532543,,
2007-01-12,107.1221,,100.827191,,110.225554,,,103.748274,,
2007-01-16,106.7766,,100.486434,,110.166215,,,103.676368,,
2007-01-17,107.2518,,100.785405,,110.158874,,,103.517206,,
2007-01-18,106.8904,,100.244331,,109.998478,,,103.159159,,
2007-01-19,107.8626,,101.171692,,110.115061,,,103.284428,,
2007-01-22,107.5318,,100.947085,,109.925688,,,103.194383,,
2007-01-23,108.7194,,101.466488,,110.03751,,,102.696664,,
2007-01-24,109.1181,,102.286177,,110.558139,,,103.636054,,
2007-01-25,107.9392,,101.478424,,109.721771,,,103.154298,,
2007-01-26,107.9944,,101.663974,,109.662073,,,103.233891,,
2007-01-29,107.6384,,101.000362,,109.565682,,,102.808789,,
2007-01-30,108.5061,,101.712494,,109.975319,,,103.089725,,
2007-01-31,109.3501,,102.008126,,110.451524,,,103.035598,,
2007-02-01,109.7542,,102.471587,,110.8724,,,103.51559,,
2007-02-02,109.6246,,102.792668,,111.02999,,,104.110473,,
2007-02-05,109.6441,,103.105196,,111.116613,,,104.489892,,
2007-02-06,109.9049,,102.904696,,111.21793,,,104.134094,,
2007-02-07,109.8331,,102.631954,,111.412038,,,104.107369,,
2007-02-08,110.4298,,102.944239,,111.358852,,,103.810315,,
2007-02-09,110.1584,,102.967583,,110.757709,,,103.527771,,
2007-02-12,109.4647,,102.642734,,110.49213,,,103.606133,,
2007-02-13,110.1229,,102.681764,,111.040462,,,103.537325,,
2007-02-14,110.7915,,102.581347,,111.647224,,,103.373658,,
2007-02-15,110.7389,,102.446818,,111.804816,,,103.432919,,
2007-02-16,110.7888,,102.508583,,111.796316,,,103.440798,,
2007-02-20,110.2249,,102.002355,,111.959324,,,103.607394,,
2007-02-21,111.2541,,102.946942,,111.93295,,,103.575103,,
2007-02-22,111.2357,,103.024015,,111.79045,,,103.537813,,
2007-02-23,111.571,,103.028447,,111.639522,,,103.091722,,
2007-02-26,112.0169,,103.267637,,111.677659,,,102.954893,,
2007-02-27,108.951,,100.02403,,109.236353,,,100.286002,,
2007-02-28,109.7042,,100.814487,,109.88609,,,100.981638,,
2007-03-01,109.2516,,100.725963,,109.68366,,,101.124307,,
2007-03-02,107.8256,,99.36603,,108.905077,,,100.360815,,
2007-03-05,106.9583,,99.342411,,108.260035,,,100.551456,,
2007-03-06,108.4106,,100.407471,,109.34045,,,101.268677,,
2007-03-07,108.8383,,100.421073,,109.304806,,,100.851501,,
2007-03-08,109.3889,,101.25955,,109.824358,,,101.662647,,
2007-03-09,108.9303,,100.981123,,109.718471,,,101.711777,,
2007-03-12,109.0795,,100.544418,,109.954472,,,101.350927,,
2007-03-13,107.9944,,99.491419,,108.784831,,,100.219616,,
2007-03-14,108.5016,,99.762126,,109.224943,,,100.427206,,
2007-03-15,108.5564,,99.699406,,109.265242,,,100.350415,,
2007-03-16,108.4377,,99.021863,,109.076583,,,99.605271,,
2007-03-19,109.2321,,99.829768,,109.834244,,,100.380081,,
2007-03-20,109.813,,100.247623,,110.244394,,,100.64144,,
2007-03-21,111.0509,,100.862668,,111.392284,,,101.172732,,
2007-03-22,111.3145,,101.519232,,111.258522,,,101.468179,,
2007-03-23,111.1805,,101.725166,,111.293947,,,101.828965,,
2007-03-26,111.6228,,101.800402,,111.176657,,,101.393518,,
2007-03-27,111.4929,,101.521997,,111.031741,,,101.10208,,
2007-03-28,111.3137,,101.65577,,110.569868,,,100.976476,,
2007-03-29,111.3222,,101.526254,,110.604602,,,100.871802,,
2007-03-30,110.9664,,100.989633,,110.577841,,,100.636009,,
2007-04-02,111.3389,,101.275572,,110.714089,,,100.707234,,
2007-04-03,111.8311,,101.990373,,111.37978,,,101.578767,,
2007-04-04,112.3268,,102.158893,,111.501328,,,101.408144,,
2007-04-05,112.5082,,101.85146,,111.640195,,,101.065672,,
2007-04-09,112.1461,,102.09384,,111.562892,,,101.562908,,
2007-04-10,112.91,,102.139143,,111.715439,,,101.058535,,
2007-04-11,112.5668,,101.889335,,111.411593,,,100.843704,,
2007-04-12,113.0835,,101.977392,,111.76657,,,100.7898,,
2007-04-13,113.5103,,101.984027,,111.99791,,,100.625211,,
2007-04-16,114.3515,,102.717035,,112.728035,,,101.258746,,
2007-04-17,114.2821,,102.412552,,113.036822,,,101.29661,,
2007-04-18,114.5125,,102.302299,,113.189529,,,101.120393,,
2007-04-19,114.0676,,101.874892,,113.151798,,,101.05698,,
2007-04-20,114.6994,,102.582345,,113.774038,,,101.75474,,
2007-04-23,114.6787,,102.692262,,113.559453,,,101.690001,,
2007-04-24,114.7586,,102.289138,,113.610377,,,101.265679,,
2007-04-25,115.1174,,102.623999,,114.251037,,,101.85166,,
2007-04-26,114.552,,102.397785,,114.247046,,,102.125187,,
2007-04-27,114.6568,,102.123523,,114.178181,,,101.697223,,
2007-04-30,114.7077,,102.183832,,113.766206,,,101.345131,,
2007-05-01,114.8097,,102.597967,,113.919024,,,101.802028,,
2007-05-02,115.0588,,102.911348,,114.32932,,,102.258884,,
2007-05-03,115.3865,,103.531985,,114.653147,,,102.873975,,
2007-05-04,115.8917,,103.625818,,114.972464,,,102.803874,,
2007-05-07,116.0871,,103.770008,,115.027008,,,102.822394,,
2007-05-08,115.8373,,103.990196,,114.885845,,,103.136051,,
2007-05-09,115.6273,,103.909097,,115.025421,,,103.368214,,
2007-05-10,114.9021,,103.594331,,114.37664,,,103.120582,,
2007-05-11,115.3586,,103.636984,,114.875435,,,103.202914,,
2007-05-14,115.1016,,103.306854,,114.733703,,,102.976656,,
2007-05-15,115.1835,,103.038044,,114.736706,,,102.638362,,
2007-05-16,115.2335,,103.662485,,115.215003,,,103.645845,,
2007-05-17,114.9865,,103.593599,,115.003317,,,103.60875,,
2007-05-18,115.2125,,103.666606,,115.460804,,,103.890027,,
2007-05-21,115.4693,,104.229388,,115.529036,,,104.28331,,
2007-05-22,114.9544,,103.918928,,115.370166,,,104.294781,,
2007-05-23,114.9064,,103.790639,,115.349616,,,104.19098,,
2007-05-24,114.2704,,103.454448,,114.737618,,,103.877443,,
2007-05-25,114.494,,103.518121,,114.998908,,,103.974627,,
2007-05-29,114.5903,,103.589781,,115.210398,,,104.15035,,
2007-05-30,115.1177,,104.22155,,115.826604,,,104.863355,,
2007-05-31,115.1119,,104.030365,,115.646056,,,104.5131,,
2007-06-01,115.292,,104.239621,,115.946414,,,104.8313,,
2007-06-04,115.7235,,104.296222,,116.010031,,,104.554459,,
2007-06-05,115.1679,,103.534521,,115.605976,,,103.928346,,
2007-06-06,114.6197,,103.194315,,114.880833,,,103.429418,,
2007-06-07,112.5702,,101.877242,,113.31772,,,102.553755,,
2007-06-08,112.824,,102.60341,,114.153183,,,103.812184,,
2007-06-11,112.8934,,102.751073,,114.294925,,,104.026685,,
2007-06-12,111.5806,,101.983784,,113.27522,,,103.532653,,
2007-06-13,112.9354,,103.144515,,114.368735,,,104.453588,,
2007-06-14,113.1792,,103.367179,,114.891858,,,104.931358,,
2007-06-15,113.7953,,103.393909,,115.454058,,,104.901049,,
2007-06-18,113.703,,103.048191,,115.395863,,,104.582421,,
2007-06-19,114.2512,,103.444769,,115.722203,,,104.776638,,
2007-06-20,113.1771,,102.648094,,114.612187,,,103.949673,,
2007-06-21,113.2704,,102.847808,,114.934938,,,104.359183,,
2007-06-22,113.2331,,102.233635,,114.393213,,,103.281055,,
2007-06-25,113.1962,,102.223095,,114.111063,,,103.049272,,
2007-06-26,112.641,,101.7822,,113.344426,,,102.417815,,
2007-06-27,113.1833,,102.279824,,114.407407,,,103.386006,,
2007-06-28,113.2737,,102.391959,,114.360928,,,103.374741,,
2007-06-29,113.7241,,102.145921,,114.479036,,,102.823998,,
2007-07-02,114.4274,,102.113715,,115.219406,,,102.820492,,
2007-07-03,114.3135,,102.124518,,115.415034,,,103.108598,,
2007-07-05,113.8027,,101.74295,,115.150145,,,102.947605,,
2007-07-06,113.9899,,101.715828,,115.435625,,,103.005882,,
2007-07-09,114.2721,,101.952675,,115.56985,,,103.110518,,
2007-07-10,114.4763,,101.235884,,114.781588,,,101.505863,,
2007-07-11,114.2201,,101.024014,,115.165751,,,101.860412,,
2007-07-12,114.9701,,101.362888,,116.209459,,,102.455564,,
2007-07-13,115.3179,,101.684273,,116.480925,,,102.709798,,
2007-07-16,115.529,,101.981369,,116.561805,,,102.89306,,
2007-07-17,115.2202,,101.642358,,116.444612,,,102.722482,,
2007-07-18,115.8248,,102.020249,,116.435452,,,102.55812,,
2007-07-19,116.1772,,102.323234,,116.705509,,,102.788544,,
2007-07-20,116.2641,,102.229428,,116.101455,,,102.086416,,
2007-07-23,116.3046,,102.413183,,116.289017,,,102.399462,,
2007-07-24,115.5396,,101.621785,,115.170957,,,101.297548,,
2007-07-25,115.7441,,102.551005,,115.288702,,,102.147515,,
2007-07-26,114.562,,101.326414,,113.806868,,,100.658524,,
2007-07-27,113.6252,,101.286317,,112.427629,,,100.218794,,
2007-07-30,114.3126,,101.46755,,113.453974,,,100.705406,,
2007-07-31,114.1779,,101.444274,,112.83218,,,100.248635,,
2007-08-01,114.2421,,101.620141,,113.064465,,,100.572617,,
2007-08-02,114.5566,,101.632188,,113.579948,,,100.765723,,
2007-08-03,113.8317,,100.373781,,112.025092,,,98.780762,,
2007-08-06,114.0647,,100.535483,,113.075289,,,99.663426,,
2007-08-07,114.6572,,101.47706,,113.768254,,,100.690301,,
2007-08-08,114.5725,,100.953776,,114.662863,,,101.033397,,
2007-08-09,113.1944,,100.614578,,112.677808,,,100.155397,,
2007-08-10,113.523,,100.766675,,112.212083,,,99.603063,,
2007-08-13,113.6258,,101.472862,,112.539871,,,100.503079,,
2007-08-14,113.4254,,101.900217,,111.631061,,,100.288202,,
2007-08-15,112.4782,,101.733394,,110.76202,,,100.181158,,
2007-08-16,112.8039,,102.149577,,111.240473,,,100.733816,,
2007-08-17,113.6041,,102.370926,,112.565633,,,101.435143,,
2007-08-20,113.6189,,102.521048,,112.491879,,,101.50411,,
2007-08-21,113.7744,,102.722353,,112.835622,,,101.874768,,
2007-08-22,114.2481,,102.56353,,113.598696,,,101.980543,,
2007-08-23,114.4262,,102.556805,,113.596393,,,101.813073,,
2007-08-24,115.4322,,102.678754,,114.322109,,,101.69131,,
2007-08-27,115.3693,,102.78073,,113.824262,,,101.404279,,
2007-08-28,114.4801,,102.318467,,112.504073,,,100.552361,,
2007-08-29,115.3996,,102.574703,,113.737751,,,101.097543,,
2007-08-30,115.5981,,103.143292,,113.656735,,,101.411094,,
2007-08-31,116.2478,,103.745834,,114.351103,,,102.053119,,
2007-09-04,117.0223,,104.575224,,114.996067,,,102.764511,,
2007-09-05,117.1424,,104.360357,,114.5453,,,102.046641,,
2007-09-06,117.6263,,104.454656,,114.695813,,,101.852322,,
2007-09-07,117.8597,,104.068983,,114.024266,,,100.682331,,
2007-09-10,118.245,,104.151998,,114.002762,,,100.41537,,
2007-09-11,118.9872,,104.533085,,114.715919,,,100.780664,,
2007-09-12,118.9202,,103.985785,,114.830076,,,100.409313,,
2007-09-13,118.6146,,103.853019,,115.18336,,,100.848797,,
2007-09-14,118.6599,,103.952574,,115.209525,,,100.929857,,
2007-09-17,119.0524,,104.371637,,114.856278,,,100.692954,,
2007-09-18,120.1843,,104.489888,,116.985146,,,101.708499,,
2007-09-19,119.8986,,104.435683,,117.389203,,,102.249914,,
2007-09-20,119.0599,,102.916156,,116.560062,,,100.755279,,
2007-09-21,119.5378,,103.137854,,116.876048,,,100.84128,,
2007-09-24,119.5914,,103.214134,,116.760299,,,100.770734,,
2007-09-25,119.1782,,102.486457,,116.649775,,,100.312156,,
2007-09-26,119.3293,,102.687579,,116.981197,,,100.666944,,
2007-09-27,120.2514,,103.299743,,117.473832,,,100.913725,,
2007-09-28,120.4123,,102.661765,,117.314453,,,100.020586,,
2007-10-01,121.3992,,103.706826,,117.946115,,,100.756984,,
2007-10-02,120.8825,,103.827205,,118.025148,,,101.372996,,
2007-10-03,120.4609,,103.934309,,117.907195,,,101.730959,,
2007-10-04,121.0475,,104.086586,,118.001143,,,101.467078,,
2007-10-05,121.1056,,104.158647,,118.47013,,,101.891973,,
2007-10-08,120.4982,,104.278064,,118.462091,,,102.516033,,
2007-10-09,121.1428,,104.404841,,119.029511,,,102.58354,,
2007-10-10,121.3449,,104.290679,,118.980962,,,102.258976,,
2007-10-11,121.2406,,103.826692,,118.672034,,,101.627051,,
2007-10-12,121.4776,,104.166866,,118.974742,,,102.020669,,
2007-10-15,121.4486,,103.946239,,118.375833,,,101.316299,,
2007-10-16,121.222,,103.98583,,117.895861,,,101.132624,,
2007-10-17,121.5039,,103.97161,,118.276103,,,101.209565,,
2007-10-18,122.5293,,104.218186,,118.149513,,,100.492926,,
2007-10-19,122.1854,,103.911139,,116.512443,,,99.08664,,
2007-10-22,121.6784,,104.294178,,116.907438,,,100.204845,,
2007-10-23,122.2172,,104.175026,,117.464682,,,100.124093,,
2007-10-24,122.7994,,104.645599,,117.539476,,,100.163265,,
2007-10-25,122.9937,,104.39407,,117.580902,,,99.799819,,
2007-10-26,124.0707,,104.817889,,118.368125,,,100.000218,,
2007-10-29,124.6027,,105.011923,,118.60364,,,99.95607,,
2007-10-30,123.7162,,104.214232,,118.16535,,,99.538389,,
2007-10-31,124.3148,,104.32091,,118.773578,,,99.670898,,
2007-11-01,123.9208,,104.444475,,117.221146,,,98.797789,,
2007-11-02,125.209,,104.868608,,117.357745,,,98.292801,,
2007-11-05,124.9072,,104.948429,,116.782867,,,98.122274,,
2007-11-06,125.992,,105.231517,,117.655712,,,98.268851,,
2007-11-07,125.4831,,104.225749,,115.739171,,,96.132481,,
2007-11-08,125.442,,103.918266,,115.435794,,,95.628956,,
2007-11-09,125.4244,,103.946184,,114.645266,,,95.012915,,
2007-11-12,123.7173,,103.498021,,113.897158,,,95.282797,,
2007-11-13,125.087,,104.142224,,115.991276,,,96.569503,,
2007-11-14,125.287,,103.966975,,115.774085,,,96.072868,,
2007-11-15,124.5117,,103.5994,,114.971502,,,95.661521,,
2007-11-16,124.7051,,103.498226,,115.060194,,,95.493496,,
2007-11-19,124.3929,,103.126474,,114.191561,,,94.669173,,
2007-11-20,125.2019,,102.566156,,114.51438,,,93.810875,,
2007-11-21,124.7506,,102.072642,,113.460666,,,92.835064,,
2007-11-23,125.9128,,103.172863,,114.409348,,,93.746943,,
2007-11-26,125.9365,,102.952883,,113.313264,,,92.633409,,
2007-11-27,125.5348,,102.922095,,113.90397,,,93.386338,,
2007-11-28,126.1623,,103.348047,,115.977875,,,95.005298,,
2007-11-29,126.3618,,104.192477,,116.133355,,,95.758543,,
2007-11-30,126.2451,,104.90525,,116.93318,,,97.167372,,
2007-12-03,126.6616,,104.985835,,116.715926,,,96.742177,,
2007-12-04,126.7806,,104.433678,,115.907551,,,95.477161,,
2007-12-05,126.4219,,105.188773,,116.990878,,,97.341733,,
2007-12-06,126.7796,,105.299019,,117.942259,,,97.959011,,
2007-12-07,125.8705,,104.42267,,117.659921,,,97.611142,,
2007-12-10,126.2621,,104.341686,,118.112724,,,97.607126,,
2007-12-11,126.1951,,104.69196,,116.404419,,,96.569572,,
2007-12-12,126.6367,,104.690392,,117.044205,,,96.760289,,
2007-12-13,125.3928,,104.176369,,116.719151,,,96.970299,,
2007-12-14,124.6719,,105.084812,,115.698206,,,97.520967,,
2007-12-17,124.6034,,105.194825,,114.77498,,,96.897307,,
2007-12-18,125.498,,105.846439,,115.406067,,,97.334788,,
2007-12-19,126.4104,,106.853185,,115.502155,,,97.632577,,
2007-12-20,126.458,,107.292535,,115.899125,,,98.333921,,
2007-12-21,126.6031,,107.197191,,116.689081,,,98.802807,,
2007-12-24,126.6149,,106.834398,,117.224291,,,98.910843,,
2007-12-26,126.703,,106.990418,,117.230053,,,98.991281,,
2007-12-27,127.0177,,105.581894,,116.611378,,,96.931768,,
2007-12-28,128.5699,,106.214894,,116.682261,,,96.39421,,
2007-12-31,128.4795,,107.034114,,116.183206,,,96.790278,,
2008-01-02,129.4912,,106.982546,,115.789008,,,95.662122,,
2008-01-03,129.6326,,106.843783,,115.8746,,,95.504376,,
2008-01-04,128.474,,105.868762,,114.275347,,,94.168389,,
2008-01-07,128.6284,,106.418701,,114.159182,,,94.447819,,
2008-01-08,128.3082,,106.063564,,113.279512,,,93.640381,,
2008-01-09,128.7519,,106.773017,,113.887799,,,94.446326,,
2008-01-10,128.5483,,105.571475,,114.23989,,,93.820561,,
2008-01-11,128.687,,105.869186,,113.882146,,,93.689418,,
2008-01-14,129.4956,,105.874545,,114.476854,,,93.595341,,
2008-01-15,128.8005,,105.773594,,113.128137,,,92.90313,,
2008-01-16,127.6328,,105.899858,,112.402243,,,93.262716,,
2008-01-17,127.1705,,105.585456,,110.931058,,,92.102385,,
2008-01-18,126.6857,,105.369324,,110.242452,,,91.692848,,
2008-01-22,126.877,,105.438265,,109.632735,,,91.107808,,
2008-01-23,127.5235,,105.96828,,111.086224,,,92.309387,,
2008-01-24,127.3785,,104.950367,,111.534038,,,91.895714,,
2008-01-25,127.7598,,105.865783,,110.639821,,,91.679631,,
2008-01-28,128.5575,,105.730451,,111.832602,,,91.975275,,
2008-01-29,128.3103,,105.564995,,112.02464,,,92.166261,,
2008-01-30,127.7923,,104.528337,,111.598786,,,91.282773,,
2008-01-31,128.5681,,105.179891,,113.018052,,,92.458599,,
2008-02-01,129.3054,,106.225542,,114.0556,,,93.697695,,
2008-02-04,128.1893,,105.087098,,113.169825,,,92.774424,,
2008-02-05,127.0254,,105.434742,,111.490482,,,92.540312,,
2008-02-06,126.7237,,105.297192,,110.91989,,,92.165499,,
2008-02-07,125.9951,,105.749942,,110.974611,,,93.142977,,
2008-02-08,126.8282,,106.24819,,110.752087,,,92.780697,,
2008-02-11,127.5385,,106.7851,,111.186506,,,93.093946,,
2008-02-12,127.1115,,105.964166,,111.789316,,,93.191109,,
2008-02-13,127.0646,,105.997025,,112.210329,,,93.605623,,
2008-02-14,125.9975,,104.619413,,111.482319,,,92.567033,,
2008-02-15,126.3095,,104.619095,,111.438617,,,92.301903,,
2008-02-19,126.5621,,104.490163,,111.41379,,,91.98366,,
2008-02-20,127.438,,105.291966,,111.538785,,,92.155698,,
2008-02-21,127.5579,,104.686672,,111.351972,,,91.38648,,
2008-02-22,127.5517,,104.558061,,111.528508,,,91.423356,,
2008-02-25,127.4883,,104.516661,,112.208516,,,91.990084,,
2008-02-26,128.0631,,103.974723,,112.928178,,,91.686645,,
2008-02-27,128.1638,,103.050314,,112.95964,,,90.825384,,
2008-02-28,129.1812,,103.370639,,112.566776,,,90.075797,,
2008-02-29,129.0955,,103.387125,,111.23433,,,89.08287,,
2008-03-03,129.172,,103.289851,,111.06535,,,88.811224,,
2008-03-04,128.0288,,102.290267,,110.624722,,,88.385053,,
2008-03-05,128.2121,,102.114591,,110.753876,,,88.209979,,
2008-03-06,127.5247,,100.80238,,109.315771,,,86.409064,,
2008-03-07,126.9806,,100.590089,,108.774153,,,86.167506,,
2008-03-10,127.2562,,100.831406,,108.147531,,,85.690659,,
2008-03-11,128.264,,101.669695,,110.216902,,,87.364489,,
2008-03-12,129.1972,,101.006635,,110.050526,,,86.037726,,
2008-03-13,129.1951,,100.451384,,110.005783,,,85.531365,,
2008-03-14,129.3423,,100.345708,,109.169169,,,84.695088,,
2008-03-17,129.2521,,100.275729,,108.699425,,,,,
2008-03-18,130.2708,,101.361661,,111.3017,,,86.976353,,
2008-03-19,129.1743,,100.503989,,109.783646,,,85.786231,,
2008-03-20,129.3697,,101.947896,,111.15505,,,87.972645,,
2008-03-24,129.0439,,101.722144,,112.164368,,,88.798513,,
2008-03-25,130.0008,,100.986762,,112.317621,,,87.627228,,
2008-03-26,129.7295,,99.533269,,111.355476,,,85.805249,,
2008-03-27,129.0551,,99.437559,,111.167284,,,86.02507,,
2008-03-28,128.9775,,99.212394,,110.63214,,,85.468492,,
2008-03-31,129.1097,,99.41662,,110.798351,,,85.685271,,
2008-04-01,128.7456,,100.241009,,112.827216,,,88.226624,,
2008-04-02,129.5472,,100.405357,,112.898806,,,87.880184,,
2008-04-03,129.8248,,100.630133,,113.05771,,,88.012291,,
2008-04-04,130.5543,,100.899656,,113.365472,,,87.993798,,
2008-04-07,130.4819,,100.970797,,113.392635,,,88.125808,,
2008-04-08,130.1643,,100.716694,,113.323055,,,88.064445,,
2008-04-09,130.9858,,100.586021,,113.034305,,,87.175898,,
2008-04-10,130.6858,,100.924295,,112.981152,,,87.628641,,
2008-04-11,130.2046,,100.011394,,111.767637,,,86.220786,,
2008-04-14,129.8957,,99.747026,,111.489759,,,85.983063,,
2008-04-15,129.3379,,99.589814,,111.404975,,,86.152217,,
2008-04-16,130.3226,,99.351277,,113.059681,,,86.563384,,
2008-04-17,130.1078,,99.430694,,113.149208,,,86.844318,,
2008-04-18,130.1543,,100.086585,,113.972041,,,88.021432,,
2008-04-21,130.4505,,99.663772,,114.014336,,,87.483025,,
2008-04-22,130.5199,,99.226042,,113.779479,,,86.873162,,
2008-04-23,129.9475,,99.426943,,113.629378,,,87.317148,,
2008-04-24,128.8679,,99.899247,,113.751536,,,88.562014,,
2008-04-25,128.9775,,100.554874,,114.341066,,,89.529088,,
2008-04-28,129.2754,,100.380926,,114.471368,,,89.269877,,
2008-04-29,128.7525,,100.519341,,114.264737,,,89.594003,,
2008-04-30,129.272,,100.599964,,114.1358,,,89.204754,,
2008-05-01,129.1865,,101.491693,,115.474298,,,91.111133,,
2008-05-02,128.7907,,101.584469,,115.589037,,,91.565572,,
2008-05-05,129.1486,,101.314606,,115.275139,,,90.821938,,
2008-05-06,129.3298,,101.227478,,115.725795,,,90.970952,,
2008-05-07,128.4674,,101.457825,,114.619785,,,90.912784,,
2008-05-08,129.5704,,102.332249,,114.55633,,,90.865405,,
2008-05-09,129.7251,,101.866115,,114.454938,,,90.263677,,
2008-05-12,129.9254,,101.555698,,115.138863,,,90.386782,,
2008-05-13,129.0888,,101.416904,,114.888713,,,90.650855,,
2008-05-14,129.0371,,101.383493,,115.09628,,,90.821088,,
2008-05-15,130.5961,,102.771115,,116.211442,,,91.846477,,
2008-05-16,131.0203,,102.144884,,116.155725,,,90.947634,,
2008-05-19,131.2189,,102.85111,,116.425739,,,91.650397,,
2008-05-20,131.6039,,102.25952,,115.960039,,,90.493232,,
2008-05-21,131.3697,,101.115868,,114.723171,,,88.684558,,
2008-05-22,130.7227,,101.014393,,114.451966,,,88.823578,,
2008-05-23,130.4636,,100.542569,,113.713318,,,88.012571,,
2008-05-27,130.1546,,100.839477,,113.9669,,,88.679361,,
2008-05-28,130.1,,101.141375,,114.061155,,,89.055773,,
2008-05-29,129.5107,,101.454638,,114.280786,,,89.910876,,
2008-05-30,129.9235,,101.528754,,114.616388,,,89.954071,,
2008-06-02,129.9721,,101.697474,,114.081271,,,89.649348,,
2008-06-03,129.8627,,102.223089,,113.766124,,,89.939463,,
2008-06-04,129.5664,,102.018917,,113.569643,,,89.809719,,
2008-06-05,129.9962,,101.350384,,114.762044,,,89.859867,,
2008-06-06,129.9075,,100.148925,,112.828258,,,87.358004,,
2008-06-09,129.9996,,101.011002,,112.75855,,,87.993158,,
2008-06-10,129.5854,,101.853126,,112.187177,,,88.559318,,
2008-06-11,129.5207,,101.245875,,111.257,,,87.345042,,
2008-06-12,129.1551,,101.706922,,111.234012,,,87.972981,,
2008-06-13,129.439,,102.432765,,111.967289,,,88.989274,,
2008-06-16,129.5766,,101.78172,,112.048254,,,88.393648,,
2008-06-17,129.5989,,101.576748,,111.878032,,,88.066465,,
2008-06-18,129.7667,,101.55702,,111.418476,,,87.574297,,
2008-06-19,129.5601,,101.591531,,111.273268,,,87.629398,,
2008-06-20,129.4723,,100.73198,,110.325885,,,86.206633,,
2008-06-23,129.5041,,101.460582,,110.202215,,,86.711543,,
2008-06-24,129.5778,,101.19226,,110.159892,,,86.399843,,
2008-06-25,129.6225,,100.588126,,110.491513,,,86.112857,,
2008-06-26,129.6468,,100.027233,,108.749928,,,84.267127,,
2008-06-27,129.9686,,100.065945,,108.492483,,,83.891945,,
2008-06-30,130.0401,,100.343415,,108.749482,,,84.277479,,
2008-07-01,130.1775,,100.212819,,108.799972,,,84.117991,,
2008-07-02,129.9396,,99.467224,,107.628034,,,82.744023,,
2008-07-03,129.7298,,100.430991,,107.714127,,,83.747803,,
2008-07-07,129.4774,,100.076911,,107.198622,,,83.21505,,
2008-07-08,129.7762,,100.680406,,108.507169,,,84.54367,,
2008-07-09,129.5567,,100.048515,,107.428972,,,83.319172,,
2008-07-10,129.9997,,100.098764,,107.724536,,,83.305515,,
2008-07-11,129.6433,,98.983003,,106.736049,,,81.845429,,
2008-07-14,129.8068,,99.20503,,106.210437,,,81.522258,,
2008-07-15,129.4285,,98.88856,,105.479137,,,80.938558,,
2008-07-16,129.1589,,99.213197,,106.710398,,,82.323647,,
2008-07-17,128.9952,,98.858833,,107.161677,,,82.48105,,
2008-07-18,129.1888,,99.165988,,107.31265,,,82.729719,,
2008-07-21,129.489,,98.86892,,107.525918,,,82.454209,,
2008-07-22,129.2527,,99.545647,,108.164649,,,83.66441,,
2008-07-23,128.9553,,99.864476,,108.564436,,,84.436878,,
2008-07-24,128.8789,,99.931351,,107.510125,,,83.722475,,
2008-07-25,128.7288,,99.687802,,107.275528,,,83.433357,,
2008-07-28,128.7373,,99.425217,,106.530647,,,82.630327,,
2008-07-29,128.8358,,100.474684,,107.848704,,,84.471027,,
2008-07-30,129.2782,,100.90514,,109.042755,,,85.478632,,
2008-07-31,129.169,,100.635118,,108.400786,,,84.819645,,
2008-08-01,129.0722,,100.975794,,108.006123,,,84.860521,,
2008-08-04,128.615,,100.384272,,107.279773,,,84.09393,,
2008-08-05,128.7269,,101.264773,,108.943488,,,86.072241,,
2008-08-06,128.8267,,101.651116,,109.189775,,,86.528862,,
2008-08-07,128.904,,102.257672,,108.436732,,,86.393025,,
2008-08-08,129.032,,104.455131,,109.576834,,,89.088952,,
2008-08-11,128.6899,,104.932827,,110.152176,,,90.205443,,
2008-08-12,128.627,,104.763491,,109.649333,,,89.692591,,
2008-08-13,128.7447,,104.91418,,109.177702,,,89.353493,,
2008-08-14,128.7256,,105.560914,,109.77938,,,90.41318,,
2008-08-15,128.779,,106.700143,,110.232364,,,91.72798,,
2008-08-18,128.6597,,106.451117,,109.400741,,,90.907708,,
2008-08-19,128.7714,,105.959415,,108.65114,,,89.789836,,
2008-08-20,129.2289,,106.538498,,109.017908,,,90.264613,,
2008-08-21,129.8461,,105.951622,,109.146995,,,89.446476,,
2008-08-22,129.9058,,106.895026,,110.037989,,,90.937781,,
2008-08-25,129.6528,,106.837254,,108.837791,,,90.072723,,
2008-08-26,129.9047,,107.756958,,108.972633,,,90.784281,,
2008-08-27,130.2881,,107.557598,,109.660876,,,90.92029,,
2008-08-28,130.6756,,108.032284,,110.503795,,,91.750618,,
2008-08-29,129.9922,,107.724431,,109.779086,,,91.366982,,
2008-09-02,129.4884,,108.428162,,109.513852,,,92.098603,,
2008-09-03,129.5189,,108.61155,,109.441876,,,92.172029,,
2008-09-04,129.0509,,109.526099,,107.628555,,,91.7396,,
2008-09-05,129.1564,,110.307935,,107.701873,,,92.381888,,
2008-09-08,129.6242,,111.562541,,109.316242,,,94.49085,,
2008-09-09,128.6644,,110.693377,,107.55543,,,92.932653,,
2008-09-10,128.5607,,111.663043,,107.789586,,,94.026613,,
2008-09-11,128.6951,,111.779778,,108.664734,,,94.790019,,
2008-09-12,128.9499,,110.271789,,108.794992,,,93.43833,,
2008-09-15,128.8548,,109.998574,,105.859931,,,90.759232,,
2008-09-16,129.2915,,111.260446,,106.498425,,,92.042152,,
2008-09-17,129.8238,,110.180524,,103.732329,,,88.417331,,
2008-09-18,129.6367,,109.848424,,105.458669,,,89.747199,,
2008-09-19,129.8213,,109.047165,,108.169733,,,91.252955,,
2008-09-22,129.7305,,106.743552,,106.024385,,,87.614922,,
2008-09-23,129.4311,,107.438878,,104.513431,,,87.129994,,
2008-09-24,129.2043,,107.431799,,104.76123,,,87.48412,,
2008-09-25,129.5258,,107.794229,,105.66404,,,88.31596,,
2008-09-26,129.736,,107.939606,,105.491205,,,88.147365,,
2008-09-29,129.4449,,109.05198,,100.332061,,,84.890892,,
2008-09-30,129.1005,,111.368052,,102.957409,,,89.199632,,
2008-10-01,129.3291,,112.243839,,102.704286,,,89.521548,,
2008-10-02,128.5205,,113.069282,,100.631192,,,88.915526,,
2008-10-03,128.4846,,113.152338,,100.114087,,,88.548336,,
2008-10-06,128.047,,115.28744,,97.07269,,,87.777338,,
2008-10-07,127.3331,,113.932526,,93.657013,,,84.162663,,
2008-10-08,126.747,,112.867321,,91.488153,,,81.821633,,
2008-10-09,125.2142,,111.912245,,87.74281,,,78.760474,,
2008-10-10,124.359,,112.71909,,84.062289,,,76.523393,,
2008-10-13,125.5424,,112.379079,,92.685093,,,83.325453,,
2008-10-14,125.486,,112.02669,,92.647087,,,83.067426,,
2008-10-15,124.7743,,112.386634,,87.771061,,,79.398743,,
2008-10-16,124.8204,,112.787484,,89.406365,,,81.136548,,
2008-10-17,124.4114,,112.838095,,89.217939,,,81.268176,,
2008-10-20,125.3977,,114.256877,,93.066082,,,85.164179,,
2008-10-21,125.0724,,116.414853,,91.725988,,,85.745643,,
2008-10-22,124.3613,,117.644481,,89.15596,,,84.705077,,
2008-10-23,124.7236,,117.243675,,89.149795,,,84.165458,,
2008-10-24,124.0384,,119.801005,,86.141091,,,83.557883,,
2008-10-27,123.4225,,120.104994,,83.958454,,,82.054786,,
2008-10-28,125.3596,,120.189052,,89.965029,,,86.627102,,
2008-10-29,125.1414,,117.385903,,90.252797,,,85.025337,,
2008-10-30,125.4375,,118.082763,,92.080681,,,87.056339,,
2008-10-31,125.1487,,119.433017,,92.273043,,,88.439374,,
2008-11-03,125.1198,,120.304493,,91.841209,,,88.688264,,
2008-11-04,126.0337,,118.039837,,94.303144,,,88.703517,,
2008-11-05,125.4049,,117.703911,,92.499526,,,87.194411,,
2008-11-06,124.4114,,118.977827,,89.274179,,,85.744146,,
2008-11-07,124.8477,,118.925444,,91.226903,,,87.275013,,
2008-11-10,124.8694,,119.082342,,90.274203,,,86.462494,,
2008-11-11,124.2486,,120.631761,,88.875429,,,86.661186,,
2008-11-12,123.291,,119.851353,,86.222588,,,84.179312,,
2008-11-13,124.3223,,118.368391,,89.566772,,,85.645862,,
2008-11-14,124.1168,,118.928106,,86.985563,,,83.70933,,
2008-11-17,123.8806,,119.060252,,86.388989,,,83.386288,,
2008-11-18,124.63,,120.086182,,87.310093,,,84.490455,,
2008-11-19,124.1547,,120.86879,,84.061552,,,82.190415,,
2008-11-20,124.379,,121.427488,,80.320167,,,78.753037,,
2008-11-21,125.4691,,121.275325,,82.667422,,,80.249589,,
2008-11-24,126.323,,118.568378,,86.101469,,,81.165182,,
2008-11-25,127.1383,,118.313293,,87.342489,,,81.631064,,
2008-11-26,127.7698,,120.611731,,89.23223,,,84.597171,,
2008-11-28,127.9144,,122.438599,,89.840769,,,86.366462,,
2008-12-01,127.2823,,122.723488,,85.568166,,,82.859948,,
2008-12-02,128.6585,,123.049118,,87.578032,,,84.121684,,
2008-12-03,129.103,,123.423747,,88.847639,,,85.306287,,
2008-12-04,128.9669,,122.719435,,87.732065,,,83.842881,,
2008-12-05,128.866,,123.2088,,89.162784,,,85.616951,,
2008-12-08,130.1001,,122.015639,,90.977795,,,85.693135,,
2008-12-09,130.6939,,122.92436,,90.42373,,,85.415721,,
2008-12-10,131.7251,,122.993135,,90.726855,,,85.07872,,
2008-12-11,131.3388,,119.581418,,89.609278,,,81.940081,,
2008-12-12,131.607,,119.630293,,90.25654,,,82.39742,,
2008-12-15,132.2407,,117.454003,,89.590169,,,79.916379,,
2008-12-16,135.3306,,117.529692,,92.262395,,,80.472792,,
2008-12-17,136.925,,115.459269,,91.923434,,,77.847568,,
2008-12-18,137.0172,,116.934489,,91.126331,,,78.105961,,
2008-12-19,136.7877,,119.477939,,90.76958,,,79.625791,,
2008-12-22,136.1918,,118.756085,,90.270045,,,79.053541,,
2008-12-23,135.7294,,118.505881,,90.059102,,,78.970765,,
2008-12-24,135.9127,,118.069806,,90.546843,,,78.999598,,
2008-12-26,136.6155,,118.135851,,90.734742,,,78.800342,,
2008-12-29,136.5725,,119.229151,,90.861278,,,79.665592,,
2008-12-30,137.7478,,119.148039,,92.166212,,,80.065741,,
2008-12-31,136.9827,,119.474867,,92.975783,,,81.442938,,
2009-01-02,136.4796,,119.790636,,94.426276,,,83.23783,,
2009-01-05,134.8991,,120.281774,,94.961106,,,85.037266,,
2009-01-06,134.6913,,120.974888,,95.130045,,,85.811629,,
2009-01-07,133.8073,,119.225207,,93.066101,,,83.28227,,
2009-01-08,134.1271,,119.009486,,93.013336,,,82.886351,,
2009-01-09,133.5991,,120.93293,,91.690198,,,83.35597,,
2009-01-12,132.9179,,120.949409,,90.565281,,,82.766535,,
2009-01-13,133.2001,,122.856845,,90.718359,,,84.035492,,
2009-01-14,133.0057,,122.59569,,88.962193,,,82.353713,,
2009-01-15,133.2605,,123.613123,,88.973832,,,82.889247,,
2009-01-16,133.0816,,121.750861,,89.575332,,,82.302914,,
2009-01-20,132.0892,,124.46107,,86.559441,,,81.91311,,
2009-01-21,131.393,,122.675512,,88.616185,,,83.094342,,
2009-01-22,129.4263,,121.035429,,87.640333,,,82.312681,,
2009-01-23,130.1895,,121.890732,,87.810206,,,82.568135,,
2009-01-26,129.9892,,119.828912,,88.141739,,,81.603487,,
2009-01-27,131.4996,,121.482867,,88.865,,,82.450653,,
2009-01-28,130.6829,,120.679774,,90.685674,,,84.106036,,
2009-01-29,128.9888,,121.07801,,88.595363,,,83.521256,,
2009-01-30,128.6858,,122.177493,,87.736232,,,83.658932,,
2009-02-02,129.1136,,122.22285,,87.521719,,,83.208752,,
2009-02-03,128.0974,,119.440789,,88.0957,,,82.497315,,
2009-02-04,128.0034,,121.120972,,87.789114,,,83.42789,,
2009-02-05,128.64,,122.284899,,88.470124,,,84.462938,,
2009-02-06,128.9981,,121.33125,,90.07324,,,85.085959,,
2009-02-09,129.0327,,120.664562,,90.156031,,,84.673497,,
2009-02-10,129.3638,,121.80432,,87.891468,,,83.113085,,
2009-02-11,130.4813,,122.932686,,88.199723,,,83.45629,,
2009-02-12,130.1407,,123.032272,,88.419118,,,83.9508,,
2009-02-13,128.5436,,121.254619,,87.748966,,,83.130922,,
2009-02-17,129.3989,,125.031026,,85.515843,,,82.986328,,
2009-02-18,129.152,,125.312363,,85.333182,,,83.154064,,
2009-02-19,127.9954,,122.788763,,84.725358,,,81.630119,,
2009-02-20,128.4445,,121.651031,,84.05298,,,79.951415,,
2009-02-23,128.0196,,122.623292,,82.42452,,,79.291327,,
2009-02-24,128.3877,,121.51582,,84.235626,,,80.0715,,
2009-02-25,127.3857,,121.73317,,83.804537,,,80.431939,,
2009-02-26,126.586,,120.765806,,82.810278,,,79.344221,,
2009-02-27,125.7604,,120.613271,,81.699316,,,78.694134,,
2009-03-02,125.1213,,120.946843,,79.606716,,,77.283317,,
2009-03-03,124.5147,,120.529151,,79.211451,,,77.007353,,
2009-03-04,124.7944,,119.839018,,80.178943,,,77.327902,,
2009-03-05,125.864,,122.02959,,78.321263,,,76.263382,,
2009-03-06,125.6354,,120.860471,,78.493549,,,75.836622,,
2009-03-09,124.8011,,120.313027,,77.722619,,,75.251372,,
2009-03-10,124.7441,,119.594223,,80.571024,,,77.57858,,
2009-03-11,125.6218,,118.991529,,80.967812,,,77.025796,,
2009-03-12,127.1221,,119.696396,,82.9118,,,78.405967,,
2009-03-13,126.9912,,119.552772,,83.333977,,,78.791776,,
2009-03-16,126.1337,,118.269253,,83.076303,,,78.233117,,
2009-03-17,126.4946,,118.152011,,84.503999,,,79.271878,,
2009-03-18,129.4582,,116.84011,,86.172867,,,78.10983,,
2009-03-19,129.6069,,115.314372,,85.616878,,,76.504583,,
2009-03-20,128.7472,,115.377831,,84.336462,,,75.905407,,
2009-03-23,129.734,,115.699263,,87.964385,,,78.787335,,
2009-03-24,129.5678,,116.965078,,86.689149,,,78.595308,,
2009-03-25,129.2979,,115.7374,,87.086892,,,78.290271,,
2009-03-26,130.1632,,116.994347,,88.215341,,,79.633084,,
2009-03-27,129.89,,118.743427,,87.291117,,,80.145043,,
2009-03-30,129.1973,,119.012275,,85.644964,,,79.234242,,
2009-03-31,129.636,,118.956698,,86.290857,,,79.524476,,
2009-04-01,130.6213,,119.869878,,87.278174,,,80.440446,,
2009-04-02,130.3973,,117.779488,,88.704152,,,80.466991,,
2009-04-03,129.628,,116.847626,,89.119064,,,80.679731,,
2009-04-06,128.7257,,116.650979,,88.688832,,,80.716963,,
2009-04-07,128.5404,,117.752262,,87.388183,,,80.39982,,
2009-04-08,129.1637,,118.237718,,88.072957,,,80.97126,,
2009-04-09,129.4131,,119.482666,,90.118276,,,83.562667,,
2009-04-13,130.0737,,118.309951,,90.396003,,,82.575985,,
2009-04-14,129.8542,,119.067051,,89.450068,,,82.373786,,
2009-04-15,130.0123,,119.509473,,90.122454,,,83.200062,,
2009-04-16,129.6324,,119.521751,,90.854426,,,84.13026,,
2009-04-17,129.1682,,120.557582,,91.014326,,,85.314221,,
2009-04-20,129.47,,121.810915,,88.937764,,,84.03806,,
2009-04-21,129.318,,121.418895,,89.866438,,,84.74178,,
2009-04-22,128.9412,,120.539126,,89.631652,,,84.153171,,
2009-04-23,129.9119,,120.175007,,90.208032,,,83.807557,,
2009-04-24,130.2317,,119.553859,,91.071188,,,83.965456,,
2009-04-27,129.8322,,121.065783,,90.599584,,,84.847287,,
2009-04-28,128.2095,,118.545178,,90.429471,,,83.974308,,
2009-04-29,128.5362,,117.73422,,91.427669,,,84.106131,,
2009-04-30,127.7395,,117.392761,,91.623723,,,84.566196,,
2009-05-01,127.6161,,116.968115,,91.781385,,,84.486902,,
2009-05-04,129.3288,,117.285807,,93.683973,,,85.327352,,
2009-05-05,128.9006,,117.570167,,93.569126,,,85.713164,,
2009-05-06,129.7979,,118.345974,,94.62716,,,86.651161,,
2009-05-07,128.1982,,116.398546,,93.664845,,,85.411235,,
2009-05-08,129.2005,,115.26491,,95.055008,,,85.168829,,
2009-05-11,129.2784,,115.719945,,94.008208,,,84.512467,,
2009-05-12,129.8091,,115.633062,,94.047075,,,84.138533,,
2009-05-13,129.8184,,116.057188,,92.669646,,,83.204354,,
2009-05-14,130.1307,,115.996036,,93.15821,,,83.398314,,
2009-05-15,129.9999,,117.161141,,92.790267,,,83.987713,,
2009-05-18,129.5597,,116.152195,,94.258777,,,84.869578,,
2009-05-19,129.5184,,115.534955,,94.227592,,,84.417557,,
2009-05-20,130.3327,,114.987312,,93.964345,,,83.259227,,
2009-05-21,129.2306,,113.112015,,93.033456,,,81.78154,,
2009-05-22,128.7818,,111.818334,,92.817887,,,80.939955,,
2009-05-26,128.5001,,111.702984,,94.168397,,,82.212763,,
2009-05-27,127.3254,,111.893162,,92.941323,,,82.029507,,
2009-05-28,128.588,,112.087962,,93.740373,,,82.064998,,
2009-05-29,130.6453,,112.349099,,95.139646,,,82.169395,,
2009-06-01,130.0686,,111.684099,,96.048262,,,82.828757,,
2009-06-02,130.3677,,110.827815,,96.361331,,,82.272428,,
2009-06-03,129.7208,,111.360289,,95.735446,,,82.540339,,
2009-06-04,129.7784,,111.248695,,95.955573,,,82.610541,,
2009-06-05,128.8878,,112.21171,,95.772063,,,83.740966,,
2009-06-08,128.6505,,112.5354,,95.424852,,,83.832406,,
2009-06-09,128.8989,,111.437691,,95.890869,,,83.259329,,
2009-06-10,128.3175,,111.557813,,95.643197,,,83.510473,,
2009-06-11,128.989,,111.149619,,96.023815,,,83.101147,,
2009-06-12,128.9889,,112.022157,,96.377965,,,84.062461,,
2009-06-15,128.2787,,112.987378,,95.194125,,,84.208956,,
2009-06-16,128.6377,,113.032517,,94.469292,,,83.36784,,
2009-06-17,128.3438,,111.925656,,94.491989,,,82.760384,,
2009-06-18,127.6957,,111.701005,,94.662044,,,83.162865,,
2009-06-19,128.2947,,111.850743,,95.00755,,,83.188067,,
2009-06-22,127.1723,,111.515174,,93.35666,,,82.216598,,
2009-06-23,127.7969,,110.368812,,93.519983,,,81.115383,,
2009-06-24,127.7674,,111.526193,,93.900783,,,82.318754,,
2009-06-25,129.3993,,112.48223,,95.307107,,,83.205117,,
2009-06-26,129.3313,,111.765418,,95.265761,,,82.682462,,
2009-06-29,129.6403,,111.935376,,95.769692,,,83.047809,,
2009-06-30,129.113,,111.864624,,95.310922,,,82.935071,,
2009-07-01,129.4923,,111.337094,,95.528913,,,82.490422,,
2009-07-02,128.0261,,111.153444,,94.062248,,,82.018631,,
2009-07-06,127.648,,110.983694,,94.023591,,,82.102192,,
2009-07-07,127.1421,,111.044163,,93.052872,,,81.622312,,
2009-07-08,127.562,,111.71588,,93.21799,,,81.990981,,
2009-07-09,127.2533,,110.36584,,93.223492,,,81.201442,,
2009-07-10,127.5441,,111.165259,,93.210517,,,81.591775,,
2009-07-13,128.2757,,111.582916,,94.55618,,,82.606835,,
2009-07-14,127.995,,111.42086,,94.766733,,,82.851841,,
2009-07-15,128.3793,,110.646201,,96.179638,,,83.252522,,
2009-07-16,128.9121,,110.783395,,96.210691,,,83.038037,,
2009-07-17,128.5215,,110.812752,,96.841719,,,83.858908,,
2009-07-20,129.7041,,110.813852,,97.504997,,,83.664261,,
2009-07-21,130.6454,,111.665145,,98.04615,,,84.164086,,
2009-07-22,130.3119,,111.423182,,97.900951,,,84.071955,,
2009-07-23,130.9917,,112.611938,,99.094337,,,85.558319,,
2009-07-24,131.4916,,112.460359,,99.333948,,,85.324138,,
2009-07-27,131.3719,,112.235597,,99.394968,,,85.283555,,
2009-07-28,130.8763,,112.312587,,99.191535,,,85.489896,,
2009-07-29,130.3669,,112.819151,,99.112735,,,86.142547,,
2009-07-30,131.7333,,113.786984,,99.783196,,,86.561979,,
2009-07-31,133.1593,,113.584634,,100.077195,,,85.734568,,
2009-08-03,133.8652,,112.908913,,100.984374,,,85.54359,,
2009-08-04,133.9163,,113.006112,,101.018063,,,85.613112,,
2009-08-05,133.1622,,112.401748,,100.807911,,,85.459328,,
2009-08-06,132.885,,112.6213,,100.508381,,,85.54992,,
2009-08-07,132.9826,,114.083082,,101.066144,,,87.077285,,
2009-08-10,133.1361,,114.470022,,101.247056,,,87.428111,,
2009-08-11,132.7344,,114.064139,,100.637686,,,86.855842,,
2009-08-12,133.0491,,114.060448,,101.259427,,,87.182908,,
2009-08-13,134.2465,,114.209106,,101.828477,,,87.004109,,
2009-08-14,133.6422,,114.503498,,101.434017,,,87.283373,,
2009-08-17,132.2437,,114.171067,,100.107408,,,86.800063,,
2009-08-18,132.6486,,114.091216,,100.447813,,,86.768637,,
2009-08-19,133.6035,,114.201519,,101.058522,,,86.756045,,
2009-08-20,134.3921,,114.633798,,101.74786,,,87.163965,,
2009-08-21,135.3178,,114.750317,,102.709,,,87.474249,,
2009-08-24,135.7227,,115.364058,,102.877882,,,87.823917,,
2009-08-25,135.9359,,115.59377,,103.056578,,,88.013387,,
2009-08-26,136.1589,,116.124548,,103.129519,,,88.33519,,
2009-08-27,136.2079,,115.481767,,103.235518,,,87.904887,,
2009-08-28,136.5109,,116.0535,,103.186825,,,88.102437,,
2009-08-31,135.7555,,115.155226,,102.817435,,,87.592261,,
2009-09-01,134.4419,,114.926247,,101.382071,,,87.039923,,
2009-09-02,135.4421,,115.448424,,101.36759,,,86.777315,,
2009-09-03,136.1017,,116.108345,,101.796121,,,87.217548,,
2009-09-04,136.3589,,115.892672,,102.576299,,,87.557281,,
2009-09-08,136.8678,,114.939076,,103.05046,,,86.913874,,
2009-09-09,137.1517,,114.553938,,103.600811,,,86.904994,,
2009-09-10,138.8456,,115.76831,,104.44271,,,87.459796,,
2009-09-11,139.444,,116.24971,,104.434594,,,87.439806,,
2009-09-14,139.1944,,115.773286,,104.676368,,,87.439567,,
2009-09-15,139.5974,,115.799499,,104.878267,,,87.375085,,
2009-09-16,141.0131,,116.572172,,105.864221,,,87.893627,,
2009-09-17,141.1942,,116.456597,,105.966082,,,87.77824,,
2009-09-18,140.62,,116.278042,,105.901002,,,87.947488,,
2009-09-21,140.3627,,116.251891,,105.707179,,,87.927667,,
2009-09-22,141.3228,,116.168593,,106.051019,,,87.551602,,
2009-09-23,140.4964,,115.935326,,105.627068,,,87.538394,,
2009-09-24,139.4694,,115.622315,,104.97824,,,87.404697,,
2009-09-25,139.4992,,115.607602,,104.769993,,,87.201578,,
2009-09-28,140.8667,,117.123335,,105.885311,,,88.418585,,
2009-09-29,140.7495,,117.306689,,105.67191,,,88.452116,,
2009-09-30,140.812,,116.931507,,105.508127,,,87.993491,,
2009-10-01,139.4422,,116.562342,,104.03498,,,87.340602,,
2009-10-02,139.0518,,115.990355,,103.664884,,,86.845973,,
2009-10-05,140.3921,,116.526306,,104.623211,,,87.213177,,
2009-10-06,141.7007,,117.017259,,105.455193,,,87.461849,,
2009-10-07,142.377,,117.833486,,105.803151,,,87.942792,,
2009-10-08,143.0263,,117.53074,,106.26332,,,87.698407,,
2009-10-09,142.2979,,117.588708,,106.356015,,,88.267726,,
2009-10-12,142.8839,,117.594954,,106.70425,,,88.198229,,
2009-10-13,143.151,,117.172262,,106.681583,,,87.698595,,
2009-10-14,143.6714,,117.032462,,107.678255,,,88.092063,,
2009-10-15,143.6195,,116.808605,,107.843018,,,88.08992,,
2009-10-16,143.5156,,117.140234,,107.357047,,,88.005596,,
2009-10-19,144.6939,,117.562887,,107.979079,,,88.11146,,
2009-10-20,144.307,,117.392894,,107.736683,,,88.021906,,
2009-10-21,143.6138,,116.275004,,107.134383,,,87.114775,,
2009-10-22,144.1109,,116.549403,,107.717903,,,87.493113,,
2009-10-23,142.8216,,115.776253,,106.921913,,,87.049258,,
2009-10-26,141.0762,,115.296225,,106.119611,,,87.102324,,
2009-10-27,141.4259,,116.150461,,105.994998,,,87.427913,,
2009-10-28,139.9789,,115.72824,,104.851409,,,87.06103,,
2009-10-29,141.4549,,116.033181,,106.118083,,,87.423131,,
2009-10-30,139.9439,,115.636392,,104.435947,,,86.668908,,
2009-11-02,140.5267,,115.631469,,104.829143,,,86.630732,,
2009-11-03,141.0092,,116.447005,,104.974401,,,87.063683,,
2009-11-04,140.9711,,115.332056,,105.071974,,,86.333549,,
2009-11-05,142.062,,116.155762,,106.328685,,,87.314431,,
2009-11-06,142.297,,116.526594,,106.53753,,,87.620291,,
2009-11-09,143.9259,,116.676106,,108.055629,,,87.97578,,
2009-11-10,143.9008,,116.687661,,108.070292,,,88.01178,,
2009-11-11,144.5662,,117.272595,,108.425982,,,88.335626,,
2009-11-12,143.4225,,117.414254,,107.850813,,,88.674697,,
2009-11-13,144.2383,,117.51866,,108.24201,,,88.571672,,
2009-11-16,146.095,,118.649729,,109.286231,,,89.139378,,
2009-11-17,146.3718,,119.623314,,109.40611,,,89.799258,,
2009-11-18,146.1758,,118.773272,,109.272396,,,89.17158,,
2009-11-19,145.3279,,118.389754,,108.459852,,,88.737437,,
2009-11-20,145.159,,118.743102,,108.241036,,,88.926074,,
2009-11-23,146.1365,,118.758802,,109.060133,,,89.011451,,
2009-11-24,146.5263,,119.022269,,109.290967,,,89.159919,,
2009-11-25,147.2914,,118.328935,,109.569203,,,88.404592,,
2009-11-27,145.9165,,118.519013,,108.534365,,,88.536765,,
2009-11-30,146.27,,118.506062,,108.824021,,,88.548831,,
2009-12-01,147.1096,,118.601402,,109.528131,,,88.684402,,
2009-12-02,147.4103,,119.122691,,109.415904,,,88.801412,,
2009-12-03,146.2005,,118.0901,,108.912456,,,88.351706,,
2009-12-04,144.9112,,118.660161,,109.193619,,,89.799309,,
2009-12-07,144.6951,,118.651836,,109.138139,,,89.881423,,
2009-12-08,143.5672,,118.712646,,108.465478,,,90.075368,,
2009-12-09,143.6111,,118.578769,,108.666232,,,90.11276,,
2009-12-10,143.6802,,118.583473,,109.001169,,,90.350624,,
2009-12-11,143.6945,,119.420599,,109.173696,,,91.12339,,
2009-12-14,144.3359,,119.737555,,109.646468,,,91.353128,,
2009-12-15,143.9674,,120.402994,,109.223386,,,91.740587,,
2009-12-16,144.3094,,120.74633,,109.399509,,,91.932157,,
2009-12-17,143.4619,,121.656564,,108.679666,,,92.55929,,
2009-12-18,143.9907,,122.118619,,109.055388,,,92.889649,,
2009-12-21,143.6552,,122.333331,,109.536622,,,93.68187,,
2009-12-22,143.5601,,122.519252,,109.646253,,,93.980367,,
2009-12-23,143.8465,,122.004834,,109.79315,,,93.524574,,
2009-12-24,144.1185,,121.977681,,110.027951,,,93.526874,,
2009-12-28,144.1785,,121.911337,,109.896326,,,93.325327,,
2009-12-29,144.0782,,122.048085,,109.864636,,,93.46809,,
2009-12-30,144.2261,,122.296079,,109.950387,,,93.634995,,
2009-12-31,143.3628,,121.603911,,109.257839,,,93.075726,,
2010-01-04,145.3535,,122.614059,,110.419669,,,93.547885,,
2010-01-05,145.9049,,123.497376,,110.798037,,,94.18737,,
2010-01-06,145.8892,,123.111228,,110.817817,,,93.919737,,
2010-01-07,146.0658,,124.127903,,111.052672,,,94.781296,,
2010-01-08,146.4478,,123.508026,,111.29278,,,94.265348,,
2010-01-11,146.5667,,122.795633,,111.352324,,,93.695698,,
2010-01-12,146.0643,,122.603691,,111.009058,,,93.581637,,
2010-01-13,146.3542,,122.626048,,111.391552,,,93.735166,,
2010-01-14,147.2968,,123.516277,,111.688686,,,94.061699,,
2010-01-15,146.4997,,123.855096,,111.019264,,,94.264516,,
2010-01-19,147.4418,,125.462116,,111.785708,,,95.532473,,
2010-01-20,146.4965,,126.260863,,111.221457,,,96.272631,,
2010-01-21,144.8592,,125.049193,,109.945267,,,95.320015,,
2010-01-22,142.9736,,122.769382,,108.496643,,,93.567122,,
2010-01-25,143.2408,,123.072712,,108.832984,,,93.913565,,
2010-01-26,142.9387,,123.500947,,108.614708,,,94.250107,,
2010-01-27,142.9648,,123.958703,,108.885756,,,94.818205,,
2010-01-28,142.1333,,123.696497,,108.102455,,,94.486524,,
2010-01-29,141.529,,124.098943,,107.49579,,,94.664437,,
2010-02-01,142.9072,,124.726267,,108.43698,,,95.050407,,
2010-02-02,144.0082,,125.379355,,109.275627,,,95.55092,,
2010-02-03,143.1489,,125.27448,,108.868089,,,95.6859,,
2010-02-04,140.8059,,124.752498,,106.954775,,,95.170277,,
2010-02-05,141.0646,,125.511318,,107.10402,,,95.706928,,
2010-02-08,140.4907,,125.148158,,106.721313,,,95.477448,,
2010-02-09,141.3026,,124.520125,,107.447326,,,95.095017,,
2010-02-10,140.7478,,124.574827,,107.219416,,,95.30921,,
2010-02-11,141.6749,,125.791029,,107.832078,,,96.156243,,
2010-02-12,141.7611,,126.557093,,107.782437,,,96.638498,,
2010-02-16,143.3329,,126.545948,,108.909665,,,96.569845,,
2010-02-17,143.112,,127.864516,,109.080127,,,97.879643,,
2010-02-18,143.4859,,128.974886,,109.457473,,,98.813003,,
2010-02-19,143.7323,,128.529245,,109.626362,,,98.454448,,
2010-02-22,143.4038,,128.239265,,109.560207,,,98.397929,,
2010-02-23,142.8853,,128.623326,,108.920834,,,98.472712,,
2010-02-24,143.4739,,128.826937,,109.56724,,,98.806896,,
2010-02-25,143.7907,,129.038962,,109.566854,,,98.751116,,
2010-02-26,144.256,,128.80333,,109.613455,,,98.294638,,
2010-03-01,144.9586,,129.969998,,110.366641,,,99.382451,,
2010-03-02,145.4632,,129.902204,,110.562979,,,99.162135,,
2010-03-03,145.5731,,129.221039,,110.618578,,,98.617258,,
2010-03-04,145.7458,,130.477571,,110.898094,,,99.709526,,
2010-03-05,146.3205,,130.599681,,111.762637,,,100.185838,,
2010-03-08,145.9157,,130.116095,,111.812518,,,100.136448,,
2010-03-09,146.0017,,130.506766,,111.970677,,,100.519929,,
2010-03-10,146.0456,,130.020209,,112.243027,,,100.35858,,
2010-03-11,146.487,,130.180565,,112.526324,,,100.432426,,
2010-03-12,146.7001,,129.595962,,112.533184,,,99.842264,,
2010-03-15,146.5709,,130.299892,,112.611631,,,100.543108,,
2010-03-16,147.9256,,130.589377,,113.228342,,,100.390453,,
2010-03-17,148.5626,,131.499307,,113.662607,,,101.04256,,
2010-03-18,148.2602,,132.461294,,113.589896,,,101.924096,,
2010-03-19,147.4938,,132.472656,,113.211164,,,102.120865,,
2010-03-22,147.7784,,132.516802,,113.61391,,,102.320876,,
2010-03-23,148.1356,,133.428611,,114.097955,,,103.214364,,
2010-03-24,146.4682,,133.752117,,113.533706,,,104.12497,,
2010-03-25,145.8629,,133.627968,,113.306616,,,104.251076,,
2010-03-26,146.2446,,132.457458,,113.343954,,,103.102143,,
2010-03-29,146.761,,132.343445,,113.717756,,,102.989466,,
2010-03-30,146.8744,,133.124088,,113.785323,,,103.578482,,
2010-03-31,147.2266,,132.50285,,113.579763,,,102.662692,,
2010-04-01,147.9978,,132.420517,,114.026496,,,102.46571,,
2010-04-05,148.0168,,133.457069,,114.306938,,,103.508476,,
2010-04-06,148.277,,134.545845,,114.525467,,,104.368953,,
2010-04-07,148.6435,,135.458749,,114.328741,,,104.637972,,
2010-04-08,148.9649,,135.550455,,114.520121,,,104.657796,,
2010-04-09,149.8246,,134.959925,,115.018138,,,104.054481,,
2010-04-12,150.1466,,134.310528,,115.231859,,,103.523722,,
2010-04-13,150.2544,,134.188749,,115.363342,,,103.473583,,
2010-04-14,150.8079,,134.287483,,116.094618,,,103.823647,,
2010-04-15,151.0074,,135.26666,,116.241163,,,104.574366,,
2010-04-16,149.7758,,134.795115,,115.204186,,,104.129437,,
2010-04-19,149.8845,,135.091958,,115.37576,,,104.438374,,
2010-04-20,151.0012,,136.654658,,116.064498,,,105.491191,,
2010-04-21,151.4364,,137.511201,,116.02592,,,105.812158,,
2010-04-22,151.4438,,138.496526,,116.135671,,,106.665941,,
2010-04-23,152.25,,138.40402,,116.5336,,,106.393555,,
2010-04-26,151.9359,,138.043132,,116.264824,,,106.090256,,
2010-04-27,150.9523,,139.297132,,114.760614,,,106.357485,,
2010-04-28,151.102,,138.954313,,115.211826,,,106.407351,,
2010-04-29,152.1483,,139.780099,,116.092781,,,107.11646,,
2010-04-30,151.62,,138.422335,,115.110786,,,105.545192,,
2010-05-03,152.6233,,140.634155,,115.921474,,,107.276999,,
2010-05-04,151.5055,,141.834862,,114.465246,,,107.621984,,
2010-05-05,151.2177,,143.480195,,114.024089,,,108.657247,,
2010-05-06,150.7082,,145.206706,,111.820924,,,108.204575,,
2010-05-07,148.7526,,142.055917,,110.623721,,,106.100096,,
2010-05-10,150.9734,,143.539672,,113.538243,,,108.414267,,
2010-05-11,151.0031,,145.027634,,113.522113,,,109.501008,,
2010-05-12,151.8175,,146.328859,,114.426008,,,110.765791,,
2010-05-13,151.1443,,146.601699,,113.635881,,,110.696902,,
2010-05-14,150.571,,147.839691,,112.565986,,,111.001704,,
2010-05-17,150.1055,,147.243498,,112.563841,,,110.8948,,
2010-05-18,149.9608,,149.408986,,111.799943,,,111.869915,,
2010-05-19,149.185,,146.097709,,111.444795,,,109.610155,,
2010-05-20,147.117,,143.255485,,108.875351,,,106.475754,,
2010-05-21,148.2673,,143.397008,,110.023976,,,106.869752,,
2010-05-24,147.1888,,144.643841,,109.147792,,,107.724104,,
2010-05-25,147.5837,,145.343254,,109.265113,,,108.071395,,
2010-05-26,147.2146,,146.959535,,108.828927,,,109.109858,,
2010-05-27,148.7097,,146.261403,,110.909211,,,109.554648,,
2010-05-28,147.9323,,146.595025,,110.119831,,,109.595952,,
2010-06-01,146.7576,,145.903095,,109.077056,,,108.910579,,
2010-06-02,148.4092,,147.288523,,110.741444,,,110.38016,,
2010-06-03,148.2012,,148.142709,,110.947145,,,111.382625,,
2010-06-04,147.0798,,149.41122,,108.719168,,,110.919795,,
2010-06-07,146.8759,,149.760965,,108.033726,,,110.631856,,
2010-06-08,147.4241,,149.699684,,108.679211,,,110.833648,,
2010-06-09,146.8872,,149.082273,,108.354984,,,110.449487,,
2010-06-10,148.2697,,148.621783,,110.128537,,,110.867099,,
2010-06-11,149.5121,,150.256144,,110.470724,,,111.500254,,
2010-06-14,148.9919,,148.223781,,110.431628,,,110.337074,,
2010-06-15,150.6722,,148.549729,,111.945425,,,110.845443,,
2010-06-16,150.8551,,148.98378,,111.98815,,,111.076917,,
2010-06-17,151.5683,,148.728811,,112.192603,,,110.566536,,
2010-06-18,151.7534,,149.057224,,112.19819,,,110.681033,,
2010-06-21,151.0719,,149.179713,,112.099156,,,111.173473,,
2010-06-22,150.5578,,149.171256,,111.036438,,,110.489286,,
2010-06-23,150.5759,,148.708044,,110.937968,,,110.03528,,
2010-06-24,149.067,,146.943308,,109.801567,,,108.705018,,
2010-06-25,149.8249,,146.986039,,110.137779,,,108.517844,,
2010-06-28,149.7385,,148.278535,,110.018554,,,109.416671,,
2010-06-29,148.1728,,147.809268,,108.105049,,,108.305849,,
2010-06-30,147.9727,,147.013739,,107.498091,,,107.262973,,
2010-07-01,147.0482,,142.715243,,107.181569,,,104.472867,,
2010-07-02,146.5103,,141.928059,,106.774747,,,103.882266,,
2010-07-06,147.1361,,141.675177,,107.332703,,,103.795696,,
2010-07-07,148.8856,,143.227019,,109.301418,,,105.601675,,
2010-07-08,149.203,,142.859737,,109.938677,,,105.71961,,
2010-07-09,149.5425,,143.81002,,110.365705,,,106.593668,,
2010-07-12,149.3817,,144.184598,,110.458615,,,107.076415,,
2010-07-13,150.0835,,143.398994,,111.344613,,,106.845226,,
2010-07-14,150.585,,143.660248,,111.495856,,,106.828315,,
2010-07-15,151.1439,,141.890787,,111.571165,,,105.193353,,
2010-07-16,149.203,,140.302731,,109.864042,,,103.756878,,
2010-07-19,149.1108,,140.068684,,110.212201,,,103.976305,,
2010-07-20,150.3141,,141.890824,,110.91855,,,105.155388,,
2010-07-21,150.1676,,143.153075,,110.247966,,,105.55232,,
2010-07-22,151.2457,,142.620719,,111.675401,,,105.76205,,
2010-07-23,151.1065,,142.25994,,112.183916,,,106.072505,,
2010-07-26,151.6415,,141.88133,,112.875448,,,106.066789,,
2010-07-27,150.7266,,141.002528,,112.847518,,,106.023408,,
2010-07-28,150.5349,,140.8362,,112.497071,,,105.703914,,
2010-07-29,150.3384,,139.74256,,112.212178,,,104.754218,,
2010-07-30,151.395,,141.181301,,112.274656,,,105.152629,,
2010-08-02,152.403,,140.578201,,113.736895,,,105.365538,,
2010-08-03,152.502,,140.13258,,113.441131,,,104.690406,,
2010-08-04,152.6818,,141.035477,,113.813874,,,105.586662,,
2010-08-05,152.9811,,141.009806,,113.794709,,,105.343165,,
2010-08-06,153.3459,,140.263445,,113.605851,,,104.362815,,
2010-08-09,153.4462,,141.095112,,113.977358,,,105.256075,,
2010-08-10,153.1803,,141.341305,,113.679783,,,105.347,,
2010-08-11,151.8355,,143.506368,,111.844594,,,106.166036,,
2010-08-12,151.4901,,143.563862,,111.370732,,,105.999718,,
2010-08-13,152.0178,,144.92935,,111.271485,,,106.541435,,
2010-08-16,153.6032,,145.690192,,111.387447,,,106.105783,,
2010-08-17,154.234,,145.527783,,112.157859,,,106.284089,,
2010-08-18,154.462,,146.105784,,112.228457,,,106.615784,,
2010-08-19,154.142,,146.138526,,111.210494,,,105.891782,,
2010-08-20,153.6439,,146.997219,,110.931987,,,106.591689,,
2010-08-23,153.4074,,147.356582,,110.721513,,,106.813955,,
2010-08-24,153.3475,,147.645518,,109.910133,,,106.280614,,
2010-08-25,153.5109,,147.43736,,110.066662,,,106.168793,,
2010-08-26,153.4966,,146.753503,,109.683995,,,105.318759,,
2010-08-27,153.073,,146.154263,,110.452943,,,105.916334,,
2010-08-30,153.1388,,147.020746,,109.796421,,,105.865468,,
2010-08-31,153.9509,,147.616217,,109.828081,,,105.764029,,
2010-09-01,154.9367,,147.0617,,111.699466,,,106.480267,,
2010-09-02,155.0769,,147.003102,,112.266759,,,106.881694,,
2010-09-03,155.2255,,146.341783,,113.039605,,,107.030773,,
2010-09-07,155.6905,,149.251276,,112.405104,,,108.221794,,
2010-09-08,155.7635,,148.873986,,112.847689,,,108.322467,,
2010-09-09,154.6968,,148.150309,,112.942596,,,108.630493,,
2010-09-10,154.9005,,148.177301,,113.185817,,,108.741077,,
2010-09-13,155.8752,,147.087756,,114.03909,,,108.075188,,
2010-09-14,156.7253,,146.582641,,114.164357,,,107.23751,,
2010-09-15,156.1654,,145.924259,,114.344127,,,107.307307,,
2010-09-16,155.7396,,144.786331,,114.248379,,,106.672214,,
2010-09-17,155.8833,,145.357883,,114.332348,,,107.073223,,
2010-09-20,157.462,,146.560191,,115.402284,,,107.876642,,
2010-09-21,158.3324,,145.12152,,115.459899,,,106.283525,,
2010-09-22,158.412,,143.669377,,115.127099,,,104.864006,,
2010-09-23,158.0007,,144.271467,,114.623672,,,105.115923,,
2010-09-24,158.9521,,143.229608,,115.868717,,,104.858946,,
2010-09-27,159.4931,,144.112316,,115.692896,,,104.987754,,
2010-09-28,160.3866,,143.531763,,116.049131,,,104.302468,,
2010-09-29,160.2309,,142.942071,,115.895097,,,103.836877,,
2010-09-30,160.0107,,142.680716,,115.672563,,,103.590367,,
2010-10-01,160.4016,,141.535412,,115.902531,,,102.712214,,
2010-10-04,159.8057,,141.957523,,115.46039,,,103.008229,,
2010-10-05,161.548,,141.921709,,116.855917,,,103.102859,,
2010-10-06,162.5015,,141.817561,,116.895026,,,102.456951,,
2010-10-07,161.6545,,141.110786,,116.835139,,,102.427989,,
2010-10-08,162.1882,,141.586828,,117.321778,,,102.862006,,
2010-10-11,162.4019,,142.271938,,117.365577,,,103.262262,,
2010-10-12,161.9501,,141.40131,,117.52755,,,103.058698,,
2010-10-13,162.9699,,141.90647,,118.078336,,,103.261345,,
2010-10-14,162.0202,,139.855421,,117.623328,,,101.970925,,
2010-10-15,161.3278,,140.368025,,117.671555,,,102.826068,,
2010-10-18,162.226,,141.545628,,118.184444,,,103.564062,,
2010-10-19,160.6778,,142.30382,,117.296239,,,104.331998,,
2010-10-20,161.7961,,140.867228,,118.043782,,,103.218559,,
2010-10-21,161.0181,,140.629985,,118.128302,,,103.616746,,
2010-10-22,161.6002,,141.049208,,118.283805,,,103.687595,,
2010-10-25,162.1432,,141.160331,,118.497107,,,103.608272,,
2010-10-26,161.4702,,141.649664,,118.389101,,,104.305604,,
2010-10-27,160.6158,,141.825298,,118.102175,,,104.736026,,
2010-10-28,161.002,,140.513968,,118.226157,,,103.627389,,
2010-10-29,161.7247,,141.268428,,118.383963,,,103.856669,,
2010-11-01,161.4428,,141.281044,,118.387348,,,104.050282,,
2010-11-02,162.6977,,140.946627,,119.032684,,,103.564821,,
2010-11-03,161.9064,,139.217471,,119.310889,,,103.034475,,
2010-11-04,164.4903,,140.758301,,120.927378,,,103.927652,,
2010-11-05,164.0548,,142.124322,,121.0563,,,105.326976,,
2010-11-08,164.3397,,143.534098,,120.902197,,,106.052166,,
2010-11-09,162.7555,,143.667716,,120.14862,,,106.516051,,
2010-11-10,163.3951,,144.116152,,120.397544,,,106.650775,,
2010-11-11,163.3225,,145.280054,,120.12329,,,107.314881,,
2010-11-12,161.8236,,143.67971,,119.073772,,,106.179934,,
2010-11-15,160.7579,,143.843925,,118.709234,,,106.678391,,
2010-11-16,160.4483,,144.613185,,117.718587,,,106.559106,,
2010-11-17,160.2406,,143.994693,,117.771858,,,106.288972,,
2010-11-18,161.6128,,144.019511,,118.79524,,,106.320588,,
2010-11-19,162.1094,,144.00393,,119.047223,,,106.20823,,
2010-11-22,162.322,,144.79373,,119.094886,,,106.693568,,
2010-11-23,161.4993,,146.873669,,118.111559,,,107.879383,,
2010-11-24,161.9622,,147.662487,,118.932038,,,108.900062,,
2010-11-26,161.4518,,148.159368,,118.203199,,,108.940211,,
2010-11-29,162.0765,,150.137934,,118.44411,,,110.19366,,
2010-11-30,162.1298,,151.826607,,118.013792,,,110.991714,,
2010-12-01,162.9877,,150.819976,,119.271153,,,110.844005,,
2010-12-02,163.8711,,150.825776,,120.090226,,,111.007831,,
2010-12-03,164.1925,,148.84196,,120.383166,,,109.600007,,
2010-12-06,164.8589,,150.611789,,120.488637,,,110.551698,,
2010-12-07,163.5889,,149.966566,,120.156523,,,110.626895,,
2010-12-08,162.9801,,149.39269,,120.188611,,,110.644757,,
2010-12-09,163.6011,,150.243991,,120.552395,,,111.188403,,
2010-12-10,163.7891,,150.528078,,120.878341,,,111.571627,,
2010-12-13,164.28,,149.150384,,120.960218,,,110.29479,,
2010-12-14,163.5785,,148.645592,,120.759334,,,110.209562,,
2010-12-15,162.28,,149.309341,,120.342638,,,111.202426,,
2010-12-16,162.9762,,149.611342,,120.851459,,,111.420469,,
2010-12-17,164.028,,151.241557,,121.192831,,,112.228417,,
2010-12-20,164.4419,,152.250211,,121.398623,,,112.883881,,
2010-12-21,165.4046,,153.492227,,121.953518,,,113.659539,,
2010-12-22,165.3018,,153.420252,,122.126936,,,113.838543,,
2010-12-23,165.0883,,153.049169,,121.926228,,,113.523187,,
2010-12-27,165.5412,,152.888425,,122.10043,,,113.25528,,
2010-12-28,165.3287,,153.249833,,121.921395,,,113.502241,,
2010-12-29,165.8079,,152.417995,,122.312767,,,112.921222,,
2010-12-30,165.7373,,151.637624,,122.16174,,,112.252152,,
2010-12-31,166.0294,,150.726288,,122.378237,,,111.578612,,
2011-01-03,166.207,,151.244414,,123.082078,,,112.485776,,
2011-01-04,165.9308,,151.589916,,123.058182,,,112.908478,,
2011-01-05,165.704,,153.180754,,123.203811,,,114.384745,,
2011-01-06,165.6225,,154.857585,,123.066073,,,115.564447,,
2011-01-07,165.7284,,156.051176,,123.080003,,,116.393938,,
2011-01-10,165.8427,,155.680101,,123.117881,,,116.072846,,
2011-01-11,166.0804,,155.617252,,123.277824,,,116.01044,,
2011-01-12,166.3937,,154.066692,,123.943157,,,115.256968,,
2011-01-13,166.2903,,151.276054,,123.995291,,,113.287298,,
2011-01-14,166.2732,,151.146265,,124.436223,,,113.604293,,
2011-01-18,166.2685,,150.987323,,124.536471,,,113.579465,,
2011-01-19,166.0371,,149.81813,,123.80649,,,112.19549,,
2011-01-20,164.9855,,148.882514,,123.519121,,,111.945042,,
2011-01-21,165.511,,147.789097,,123.839048,,,111.056988,,
2011-01-24,165.7266,,147.732044,,124.237146,,,111.2261,,
2011-01-25,165.8228,,147.335967,,124.435159,,,111.040241,,
2011-01-26,165.8604,,147.058759,,124.557565,,,110.915197,,
2011-01-27,165.7077,,146.679463,,124.827306,,,110.970866,,
2011-01-28,165.5662,,147.907914,,123.594536,,,110.889841,,
2011-01-31,165.9487,,147.343374,,124.059213,,,110.626337,,
2011-02-01,166.4013,,146.275235,,125.139317,,,110.479226,,
2011-02-02,166.3055,,146.405923,,124.936895,,,110.46266,,
2011-02-03,166.3236,,148.333832,,124.920191,,,111.890119,,
2011-02-04,166.1419,,148.726037,,124.962463,,,112.34666,,
2011-02-07,166.4083,,148.931612,,125.45915,,,112.768293,,
2011-02-08,166.4199,,148.488343,,125.64915,,,112.59508,,
2011-02-09,166.4215,,147.334898,,125.573561,,,111.652168,,
2011-02-10,166.2857,,148.63587,,125.455128,,,112.623728,,
2011-02-11,166.6307,,149.530248,,126.10565,,,113.653113,,
2011-02-14,166.9275,,150.476362,,126.30773,,,114.35182,,
2011-02-15,166.9488,,150.511187,,126.135385,,,114.207644,,
2011-02-16,167.2345,,149.840919,,126.607643,,,113.929773,,
2011-02-17,167.5299,,149.684176,,126.966335,,,113.931785,,
2011-02-18,167.5878,,148.869378,,127.10093,,,113.392533,,
2011-02-22,167.5052,,149.192813,,125.756834,,,112.492602,,
2011-02-23,167.7872,,148.386202,,125.333698,,,111.320539,,
2011-02-24,167.6545,,147.71866,,125.288108,,,110.867115,,
2011-02-25,168.1147,,148.636909,,126.221986,,,112.080159,,
2011-02-28,168.278,,148.197131,,126.785321,,,112.138356,,
2011-03-01,168.0067,,148.283681,,125.483772,,,111.231316,,
2011-03-02,167.8819,,147.22758,,125.562336,,,110.590402,,
2011-03-03,168.089,,146.303162,,126.687374,,,110.744077,,
2011-03-04,168.1161,,146.150959,,126.250877,,,110.229927,,
2011-03-07,167.7894,,146.045529,,125.677873,,,109.863979,,
2011-03-08,167.8085,,146.74402,,126.298753,,,110.922149,,
2011-03-09,167.9011,,146.786985,,126.311552,,,110.904671,,
2011-03-10,167.3184,,147.459931,,125.085732,,,110.716118,,
2011-03-11,167.5666,,146.522999,,125.617722,,,110.31689,,
2011-03-14,167.4938,,145.530874,,125.191574,,,109.245675,,
2011-03-15,167.2638,,145.272889,,124.346233,,,108.464596,,
2011-03-16,166.7319,,145.870764,,123.106826,,,108.169407,,
2011-03-17,167.5826,,145.307897,,124.050676,,,108.026967,,
2011-03-18,167.8026,,143.945314,,124.304746,,,107.092563,,
2011-03-21,168.5458,,144.038082,,125.33859,,,107.576388,,
2011-03-22,168.3665,,144.18893,,125.087342,,,107.587633,,
2011-03-23,168.5053,,145.422366,,125.278747,,,108.584491,,
2011-03-24,168.4999,,144.519001,,125.855202,,,108.409972,,
2011-03-25,168.6178,,145.649732,,126.045778,,,109.347115,,
2011-03-28,168.5583,,145.469138,,125.834812,,,109.06723,,
2011-03-29,168.6231,,145.259018,,126.282918,,,109.255522,,
2011-03-30,169.0321,,145.464981,,126.891618,,,109.671797,,
2011-03-31,168.9838,,145.106018,,126.72706,,,109.290514,,
2011-04-01,169.1448,,144.528648,,127.124599,,,109.09319,,
2011-04-04,169.2206,,144.670695,,127.266302,,,109.273165,,
2011-04-05,169.3043,,144.721898,,127.147587,,,109.155881,,
2011-04-06,169.0934,,143.438257,,127.239487,,,108.400929,,
2011-04-07,169.0351,,143.628324,,127.119171,,,108.479333,,
2011-04-08,168.9702,,141.814817,,126.75989,,,106.847927,,
2011-04-11,168.6415,,142.026254,,126.57907,,,107.062858,,
2011-04-12,168.3108,,141.340427,,126.207509,,,106.441838,,
2011-04-13,168.4196,,141.765719,,126.251451,,,106.730299,,
2011-04-14,168.582,,141.473378,,126.267813,,,106.421392,,
2011-04-15,169.0432,,142.483002,,126.723746,,,107.274404,,
2011-04-18,168.6935,,144.103527,,125.951058,,,108.056485,,
2011-04-19,168.9156,,143.259443,,126.493718,,,107.744525,,
2011-04-20,169.3777,,141.798537,,127.451684,,,107.160283,,
2011-04-21,169.5155,,141.620353,,127.880537,,,107.298454,,
2011-04-25,169.4657,,141.315572,,127.827394,,,107.054493,,
2011-04-26,169.8918,,141.043978,,128.674868,,,107.287375,,
2011-04-27,170.1037,,139.854171,,129.133779,,,106.628741,,
2011-04-28,170.361,,139.729306,,129.515194,,,106.686826,,
2011-04-29,170.8872,,140.233743,,129.739675,,,106.927288,,
2011-05-02,170.6018,,139.856985,,129.642303,,,106.738242,,
2011-05-03,170.4167,,139.747648,,129.380048,,,106.554654,,
2011-05-04,169.6391,,139.094039,,128.959055,,,106.195755,,
2011-05-05,168.515,,140.954005,,128.377306,,,107.844964,,
2011-05-06,168.9049,,143.074698,,128.710281,,,109.4981,,
2011-05-09,169.4525,,143.40566,,129.071189,,,109.703473,,
2011-05-10,169.6371,,143.124497,,129.638658,,,109.85009,,
2011-05-11,168.8178,,144.616173,,128.909157,,,110.906028,,
2011-05-12,168.788,,144.03952,,129.205264,,,110.737078,,
2011-05-13,168.5196,,145.295464,,128.691884,,,111.436009,,
2011-05-16,168.3156,,144.552656,,128.311064,,,110.672207,,
2011-05-17,168.4256,,143.824148,,128.354463,,,110.079751,,
2011-05-18,168.7744,,143.995569,,128.964392,,,110.505814,,
2011-05-19,168.8131,,143.448715,,129.109102,,,110.184406,,
2011-05-20,168.927,,145.083888,,128.542034,,,110.876124,,
2011-05-23,168.4894,,145.814408,,127.692502,,,110.98544,,
2011-05-24,168.9831,,145.701288,,127.638569,,,110.528633,,
2011-05-25,169.0683,,145.898921,,127.890174,,,110.840845,,
2011-05-26,169.6009,,145.769771,,128.349303,,,110.791282,,
2011-05-27,170.1711,,144.845658,,128.696666,,,110.016982,,
2011-05-31,170.9024,,144.321249,,129.51557,,,109.84413,,
2011-06-01,170.2157,,144.423534,,127.990652,,,109.065994,,
2011-06-02,169.0283,,141.801905,,127.711497,,,107.603251,,
2011-06-03,168.9346,,140.337481,,127.013722,,,105.968909,,
2011-06-06,167.7568,,139.925091,,126.216072,,,105.731132,,
2011-06-07,167.8695,,138.914465,,126.269571,,,104.941468,,
2011-06-08,167.9591,,140.026579,,125.996458,,,105.496495,,
2011-06-09,168.4749,,141.166195,,126.497283,,,106.450928,,
2011-06-10,167.5399,,142.1036,,125.443139,,,106.857866,,
2011-06-13,166.7569,,140.664181,,125.426251,,,106.257821,,
2011-06-14,167.173,,140.745639,,126.24975,,,106.751035,,
2011-06-15,167.1835,,143.361632,,125.03428,,,107.681569,,
2011-06-16,167.768,,143.613651,,125.232447,,,107.665415,,
2011-06-17,167.8484,,142.665859,,125.499594,,,107.131683,,
2011-06-20,168.0486,,142.834026,,125.814708,,,107.399176,,
2011-06-21,168.9703,,142.546083,,126.89875,,,107.516473,,
2011-06-22,168.7209,,142.920828,,126.409774,,,107.542481,,
2011-06-23,168.0301,,143.289146,,126.351473,,,108.21296,,
2011-06-24,166.4753,,142.66076,,125.422121,,,107.944774,,
2011-06-27,166.1821,,141.406752,,126.01096,,,107.687918,,
2011-06-28,166.925,,141.215548,,126.798441,,,107.732764,,
2011-06-29,167.3094,,140.92196,,127.29825,,,107.684581,,
2011-06-30,167.4948,,140.414643,,128.008308,,,107.775981,,
2011-07-01,167.9721,,140.565663,,129.16988,,,108.561567,,
2011-07-05,168.9008,,142.314628,,129.300867,,,109.41882,,
2011-07-06,169.6222,,144.023498,,129.428657,,,110.370717,,
2011-07-07,170.2725,,144.121688,,130.083692,,,110.580981,,
2011-07-08,170.7901,,145.629481,,129.800964,,,111.157119,,
2011-07-11,171.0194,,148.199097,,128.526235,,,111.8574,,
2011-07-12,171.3618,,149.059998,,128.2418,,,112.0339,,
2011-07-13,172.1735,,147.760468,,128.595445,,,110.83841,,
2011-07-14,171.1521,,147.127971,,127.937817,,,110.454828,,
2011-07-15,172.0427,,147.721211,,128.454,,,110.771235,,
2011-07-18,171.4506,,147.698931,,127.740151,,,110.519401,,
2011-07-19,173.0466,,148.630429,,129.104329,,,111.367436,,
2011-07-20,172.5716,,147.618592,,128.971264,,,110.799409,,
2011-07-21,172.6081,,145.479713,,129.957223,,,110.005511,,
2011-07-22,173.4061,,146.759718,,130.120478,,,110.601471,,
2011-07-25,172.9307,,146.240292,,129.5419,,,110.021602,,
2011-07-26,173.2377,,145.137969,,129.371137,,,108.8551,,
2011-07-27,172.0304,,145.552857,,127.694836,,,108.507966,,
2011-07-28,172.1615,,146.019463,,127.566642,,,108.663725,,
2011-07-29,172.9887,,146.325983,,127.354599,,,108.190992,,
2011-08-01,172.9845,,147.579272,,127.152164,,,108.946851,,
2011-08-02,174.4411,,149.329148,,125.416895,,,107.826267,,
2011-08-03,174.7572,,148.342102,,125.872899,,,107.308554,,
2011-08-04,173.3501,,149.568456,,122.606536,,,106.243481,,
2011-08-05,172.3019,,146.666533,,122.176677,,,104.448456,,
2011-08-08,170.6559,,146.34751,,117.423742,,,101.132956,,
2011-08-09,173.4091,,146.662198,,120.973981,,,102.75691,,
2011-08-10,173.4436,,148.730783,,118.167384,,,101.768404,,
2011-08-11,173.6797,,148.278509,,120.757839,,,103.542164,,
2011-08-12,174.7323,,149.086076,,121.456614,,,104.077731,,
2011-08-15,175.6727,,147.86788,,123.07705,,,104.044566,,
2011-08-16,176.0637,,148.57246,,122.547833,,,103.859657,,
2011-08-17,176.9401,,149.121559,,122.677193,,,103.83667,,
2011-08-18,176.5914,,149.78924,,119.579936,,,101.869023,,
2011-08-19,176.5695,,149.130748,,118.430057,,,100.458387,,
2011-08-22,177.3135,,150.133581,,118.429055,,,100.708716,,
2011-08-23,177.6697,,149.569514,,120.648387,,,102.005594,,
2011-08-24,176.4125,,148.790371,,121.396292,,,102.830902,,
2011-08-25,176.035,,148.846832,,120.387435,,,102.233796,,
2011-08-26,177.8928,,149.186043,,121.500184,,,102.333898,,
2011-08-29,178.226,,149.323325,,123.543766,,,103.956149,,
2011-08-30,179.7602,,151.332525,,123.892568,,,104.750654,,
2011-08-31,179.3483,,151.735996,,124.179619,,,105.515056,,
2011-09-01,179.5875,,153.116896,,123.549715,,,105.794116,,
2011-09-02,180.2115,,154.353638,,121.811059,,,104.783727,,
2011-09-06,180.2699,,156.56902,,121.403918,,,105.898077,,
2011-09-07,180.3431,,155.514903,,123.347176,,,106.825381,,
2011-09-08,180.8373,,158.377732,,122.589723,,,107.828342,,
2011-09-09,180.0165,,160.174382,,120.72927,,,107.886244,,
2011-09-12,179.8687,,159.851001,,121.09493,,,108.083271,,
2011-09-13,180.0454,,160.029094,,121.781545,,,108.710414,,
2011-09-14,180.9697,,159.95832,,122.800943,,,109.012281,,
2011-09-15,180.6499,,158.268335,,123.932441,,,109.047087,,
2011-09-16,181.4566,,160.032647,,124.447197,,,110.228448,,
2011-09-19,181.3212,,161.08062,,123.814572,,,110.468695,,
2011-09-20,181.8004,,161.309475,,123.821486,,,110.340211,,
2011-09-21,181.0518,,162.186456,,121.718965,,,109.507218,,
2011-09-22,180.1554,,162.681682,,119.492395,,,108.368831,,
2011-09-23,177.8271,,160.078626,,119.688593,,,108.208385,,
2011-09-26,178.1915,,160.083052,,121.285555,,,109.430959,,
2011-09-27,178.66,,159.936635,,122.031929,,,109.715215,,
2011-09-28,177.0814,,158.975335,,120.495075,,,108.642275,,
2011-09-29,178.0076,,159.160399,,121.052617,,,108.703471,,
2011-09-30,178.0296,,161.589044,,119.420058,,,108.860351,,
2011-10-03,177.3793,,163.670013,,117.570609,,,108.952626,,
2011-10-04,177.6046,,161.764891,,118.970949,,,108.828775,,
2011-10-05,178.9722,,163.001973,,120.128302,,,109.881702,,
2011-10-06,179.4516,,162.353658,,121.358023,,,110.269649,,
2011-10-07,178.3815,,161.92779,,120.777371,,,110.110796,,
2011-10-10,180.7131,,161.041719,,123.101056,,,110.17506,,
2011-10-11,180.4227,,160.8124,,123.288996,,,110.36349,,
2011-10-12,180.4684,,159.057272,,123.850642,,,109.628477,,
2011-10-13,180.618,,159.37399,,123.726178,,,109.645489,,
2011-10-14,181.4542,,158.890543,,124.916213,,,109.855699,,
2011-10-17,180.9302,,160.124814,,123.680346,,,109.931213,,
2011-10-18,181.8315,,160.751618,,125.07662,,,111.054235,,
2011-10-19,180.7808,,159.735607,,124.262079,,,110.270871,,
2011-10-20,180.3992,,159.161286,,124.562432,,,110.372954,,
2011-10-21,181.3754,,158.733506,,126.009978,,,110.756167,,
2011-10-24,182.4593,,159.248758,,126.853315,,,111.194838,,
2011-10-25,183.1962,,160.148311,,125.63857,,,110.306637,,
2011-10-26,183.5165,,160.450236,,126.264377,,,110.871223,,
2011-10-27,184.8071,,158.351193,,128.713479,,,110.764214,,
2011-10-28,185.5683,,159.36285,,128.889285,,,111.166228,,
2011-10-31,185.4415,,162.689042,,127.278906,,,112.145166,,
2011-11-01,185.3582,,164.46027,,125.389395,,,111.733334,,
2011-11-02,186.4391,,164.879011,,126.614725,,,112.456703,,
2011-11-03,187.6885,,165.070127,,127.888829,,,112.962993,,
2011-11-04,187.1893,,165.227549,,127.40913,,,112.947012,,
2011-11-07,188.9565,,166.777728,,127.925639,,,113.398306,,
2011-11-08,188.9282,,166.042712,,128.842641,,,113.724858,,
2011-11-09,186.83,,167.723452,,126.07661,,,113.672251,,
2011-11-10,186.5527,,166.687968,,126.698168,,,113.696162,,
2011-11-11,188.2775,,166.400715,,128.065164,,,113.67384,,
2011-11-14,188.3981,,168.00224,,127.382427,,,114.082973,,
2011-11-15,188.6265,,169.372501,,127.691509,,,115.152924,,
2011-11-16,187.5785,,169.397379,,126.455161,,,114.691952,,
2011-11-17,185.8138,,167.866072,,125.228267,,,113.621388,,
2011-11-18,185.719,,167.119744,,125.141491,,,113.095547,,
2011-11-21,183.9188,,165.763626,,123.696888,,,111.968186,,
2011-11-22,184.5479,,166.138481,,123.447634,,,111.613481,,
2011-11-23,183.3307,,167.052898,,121.849985,,,111.510831,,
2011-11-25,182.0431,,167.259906,,121.644754,,,112.249333,,
2011-11-28,184.7187,,168.614656,,123.763149,,,113.461511,,
2011-11-29,184.6597,,168.592446,,123.986177,,,113.687315,,
2011-11-30,187.1566,,169.220011,,126.921864,,,115.253937,,
2011-12-01,186.7369,,168.646121,,126.927906,,,115.126707,,
2011-12-02,187.3823,,169.929609,,126.989223,,,115.659182,,
2011-12-05,187.6465,,170.228883,,127.877066,,,116.508658,,
2011-12-06,187.3315,,169.939318,,127.851734,,,116.482971,,
2011-12-07,187.7124,,170.15154,,128.233896,,,116.739684,,
2011-12-08,186.4025,,169.86978,,126.595643,,,115.865972,,
2011-12-09,186.593,,169.526176,,127.85727,,,116.664736,,
2011-12-12,185.4268,,170.939848,,126.748912,,,117.351273,,
2011-12-13,184.7622,,172.318569,,126.145153,,,118.157767,,
2011-12-14,183.9225,,172.243689,,125.462231,,,118.003317,,
2011-12-15,183.755,,171.634647,,125.626019,,,117.846897,,
2011-12-16,185.122,,172.5747,,125.909478,,,117.882754,,
2011-12-19,184.9093,,173.001243,,125.15441,,,117.600558,,
2011-12-20,186.1002,,172.946845,,127.358329,,,118.868261,,
2011-12-21,185.6449,,173.001136,,127.377954,,,119.215564,,
2011-12-22,186.3393,,173.609649,,128.129481,,,119.89228,,
2011-12-23,186.3317,,173.695749,,128.755739,,,120.542944,,
2011-12-27,186.4332,,173.443253,,128.909187,,,120.445557,,
2011-12-28,185.5332,,174.301276,,127.983203,,,120.754872,,
2011-12-29,186.4364,,174.876817,,128.90216,,,121.432373,,
2011-12-30,186.5589,,175.011976,,128.452472,,,121.02275,,
2012-01-03,188.1274,,175.235307,,129.58331,,,121.224775,,
2012-01-04,187.7008,,176.339015,,129.630926,,,122.310479,,
2012-01-05,187.923,,178.65176,,129.905844,,,124.030588,,
2012-01-06,188.0035,,179.758653,,129.751794,,,124.597692,,
2012-01-09,188.0376,,179.075783,,129.898324,,,124.242008,,
2012-01-10,189.1872,,180.005612,,130.559885,,,124.760415,,
2012-01-11,189.9911,,181.780611,,130.783567,,,125.672494,,
2012-01-12,190.0613,,180.319359,,130.92918,,,124.754972,,
2012-01-13,189.9684,,182.201986,,130.635679,,,125.836406,,
2012-01-17,190.9275,,182.261993,,130.956022,,,125.552643,,
2012-01-18,191.5618,,181.044985,,131.762532,,,125.066869,,
2012-01-19,191.1354,,179.190451,,132.090419,,,124.370622,,
2012-01-20,190.7662,,179.385212,,132.249965,,,124.897438,,
2012-01-23,190.4417,,177.937715,,132.005027,,,123.87087,,
2012-01-24,190.2589,,177.436901,,131.954932,,,123.593988,,
2012-01-25,191.613,,177.752051,,132.702316,,,123.63485,,
2012-01-26,191.9464,,178.017865,,132.399575,,,123.322682,,
2012-01-27,192.3065,,178.351834,,132.446796,,,,,
2012-01-30,192.6197,,178.169302,,132.324953,,,122.883002,,
2012-01-31,193.4258,,179.742314,,132.39435,,,123.516013,,
2012-02-01,193.4646,,178.725084,,132.996425,,,123.350767,,
2012-02-02,193.909,,179.364608,,133.135154,,,123.637273,,
2012-02-03,193.4706,,178.828468,,134.232462,,,124.565313,,
2012-02-06,194.2764,,179.896078,,134.214594,,,124.772615,,
2012-02-07,194.0718,,177.915126,,134.364914,,,123.667108,,
2012-02-08,194.1439,,178.010756,,134.553449,,,123.861181,,
2012-02-09,193.6784,,177.236387,,134.57413,,,123.637771,,
2012-02-10,193.63,,178.369599,,134.046497,,,123.971412,,
2012-02-13,194.5486,,179.357144,,134.670797,,,124.647016,,
2012-02-14,194.7898,,180.316539,,134.606589,,,125.098919,,
2012-02-15,194.3858,,180.873582,,134.214708,,,125.380097,,
2012-02-16,194.9933,,180.543412,,135.09562,,,125.580183,,
2012-02-17,195.1897,,180.567108,,135.24526,,,125.609268,,
2012-02-21,195.0904,,179.188086,,135.195907,,,124.667905,,
2012-02-22,196.0054,,179.888516,,135.08884,,,124.472313,,
2012-02-23,196.4771,,178.61835,,135.486314,,,123.65949,,
2012-02-24,197.0874,,178.181842,,135.677538,,,123.148869,,
2012-02-27,197.7063,,179.408469,,135.99128,,,123.894315,,
2012-02-28,197.8905,,178.780271,,136.185409,,,123.521658,,
2012-02-29,195.681,,178.543492,,135.812146,,,124.409019,,
2012-03-01,195.9714,,179.003261,,136.124563,,,124.831053,,
2012-03-02,196.0977,,180.614074,,135.9972,,,125.755487,,
2012-03-05,194.9848,,179.367544,,135.579205,,,125.214341,,
2012-03-06,193.8779,,179.769435,,134.498917,,,125.205735,,
2012-03-07,194.3226,,179.661065,,135.012468,,,125.320587,,
2012-03-08,194.8512,,178.477557,,135.705089,,,124.794243,,
2012-03-09,195.4356,,181.126749,,136.004811,,,126.546773,,
2012-03-12,195.1448,,180.352651,,136.063879,,,126.248516,,
2012-03-13,195.2841,,181.473314,,137.350627,,,128.142862,,
2012-03-14,192.8715,,179.917599,,136.962091,,,128.269633,,
2012-03-15,193.6888,,180.029367,,137.409826,,,128.225536,,
2012-03-16,194.1749,,179.223287,,137.538286,,,127.450882,,
2012-03-19,193.8893,,178.068746,,137.683432,,,126.950211,,
2012-03-20,193.4672,,177.870552,,137.517485,,,126.932407,,
2012-03-21,193.8158,,178.296222,,137.524175,,,127.013504,,
2012-03-22,192.9705,,177.725715,,136.971746,,,126.650885,,
2012-03-23,194.1897,,177.945383,,137.363846,,,126.372001,,
2012-03-26,195.4533,,177.903126,,138.48677,,,126.551339,,
2012-03-27,195.3099,,178.361514,,138.283052,,,126.783792,,
2012-03-28,194.4567,,177.529009,,137.867766,,,126.36507,,
2012-03-29,194.7138,,177.954829,,137.87354,,,126.506214,,
2012-03-30,194.2977,,177.071363,,138.125144,,,126.377949,,
2012-04-02,195.5287,,178.459445,,138.737609,,,127.127972,,
2012-04-03,193.502,,177.777513,,138.165323,,,127.440748,,
2012-04-04,192.988,,178.534423,,137.456146,,,127.665546,,
2012-04-05,193.3921,,179.951711,,137.545104,,,128.493238,,
2012-04-09,193.7815,,179.760942,,136.858075,,,127.459244,,
2012-04-10,193.0162,,179.378143,,135.483898,,,126.409972,,
2012-04-11,192.953,,178.944596,,136.152163,,,126.767955,,
2012-04-12,194.2379,,179.065273,,137.158351,,,126.945566,,
2012-04-13,193.7852,,180.19612,,136.353428,,,127.294248,,
2012-04-16,193.514,,179.022391,,136.307111,,,126.599318,,
2012-04-17,194.9669,,180.568476,,137.533168,,,127.881105,,
2012-04-18,194.7166,,180.391631,,137.31768,,,127.719659,,
2012-04-19,194.247,,179.757951,,136.753831,,,127.05483,,
2012-04-20,194.3601,,178.929626,,136.898969,,,126.529911,,
2012-04-23,194.0767,,179.350516,,136.261665,,,126.421463,,
2012-04-24,194.0936,,178.814276,,136.496063,,,126.249302,,
2012-04-25,195.1156,,179.483793,,137.636919,,,127.111861,,
2012-04-26,196.5147,,180.761229,,138.305045,,,127.72213,,
2012-04-27,196.7536,,180.530219,,138.434547,,,127.523315,,
2012-04-30,196.6634,,180.596027,,138.100603,,,127.320434,,
2012-05-01,197.0326,,180.965136,,138.603367,,,127.805191,,
2012-05-02,196.8355,,181.861276,,138.404933,,,128.382628,,
2012-05-03,195.6072,,180.811616,,137.833204,,,127.912572,,
2012-05-04,194.4134,,180.709775,,136.55695,,,127.434537,,
2012-05-07,194.3619,,181.061988,,136.625359,,,127.780726,,
2012-05-08,193.911,,181.266997,,136.346554,,,127.961213,,
2012-05-09,193.1583,,181.630386,,135.876201,,,128.273343,,
2012-05-10,193.2375,,181.612147,,135.980136,,,128.305963,,
2012-05-11,193.2438,,181.931712,,135.784879,,,128.342984,,
2012-05-14,192.6426,,182.645767,,135.005231,,,128.506698,,
2012-05-15,191.8757,,183.254935,,134.503591,,,128.969634,,
2012-05-16,191.6101,,183.189798,,134.185359,,,128.797046,,
2012-05-17,191.9766,,183.794581,,133.029637,,,127.864711,,
2012-05-18,191.4361,,182.119713,,132.333638,,,126.392487,,
2012-05-21,193.1548,,183.209973,,133.679804,,,127.299674,,
2012-05-22,192.1088,,184.131403,,133.691899,,,128.648161,,
2012-05-23,192.6173,,186.118441,,133.803072,,,129.801014,,
2012-05-24,192.4758,,186.728236,,133.91612,,,130.432136,,
2012-05-25,192.4832,,186.978627,,133.73008,,,130.42058,,
2012-05-29,193.4972,,188.154564,,134.677067,,,131.477553,,
2012-05-30,193.3011,,190.031036,,133.684452,,,131.943804,,
2012-05-31,193.6235,,190.361836,,133.668345,,,131.937508,,
2012-06-01,193.16,,188.891829,,131.78169,,,129.380533,,
2012-06-04,192.5715,,187.300866,,131.623366,,,128.528267,,
2012-06-05,192.5309,,187.966673,,132.113548,,,129.492811,,
2012-06-06,193.8609,,187.326038,,133.734252,,,129.738377,,
2012-06-07,193.6792,,187.472324,,133.859635,,,130.083348,,
2012-06-08,194.3998,,188.847961,,134.479073,,,131.156277,,
2012-06-11,193.3673,,188.33254,,133.508884,,,130.548049,,
2012-06-12,194.2204,,188.847223,,134.382558,,,131.182696,,
2012-06-13,194.1015,,187.924482,,134.004252,,,130.253961,,
2012-06-14,195.3663,,188.017039,,134.821227,,,130.263794,,
2012-06-15,197.0681,,189.627801,,135.783569,,,131.174913,,
2012-06-18,197.3941,,190.826592,,135.92441,,,131.922864,,
2012-06-19,197.636,,189.41415,,136.650575,,,131.484851,,
2012-06-20,197.5628,,189.039977,,136.424404,,,131.056461,,
2012-06-21,194.5065,,188.607991,,134.666719,,,131.100436,,
2012-06-22,194.5367,,188.185473,,135.211136,,,131.31517,,
2012-06-25,193.7188,,188.347448,,134.079116,,,130.878105,,
2012-06-26,194.0133,,188.837665,,134.429353,,,131.361807,,
2012-06-27,195.3793,,190.516522,,135.184359,,,132.342224,,
2012-06-28,195.2092,,190.719324,,135.008246,,,132.425798,,
2012-06-29,197.7579,,189.981791,,136.956094,,,132.092264,,
2012-07-02,198.6942,,192.109407,,137.312176,,,133.287793,,
2012-07-03,199.5541,,192.428129,,137.80849,,,133.41411,,
2012-07-05,199.0032,,195.249847,,137.585526,,,135.525581,,
2012-07-06,198.2703,,196.2029,,136.835139,,,135.945014,,
2012-07-09,198.6487,,196.144677,,136.842991,,,135.653575,,
2012-07-10,197.4841,,195.989645,,136.158388,,,135.663582,,
2012-07-11,197.9396,,196.618256,,136.15899,,,135.786114,,
2012-07-12,197.8374,,197.09326,,135.855415,,,135.880839,,
2012-07-13,199.6165,,198.198132,,137.250392,,,136.81528,,
2012-07-16,199.7505,,197.891568,,137.099908,,,136.362346,,
2012-07-17,200.0396,,197.815274,,137.644441,,,136.65339,,
2012-07-18,200.8134,,198.758311,,138.357418,,,137.484249,,
2012-07-19,200.9866,,198.976718,,138.530102,,,137.688351,,
2012-07-20,201.0389,,201.136514,,137.854229,,,138.467803,,
2012-07-23,200.2246,,200.903804,,137.068223,,,138.078288,,
2012-07-24,199.6899,,201.294347,,136.431998,,,138.073269,,
2012-07-25,200.1671,,200.155575,,136.461913,,,136.99488,,
2012-07-26,201.8373,,199.80264,,137.777788,,,136.929458,,
2012-07-27,202.7522,,200.141183,,139.140477,,,137.893014,,
2012-07-30,203.3052,,201.598829,,139.235529,,,138.614121,,
2012-07-31,202.4302,,200.013344,,138.708788,,,137.595912,,
2012-08-01,201.9277,,200.814368,,138.566121,,,138.348302,,
2012-08-02,201.1692,,200.794273,,138.001825,,,138.290565,,
2012-08-03,202.6168,,198.891601,,139.513595,,,137.491361,,
2012-08-06,202.9797,,199.014824,,139.755535,,,137.568729,,
2012-08-07,202.9191,,198.968245,,140.030994,,,137.848772,,
2012-08-08,202.7086,,199.308401,,140.064139,,,138.260548,,
2012-08-09,202.9585,,200.545116,,140.125836,,,139.008369,,
2012-08-10,203.5315,,201.378096,,140.352053,,,139.417488,,
2012-08-13,203.1207,,200.269149,,140.298811,,,138.877454,,
2012-08-14,202.0745,,199.415539,,140.181149,,,138.884886,,
2012-08-15,201.2863,,199.133961,,140.095241,,,139.146531,,
2012-08-16,201.7181,,198.522368,,140.64615,,,138.966563,,
2012-08-17,202.1808,,199.345678,,140.827194,,,139.402745,,
2012-08-20,202.316,,199.25597,,140.812282,,,139.232152,,
2012-08-21,202.4633,,197.386212,,140.636218,,,137.652964,,
2012-08-22,203.9058,,197.891144,,140.90467,,,137.290364,,
2012-08-23,203.3532,,196.80026,,140.263405,,,136.281505,,
2012-08-24,203.9915,,198.213249,,140.723836,,,137.279649,,
2012-08-27,204.3466,,198.795036,,140.828241,,,137.545302,,
2012-08-28,204.4612,,197.859955,,140.788746,,,136.783221,,
2012-08-29,203.9497,,197.917949,,140.790645,,,137.168313,,
2012-08-30,203.3787,,197.734759,,140.217256,,,136.866419,,
2012-08-31,205.4758,,198.767434,,140.799851,,,136.742852,,
2012-09-04,205.1685,,198.541258,,140.7086,,,136.703179,,
2012-09-05,204.6575,,197.47303,,140.632086,,,136.233035,,
2012-09-06,205.9648,,198.260792,,142.221296,,,137.444179,,
2012-09-07,206.861,,196.218146,,142.562573,,,135.763792,,
2012-09-10,206.2559,,196.545898,,142.085258,,,135.932878,,
2012-09-11,206.408,,195.214225,,142.25347,,,135.072113,,
2012-09-12,205.9999,,194.159118,,142.429238,,,134.774528,,
2012-09-13,207.9695,,194.681256,,143.87309,,,135.214091,,
2012-09-14,206.9198,,191.59194,,144.015025,,,133.87543,,
2012-09-17,207.0645,,191.929111,,143.813666,,,133.829929,,
2012-09-18,207.344,,193.203117,,143.783904,,,134.508836,,
2012-09-19,207.6081,,193.425484,,143.942587,,,134.640771,,
2012-09-20,207.8249,,194.835443,,143.912292,,,135.45223,,
2012-09-21,207.947,,194.771176,,143.965486,,,135.378065,,
2012-09-24,208.1208,,195.678717,,143.89796,,,135.831542,,
2012-09-25,207.4985,,195.539743,,143.069062,,,135.357928,,
2012-09-26,207.3625,,195.848805,,142.644271,,,135.257989,,
2012-09-27,208.3855,,196.206802,,143.411948,,,135.565689,,
2012-09-28,207.8336,,196.531935,,143.101196,,,135.855905,,
2012-10-01,208.4955,,196.682055,,143.298641,,,135.715049,,
2012-10-02,208.5245,,196.205473,,143.434476,,,135.495686,,
2012-10-03,208.6763,,196.576522,,143.775393,,,135.975595,,
2012-10-04,208.8832,,195.079928,,144.305034,,,135.303317,,
2012-10-05,207.8092,,193.841621,,144.191731,,,135.033183,,
2012-10-08,208.0402,,195.028263,,143.988925,,,135.518089,,
2012-10-09,206.8822,,195.220758,,143.068825,,,135.539465,,
2012-10-10,206.3011,,194.841798,,142.613833,,,135.225976,,
2012-10-11,207.0655,,194.736206,,142.734159,,,134.767375,,
2012-10-12,206.6507,,193.941023,,142.497914,,,134.263881,,
2012-10-15,207.194,,194.522988,,143.235168,,,135.008561,,
2012-10-16,207.6996,,193.445503,,144.017588,,,134.665516,,
2012-10-17,207.8031,,192.569676,,144.229395,,,134.186105,,
2012-10-18,207.0431,,192.634825,,143.988495,,,134.499206,,
2012-10-19,205.8033,,192.137131,,142.61773,,,133.675056,,
2012-10-22,205.3219,,191.148974,,142.55058,,,133.236609,,
2012-10-23,204.2073,,191.182997,,141.494769,,,132.995294,,
2012-10-24,203.0275,,190.252796,,141.213711,,,132.852868,,
2012-10-25,203.3147,,191.122987,,141.339762,,,133.390957,,
2012-10-26,204.2659,,191.899924,,141.442246,,,133.406185,,
2012-10-31,204.7585,,192.096984,,141.516309,,,133.291664,,
2012-11-01,205.3437,,192.891608,,142.33593,,,134.234572,,
2012-11-02,203.654,,192.849624,,141.61299,,,134.631546,,
2012-11-05,204.4786,,194.282717,,141.884847,,,135.344374,,
2012-11-06,205.3155,,194.794717,,142.385616,,,135.624903,,
2012-11-07,203.8442,,194.04848,,140.582411,,,134.357143,,
2012-11-08,203.5068,,194.090525,,139.642683,,,133.709259,,
2012-11-09,203.6427,,194.715063,,139.690698,,,134.096079,,
2012-11-12,203.8212,,194.988488,,139.730514,,,134.20502,,
2012-11-13,203.5888,,194.830552,,139.539768,,,134.066126,,
2012-11-14,202.1421,,192.973664,,138.426364,,,132.671601,,
2012-11-15,201.7607,,191.917829,,138.236005,,,132.013337,,
2012-11-16,202.2203,,192.933176,,138.662305,,,132.818468,,
2012-11-19,204.4599,,194.002642,,140.388894,,,133.736558,,
2012-11-20,203.6675,,193.18292,,140.324921,,,133.628683,,
2012-11-21,203.8919,,193.213362,,140.383458,,,133.558338,,
2012-11-23,205.6535,,192.666042,,141.557098,,,133.143083,,
2012-11-26,205.5479,,192.641338,,141.403582,,,133.049958,,
2012-11-27,205.0494,,192.609201,,141.041578,,,133.009779,,
2012-11-28,205.5147,,192.937447,,141.7387,,,133.591851,,
2012-11-29,206.0985,,193.065086,,142.20274,,,133.737981,,
2012-11-30,205.7253,,192.602696,,142.188357,,,133.646189,,
2012-12-03,205.2401,,191.166511,,141.776075,,,132.577686,,
2012-12-04,205.1619,,190.463276,,141.698344,,,132.067878,,
2012-12-05,205.3765,,191.085667,,141.895429,,,132.545094,,
2012-12-06,205.9557,,193.059251,,142.178743,,,133.804081,,
2012-12-07,205.8323,,193.571942,,142.386654,,,134.436146,,
2012-12-10,206.2496,,193.766529,,142.439631,,,134.34898,,
2012-12-11,206.438,,192.969752,,142.996989,,,134.197485,,
2012-12-12,205.7729,,191.346116,,142.878488,,,133.38783,,
2012-12-13,204.8484,,190.445646,,142.257337,,,132.779501,,
2012-12-14,204.9162,,189.282644,,142.042044,,,131.725331,,
2012-12-17,205.1933,,189.521323,,142.915024,,,132.522823,,
2012-12-18,205.4869,,188.85414,,143.735732,,,132.624879,,
2012-12-19,204.8302,,188.264828,,143.192729,,,132.13384,,
2012-12-20,205.1648,,188.32889,,143.6848,,,132.416716,,
2012-12-21,204.9887,,188.987754,,142.959554,,,132.322841,,
2012-12-24,204.4887,,188.672726,,142.701622,,,132.186349,,
2012-12-26,204.2877,,187.817321,,142.411871,,,131.449066,,
2012-12-27,204.4233,,187.765912,,142.327508,,,131.248119,,
2012-12-28,203.3932,,187.072749,,141.495259,,,130.657359,,
2012-12-31,204.435,,188.500147,,142.838472,,,132.226812,,
2013-01-02,206.4575,,190.362114,,144.96683,,,134.195015,,
2013-01-03,205.004,,191.002209,,144.627199,,,135.283216,,
2013-01-04,205.7028,,191.365828,,145.063761,,,135.488055,,
2013-01-07,205.1752,,190.176459,,144.800623,,,134.747343,,
2013-01-08,205.4523,,190.948676,,144.598317,,,134.923243,,
2013-01-09,205.5804,,191.317841,,144.786193,,,135.275392,,
2013-01-10,206.4785,,189.204777,,145.470028,,,133.828518,,
2013-01-11,206.9441,,188.555549,,145.523562,,,133.118211,,
2013-01-14,206.7369,,187.827604,,145.509342,,,132.724221,,
2013-01-15,207.3795,,189.483388,,145.584568,,,133.548357,,
2013-01-16,207.4621,,189.801366,,145.607664,,,133.740421,,
2013-01-17,207.572,,188.655405,,146.048248,,,133.264576,,
2013-01-18,208.0267,,189.980498,,146.311471,,,134.148619,,
2013-01-22,208.4987,,190.274334,,146.751521,,,134.455124,,
2013-01-23,208.4141,,190.254256,,146.954632,,,134.681657,,
2013-01-24,208.1975,,189.228145,,146.900099,,,134.044871,,
2013-01-25,207.9947,,187.904522,,147.252849,,,133.55697,,
2013-01-28,207.8137,,187.771703,,147.056427,,,133.400626,,
2013-01-29,207.9545,,187.386403,,147.366622,,,133.317379,,
2013-01-30,207.855,,186.261307,,146.995126,,,132.246137,,
2013-01-31,207.8239,,186.090782,,146.834135,,,132.000108,,
2013-02-01,207.8731,,185.287342,,147.60924,,,132.092723,,
2013-02-04,207.8319,,186.96966,,146.789816,,,132.578391,,
2013-02-05,208.0008,,186.169652,,147.551103,,,132.588003,,
2013-02-06,208.285,,187.267801,,147.718745,,,133.339436,,
2013-02-07,208.1145,,188.840698,,147.623619,,,134.482877,,
2013-02-08,208.4665,,189.655545,,148.135416,,,135.302574,,
2013-02-11,208.2613,,188.882266,,148.050959,,,134.806776,,
2013-02-12,208.2789,,188.218617,,148.19095,,,134.448782,,
2013-02-13,208.0419,,188.015625,,148.202407,,,134.467173,,
2013-02-14,208.3552,,189.569893,,148.392855,,,135.54887,,
2013-02-15,207.9351,,189.170681,,148.297324,,,135.449443,,
2013-02-19,208.1069,,188.96497,,148.891785,,,135.732375,,
2013-02-20,207.3698,,189.79548,,147.819707,,,135.828398,,
2013-02-21,207.3342,,191.111039,,147.310724,,,136.322355,,
2013-02-22,208.4226,,192.144869,,148.209616,,,137.176037,,
2013-02-25,207.9904,,193.615481,,146.742957,,,137.142462,,
2013-02-26,208.6856,,194.213558,,147.331824,,,137.658019,,
2013-02-27,209.5193,,193.877795,,148.455587,,,137.917213,,
2013-02-28,209.2011,,194.776808,,148.332323,,,138.652264,,
2013-03-01,209.8326,,195.919933,,148.652036,,,139.34597,,
2013-03-04,209.7735,,195.794076,,149.079164,,,139.695932,,
2013-03-05,210.4807,,196.080807,,149.837272,,,140.139495,,
2013-03-06,210.1615,,197.056393,,149.88436,,,141.094984,,
2013-03-07,209.778,,194.55552,,149.935526,,,139.606633,,
2013-03-08,209.5202,,195.932218,,150.13594,,,140.955658,,
2013-03-11,209.927,,195.632448,,150.519337,,,140.825977,,
2013-03-12,210.482,,196.339292,,150.417762,,,140.867001,,
2013-03-13,210.3845,,197.335499,,150.494743,,,141.719854,,
2013-03-14,210.9209,,197.181409,,151.04858,,,141.768872,,
2013-03-15,211.165,,196.34816,,150.979393,,,140.94201,,
2013-03-18,211.3441,,198.30137,,150.530754,,,141.800809,,
2013-03-19,211.4972,,199.595762,,150.412492,,,142.511033,,
2013-03-20,211.278,,198.579595,,150.980371,,,142.468457,,
2013-03-21,211.2394,,199.102085,,150.213153,,,142.143411,,
2013-03-22,212.0701,,198.484696,,150.963257,,,141.852414,,
2013-03-25,211.4671,,200.026974,,150.559101,,,142.978474,,
2013-03-26,212.3671,,200.747082,,151.355509,,,143.640903,,
2013-03-27,213.1649,,202.798999,,151.482299,,,144.687125,,
2013-03-28,212.9107,,201.947139,,151.760203,,,144.516024,,
2013-04-01,213.0293,,201.545433,,151.450488,,,143.854081,,
2013-04-02,212.7107,,201.710225,,151.84101,,,144.559137,,
2013-04-03,211.7349,,200.344198,,150.977229,,,143.421301,,
2013-04-04,212.8017,,200.002439,,151.517324,,,142.968506,,
2013-04-05,214.32,,200.466998,,151.287626,,,142.069706,,
2013-04-08,214.3798,,200.359528,,151.795798,,,142.430755,,
2013-04-09,214.9063,,199.701696,,152.134569,,,141.931373,,
2013-04-10,214.6812,,199.678728,,153.127855,,,142.991386,,
2013-04-11,215.2588,,199.748323,,153.434201,,,142.942803,,
2013-04-12,214.4143,,198.862974,,153.408616,,,142.845914,,
2013-04-15,209.7211,,195.566494,,151.298016,,,141.645716,,
2013-04-16,210.9504,,194.637607,,152.644031,,,141.398277,,
2013-04-17,209.8527,,195.746268,,151.305882,,,141.694381,,
2013-04-18,209.7887,,195.436149,,150.724291,,,140.969105,,
2013-04-19,210.3558,,195.922414,,151.521128,,,141.683969,,
2013-04-22,211.1148,,196.436702,,151.996064,,,141.988832,,
2013-04-23,211.8214,,198.044571,,152.91186,,,143.533133,,
2013-04-24,212.3593,,198.350703,,152.962399,,,143.438268,,
2013-04-25,212.7938,,198.842092,,153.30328,,,143.819803,,
2013-04-26,213.023,,198.778192,,153.270081,,,143.587791,,
2013-04-29,213.6803,,198.313836,,153.923271,,,143.420325,,
2013-04-30,214.0067,,197.601535,,154.133897,,,142.882484,,
2013-05-01,213.4431,,196.877778,,153.349847,,,142.008982,,
2013-05-02,214.4035,,199.510493,,154.212563,,,144.069323,,
2013-05-03,214.3366,,198.69541,,154.920328,,,144.18424,,
2013-05-06,214.5175,,199.444069,,155.055486,,,144.731619,,
2013-05-07,214.719,,199.588671,,155.500261,,,145.115707,,
2013-05-08,215.4467,,199.138358,,155.975137,,,144.739923,,
2013-05-09,214.9088,,200.318017,,155.626735,,,145.63572,,
2013-05-10,214.3572,,200.597484,,155.807854,,,146.384347,,
2013-05-13,213.8775,,200.386121,,155.822883,,,146.572219,,
2013-05-14,214.3782,,201.73209,,156.646495,,,147.990193,,
2013-05-15,214.8827,,202.729376,,157.244218,,,148.938785,,
2013-05-16,214.9623,,202.869023,,156.974182,,,148.730334,,
2013-05-17,215.0029,,203.653542,,157.728002,,,149.994157,,
2013-05-20,215.8001,,203.645462,,157.663215,,,149.372744,,
2013-05-21,216.1885,,203.659451,,157.847988,,,149.289381,,
2013-05-22,213.9873,,202.322679,,156.935819,,,148.969217,,
2013-05-23,214.3932,,201.524701,,156.633003,,,147.814977,,
2013-05-24,214.1453,,201.277675,,156.554472,,,147.730587,,
2013-05-28,213.136,,201.561677,,156.732859,,,148.808965,,
2013-05-29,213.4195,,200.511774,,156.212614,,,147.346481,,
2013-05-30,213.8055,,199.199513,,156.537283,,,146.421576,,
2013-05-31,211.3252,,197.69011,,155.069363,,,145.638951,,
2013-06-03,212.8007,,197.844877,,155.617222,,,145.253732,,
2013-06-04,211.3363,,196.418805,,155.027795,,,144.65599,,
2013-06-05,210.9803,,195.939635,,153.694165,,,143.303124,,
2013-06-06,211.4981,,194.120491,,154.682321,,,142.535643,,
2013-06-07,211.4649,,194.568898,,155.677227,,,143.806363,,
2013-06-10,211.3017,,193.773452,,155.545349,,,143.207645,,
2013-06-11,211.0654,,192.729532,,154.585669,,,141.715822,,
2013-06-12,210.361,,191.75506,,153.722491,,,140.681473,,
2013-06-13,211.427,,192.182076,,155.421184,,,141.83406,,
2013-06-14,211.09,,192.333054,,154.852384,,,141.651785,,
2013-06-17,211.3016,,192.184484,,155.527034,,,142.016666,,
2013-06-18,211.5561,,192.04527,,156.236956,,,142.390075,,
2013-06-19,210.7342,,192.700661,,154.521472,,,141.858351,,
2013-06-20,208.5498,,191.790911,,151.814255,,,140.167939,,
2013-06-21,208.3144,,193.02878,,151.774833,,,141.195361,,
2013-06-24,207.8301,,192.604974,,150.376976,,,139.91307,,
2013-06-25,208.0447,,193.418695,,151.311137,,,141.231175,,
2013-06-26,208.3056,,194.624224,,152.466745,,,143.017428,,
2013-06-27,208.5393,,194.434629,,153.265181,,,143.465374,,
2013-06-28,208.6062,,194.926054,,152.886925,,,143.426999,,
2013-07-01,208.9653,,194.47535,,153.513288,,,143.434706,,
2013-07-02,208.8878,,195.665933,,153.427653,,,144.285826,,
2013-07-03,208.8765,,195.184628,,153.38009,,,143.894073,,
2013-07-05,208.5446,,197.610061,,153.70521,,,146.2233,,
2013-07-08,209.0279,,197.469292,,154.545309,,,146.578079,,
2013-07-09,209.7798,,199.542596,,155.283744,,,148.291354,,
2013-07-10,209.5259,,196.357445,,155.151635,,,145.976821,,
2013-07-11,210.7283,,195.621913,,156.838928,,,146.172741,,
2013-07-12,210.792,,196.116832,,156.798289,,,146.460311,,
2013-07-15,211.1582,,196.534245,,157.291204,,,146.978093,,
2013-07-16,211.0124,,194.882655,,157.041588,,,145.612204,,
2013-07-17,211.1568,,195.588072,,157.415195,,,146.386772,,
2013-07-18,211.3344,,195.990009,,157.817719,,,146.939104,,
2013-07-19,212.3112,,196.498659,,158.154905,,,146.955972,,
2013-07-22,212.8559,,196.23193,,158.413215,,,146.620022,,
2013-07-23,212.6329,,195.479354,,158.183136,,,145.998536,,
2013-07-24,211.16,,194.467921,,157.629869,,,145.744683,,
2013-07-25,211.6731,,193.809954,,157.886711,,,145.135574,,
2013-07-26,211.9389,,194.057708,,157.967964,,,145.213546,,
2013-07-29,211.1924,,193.847226,,157.680686,,,145.304041,,
2013-07-30,211.1396,,193.547419,,157.655373,,,145.092296,,
2013-07-31,211.3647,,193.178399,,157.760699,,,144.758081,,
2013-08-01,211.3267,,194.509458,,158.500441,,,146.46529,,
2013-08-02,212.2249,,194.274219,,158.873853,,,146.012202,,
2013-08-05,211.4635,,193.902815,,158.768504,,,146.160809,,
2013-08-06,210.6721,,192.474489,,158.163223,,,145.073986,,
2013-08-07,210.713,,192.083128,,157.940532,,,144.547096,,
2013-08-08,211.8057,,192.444289,,158.368271,,,144.461941,,
2013-08-09,211.5498,,192.7939,,158.13779,,,144.68857,,
2013-08-12,211.1607,,193.010815,,157.983416,,,144.97661,,
2013-08-13,210.5115,,192.976018,,158.01013,,,145.422074,,
2013-08-14,210.1064,,192.719465,,157.443076,,,144.986562,,
2013-08-15,208.1086,,189.566848,,155.900158,,,142.572841,,
2013-08-16,207.5761,,189.362724,,155.414182,,,142.33958,,
2013-08-19,206.192,,187.991448,,154.623155,,,141.533322,,
2013-08-20,207.2447,,187.779549,,155.265415,,,141.239924,,
2013-08-21,206.0921,,187.597882,,154.453286,,,141.150242,,
2013-08-22,207.7673,,189.124169,,155.373675,,,141.99242,,
2013-08-23,208.9394,,189.901029,,155.900346,,,142.256442,,
2013-08-26,208.8687,,189.931909,,155.659071,,,142.107464,,
2013-08-27,208.1109,,188.926269,,154.328982,,,140.657502,,
2013-08-28,208.3461,,189.885627,,154.538639,,,141.403998,,
2013-08-29,208.4774,,191.414461,,154.803898,,,142.69723,,
2013-08-30,208.1529,,191.401292,,154.406784,,,142.543253,,
2013-09-03,208.2639,,192.23764,,154.681503,,,143.34439,,
2013-09-04,208.6159,,192.043461,,155.36009,,,143.585132,,
2013-09-05,208.1994,,192.92516,,155.058985,,,144.252789,,
2013-09-06,208.541,,192.405764,,155.336289,,,143.885635,,
2013-09-09,209.072,,191.767771,,156.354031,,,143.981507,,
2013-09-10,209.1303,,191.627509,,156.936474,,,144.3719,,
2013-09-11,209.5769,,191.423541,,157.442304,,,144.374754,,
2013-09-12,209.1186,,191.158612,,157.114639,,,144.1902,,
2013-09-13,209.372,,191.394567,,157.424531,,,144.47786,,
2013-09-16,209.3559,,190.883228,,158.096219,,,144.717795,,
2013-09-17,209.9432,,191.080502,,158.580721,,,144.904821,,
2013-09-18,212.5044,,191.060026,,160.218275,,,144.621161,,
2013-09-19,212.0524,,190.542314,,159.981412,,,144.323036,,
2013-09-20,211.1055,,189.734939,,159.307636,,,143.748143,,
2013-09-23,210.7766,,189.908264,,158.911449,,,143.745595,,
2013-09-24,211.0271,,190.409141,,158.841158,,,143.889961,,
2013-09-25,210.9291,,189.587609,,158.646212,,,143.159787,,
2013-09-26,210.9216,,190.102308,,159.00906,,,143.881875,,
2013-09-27,210.6743,,189.428615,,158.602322,,,143.173108,,
2013-09-30,209.7466,,188.528934,,158.039945,,,142.615864,,
2013-10-01,209.9723,,188.72343,,158.74071,,,143.241884,,
2013-10-02,210.4586,,188.408327,,158.74148,,,142.672979,,
2013-10-03,209.3135,,186.853459,,157.901313,,,141.516648,,
2013-10-04,210.1422,,188.495687,,158.568092,,,142.797903,,
2013-10-07,209.5128,,187.547811,,157.739639,,,141.76211,,
2013-10-08,208.0478,,186.340677,,156.601885,,,140.818403,,
2013-10-09,207.4534,,186.489772,,156.63075,,,141.360924,,
2013-10-10,209.5207,,188.405286,,158.723931,,,143.293485,,
2013-10-11,210.1951,,188.74228,,159.358636,,,143.661402,,
2013-10-14,210.4971,,188.705427,,159.623973,,,143.666092,,
2013-10-15,209.9031,,188.677973,,158.892822,,,143.391865,,
2013-10-16,211.9035,,190.35224,,160.508013,,,144.755298,,
2013-10-17,213.3254,,189.645284,,161.327945,,,143.988221,,
2013-10-18,214.2505,,190.352161,,162.084176,,,144.575423,,
2013-10-21,214.0448,,190.229185,,162.031011,,,144.573433,,
2013-10-22,215.5609,,190.155894,,162.824732,,,144.204251,,
2013-10-23,214.7511,,189.508914,,162.34327,,,143.828987,,
2013-10-24,215.1848,,189.557278,,162.63685,,,143.835377,,
2013-10-25,216.0614,,190.311552,,163.113195,,,144.243067,,
2013-10-28,216.1924,,190.665929,,163.230952,,,144.528359,,
2013-10-29,216.9258,,191.859723,,163.834103,,,145.477156,,
2013-10-30,215.9633,,191.146113,,163.222882,,,145.038882,,
2013-10-31,215.2995,,192.695208,,162.955064,,,146.424464,,
2013-11-01,214.8192,,193.590792,,163.035153,,,147.50636,,
2013-11-04,215.6147,,193.968349,,163.434083,,,147.609061,,
2013-11-05,214.5187,,193.542364,,162.933119,,,147.583615,,
2013-11-06,215.2829,,193.666993,,163.540712,,,147.70318,,
2013-11-07,213.642,,193.548584,,162.352518,,,147.665921,,
2013-11-08,214.1487,,194.763798,,163.257385,,,149.067688,,
2013-11-11,214.0728,,194.128377,,163.234466,,,148.613165,,
2013-11-12,213.5499,,193.236187,,163.017764,,,148.095515,,
2013-11-13,214.9486,,193.759111,,163.967048,,,148.389092,,
2013-11-14,216.2124,,195.316865,,164.661914,,,149.337953,,
2013-11-15,216.9616,,195.453384,,165.10448,,,149.326561,,
2013-11-18,216.2188,,194.628459,,164.893677,,,149.016644,,
2013-11-19,215.8101,,193.798519,,164.499455,,,148.306791,,
2013-11-20,214.0877,,193.640674,,164.007323,,,148.931306,,
2013-11-21,215.3406,,194.181579,,164.864212,,,149.254141,,
2013-11-22,216.4425,,194.114058,,165.45322,,,148.972999,,
2013-11-25,216.2412,,194.491654,,165.410337,,,149.363012,,
2013-11-26,216.3128,,193.76046,,165.455244,,,148.79261,,
2013-11-27,216.2262,,193.580195,,165.720836,,,148.952435,,
2013-11-29,216.3868,,193.54154,,165.685743,,,148.780651,,
2013-12-02,215.139,,193.144507,,165.17126,,,148.872878,,
2013-12-03,215.0375,,192.372908,,164.828941,,,148.040677,,
2013-12-04,214.8653,,192.16795,,164.646816,,,147.837938,,
2013-12-05,213.8635,,190.240508,,164.068744,,,146.52444,,
2013-12-06,215.3701,,191.082945,,165.275859,,,147.218988,,
2013-12-09,216.0324,,191.151606,,165.60748,,,147.11498,,
2013-12-10,216.2071,,191.010067,,165.358993,,,146.666867,,
2013-12-11,214.0057,,188.718252,,164.133525,,,145.312759,,
2013-12-12,213.1651,,188.429393,,163.715124,,,145.291175,,
2013-12-13,213.3714,,188.754489,,163.736343,,,145.419972,,
2013-12-16,214.2429,,189.270651,,164.397614,,,145.810983,,
2013-12-17,213.6825,,188.686446,,164.196541,,,145.563886,,
2013-12-18,215.5653,,191.476923,,165.851178,,,147.901996,,
2013-12-19,215.029,,191.33747,,165.620604,,,147.956907,,
2013-12-20,216.5909,,192.656777,,166.314402,,,148.522356,,
2013-12-23,216.8808,,192.513203,,166.809462,,,148.654473,,
2013-12-24,217.057,,192.96407,,166.928877,,,148.988248,,
2013-12-26,217.8804,,193.476777,,167.408183,,,149.246876,,
2013-12-27,217.9617,,192.7619,,167.428219,,,148.657751,,
2013-12-30,217.6621,,191.770114,,167.470443,,,148.133801,,
2013-12-31,218.4065,,192.71227,,167.888237,,,148.724311,,
2014-01-02,217.3757,,193.298281,,166.967926,,,149.062341,,
2014-01-03,217.3548,,194.450261,,166.974292,,,149.97083,,
2014-01-06,217.1905,,193.755761,,166.77178,,,149.366859,,
2014-01-07,217.8722,,194.538065,,167.416282,,,150.078457,,
2014-01-08,217.3887,,194.678288,,167.240719,,,150.362821,,
2014-01-09,217.6695,,194.469912,,167.397584,,,150.148816,,
2014-01-10,218.5889,,194.436835,,168.007142,,,150.036205,,
2014-01-13,217.1792,,193.129197,,166.728217,,,148.852694,,
2014-01-14,217.9764,,193.727585,,167.7212,,,149.653831,,
2014-01-15,218.3871,,195.149751,,168.21022,,,150.907661,,
2014-01-16,218.7119,,195.22761,,168.233483,,,150.76452,,
2014-01-17,218.6753,,196.393243,,167.842437,,,151.337472,,
2014-01-21,218.9651,,196.295331,,168.167653,,,151.354529,,
2014-01-22,218.7627,,196.315107,,168.086316,,,151.436545,,
2014-01-23,218.9122,,194.319203,,167.43844,,,149.217174,,
2014-01-24,217.4126,,193.331094,,165.437806,,,147.696311,,
2014-01-27,216.2787,,192.297471,,164.81065,,,147.117041,,
2014-01-28,216.6716,,192.682036,,165.515083,,,147.772867,,
2014-01-29,217.011,,193.086964,,164.753449,,,147.171464,,
2014-01-30,217.153,,194.762757,,165.812211,,,149.305043,,
2014-01-31,217.5312,,196.056592,,165.357379,,,149.624035,,
2014-02-03,216.4636,,194.533371,,163.342173,,,147.375555,,
2014-02-04,216.6106,,194.803723,,163.870591,,,147.95732,,
2014-02-05,216.2854,,194.297101,,163.582353,,,147.534454,,
2014-02-06,216.4744,,193.654086,,164.853086,,,148.059094,,
2014-02-07,217.6174,,194.065395,,166.184709,,,148.786467,,
2014-02-10,217.9888,,194.234174,,166.431231,,,148.882678,,
2014-02-11,219.0661,,195.278522,,167.391572,,,149.806542,,
2014-02-12,218.6432,,195.548209,,167.333724,,,150.251644,,
2014-02-13,219.7389,,195.289733,,167.993349,,,149.893375,,
2014-02-14,220.9289,,196.176666,,168.552191,,,150.261288,,
2014-02-18,221.2776,,195.535116,,168.712096,,,149.675742,,
2014-02-19,220.8484,,195.508278,,167.992635,,,149.306606,,
2014-02-20,221.4435,,196.242302,,168.55018,,,149.960473,,
2014-02-21,221.4226,,195.963796,,168.496691,,,149.714258,,
2014-02-24,222.5222,,196.965644,,168.999344,,,150.182747,,
2014-02-25,222.9009,,197.158736,,169.145323,,,150.204203,,
2014-02-26,222.977,,198.063296,,169.294088,,,150.974505,,
2014-02-27,223.7641,,198.420305,,169.895341,,,151.249888,,
2014-02-28,224.2284,,197.541004,,170.108867,,,150.456681,,
2014-03-03,224.8431,,199.021439,,169.568272,,,150.689426,,
2014-03-04,224.6563,,198.734545,,170.749701,,,151.646574,,
2014-03-05,224.5431,,198.774706,,170.880096,,,151.869574,,
2014-03-06,224.6228,,197.018978,,170.964508,,,150.549069,,
2014-03-07,224.2895,,196.470071,,170.816588,,,150.22264,,
2014-03-10,224.3754,,196.579311,,170.762696,,,150.201219,,
2014-03-11,224.0539,,196.528497,,170.248362,,,149.924931,,
2014-03-12,224.885,,196.655884,,170.427674,,,149.625102,,
2014-03-13,224.7218,,197.017682,,169.458076,,,149.155805,,
2014-03-14,224.9984,,196.708356,,169.137223,,,148.456926,,
2014-03-17,224.7953,,196.30351,,170.019828,,,149.059032,,
2014-03-18,225.3459,,196.616259,,170.831703,,,149.642903,,
2014-03-19,223.7714,,196.666663,,169.980129,,,149.983061,,
2014-03-20,224.1555,,197.78637,,170.530385,,,151.065962,,
2014-03-21,224.6527,,198.101428,,170.229018,,,150.704925,,
2014-03-24,224.1685,,196.930244,,169.910677,,,149.856778,,
2014-03-25,224.575,,197.462859,,170.326994,,,150.357599,,
2014-03-26,224.1352,,197.754105,,169.805211,,,150.412643,,
2014-03-27,224.1168,,198.291924,,169.641434,,,150.688613,,
2014-03-28,224.4717,,198.436959,,170.037617,,,150.912031,,
2014-03-31,224.6068,,198.318444,,170.879947,,,151.477871,,
2014-04-01,224.6311,,198.004825,,171.454658,,,151.730562,,
2014-04-02,225.0052,,198.694747,,171.690005,,,152.214748,,
2014-04-03,225.1666,,199.52279,,171.600755,,,152.660128,,
2014-04-04,224.76,,199.415407,,170.600041,,,151.962597,,
2014-04-07,223.6584,,197.871944,,169.577511,,,150.62087,,
2014-04-08,224.4833,,197.801401,,170.072077,,,150.451398,,
2014-04-09,225.2586,,197.656504,,171.181192,,,150.800806,,
2014-04-10,224.1058,,196.207366,,169.175778,,,148.702504,,
2014-04-11,223.8372,,195.994787,,168.322648,,,147.969668,,
2014-04-14,224.972,,197.929317,,169.144052,,,149.401953,,
2014-04-15,225.8267,,198.735931,,169.849932,,,150.066713,,
2014-04-16,226.9612,,199.729996,,170.955362,,,151.040109,,
2014-04-17,226.4233,,199.278272,,170.875678,,,150.986102,,
2014-04-21,226.5878,,199.719454,,171.234822,,,151.528325,,
2014-04-22,227.0938,,199.98566,,171.683866,,,151.789228,,
2014-04-23,227.3254,,200.024436,,171.512401,,,151.512515,,
2014-04-24,227.9417,,200.349208,,171.784645,,,151.588438,,
2014-04-25,227.2925,,199.743935,,170.957531,,,150.832393,,
2014-04-28,227.132,,199.357903,,171.238613,,,150.894955,,
2014-04-29,227.4856,,200.232062,,171.739474,,,151.763636,,
2014-04-30,227.8363,,199.766949,,172.193615,,,151.577817,,
2014-05-01,228.3306,,200.146942,,172.298821,,,151.629965,,
2014-05-02,228.8211,,200.527738,,172.237289,,,151.538665,,
2014-05-05,229.0194,,200.681266,,172.406817,,,151.672512,,
2014-05-06,228.462,,199.419525,,171.560949,,,150.345361,,
2014-05-07,228.3591,,199.584783,,172.165181,,,151.067942,,
2014-05-08,227.6086,,199.940786,,172.101417,,,151.780179,,
2014-05-09,227.3678,,200.867167,,172.188142,,,152.721831,,
2014-05-12,228.2595,,201.712103,,173.134621,,,153.604841,,
2014-05-13,228.9342,,203.112983,,173.345791,,,154.403876,,
2014-05-14,229.3141,,203.276467,,173.050928,,,154.009731,,
2014-05-15,228.3541,,202.508161,,172.289518,,,153.394737,,
2014-05-16,228.2169,,202.609663,,172.569774,,,153.813682,,
2014-05-19,228.1577,,202.335466,,172.922909,,,153.959788,,
2014-05-20,227.5061,,201.866582,,172.301726,,,153.48958,,
2014-05-21,228.0946,,202.607615,,173.144265,,,154.40692,,
2014-05-22,228.3006,,203.250965,,173.365669,,,154.955341,,
2014-05-23,228.8642,,204.145906,,173.849573,,,155.687708,,
2014-05-27,228.9935,,204.184835,,174.553687,,,156.259793,,
2014-05-28,229.5411,,205.329721,,174.677478,,,156.872262,,
2014-05-29,229.8978,,205.482483,,175.172315,,,157.189433,,
2014-05-30,229.9,,205.038242,,175.410371,,,157.061251,,
2014-06-02,229.3253,,205.049175,,175.317495,,,157.379877,,
2014-06-03,228.7201,,204.045815,,175.074048,,,156.806124,,
2014-06-04,228.7452,,204.500402,,175.261699,,,157.30665,,
2014-06-05,229.5259,,204.271515,,176.036255,,,157.288192,,
2014-06-06,229.8544,,204.848797,,176.508476,,,157.929787,,
2014-06-09,230.0301,,205.726272,,176.551504,,,158.523772,,
2014-06-10,229.7598,,206.179211,,176.455332,,,158.973048,,
2014-06-11,229.8045,,206.469266,,176.136742,,,158.878354,,
2014-06-12,230.3097,,206.623868,,175.525327,,,158.09784,,
2014-06-13,230.7888,,207.208139,,175.828979,,,158.489473,,
2014-06-16,231.1063,,206.996368,,175.879688,,,158.155578,,
2014-06-17,230.557,,206.905284,,176.03778,,,158.605061,,
2014-06-18,231.5812,,207.086068,,177.003897,,,158.908928,,
2014-06-19,232.2919,,207.544508,,177.023361,,,158.790914,,
2014-06-20,233.2305,,208.522571,,177.35546,,,159.195277,,
2014-06-23,233.0244,,208.238761,,177.26474,,,159.037822,,
2014-06-24,232.7751,,207.989987,,176.747232,,,158.553712,,
2014-06-25,233.3253,,208.132824,,177.319209,,,158.800702,,
2014-06-26,233.5936,,208.655392,,177.382842,,,159.073621,,
2014-06-27,233.6154,,208.098432,,177.589812,,,158.819299,,
2014-06-30,234.0332,,207.802173,,177.545571,,,158.270635,,
2014-07-01,233.9675,,207.939753,,178.161647,,,158.969605,,
2014-07-02,233.254,,207.607655,,178.027156,,,159.081034,,
2014-07-03,233.4002,,208.487235,,178.505737,,,160.084142,,
2014-07-07,233.4323,,208.598675,,178.153175,,,159.83138,,
2014-07-08,233.6178,,208.654012,,177.610393,,,159.260133,,
2014-07-09,234.3563,,208.856347,,178.153864,,,159.398482,,
2014-07-10,234.0791,,209.110571,,177.755901,,,159.424574,,
2014-07-11,234.3993,,209.415082,,178.003107,,,159.660365,,
2014-07-14,233.8884,,208.785258,,178.478507,,,159.953946,,
2014-07-15,233.188,,208.942484,,178.187319,,,160.293251,,
2014-07-16,234.2232,,210.554424,,178.643704,,,161.22785,,
2014-07-17,234.6801,,210.943316,,177.640396,,,160.305759,,
2014-07-18,234.8683,,211.149949,,178.646668,,,161.242448,,
2014-07-21,235.222,,211.460111,,178.474805,,,161.081372,,
2014-07-22,235.6253,,212.731915,,179.059704,,,162.302975,,
2014-07-23,235.9911,,213.11282,,179.308136,,,162.566792,,
2014-07-24,234.9645,,212.165256,,179.087449,,,162.351032,,
2014-07-25,235.8495,,213.494014,,178.72823,,,162.428332,,
2014-07-28,235.6422,,213.153998,,178.777304,,,162.356875,,
2014-07-29,235.304,,213.343346,,178.391951,,,162.383888,,
2014-07-30,234.2094,,212.534773,,178.149124,,,162.303264,,
2014-07-31,231.7416,,210.402148,,175.948389,,,160.379683,,
2014-08-01,232.4559,,210.456559,,175.898649,,,159.882998,,
2014-08-04,232.8772,,210.938525,,176.640155,,,160.63355,,
2014-08-05,232.1646,,211.00997,,175.614761,,,160.245514,,
2014-08-06,233.0289,,211.698972,,175.657419,,,160.211376,,
2014-08-07,233.3388,,212.297794,,175.220851,,,160.052402,,
2014-08-08,234.3217,,212.446386,,176.462334,,,160.622634,,
2014-08-11,234.1475,,212.680218,,176.780387,,,161.209094,,
2014-08-12,233.3557,,212.205178,,176.596546,,,161.226956,,
2014-08-13,234.0885,,212.949611,,177.459579,,,162.074282,,
2014-08-14,234.6394,,213.437986,,177.998376,,,162.556635,,
2014-08-15,235.274,,213.481728,,178.151168,,,162.290589,,
2014-08-18,234.9995,,213.791143,,178.896364,,,163.396282,,
2014-08-19,235.3458,,214.805431,,179.355949,,,164.351049,,
2014-08-20,235.4355,,215.866185,,179.575164,,,165.301512,,
2014-08-21,235.5791,,215.648172,,180.006839,,,165.430627,,
2014-08-22,235.724,,216.453936,,179.8317,,,165.785225,,
2014-08-25,236.4114,,217.866799,,180.431453,,,166.937064,,
2014-08-26,236.7199,,218.557004,,180.513601,,,167.323822,,
2014-08-27,237.1919,,218.574477,,180.55943,,,167.046606,,
2014-08-28,237.8463,,219.357087,,180.647148,,,167.264689,,
2014-08-29,238.2142,,220.532893,,180.931622,,,168.165961,,
2014-09-02,236.2241,,218.67552,,180.650731,,,167.893382,,
2014-09-03,236.5617,,218.698279,,180.664958,,,167.684433,,
2014-09-04,235.1164,,220.834995,,180.420275,,,170.132859,,
2014-09-05,235.6827,,221.236991,,180.867309,,,170.454316,,
2014-09-08,234.7022,,221.280245,,180.515448,,,170.866823,,
2014-09-09,234.1067,,219.986903,,179.725325,,,169.554823,,
2014-09-10,233.899,,220.176351,,180.037816,,,170.146856,,
2014-09-11,233.4828,,219.69441,,180.089665,,,170.12604,,
2014-09-12,231.7389,,217.417404,,179.313279,,,168.898466,,
2014-09-15,232.1434,,218.204422,,179.217934,,,169.124514,,
2014-09-16,232.7052,,218.357689,,180.032913,,,169.60248,,
2014-09-17,232.0704,,219.404697,,180.094808,,,170.940611,,
2014-09-18,232.6997,,219.021974,,180.678231,,,170.732258,,
2014-09-19,233.1425,,221.009528,,180.700519,,,171.975601,,
2014-09-22,232.1988,,219.731144,,179.95626,,,170.968654,,
2014-09-23,232.3834,,219.914391,,179.399055,,,170.445911,,
2014-09-24,232.5604,,221.237473,,180.195536,,,172.101573,,
2014-09-25,231.7462,,220.957416,,178.588881,,,170.949669,,
2014-09-26,232.5358,,222.930626,,179.441419,,,172.711197,,
2014-09-29,233.1196,,223.421598,,179.322493,,,172.543665,,
2014-09-30,232.036,,223.402803,,178.990742,,,173.014183,,
2014-10-01,231.5774,,223.074332,,177.937614,,,172.08344,,
2014-10-02,230.8773,,221.581769,,177.839812,,,171.356139,,
2014-10-03,231.0695,,224.491942,,178.975839,,,174.570328,,
2014-10-06,231.5538,,222.443517,,178.922279,,,172.56398,,
2014-10-07,231.0719,,221.740526,,177.540923,,,171.046542,,
2014-10-08,232.8327,,222.301925,,179.6028,,,172.159201,,
2014-10-09,230.3232,,220.638907,,177.323683,,,170.541093,,
2014-10-10,230.1984,,221.626553,,176.158449,,,170.271066,,
2014-10-13,229.3372,,218.653706,,174.631077,,,167.155918,,
2014-10-14,229.4166,,220.379954,,174.953922,,,168.728646,,
2014-10-15,229.6338,,217.491786,,174.361007,,,165.796097,,
2014-10-16,229.9224,,218.25483,,174.219241,,,166.033829,,
2014-10-17,230.4863,,219.613214,,175.362175,,,167.75179,,
2014-10-20,231.2959,,219.718183,,176.463829,,,168.295169,,
2014-10-21,233.0198,,222.793766,,178.49272,,,171.335992,,
2014-10-22,231.648,,222.694146,,177.695637,,,171.504254,,
2014-10-23,232.2844,,223.313011,,178.76752,,,172.544248,,
2014-10-24,232.8151,,223.402749,,179.620643,,,173.041991,,
2014-10-27,232.2455,,222.348976,,179.500624,,,172.532803,,
2014-10-28,233.3658,,222.793417,,180.624454,,,173.124918,,
2014-10-29,232.9268,,224.18944,,180.299665,,,174.224208,,
2014-10-30,233.1004,,224.674928,,181.111783,,,175.257328,,
2014-10-31,233.5203,,226.760625,,182.348904,,,177.772282,,
2014-11-03,232.9164,,226.880972,,182.269756,,,178.250396,,
2014-11-04,232.2978,,225.091667,,181.901977,,,176.957767,,
2014-11-05,231.7688,,225.681736,,182.618629,,,178.527206,,
2014-11-06,232.039,,227.980873,,182.931545,,,180.444611,,
2014-11-07,234.5371,,228.962345,,183.281769,,,179.634467,,
2014-11-10,232.7166,,227.78691,,183.454979,,,180.280515,,
2014-11-11,233.7664,,227.820296,,183.597645,,,179.636803,,
2014-11-12,233.2353,,227.966077,,183.488459,,,180.053922,,
2014-11-13,233.2811,,227.31454,,183.641581,,,179.653868,,
2014-11-14,235.0653,,228.218975,,183.7332,,,179.088935,,
2014-11-17,234.646,,229.133055,,183.715174,,,180.109868,,
2014-11-18,235.6866,,228.60675,,184.418989,,,179.588153,,
2014-11-19,234.9107,,227.489335,,184.073149,,,178.964368,,
2014-11-20,235.931,,228.750729,,184.401262,,,179.497851,,
2014-11-21,237.2161,,232.805904,,185.076627,,,182.355678,,
2014-11-24,237.341,,231.915627,,185.412956,,,181.892675,,
2014-11-25,237.5421,,231.499957,,185.494148,,,181.492392,,
2014-11-26,237.5629,,230.948153,,185.84183,,,181.383273,,
2014-11-28,235.365,,229.827778,,185.83133,,,182.178642,,
2014-12-01,235.7292,,229.840035,,184.887839,,,180.983312,,
2014-12-02,235.6402,,231.350816,,185.464953,,,182.810609,,
2014-12-03,236.749,,233.808389,,185.822689,,,184.241968,,
2014-12-04,236.8281,,232.612899,,185.924231,,,183.338825,,
2014-12-05,236.1106,,233.633418,,185.788571,,,184.567981,,
2014-12-08,235.7461,,232.75744,,185.231426,,,183.608005,,
2014-12-09,236.7918,,232.652431,,185.271661,,,182.75439,,
2014-12-10,234.9907,,229.50837,,183.615555,,,180.042573,,
2014-12-11,235.5665,,230.773393,,184.150307,,,181.118387,,
2014-12-12,234.5583,,228.847053,,182.592971,,,178.853096,,
2014-12-15,232.4403,,227.234711,,181.638914,,,178.27483,,
2014-12-16,232.8612,,226.304981,,180.948781,,,176.551141,,
2014-12-17,234.3954,,230.906288,,182.986712,,,180.977305,,
2014-12-18,236.265,,233.791907,,185.508948,,,184.294694,,
2014-12-19,237.9746,,236.561895,,186.103685,,,185.732133,,
2014-12-22,237.3145,,235.925005,,186.734675,,,186.377102,,
2014-12-23,236.4268,,236.135445,,186.537654,,,187.046194,,
2014-12-24,236.6994,,235.843874,,186.629089,,,186.691553,,
2014-12-26,238.0475,,237.642863,,187.0331,,,187.455208,,
2014-12-29,238.2352,,238.352836,,187.33446,,,188.169814,,
2014-12-30,238.393,,238.36555,,186.81159,,,187.530406,,
2014-12-31,236.8938,,238.027441,,185.722957,,,187.351343,,
2015-01-02,237.9577,,241.083008,,185.86932,,,189.056858,,
2015-01-05,237.5633,,242.034846,,184.021144,,,188.227971,,
2015-01-06,237.4856,,242.838919,,183.16245,,,188.033548,,
2015-01-07,237.7331,,244.112461,,184.51921,,,190.221574,,
2015-01-08,238.0127,,245.436086,,186.367812,,,192.942135,,
2015-01-09,238.8478,,245.221862,,185.657862,,,191.367936,,
2015-01-12,238.8214,,245.358453,,184.846331,,,190.658647,,
2015-01-13,238.2663,,246.054487,,184.552592,,,191.340412,,
2015-01-14,238.4871,,245.964922,,184.064928,,,190.58873,,
2015-01-15,240.4476,,251.356079,,183.389282,,,192.468997,,
2015-01-16,241.7412,,254.269468,,184.557277,,,194.891368,,
2015-01-20,244.0315,,256.918531,,184.909774,,,195.446229,,
2015-01-21,243.8547,,255.396502,,185.341109,,,194.882776,,
2015-01-22,245.9472,,263.095788,,186.959078,,,200.787401,,
2015-01-23,246.4321,,267.390772,,186.530675,,,203.196997,,
2015-01-26,246.5048,,266.684183,,186.752111,,,202.840786,,
2015-01-27,245.0651,,261.802031,,185.238942,,,198.674315,,
2015-01-28,243.311,,262.100035,,184.127815,,,199.132718,,
2015-01-29,243.7072,,261.747544,,185.082375,,,199.570896,,
2015-01-30,244.8816,,263.990751,,183.953416,,,199.094059,,
2015-02-02,246.2058,,263.994967,,185.31678,,,199.494074,,
2015-02-03,246.7351,,261.340102,,186.644215,,,198.475791,,
2015-02-04,246.3595,,264.03169,,186.330421,,,200.488006,,
2015-02-05,247.3007,,261.998531,,187.297581,,,199.215702,,
2015-02-06,244.7916,,263.033053,,186.550623,,,201.246532,,
2015-02-09,243.8224,,261.778764,,186.045653,,,200.538715,,
2015-02-10,244.9321,,263.028261,,187.147296,,,201.770723,,
2015-02-11,244.4575,,262.178156,,187.185191,,,201.549866,,
2015-02-12,245.475,,261.76837,,188.274825,,,201.567282,,
2015-02-13,245.5368,,262.23451,,188.65622,,,202.284344,,
2015-02-17,244.3997,,260.391008,,188.522102,,,201.653365,,
2015-02-18,244.504,,260.819857,,188.752622,,,202.146192,,
2015-02-19,244.3016,,261.266481,,188.608058,,,202.50489,,
2015-02-20,245.1526,,261.943844,,189.300616,,,203.068054,,
2015-02-23,245.6434,,263.477914,,189.420174,,,203.977956,,
2015-02-24,246.8928,,264.703588,,190.071328,,,204.590705,,
2015-02-25,247.3295,,264.672282,,190.030024,,,204.160939,,
2015-02-26,246.5126,,267.638163,,189.625381,,,206.691812,,
2015-02-27,246.3181,,267.594278,,189.438578,,,206.617361,,
2015-03-02,245.9797,,267.405867,,189.76596,,,207.11324,,
2015-03-03,244.8154,,266.321143,,189.192253,,,206.627513,,
2015-03-04,244.1654,,267.983243,,188.763237,,,207.997837,,
2015-03-05,244.5101,,269.59801,,188.915802,,,209.125047,,
2015-03-06,240.5361,,269.794479,,186.82953,,,210.385692,,
2015-03-09,241.7323,,270.848809,,187.492575,,,210.908561,,
2015-03-10,239.9181,,272.666012,,185.840408,,,212.044021,,
2015-03-11,240.3019,,276.9889,,185.725307,,,214.928562,,
2015-03-12,241.5579,,276.137883,,187.20557,,,214.852989,,
2015-03-13,240.8751,,279.184917,,186.380712,,,216.879697,,
2015-03-16,243.3095,,279.9328,,188.02946,,,217.189342,,
2015-03-17,243.539,,279.408854,,187.685279,,,216.182106,,
2015-03-18,246.1413,,275.529851,,189.582854,,,213.059603,,
2015-03-19,245.2493,,279.715948,,188.801403,,,216.188485,,
2015-03-20,247.1482,,277.823481,,190.040343,,,214.474265,,
2015-03-23,246.5665,,273.862408,,189.827156,,,211.677443,,
2015-03-24,246.1443,,273.919013,,189.392123,,,211.59831,,
2015-03-25,243.7656,,270.191079,,187.588121,,,208.747753,,
2015-03-26,243.1848,,271.645068,,187.047538,,,209.76609,,
2015-03-27,244.0022,,272.495535,,187.407509,,,210.121516,,
2015-03-30,244.8418,,274.798856,,188.818273,,,212.760629,,
2015-03-31,244.1009,,276.530467,,187.956999,,,213.771594,,
2015-04-01,244.6268,,276.322865,,187.803147,,,212.977411,,
2015-04-02,244.0331,,272.695376,,188.104829,,,211.031297,,
2015-04-06,244.3369,,271.964927,,188.910996,,,211.105217,,
2015-04-07,244.1987,,274.512975,,188.623806,,,212.879539,,
2015-04-08,244.6098,,275.867917,,189.015743,,,214.014505,,
2015-04-09,244.0439,,278.35159,,189.329603,,,216.80144,,
2015-04-10,245.0728,,281.094284,,189.947197,,,218.72966,,
2015-04-13,244.4357,,281.228517,,189.520537,,,218.911657,,
2015-04-14,244.7606,,279.286956,,189.812409,,,217.446105,,
2015-04-15,246.3188,,280.309867,,190.421402,,,217.557707,,
2015-04-16,245.7474,,277.642834,,190.350992,,,215.908912,,
2015-04-17,245.3275,,276.154718,,189.095477,,,213.700364,,
2015-04-20,244.8296,,277.203574,,190.08377,,,216.071668,,
2015-04-21,244.7035,,277.127905,,189.867933,,,215.878598,,
2015-04-22,244.5965,,277.301214,,190.200776,,,216.486942,,
2015-04-23,245.0423,,275.229704,,190.602011,,,214.931272,,
2015-04-24,244.6677,,273.719006,,190.995902,,,214.521216,,
2015-04-27,244.6888,,273.171974,,190.553199,,,213.577836,,
2015-04-28,244.4111,,270.605556,,190.621734,,,211.887866,,
2015-04-29,243.115,,265.607442,,189.980951,,,208.38019,,
2015-04-30,241.0776,,261.128737,,188.836356,,,205.353121,,
2015-05-01,242.1916,,263.033778,,189.848453,,,207.003361,,
2015-05-04,242.0304,,264.012039,,190.023565,,,208.103394,,
2015-05-05,240.161,,261.031309,,188.653343,,,205.860257,,
2015-05-06,238.4848,,255.520029,,187.933815,,,202.156198,,
2015-05-07,239.6881,,258.658045,,188.567714,,,204.298294,,
2015-05-08,241.9688,,262.433103,,190.30532,,,207.218279,,
2015-05-11,239.9435,,261.496277,,189.273521,,,207.092452,,
2015-05-12,239.8335,,260.042974,,188.925235,,,205.65683,,
2015-05-13,239.9902,,256.972164,,188.951325,,,203.123609,,
2015-05-14,241.5084,,257.344357,,190.24565,,,203.52372,,
2015-05-15,242.5064,,257.621992,,190.693439,,,203.382401,,
2015-05-18,242.5649,,260.661158,,190.749696,,,205.792766,,
2015-05-19,241.3063,,263.120656,,190.449565,,,208.489484,,
2015-05-20,241.1553,,264.30727,,190.489838,,,209.605173,,
2015-05-21,242.1323,,264.924273,,191.056724,,,209.869456,,
2015-05-22,241.8362,,267.051817,,190.701259,,,211.419808,,
2015-05-26,240.9173,,269.419162,,189.656062,,,212.934048,,
2015-05-27,242.3601,,270.242137,,190.80858,,,213.603188,,
2015-05-28,241.9244,,268.676952,,190.649923,,,212.57161,,
2015-05-29,241.3568,,266.958908,,189.969417,,,210.953364,,
2015-06-01,241.0507,,268.2482,,189.995497,,,212.270487,,
2015-06-02,240.4956,,262.222556,,189.583344,,,207.530045,,
2015-06-03,239.321,,258.096936,,189.593487,,,205.278442,,
2015-06-04,238.7221,,258.257481,,188.78674,,,205.045224,,
2015-06-05,238.4845,,260.998876,,188.258522,,,206.84785,,
2015-06-08,237.1177,,255.308575,,187.676691,,,202.875523,,
2015-06-09,236.7847,,255.160197,,187.445575,,,202.792726,,
2015-06-10,238.1357,,255.718433,,188.607989,,,203.336572,,
2015-06-11,239.1741,,258.282194,,189.379761,,,205.320243,,
2015-06-12,237.9973,,256.908684,,188.424387,,,204.202828,,
2015-06-15,237.8331,,256.276327,,188.022345,,,203.4059,,
2015-06-16,238.7779,,258.099654,,188.76507,,,204.848513,,
2015-06-17,238.6365,,255.935194,,188.956825,,,203.457456,,
2015-06-18,240.5808,,257.520634,,190.115089,,,204.30808,,
2015-06-19,240.5363,,257.729427,,189.833546,,,204.208695,,
2015-06-22,240.1908,,257.509024,,190.045933,,,204.556155,,
2015-06-23,239.6449,,260.892542,,189.957175,,,207.618984,,
2015-06-24,238.8712,,259.267819,,189.245377,,,206.218674,,
2015-06-25,238.1215,,258.458719,,188.818573,,,205.757265,,
2015-06-26,237.2825,,258.519777,,188.617474,,,206.313609,,
2015-06-29,235.3069,,254.626248,,186.684127,,,202.812067,,
2015-06-30,235.6241,,257.102342,,186.873065,,,204.715592,,
2015-07-01,235.1121,,258.628203,,187.581628,,,207.161521,,
2015-07-02,235.3304,,258.139585,,187.581714,,,206.578425,,
2015-07-06,235.3783,,258.834373,,187.536791,,,207.042688,,
2015-07-07,236.1314,,260.733246,,188.34754,,,208.795199,,
2015-07-08,233.7743,,256.608628,,186.633142,,,205.674829,,
2015-07-09,233.1767,,256.936296,,186.556323,,,206.380266,,
2015-07-10,234.6383,,255.716833,,187.651955,,,205.320066,,
2015-07-13,235.7946,,260.678622,,188.784383,,,209.534487,,
2015-07-14,236.7788,,261.507477,,189.402118,,,210.011954,,
2015-07-15,236.9643,,263.295832,,189.564314,,,211.463558,,
2015-07-16,238.5604,,266.810425,,190.540308,,,213.948473,,
2015-07-17,238.2528,,267.490106,,190.647035,,,214.890715,,
2015-07-20,236.6307,,265.764669,,190.570832,,,214.882216,,
2015-07-21,236.6716,,263.143771,,190.249614,,,212.367776,,
2015-07-22,235.9934,,262.552997,,190.08054,,,212.311084,,
2015-07-23,236.204,,261.483149,,189.648841,,,210.777641,,
2015-07-24,234.3504,,259.544616,,188.461064,,,209.549125,,
2015-07-27,232.8909,,255.422155,,187.895524,,,206.890413,,
2015-07-28,234.9636,,258.284896,,189.20328,,,208.80696,,
2015-07-29,235.5259,,260.77047,,189.919282,,,211.108969,,
2015-07-30,235.258,,261.677359,,189.954829,,,212.124081,,
2015-07-31,235.6643,,260.888065,,190.081727,,,211.260678,,
2015-08-03,235.1843,,261.115185,,189.783005,,,211.543171,,
2015-08-04,234.9863,,262.557047,,189.333373,,,212.386152,,
2015-08-05,234.6881,,261.637126,,189.57228,,,212.178328,,
2015-08-06,235.0123,,261.573987,,188.727006,,,210.889957,,
2015-08-07,235.2469,,260.863069,,188.643945,,,210.014581,,
2015-08-10,237.3036,,261.834944,,189.969593,,,210.43853,,
2015-08-11,237.5472,,261.555362,,189.18894,,,209.1353,,
2015-08-12,238.4794,,259.926297,,189.279011,,,207.118883,,
2015-08-13,237.2691,,258.716168,,188.980782,,,206.879719,,
2015-08-14,237.585,,260.02148,,189.363993,,,208.068099,,
2015-08-17,238.8085,,262.091957,,190.129718,,,209.494104,,
2015-08-18,237.3411,,261.750412,,189.654753,,,209.988756,,
2015-08-19,237.3005,,259.453185,,188.993325,,,207.455383,,
2015-08-20,235.7111,,254.929756,,186.743896,,,202.770512,,
2015-08-21,232.1723,,247.996017,,183.499292,,,196.78255,,
2015-08-24,226.4221,,236.981603,,178.834465,,,187.916505,,
2015-08-25,223.5534,,236.051995,,177.405502,,,188.066468,,
2015-08-26,227.0104,,243.985053,,181.164342,,,195.482586,,
2015-08-27,230.0178,,248.719149,,183.952791,,,199.697234,,
2015-08-28,230.651,,250.809237,,183.885667,,,200.74926,,
2015-08-31,229.7196,,249.145715,,182.947499,,,199.20477,,
2015-09-01,226.9546,,243.858249,,179.880447,,,194.044039,,
2015-09-02,228.742,,247.758319,,181.840799,,,197.738643,,
2015-09-03,228.2557,,249.498954,,182.024051,,,199.753207,,
2015-09-04,227.0629,,247.682941,,180.526948,,,197.701445,,
2015-09-08,229.8096,,249.407978,,183.080915,,,199.481735,,
2015-09-09,228.404,,247.782967,,181.627467,,,197.818616,,
2015-09-10,229.1219,,246.994684,,182.146696,,,197.13339,,
2015-09-11,229.434,,246.046072,,182.725367,,,196.732173,,
2015-09-14,228.9857,,246.010185,,182.341624,,,196.674671,,
2015-09-15,229.9865,,248.170995,,183.375483,,,198.658813,,
2015-09-16,231.3739,,249.168266,,184.273436,,,199.23195,,
2015-09-17,231.9311,,246.713062,,184.491232,,,197.027467,,
2015-09-18,230.2585,,247.839749,,182.73398,,,197.466073,,
2015-09-21,229.5641,,249.422096,,183.112657,,,199.740993,,
2015-09-22,228.2408,,249.547736,,181.862065,,,199.627496,,
2015-09-23,228.045,,247.866845,,181.632533,,,198.202629,,
2015-09-24,228.1477,,246.997979,,181.326092,,,197.085872,,
2015-09-25,227.0221,,246.618328,,181.17232,,,197.590903,,
2015-09-28,223.2933,,241.420006,,178.613808,,,193.878871,,
2015-09-29,223.1505,,241.218418,,178.788976,,,194.031046,,
2015-09-30,225.1249,,244.896553,,180.814251,,,197.473892,,
2015-10-01,225.818,,245.275225,,181.161735,,,197.551114,,
2015-10-02,229.3674,,248.836989,,183.002317,,,199.323141,,
2015-10-05,230.0519,,250.048186,,184.683139,,,201.531537,,
2015-10-06,229.88,,248.007645,,184.477257,,,199.813395,,
2015-10-07,231.1488,,250.068885,,185.335117,,,201.299927,,
2015-10-08,231.2248,,249.319102,,186.241021,,,201.611069,,
2015-10-09,232.2349,,248.694376,,186.242536,,,200.23281,,
2015-10-12,233.0351,,249.443624,,186.543685,,,200.470054,,
2015-10-13,232.0355,,247.913062,,185.839454,,,199.342906,,
2015-10-14,233.0889,,246.974364,,185.577083,,,197.411531,,
2015-10-15,234.825,,250.72157,,187.186952,,,200.650768,,
2015-10-16,234.7366,,251.48636,,187.623924,,,201.808627,,
2015-10-19,234.5488,,251.817759,,187.758056,,,202.38094,,
2015-10-20,234.3315,,251.11653,,187.463307,,,201.687411,,
2015-10-21,233.9049,,250.800863,,186.938132,,,201.235915,,
2015-10-22,235.1929,,257.405798,,188.857732,,,207.5137,,
2015-10-23,235.7451,,260.273603,,189.968137,,,210.564959,,
2015-10-26,235.7156,,259.177154,,189.72334,,,209.433929,,
2015-10-27,235.5043,,259.132318,,189.609821,,,209.460171,,
2015-10-28,236.03,,262.730764,,190.675317,,,213.086574,,
2015-10-29,234.3894,,259.623286,,190.287608,,,211.608968,,
2015-10-30,235.2139,,259.934997,,189.996573,,,210.797486,,
2015-11-02,235.8242,,260.301835,,191.18963,,,211.870787,,
2015-11-03,234.8025,,260.477194,,191.379214,,,213.147205,,
2015-11-04,233.9755,,261.846393,,191.034191,,,214.637303,,
2015-11-05,233.695,,261.037467,,190.888231,,,214.067367,,
2015-11-06,232.037,,262.736529,,190.457371,,,216.510463,,
2015-11-09,230.5154,,260.668859,,189.342213,,,214.958461,,
2015-11-10,230.4948,,261.309119,,189.746224,,,215.965541,,
2015-11-11,229.4716,,259.768809,,189.206989,,,215.036964,,
2015-11-12,228.2263,,256.624239,,187.68509,,,211.874967,,
2015-11-13,226.6971,,256.060514,,186.563769,,,211.564036,,
2015-11-16,228.4367,,259.889555,,188.334848,,,215.115409,,
2015-11-17,227.8045,,260.27368,,188.305954,,,215.998081,,
2015-11-18,230.2427,,262.610218,,190.045128,,,217.620788,,
2015-11-19,231.1218,,261.7929,,189.985163,,,216.050127,,
2015-11-20,230.9539,,263.812463,,190.349535,,,218.292952,,
2015-11-23,230.6209,,263.61042,,190.238053,,,218.312795,,
2015-11-24,231.0687,,263.955996,,190.454908,,,218.424056,,
2015-11-25,230.8784,,264.195387,,190.479945,,,218.831114,,
2015-11-27,230.0378,,264.096072,,190.591526,,,219.67681,,
2015-11-30,230.1045,,264.832898,,190.143605,,,219.708284,,
2015-12-01,232.3368,,265.686684,,191.501751,,,219.858076,,
2015-12-02,230.5115,,264.053912,,190.232125,,,218.777047,,
2015-12-03,228.4842,,253.950015,,188.074935,,,209.865417,,
2015-12-04,232.2248,,259.595608,,190.519828,,,213.819254,,
2015-12-07,230.7231,,258.82844,,189.942842,,,213.925095,,
2015-12-08,230.7912,,257.618762,,189.2058,,,212.036476,,
2015-12-09,229.8463,,253.45492,,188.319975,,,208.486281,,
2015-12-10,230.2881,,255.905838,,188.597356,,,210.407969,,
2015-12-11,228.8182,,253.242334,,186.589932,,,207.325078,,
2015-12-14,227.7947,,251.965075,,186.800233,,,207.439776,,
2015-12-15,228.7765,,254.570473,,187.985766,,,210.009757,,
2015-12-16,230.283,,256.629706,,189.505659,,,212.024046,,
2015-12-17,228.2665,,256.349354,,187.87768,,,211.827883,,
2015-12-18,227.6225,,254.682708,,186.030168,,,208.970767,,
2015-12-21,228.9564,,255.041448,,186.887403,,,209.004624,,
2015-12-22,228.8782,,253.972304,,187.849465,,,209.271352,,
2015-12-23,229.7149,,255.980184,,189.22684,,,211.698512,,
2015-12-24,230.2331,,255.57373,,189.074726,,,210.717119,,
2015-12-28,229.741,,254.757629,,188.818939,,,210.2094,,
2015-12-29,229.8923,,255.962018,,189.837718,,,212.202987,,
2015-12-30,228.5181,,254.143368,,189.018423,,,211.047493,,
2015-12-31,227.9752,,255.128996,,188.084782,,,211.321537,,
2016-01-04,227.3593,,255.285738,,186.476812,,,210.21154,,
2016-01-05,226.6568,,256.369906,,186.706115,,,212.01897,,
2016-01-06,227.1111,,256.130723,,185.570883,,,210.112087,,
2016-01-07,224.7954,,250.046678,,182.900527,,,204.252092,,
2016-01-08,223.5019,,248.840112,,181.851904,,,203.270758,,
2016-01-11,221.9689,,248.510237,,181.751875,,,204.290863,,
2016-01-12,223.571,,250.338485,,182.792672,,,205.489114,,
2016-01-13,220.7665,,246.755028,,180.231509,,,202.246701,,
2016-01-14,221.4052,,247.790138,,181.981988,,,204.476072,,
2016-01-15,219.92,,245.130509,,179.716047,,,201.111722,,
2016-01-19,219.4742,,244.633604,,179.788033,,,201.192278,,
2016-01-20,220.1552,,245.9248,,178.472758,,,200.153505,,
2016-01-21,220.6863,,246.765212,,178.971968,,,200.914584,,
2016-01-22,222.736,,250.900988,,181.227747,,,204.95312,,
2016-01-25,221.406,,248.097084,,179.540338,,,201.981782,,
2016-01-26,223.2087,,249.682142,,181.097331,,,203.379091,,
2016-01-27,221.1996,,246.878216,,179.933288,,,201.61732,,
2016-01-28,223.3538,,248.213765,,180.562198,,,201.454622,,
2016-01-29,226.435,,254.200951,,183.404422,,,206.709914,,
2016-02-01,226.9798,,253.462062,,183.289004,,,205.484967,,
2016-02-02,225.0428,,250.580946,,181.521553,,,202.921941,,
2016-02-03,225.8202,,247.261414,,182.166396,,,200.253315,,
2016-02-04,226.733,,245.978971,,182.4082,,,198.676039,,
2016-02-05,224.2454,,244.449464,,180.259968,,,197.279848,,
2016-02-08,224.3634,,243.701824,,179.078355,,,195.284489,,
2016-02-09,223.8565,,241.006541,,179.076438,,,193.55993,,
2016-02-10,225.1471,,242.471171,,179.163035,,,193.713573,,
2016-02-11,226.4637,,243.171744,,177.815226,,,191.690833,,
2016-02-12,227.0917,,245.426353,,179.813975,,,195.101793,,
2016-02-16,226.7187,,247.396276,,181.458771,,,198.793265,,
2016-02-17,228.9516,,250.122437,,183.203472,,,200.937298,,
2016-02-18,230.1983,,251.989389,,182.96628,,,201.080098,,
2016-02-19,230.5793,,251.941401,,182.936703,,,200.677165,,
2016-02-22,231.6347,,255.371422,,184.545344,,,204.262976,,
2016-02-23,230.9975,,254.876949,,183.164269,,,202.899942,,
2016-02-24,232.1583,,256.336888,,183.685081,,,203.61917,,
2016-02-25,233.4206,,257.569239,,185.210824,,,205.181909,,
2016-02-26,232.3601,,258.567582,,184.817923,,,206.478336,,
2016-02-29,232.6083,,260.091273,,184.036764,,,206.596542,,
2016-03-01,234.0121,,261.822277,,186.41831,,,209.399064,,
2016-03-02,234.895,,262.759319,,186.839314,,,209.831414,,
2016-03-03,236.4585,,262.393285,,187.357481,,,208.730884,,
2016-03-04,236.6798,,261.535944,,187.614934,,,208.139968,,
2016-03-07,236.7998,,261.388192,,187.674035,,,207.982461,,
2016-03-08,235.3906,,259.927069,,186.639939,,,206.911612,,
2016-03-09,235.2231,,260.181673,,187.153613,,,207.832201,,
2016-03-10,235.9553,,256.641393,,187.284175,,,204.510653,,
2016-03-11,236.65,,258.154563,,188.96084,,,206.94884,,
2016-03-14,236.1044,,258.654868,,188.851771,,,207.709101,,
2016-03-15,236.1017,,258.384147,,188.600429,,,207.217922,,
2016-03-16,238.3796,,258.227043,,189.577741,,,206.175884,,
2016-03-17,239.1667,,256.934492,,190.460812,,,205.42118,,
2016-03-18,239.9045,,258.8617,,190.968282,,,206.875248,,
2016-03-21,239.0398,,258.529861,,190.968718,,,207.357914,,
2016-03-22,238.8462,,258.880124,,190.852973,,,207.681202,,
2016-03-23,237.5657,,258.346749,,190.266479,,,207.730101,,
2016-03-24,237.5191,,258.430151,,190.222622,,,207.790024,,
2016-03-28,238.0116,,258.484824,,190.344926,,,207.537279,,
2016-03-29,240.9894,,259.580755,,191.625211,,,207.226401,,
2016-03-30,240.0455,,257.419081,,192.101149,,,206.821182,,
2016-03-31,240.677,,257.195605,,192.066695,,,206.062471,,
2016-04-01,241.1816,,257.415791,,192.784078,,,206.576095,,
2016-04-04,240.03,,256.26317,,192.488764,,,206.32124,,
2016-04-05,240.53,,256.952686,,191.439048,,,205.320505,,
2016-04-06,241.1337,,257.19983,,192.680804,,,206.333196,,
2016-04-07,241.5844,,258.167552,,191.464414,,,205.418108,,
2016-04-08,241.4701,,257.667157,,191.703414,,,205.373044,,
2016-04-11,241.3625,,257.317447,,191.486375,,,204.953437,,
2016-04-12,242.2145,,258.67946,,192.429079,,,206.324308,,
2016-04-13,243.4012,,262.508892,,193.633806,,,209.662313,,
2016-04-14,242.1855,,261.35078,,193.50893,,,209.649852,,
2016-04-15,242.6674,,261.652492,,193.593109,,,209.566192,,
2016-04-18,242.8403,,261.021707,,194.397165,,,209.779806,,
2016-04-19,242.6393,,259.74466,,194.757041,,,209.313163,,
2016-04-20,242.1222,,260.597758,,194.680238,,,210.366132,,
2016-04-21,241.5839,,260.216507,,193.951389,,,209.738248,,
2016-04-22,240.8729,,261.023295,,193.960823,,,211.019812,,
2016-04-25,240.1806,,259.203328,,193.671691,,,209.839229,,
2016-04-26,240.4693,,258.814148,,193.805303,,,209.416993,,
2016-04-27,241.7759,,259.66181,,194.284963,,,209.484623,,
2016-04-28,241.4012,,258.608284,,193.375423,,,207.980286,,
2016-04-29,241.4911,,256.509786,,192.737491,,,205.535525,,
2016-05-02,241.5498,,254.700598,,193.612411,,,204.962478,,
2016-05-03,240.6371,,254.477621,,192.742275,,,204.635926,,
2016-05-04,239.4093,,253.406248,,192.126582,,,204.165166,,
2016-05-05,240.0743,,255.935115,,192.301915,,,205.819113,,
2016-05-06,240.3386,,256.324768,,192.610022,,,206.235686,,
2016-05-09,239.8546,,256.201905,,192.749623,,,206.702499,,
2016-05-10,241.7161,,258.45142,,194.228846,,,208.499473,,
2016-05-11,241.4919,,256.948413,,193.137611,,,206.313722,,
2016-05-12,240.598,,257.149609,,193.096179,,,207.197936,,
2016-05-13,241.2597,,259.487955,,192.236986,,,207.580835,,
2016-05-16,242.2484,,260.171563,,193.246622,,,208.366889,,
2016-05-17,241.7179,,259.810679,,192.0467,,,207.239684,,
2016-05-18,240.1303,,260.309065,,191.763922,,,208.702244,,
2016-05-19,239.952,,260.403708,,191.411961,,,208.549786,,
2016-05-20,241.2311,,261.448748,,192.192984,,,209.126316,,
2016-05-23,241.182,,261.344275,,192.021635,,,208.898898,,
2016-05-24,242.1024,,264.230459,,193.478719,,,211.99952,,
2016-05-25,242.6117,,264.42311,,194.274276,,,212.579242,,
2016-05-26,242.6472,,263.55213,,194.42988,,,212.017711,,
2016-05-27,242.7421,,265.624942,,194.912041,,,214.131375,,
2016-05-31,242.6867,,265.082343,,194.735576,,,213.549231,,
2016-06-01,243.0366,,264.111938,,194.941539,,,212.685866,,
2016-06-02,243.5739,,265.576576,,195.49541,,,213.99985,,
2016-06-03,245.3089,,262.486892,,195.565699,,,210.089761,,
2016-06-06,245.7483,,263.144667,,196.053516,,,210.764068,,
2016-06-07,246.5687,,263.97664,,196.31344,,,211.006325,,
2016-06-08,247.6024,,264.312871,,196.723576,,,210.832599,,
2016-06-09,247.8246,,266.299128,,196.622572,,,212.117544,,
2016-06-10,246.4097,,266.363224,,195.607898,,,212.285698,,
2016-06-13,246.1,,265.003438,,194.768199,,,210.55998,,
2016-06-14,245.6792,,266.592874,,194.498703,,,211.89209,,
2016-06-15,246.2715,,265.89938,,194.507495,,,210.842131,,
2016-06-16,246.0721,,266.536269,,194.899633,,,211.94484,,
2016-06-17,245.8214,,265.083809,,194.412117,,,210.477043,,
2016-06-20,245.973,,264.31417,,194.94902,,,210.315825,,
2016-06-21,245.1782,,265.142807,,195.223965,,,211.95761,,
2016-06-22,244.8813,,263.604737,,195.079103,,,210.826998,,
2016-06-23,245.6967,,262.361492,,196.470312,,,210.627751,,
2016-06-24,245.0947,,268.850281,,192.645402,,,212.154921,,
2016-06-27,244.4947,,269.625047,,190.900085,,,211.356104,,
2016-06-28,246.8279,,271.226236,,193.066661,,,212.991672,,
2016-06-29,248.8586,,271.994865,,194.983879,,,213.956086,,
2016-06-30,250.7073,,274.424991,,196.734021,,,216.199176,,
2016-07-01,252.732,,275.908386,,197.154406,,,216.087199,,
2016-07-05,252.7513,,277.431726,,196.514105,,,216.558055,,
2016-07-06,253.8045,,277.95284,,197.359352,,,216.993835,,
2016-07-07,253.6285,,278.75953,,197.2303,,,217.63222,,
2016-07-08,256.7988,,282.581187,,199.119527,,,219.97939,,
2016-07-11,256.3526,,281.842732,,199.329303,,,220.017968,,
2016-07-12,255.8004,,281.16697,,199.954678,,,220.654373,,
2016-07-13,256.934,,281.70238,,200.048866,,,220.202842,,
2016-07-14,256.1329,,280.116702,,200.652899,,,220.311397,,
2016-07-15,255.1802,,281.283828,,200.200481,,,221.554612,,
2016-07-18,255.0537,,279.966532,,200.569074,,,221.032608,,
2016-07-19,254.6998,,280.988678,,200.578351,,,222.158105,,
2016-07-20,254.4701,,280.911163,,201.006571,,,222.771884,,
2016-07-21,254.4974,,280.640598,,200.625385,,,222.111435,,
2016-07-22,254.5205,,282.00131,,201.178592,,,223.783473,,
2016-07-25,253.8347,,280.716993,,200.759107,,,222.900403,,
2016-07-26,254.7729,,281.928949,,200.817996,,,223.103795,,
2016-07-27,256.1625,,281.646465,,200.916335,,,221.779749,,
2016-07-28,256.1696,,281.204125,,201.060486,,,221.584161,,
2016-07-29,257.1365,,279.92748,,201.460149,,,220.185565,,
2016-08-01,255.5694,,278.410957,,201.171319,,,220.019625,,
2016-08-02,254.0739,,275.252574,,200.1698,,,217.714712,,
2016-08-03,254.8693,,277.92223,,200.602977,,,219.614505,,
2016-08-04,255.5569,,279.210474,,200.876922,,,220.339332,,
2016-08-05,255.6953,,280.473273,,201.59343,,,222.005125,,
2016-08-08,255.9745,,280.675698,,201.569603,,,221.896798,,
2016-08-09,256.8075,,280.867103,,201.852197,,,221.638163,,
2016-08-10,256.8562,,279.427165,,201.644351,,,220.233063,,
2016-08-11,256.8311,,280.365764,,201.99032,,,221.373592,,
2016-08-12,257.633,,280.714331,,202.077772,,,221.054585,,
2016-08-15,257.664,,280.135488,,202.286891,,,220.80048,,
2016-08-16,256.3572,,276.366742,,201.613029,,,218.211051,,
2016-08-17,256.7151,,276.563737,,201.9948,,,218.475074,,
2016-08-18,257.7931,,276.07129,,202.377466,,,217.585523,,
2016-08-19,256.7705,,275.787596,,202.019196,,,217.841255,,
2016-08-22,257.1618,,276.200556,,202.137239,,,217.962766,,
2016-08-23,257.8902,,277.345519,,202.40458,,,218.536779,,
2016-08-24,256.4007,,276.764597,,201.749264,,,218.63575,,
2016-08-25,256.1257,,276.055973,,201.584789,,,218.132128,,
2016-08-26,255.2846,,277.280764,,201.231693,,,219.436766,,
2016-08-29,256.9321,,279.184958,,202.046551,,,220.41593,,
2016-08-30,255.9177,,279.230762,,201.79617,,,221.051641,,
2016-08-31,254.9671,,277.832004,,201.440185,,,220.374899,,
2016-09-01,255.1275,,277.023502,,201.513557,,,219.675437,,
2016-09-02,255.39,,278.410116,,201.95841,,,221.034952,,
2016-09-06,256.7102,,277.317822,,202.496472,,,219.619048,,
2016-09-07,256.6849,,277.663054,,202.521741,,,219.941566,,
2016-09-08,255.4496,,275.904541,,201.963219,,,218.999838,,
2016-09-09,250.0919,,270.733579,,198.710828,,,215.964276,,
2016-09-12,252.2948,,273.025914,,200.4876,,,217.821615,,
2016-09-13,249.5859,,270.474831,,198.54046,,,216.009932,,
2016-09-14,249.7425,,269.944302,,198.589252,,,215.504001,,
2016-09-15,250.9737,,271.395744,,199.82736,,,216.944007,,
2016-09-16,250.5458,,273.178266,,199.428691,,,218.305432,,
2016-09-19,250.7581,,272.844473,,199.388465,,,217.810147,,
2016-09-20,250.5621,,273.186238,,199.41698,,,218.284782,,
2016-09-21,253.089,,275.082769,,200.962325,,,219.291931,,
2016-09-22,254.1281,,275.660114,,201.890144,,,219.864062,,
2016-09-23,253.0539,,274.13045,,201.204843,,,218.826827,,
2016-09-26,252.4968,,272.785579,,200.325159,,,217.27958,,
2016-09-27,253.3033,,274.736013,,201.171904,,,219.058423,,
2016-09-28,254.3047,,275.61805,,201.787579,,,219.566251,,
2016-09-29,253.5889,,274.736939,,200.694713,,,218.293415,,
2016-09-30,253.8976,,274.762862,,201.515617,,,218.940463,,
2016-10-03,253.3052,,274.733172,,201.141699,,,219.021625,,
2016-10-04,250.7856,,272.18255,,200.249479,,,218.19609,,
2016-10-05,251.4976,,272.899263,,200.675485,,,218.615387,,
2016-10-06,251.067,,273.822678,,200.760485,,,219.824403,,
2016-10-07,250.2545,,271.727429,,200.358245,,,218.412098,,
2016-10-10,250.671,,273.623986,,200.941921,,,220.210746,,
2016-10-11,248.718,,273.560322,,199.305228,,,220.080959,,
2016-10-12,248.71,,274.73716,,199.491227,,,221.241119,,
2016-10-13,248.2604,,272.987862,,199.211958,,,219.922254,,
2016-10-14,247.3089,,274.048531,,199.135285,,,221.540862,,
2016-10-17,247.3332,,273.392656,,198.864298,,,220.688213,,
2016-10-18,248.5632,,275.230224,,199.730835,,,222.035439,,
2016-10-19,249.6811,,276.624269,,200.100085,,,222.571612,,
2016-10-20,249.5789,,277.62427,,199.848481,,,223.186696,,
2016-10-21,249.4855,,278.695952,,199.948524,,,224.244315,,
2016-10-24,250.0821,,279.426593,,200.337039,,,224.731662,,
2016-10-25,249.8839,,279.030748,,199.9375,,,224.143388,,
2016-10-26,249.0709,,277.597668,,199.542536,,,223.278136,,
2016-10-27,248.1367,,276.924594,,199.021276,,,222.9913,,
2016-10-28,247.9002,,274.441102,,198.667072,,,220.808637,,
2016-10-31,248.3447,,274.973256,,198.768638,,,220.953716,,
2016-11-01,247.8646,,272.574828,,197.869976,,,218.458542,,
2016-11-02,247.6581,,271.316958,,197.236982,,,216.935506,,
2016-11-03,247.3531,,270.814432,,196.591657,,,216.091368,,
2016-11-04,247.6275,,270.26783,,196.625697,,,215.453546,,
2016-11-07,249.1622,,274.38153,,199.137794,,,220.162981,,
2016-11-08,249.148,,274.759128,,199.542911,,,220.927061,,
2016-11-09,248.3167,,276.731717,,200.068737,,,223.846407,,
2016-11-10,246.8683,,275.600118,,200.039141,,,224.205851,,
2016-11-11,246.3899,,275.975847,,199.621557,,,224.477854,,
2016-11-14,245.5888,,278.086472,,199.392342,,,226.671891,,
2016-11-15,247.3869,,280.585079,,200.388515,,,228.180531,,
2016-11-16,247.6517,,281.634252,,200.338537,,,228.731798,,
2016-11-17,247.5011,,283.195507,,200.65029,,,230.497864,,
2016-11-18,247.2861,,284.045602,,200.125317,,,230.785375,,
2016-11-21,248.0689,,283.802457,,201.101223,,,230.981092,,
2016-11-22,248.3498,,284.123819,,201.407543,,,231.332925,,
2016-11-23,248.0688,,285.808792,,201.196062,,,232.723801,,
2016-11-25,248.0234,,284.706892,,201.63453,,,232.374313,,
2016-11-28,247.721,,283.767617,,201.352188,,,231.56571,,
2016-11-29,247.7782,,282.876253,,201.67816,,,231.158653,,
2016-11-30,247.7631,,284.512863,,201.064599,,,231.802854,,
2016-12-01,247.5844,,282.36862,,200.356208,,,229.410793,,
2016-12-02,247.8506,,282.698741,,200.670108,,,229.791771,,
2016-12-05,248.0954,,280.225266,,201.464172,,,228.456905,,
2016-12-06,248.2946,,281.677658,,201.828705,,,229.871932,,
2016-12-07,249.1534,,281.71343,,203.616119,,,231.137694,,
2016-12-08,249.1025,,285.366277,,203.766216,,,234.35522,,
2016-12-09,248.8689,,286.670846,,204.254385,,,236.212119,,
2016-12-12,248.7044,,284.326148,,204.044789,,,234.19452,,
2016-12-13,249.0307,,284.980574,,204.962444,,,235.480281,,
2016-12-14,247.8716,,286.083168,,203.508129,,,235.81161,,
2016-12-15,247.9423,,289.490251,,203.907721,,,239.020349,,
2016-12-16,247.7453,,288.175323,,203.724407,,,237.90979,,
2016-12-19,248.2609,,290.146469,,204.201252,,,239.599138,,
2016-12-20,248.1659,,290.487841,,204.598788,,,240.440043,,
2016-12-21,248.2283,,289.518316,,204.429434,,,239.37901,,
2016-12-22,248.0455,,288.983502,,204.220736,,,238.868797,,
2016-12-23,248.2565,,288.841801,,204.41803,,,238.779205,,
2016-12-27,248.4685,,288.861769,,204.661322,,,238.87593,,
2016-12-28,248.1184,,289.793271,,203.781512,,,238.952728,,
2016-12-29,248.3677,,287.885641,,204.000177,,,237.395957,,
2016-12-30,248.0502,,286.722107,,203.725533,,,236.4204,,
2017-01-03,248.8648,,290.779577,,204.740939,,,240.172348,,
2017-01-04,249.2461,,288.958905,,205.501025,,,239.188112,,
2017-01-05,249.8144,,286.37881,,205.740837,,,236.789152,,
2017-01-06,249.5629,,288.07622,,205.905009,,,238.622937,,
2017-01-09,249.5542,,286.984379,,205.634253,,,237.414216,,
2017-01-10,249.6428,,287.578646,,205.61422,,,237.798234,,
2017-01-11,249.9954,,287.222776,,206.063183,,,237.686846,,
2017-01-12,249.8224,,286.212554,,205.789066,,,236.69958,,
2017-01-13,249.9262,,285.567192,,205.918075,,,236.215766,,
2017-01-17,249.9684,,283.679739,,205.761987,,,234.437046,,
2017-01-18,249.6957,,285.601776,,205.685357,,,236.195219,,
2017-01-19,249.3338,,284.283793,,205.008485,,,234.671672,,
2017-01-20,249.6581,,283.701007,,205.494912,,,234.441331,,
2017-01-23,249.5357,,281.870426,,205.403158,,,232.938797,,
2017-01-24,250.312,,283.609016,,206.059578,,,234.395385,,
2017-01-25,250.7262,,283.655334,,206.913209,,,235.01595,,
2017-01-26,250.5179,,285.171179,,206.841798,,,236.386713,,
2017-01-27,250.2475,,284.583583,,206.707233,,,236.000898,,
2017-01-30,249.0942,,283.250844,,205.907675,,,235.07044,,
2017-01-31,249.4679,,280.893415,,206.086366,,,232.966802,,
2017-02-01,249.0615,,281.201527,,206.026366,,,233.534886,,
2017-02-02,248.7949,,281.159028,,206.148813,,,233.888725,,
2017-02-03,250.1787,,282.012413,,207.032393,,,234.300968,,
2017-02-06,250.4273,,283.235469,,207.044171,,,235.096878,,
2017-02-07,250.4004,,284.944044,,207.131118,,,236.639807,,
2017-02-08,250.9988,,285.237854,,207.530847,,,236.775117,,
2017-02-09,251.5401,,287.119801,,208.069369,,,238.441559,,
2017-02-10,252.0829,,288.156031,,208.550807,,,239.339341,,
2017-02-13,252.5666,,289.902885,,209.114946,,,240.979212,,
2017-02-14,253.0323,,290.953878,,209.417186,,,241.756631,,
2017-02-15,254.0266,,291.388881,,209.951723,,,241.785978,,
2017-02-16,253.8384,,289.099877,,210.020033,,,240.142592,,
2017-02-17,253.9849,,291.069157,,210.404375,,,242.081133,,
2017-02-21,254.9244,,294.326605,,211.144241,,,244.745798,,
2017-02-22,254.4684,,293.037585,,211.093652,,,244.052089,,
2017-02-23,255.2077,,293.225107,,211.314467,,,243.755542,,
2017-02-24,255.1363,,293.734376,,211.794836,,,244.802459,,
2017-02-27,255.2597,,293.146327,,211.834853,,,244.240401,,
2017-02-28,255.1914,,293.339451,,211.46086,,,244.035114,,
2017-03-01,257.5816,,296.929222,,212.85135,,,246.338561,,
2017-03-02,255.1765,,295.304778,,211.879504,,,246.170854,,
2017-03-03,255.4757,,292.416525,,212.02228,,,243.641745,,
2017-03-06,254.5366,,292.437452,,211.612393,,,244.085365,,
2017-03-07,253.4018,,291.613202,,211.119578,,,243.918018,,
2017-03-08,251.9741,,290.597396,,210.67691,,,243.933049,,
2017-03-09,251.7951,,289.440919,,210.580737,,,243.024009,,
2017-03-10,252.3455,,287.501943,,211.145717,,,241.515708,,
2017-03-13,252.0977,,287.758974,,211.079346,,,241.893177,,
2017-03-14,251.2362,,288.033158,,210.620723,,,242.426034,,
2017-03-15,253.8892,,287.605773,,212.199707,,,241.332627,,
2017-03-16,253.6854,,286.528557,,211.858365,,,240.234813,,
2017-03-17,253.3638,,286.850227,,211.811028,,,240.755983,,
2017-03-20,253.3097,,286.75426,,211.798287,,,240.712359,,
2017-03-21,250.9478,,282.232989,,210.343871,,,237.504658,,
2017-03-22,251.542,,283.234037,,210.750456,,,238.243655,,
2017-03-23,251.3924,,283.414712,,210.649777,,,238.423543,,
2017-03-24,251.43,,283.126282,,210.484345,,,237.958256,,
2017-03-27,251.3238,,281.274149,,210.557338,,,236.583509,,
2017-03-28,252.2894,,283.657871,,211.28486,,,238.49655,,
2017-03-29,253.0673,,285.811848,,211.588151,,,239.912805,,
2017-03-30,253.1046,,288.29115,,211.84042,,,242.246767,,
2017-03-31,252.7273,,288.309801,,211.602869,,,242.352045,,
2017-04-03,253.2362,,288.554593,,211.692298,,,242.17268,,
2017-04-04,253.3141,,288.586555,,211.702005,,,242.136125,,
2017-04-05,252.705,,288.154571,,211.41281,,,242.025354,,
2017-04-06,252.9685,,288.956436,,211.759525,,,242.843659,,
2017-04-07,252.8814,,290.327267,,211.45025,,,243.723288,,
2017-04-10,253.0527,,290.36215,,211.637906,,,243.803744,,
2017-04-11,254.0301,,291.239009,,211.716978,,,243.69013,,
2017-04-12,253.2944,,288.748111,,211.349581,,,241.887174,,
2017-04-13,252.0836,,288.80313,,210.632515,,,242.270538,,
2017-04-17,253.2373,,289.277066,,211.713381,,,242.802148,,
2017-04-18,253.1124,,286.795295,,211.672728,,,240.791635,,
2017-04-19,251.9832,,286.014319,,211.308067,,,240.796491,,
2017-04-20,253.4594,,287.563696,,212.208607,,,241.716633,,
2017-04-21,252.8701,,286.64899,,211.821426,,,241.068636,,
2017-04-24,253.9948,,284.200661,,213.099552,,,239.387066,,
2017-04-25,253.8821,,282.491152,,213.566315,,,238.574163,,
2017-04-26,254.2424,,283.465423,,213.588443,,,239.082479,,
2017-04-27,253.6756,,283.712938,,213.776712,,,240.037296,,
2017-04-28,253.3713,,282.654918,,213.65075,,,239.288284,,
2017-05-01,252.8969,,282.110156,,213.749328,,,239.385511,,
2017-05-02,252.0016,,280.257666,,213.922762,,,238.852114,,
2017-05-03,251.8468,,281.323379,,213.674357,,,239.629169,,
2017-05-04,250.6336,,277.441883,,213.751831,,,237.55297,,
2017-05-05,251.6198,,278.138486,,214.276708,,,237.798509,,
2017-05-08,251.3917,,279.814876,,214.086577,,,239.236363,,
2017-05-09,250.7654,,280.3885,,213.978889,,,240.204644,,
2017-05-10,251.6528,,281.564594,,214.229496,,,240.643109,,
2017-05-11,251.347,,281.349325,,213.958301,,,240.44691,,
2017-05-12,251.592,,279.804699,,214.06724,,,239.015614,,
2017-05-15,252.7142,,279.946403,,214.746443,,,238.830129,,
2017-05-16,253.438,,278.022316,,214.731714,,,236.495021,,
2017-05-17,251.496,,274.007871,,212.886711,,,232.861878,,
2017-05-18,251.7126,,275.656939,,213.350581,,,234.571742,,
2017-05-19,252.8062,,274.235998,,214.183974,,,233.260715,,
2017-05-22,253.2905,,274.035129,,214.782723,,,233.294537,,
2017-05-23,253.2903,,275.404977,,214.905046,,,234.594446,,
2017-05-24,253.6845,,274.955676,,215.358497,,,234.341204,,
2017-05-25,253.7246,,275.185595,,216.011856,,,235.211524,,
2017-05-26,254.02,,276.250272,,215.949772,,,235.779173,,
2017-05-30,253.3533,,275.382347,,216.003379,,,235.715404,,
2017-05-31,253.4219,,274.045594,,216.065185,,,234.574805,,
2017-06-01,254.0215,,275.46583,,217.056957,,,236.313676,,
2017-06-02,255.1276,,274.960705,,217.764816,,,235.623602,,
2017-06-05,254.8374,,275.299574,,217.537011,,,235.935568,,
2017-06-06,255.6696,,275.652361,,217.297944,,,235.210188,,
2017-06-07,255.2283,,275.658173,,217.430634,,,235.765724,,
2017-06-08,255.6161,,277.157961,,217.416025,,,236.672932,,
2017-06-09,256.0444,,278.046411,,217.14499,,,236.738948,,
2017-06-12,256.2188,,278.039594,,217.120176,,,236.544973,,
2017-06-13,256.9677,,278.712955,,217.773711,,,237.13844,,
2017-06-14,256.6916,,278.192596,,217.893266,,,237.080376,,
2017-06-15,256.0113,,279.265216,,217.587098,,,238.291602,,
2017-06-16,256.0932,,278.089468,,217.663702,,,237.295987,,
2017-06-19,256.7733,,280.041149,,218.636227,,,239.393305,,
2017-06-20,255.9458,,279.497219,,217.887232,,,238.87965,,
2017-06-21,256.0302,,278.703158,,217.866568,,,238.09988,,
2017-06-22,256.0265,,279.129018,,217.845944,,,238.444569,,
2017-06-23,256.3711,,278.475809,,218.028063,,,237.765419,,
2017-06-26,256.1018,,278.447006,,218.181249,,,238.158032,,
2017-06-27,254.3343,,272.717993,,216.873453,,,233.471105,,
2017-06-28,255.6765,,273.23899,,218.067363,,,233.970131,,
2017-06-29,253.9087,,269.857627,,216.748517,,,231.276304,,
2017-06-30,253.9846,,270.444258,,216.877205,,,231.847371,,
2017-07-03,254.0035,,271.756853,,216.945324,,,233.028471,,
2017-07-05,254.1277,,272.201153,,217.294737,,,233.671125,,
2017-07-06,252.5407,,268.77966,,215.939228,,,230.735518,,
2017-07-07,252.8419,,269.628977,,216.746858,,,232.05355,,
2017-07-10,253.4702,,270.322704,,216.930895,,,232.270958,,
2017-07-11,253.4577,,268.741604,,216.904518,,,230.89573,,
2017-07-12,255.0007,,271.680879,,218.153646,,,233.344767,,
2017-07-13,254.9056,,271.925104,,218.266123,,,233.762126,,
2017-07-14,255.8747,,271.316184,,218.971761,,,233.106484,,
2017-07-17,255.8149,,270.955002,,219.001208,,,232.881899,,
2017-07-18,256.0882,,269.492907,,219.267533,,,231.659433,,
2017-07-19,257.2404,,271.598804,,219.998735,,,233.199034,,
2017-07-20,257.4678,,269.146126,,220.081306,,,230.97568,,
2017-07-21,257.5576,,268.464358,,220.121193,,,230.352013,,
2017-07-24,257.449,,268.91374,,220.006745,,,230.714913,,
2017-07-25,257.2563,,268.564779,,220.01388,,,230.595594,,
2017-07-26,257.9233,,267.237063,,220.181749,,,229.036827,,
2017-07-27,257.1331,,267.75099,,219.932824,,,229.922269,,
2017-07-28,257.2871,,266.221668,,219.957106,,,228.497406,,
2017-07-31,257.0775,,263.933595,,219.841274,,,226.598862,,
2017-08-01,257.8792,,265.640551,,220.37784,,,227.910255,,
2017-08-02,257.6856,,264.238808,,220.376748,,,226.876811,,
2017-08-03,257.5804,,263.861631,,220.301978,,,226.568596,,
2017-08-04,257.1651,,265.55524,,220.396545,,,228.489114,,
2017-08-07,257.2735,,265.198635,,220.632667,,,228.330502,,
2017-08-08,256.7081,,265.550236,,220.232864,,,228.721576,,
2017-08-09,257.1201,,265.872362,,220.299963,,,228.701744,,
2017-08-10,255.4961,,263.845234,,218.525818,,,226.561245,,
2017-08-11,255.8186,,263.094375,,218.790699,,,225.90518,,
2017-08-14,256.4097,,264.647063,,220.051733,,,228.021243,,
2017-08-15,255.9691,,265.203254,,219.914172,,,228.75069,,
2017-08-16,255.9463,,264.465154,,220.299229,,,228.533813,,
2017-08-17,254.3484,,263.744365,,218.362507,,,227.326539,,
2017-08-18,254.3469,,262.966739,,218.105688,,,226.391048,,
2017-08-21,254.1638,,261.585034,,218.273385,,,225.537036,,
2017-08-22,255.5489,,264.184761,,219.55884,,,227.878085,,
2017-08-23,255.9219,,263.526095,,219.296371,,,226.707301,,
2017-08-24,255.7043,,263.478331,,218.872103,,,226.420201,,
2017-08-25,256.3364,,261.446139,,219.244644,,,224.501285,,
2017-08-28,256.8086,,260.639804,,219.275746,,,223.429062,,
2017-08-29,257.0684,,261.045134,,219.555247,,,223.83532,,
2017-08-30,258.0437,,263.986996,,220.165418,,,226.129001,,
2017-08-31,259.4875,,264.891175,,221.078699,,,226.577006,,
2017-09-01,260.1057,,266.594527,,221.066107,,,227.479053,,
2017-09-05,260.0243,,265.394583,,220.481121,,,225.926624,,
2017-09-06,260.2521,,265.50449,,220.823825,,,226.173357,,
2017-09-07,260.9756,,263.897398,,221.029929,,,224.390349,,
2017-09-08,260.3509,,262.996637,,220.771151,,,223.89857,,
2017-09-11,260.9636,,265.457363,,221.944897,,,226.661571,,
2017-09-12,261.6155,,265.78468,,222.269148,,,226.706277,,
2017-09-13,261.3394,,267.320361,,222.236146,,,228.22317,,
2017-09-14,261.7247,,266.975445,,222.245669,,,227.602906,,
2017-09-15,261.9491,,266.703076,,222.403004,,,227.336752,,
2017-09-18,262.0343,,266.606731,,222.654173,,,227.437301,,
2017-09-19,262.6475,,266.212444,,222.736596,,,226.654605,,
2017-09-20,262.8625,,268.760729,,222.711895,,,228.611713,,
2017-09-21,262.1208,,266.855543,,222.339496,,,227.252802,,
2017-09-22,262.6391,,267.251162,,222.433387,,,227.236496,,
2017-09-25,263.1777,,270.041409,,222.367648,,,229.071346,,
2017-09-26,262.7182,,270.859285,,222.416113,,,230.217166,,
2017-09-27,262.9483,,272.190661,,222.676109,,,231.416523,,
2017-09-28,263.1058,,271.399294,,222.846101,,,230.781621,,
2017-09-29,263.6995,,271.408354,,223.244186,,,230.681065,,
2017-10-02,263.6399,,273.195018,,223.878424,,,232.911947,,
2017-10-03,264.2829,,273.581489,,224.239855,,,233.049586,,
2017-10-04,264.1239,,273.08205,,224.377396,,,232.906947,,
2017-10-05,264.8341,,274.931655,,225.134421,,,234.644636,,
2017-10-06,264.4473,,273.996648,,224.837465,,,233.879782,,
2017-10-09,265.1621,,274.585147,,224.746375,,,233.65559,,
2017-10-10,265.8738,,273.745871,,225.110493,,,232.694255,,
2017-10-11,266.3435,,273.063912,,225.334246,,,231.935535,,
2017-10-12,266.094,,273.463068,,225.240208,,,232.395336,,
2017-10-13,266.8375,,274.505621,,225.628497,,,233.032351,,
2017-10-16,267.028,,275.216279,,225.720026,,,233.563673,,
2017-10-17,266.3942,,275.25378,,225.785452,,,234.219134,,
2017-10-18,266.1993,,274.548375,,225.769944,,,233.773877,,
2017-10-19,266.5183,,273.406827,,225.881242,,,232.63785,,
2017-10-20,266.5826,,275.18182,,226.31344,,,234.539595,,
2017-10-23,266.1363,,275.375822,,225.88273,,,234.651108,,
2017-10-24,266.384,,275.339188,,225.9269,,,234.447562,,
2017-10-25,264.6912,,272.408288,,225.200137,,,232.684445,,
2017-10-26,264.6191,,276.139783,,225.279984,,,236.019718,,
2017-10-27,265.8287,,278.465722,,226.577449,,,238.289248,,
2017-10-30,265.9258,,277.489081,,226.322321,,,237.099534,,
2017-10-31,266.2669,,277.952372,,226.47513,,,237.351296,,
2017-11-01,267.079,,279.481658,,226.699991,,,238.167754,,
2017-11-02,267.8016,,279.261878,,226.797492,,,237.440405,,
2017-11-03,267.9744,,280.669893,,227.338087,,,239.052126,,
2017-11-06,269.5497,,282.297935,,227.636081,,,239.346916,,
2017-11-07,268.948,,282.217231,,227.560694,,,239.734394,,
2017-11-08,268.7781,,281.822452,,227.737167,,,239.736141,,
2017-11-09,267.8492,,279.712194,,227.17629,,,238.17816,,
2017-11-10,266.7958,,278.108074,,226.768628,,,237.320617,,
2017-11-13,267.3979,,278.637748,,226.895692,,,237.370146,,
2017-11-14,267.6307,,275.78836,,226.667355,,,234.502171,,
2017-11-15,267.4754,,275.796645,,226.161072,,,234.121272,,
2017-11-16,267.9584,,276.797072,,227.218591,,,235.643718,,
2017-11-17,268.9941,,277.433184,,226.910158,,,234.956507,,
2017-11-20,268.9278,,278.669817,,227.10352,,,236.263149,,
2017-11-21,270.0046,,279.65214,,228.079584,,,237.165374,,
2017-11-22,270.3996,,278.054792,,228.120655,,,235.508636,,
2017-11-24,270.5918,,275.768224,,228.413572,,,233.705743,,
2017-11-27,270.0226,,275.90282,,228.347117,,,234.244523,,
2017-11-28,272.0409,,279.388077,,229.736899,,,236.87668,,
2017-11-29,270.7494,,277.841065,,229.424697,,,236.367079,,
2017-11-30,271.5271,,277.309562,,230.48618,,,236.327599,,
2017-12-01,272.4017,,278.413289,,230.461109,,,236.480689,,
2017-12-04,272.3494,,279.066028,,230.288179,,,236.902739,,
2017-12-05,271.6681,,279.295419,,229.877038,,,237.267715,,
2017-12-06,271.026,,279.334508,,229.998882,,,237.989198,,
2017-12-07,271.3576,,280.222678,,230.312633,,,238.779445,,
2017-12-08,272.3371,,281.310644,,231.036733,,,239.595291,,
2017-12-11,272.3071,,281.301166,,231.423403,,,240.014639,,
2017-12-12,272.3822,,282.018587,,231.624956,,,240.76993,,
2017-12-13,272.7192,,280.361804,,231.870136,,,239.31275,,
2017-12-14,272.0241,,280.782159,,231.323372,,,239.717384,,
2017-12-15,273.6345,,283.20183,,232.513385,,,241.596729,,
2017-12-18,274.9351,,283.692942,,233.277368,,,241.662262,,
2017-12-19,273.876,,281.24898,,232.459645,,,239.663798,,
2017-12-20,274.3045,,280.910711,,232.178885,,,238.712948,,
2017-12-21,275.6929,,282.263595,,232.54199,,,239.02788,,
2017-12-22,275.8805,,282.820085,,232.55039,,,239.344915,,
2017-12-26,276.4187,,283.390941,,232.46081,,,239.268858,,
2017-12-27,277.1649,,283.481803,,232.818682,,,239.068672,,
2017-12-28,277.802,,282.798682,,233.039116,,,238.170914,,
2017-12-29,277.2427,,280.759965,,232.607776,,,236.492394,,
2018-01-02,279.4966,,281.791337,,233.468294,,,236.318056,,
2018-01-03,280.8404,,284.183154,,234.360122,,,238.089558,,
2018-01-04,282.1653,,284.246217,,234.898385,,,237.568583,,
2018-01-05,282.4543,,285.502579,,235.773829,,,239.262882,,
2018-01-08,282.8459,,287.341408,,236.011452,,,240.712859,,
2018-01-09,281.7704,,286.975431,,236.073163,,,241.386987,,
2018-01-10,281.9056,,286.846386,,235.855186,,,240.940051,,
2018-01-11,284.107,,287.070482,,236.920392,,,240.340485,,
2018-01-12,286.0002,,284.922113,,237.837977,,,237.880536,,
2018-01-16,285.4647,,283.080297,,237.373918,,,236.324157,,
2018-01-17,286.675,,286.030337,,238.628891,,,239.035931,,
2018-01-18,285.5653,,283.707692,,238.173746,,,237.562261,,
2018-01-19,286.2193,,284.878925,,238.629812,,,238.45366,,
2018-01-22,287.8349,,285.379488,,239.750353,,,238.647256,,
2018-01-23,288.5996,,285.288432,,240.292849,,,238.47737,,
2018-01-24,288.8884,,283.071933,,240.131753,,,236.22953,,
2018-01-25,288.5504,,283.057861,,240.447498,,,236.805447,,
2018-01-26,290.2678,,283.92468,,241.933468,,,237.584511,,
2018-01-29,288.7509,,283.519922,,240.811984,,,237.38661,,
2018-01-30,286.1684,,280.512962,,239.167474,,,235.370084,,
2018-01-31,286.5202,,280.608926,,239.317279,,,235.308806,,
2018-02-01,286.1802,,278.149464,,238.857272,,,233.074628,,
2018-02-02,282.0711,,275.320073,,235.456065,,,230.731587,,
2018-02-05,280.182,,275.433268,,229.931619,,,226.930436,,
2018-02-06,281.6321,,276.628392,,232.383279,,,229.159233,,
2018-02-07,281.3403,,278.912995,,231.414162,,,230.32688,,
2018-02-08,281.0281,,278.969748,,226.051731,,,225.285422,,
2018-02-09,280.0353,,277.925216,,227.969818,,,227.148782,,
2018-02-12,280.9864,,277.929814,,229.998658,,,228.398384,,
2018-02-13,281.4777,,277.083421,,230.376387,,,227.678698,,
2018-02-14,281.0965,,274.498828,,231.928554,,,227.382567,,
2018-02-15,281.5372,,273.680515,,233.82082,,,228.196594,,
2018-02-16,281.6876,,275.967179,,234.042666,,,230.198574,,
2018-02-20,281.9534,,277.848669,,233.071698,,,230.588908,,
2018-02-21,280.7002,,277.83435,,232.073639,,,230.614662,,
2018-02-22,280.8307,,276.903922,,232.26151,,,229.921538,,
2018-02-23,281.7524,,278.633074,,234.72224,,,233.043594,,
2018-02-26,282.3125,,278.647503,,236.423507,,,234.279124,,
2018-02-27,282.4804,,280.752988,,234.446158,,,233.936008,,
2018-02-28,282.2981,,281.462309,,233.284695,,,233.515884,,
2018-03-01,282.5097,,279.987827,,231.327744,,,230.17142,,
2018-03-02,282.209,,278.570225,,231.899161,,,229.816338,,
2018-03-05,282.9059,,278.809903,,233.449211,,,230.981123,,
2018-03-06,284.6888,,279.044603,,233.824332,,,230.096936,,
2018-03-07,284.9099,,279.083559,,233.754782,,,229.882073,,
2018-03-08,284.7675,,281.203049,,234.588025,,,232.569805,,
2018-03-09,285.7534,,282.357795,,236.858066,,,234.971095,,
2018-03-12,287.026,,282.923102,,236.734891,,,234.275747,,
2018-03-13,286.7159,,281.349089,,235.946343,,,232.447497,,
2018-03-14,286.8082,,281.947162,,235.375419,,,232.303181,,
2018-03-15,285.5846,,282.172653,,235.223116,,,233.333999,,
2018-03-16,285.4892,,282.452575,,235.330189,,,233.749875,,
2018-03-19,285.2337,,281.119953,,233.31891,,,230.8653,,
2018-03-20,284.9386,,282.983315,,233.408112,,,232.725181,,
2018-03-21,286.8803,,282.68322,,233.126426,,,230.626229,,
2018-03-22,285.5142,,282.162718,,229.812181,,,228.014702,,
2018-03-23,283.5473,,279.052925,,226.873979,,,224.16285,,
2018-03-26,286.0351,,279.456198,,230.566907,,,226.156606,,
2018-03-27,284.9773,,279.347654,,228.477633,,,224.851784,,
2018-03-28,283.1939,,279.735489,,228.114738,,,226.222035,,
2018-03-29,283.697,,280.401041,,230.127281,,,228.355182,,
2018-04-02,283.3548,,280.030943,,227.061138,,,225.287008,,
2018-04-03,283.3561,,280.760295,,228.70835,,,227.511331,,
2018-04-04,283.9798,,281.192646,,230.207632,,,228.851685,,
2018-04-05,283.4672,,281.572617,,231.165813,,,230.530875,,
2018-04-06,282.8316,,280.023784,,228.288932,,,226.918411,,
2018-04-09,283.6618,,279.906566,,229.037366,,,226.901026,,
2018-04-10,285.2916,,280.719582,,231.157287,,,228.354304,,
2018-04-11,285.5623,,280.726918,,230.509079,,,227.504039,,
2018-04-12,285.2831,,281.378505,,231.438301,,,229.175397,,
2018-04-13,284.9328,,280.957778,,231.050748,,,228.730395,,
2018-04-16,285.029,,279.92423,,232.214661,,,228.959657,,
2018-04-17,285.2429,,280.365317,,233.724788,,,230.63866,,
2018-04-18,285.0018,,280.021933,,233.573063,,,230.401388,,
2018-04-19,284.0432,,279.726651,,232.570139,,,229.943581,,
2018-04-20,283.5286,,280.567628,,231.125741,,,229.618508,,
2018-04-23,283.2299,,282.044381,,231.063271,,,231.008074,,
2018-04-24,282.8495,,281.129024,,229.071092,,,228.580113,,
2018-04-25,282.6701,,282.605011,,229.287801,,,230.143558,,
2018-04-26,283.2993,,284.563287,,230.844285,,,232.79325,,
2018-04-27,283.6341,,284.356857,,231.086251,,,232.593331,,
2018-04-30,283.1133,,284.979234,,230.043745,,,232.477679,,
2018-05-01,282.8904,,286.797055,,230.209177,,,234.313331,,
2018-05-02,282.5837,,287.466596,,229.284309,,,234.170672,,
2018-05-03,282.9279,,286.92121,,229.081039,,,233.2351,,
2018-05-04,283.3357,,288.017094,,230.927302,,,235.673165,,
2018-05-07,283.5675,,289.161833,,231.350638,,,236.849844,,
2018-05-08,283.753,,290.768017,,231.249966,,,237.906187,,
2018-05-09,283.9132,,291.261153,,232.48007,,,239.442146,,
2018-05-10,284.5349,,290.306598,,233.995061,,,239.687807,,
2018-05-11,284.4621,,289.678025,,234.468839,,,239.714419,,
2018-05-14,284.1745,,289.67147,,234.442696,,,239.924839,,
2018-05-15,283.6567,,291.31267,,233.05605,,,240.294924,,
2018-05-16,283.6741,,292.092998,,233.54078,,,241.424908,,
2018-05-17,283.4592,,292.210789,,233.298733,,,241.454864,,
2018-05-18,283.4546,,292.816859,,233.186195,,,241.842872,,
2018-05-21,283.7772,,292.580784,,234.253197,,,242.47765,,
2018-05-22,283.6796,,292.80546,,233.86141,,,242.341346,,
2018-05-23,284.0552,,295.268864,,234.497717,,,244.7211,,
2018-05-24,284.4159,,295.043394,,234.472187,,,244.197517,,
2018-05-25,284.1839,,296.607293,,234.341782,,,245.555673,,
2018-05-29,285.1424,,300.408575,,233.341398,,,246.808554,,
2018-05-30,285.407,,297.55177,,234.977156,,,245.946954,,
2018-05-31,284.8344,,296.215593,,234.033523,,,244.34949,,
2018-06-01,284.8673,,297.085918,,235.289141,,,246.353785,,
2018-06-04,284.5719,,295.742744,,235.743046,,,245.968143,,
2018-06-05,284.9367,,295.644199,,235.9166,,,245.752169,,
2018-06-06,284.5825,,293.857162,,236.882699,,,245.572267,,
2018-06-07,284.9999,,293.674545,,237.071177,,,245.255209,,
2018-06-08,285.1137,,294.575813,,237.371274,,,246.220976,,
2018-06-11,284.9027,,293.973062,,237.454495,,,245.985356,,
2018-06-12,284.6963,,294.695553,,237.663588,,,246.985976,,
2018-06-13,284.614,,293.443544,,237.118206,,,245.443248,,
2018-06-14,284.9021,,299.452148,,237.725437,,,250.85648,,
2018-06-15,283.5278,,296.995969,,237.573582,,,249.84516,,
2018-06-18,283.3378,,296.378136,,237.293831,,,249.198819,,
2018-06-19,283.6873,,297.629783,,236.848828,,,249.47419,,
2018-06-20,282.8003,,297.153089,,236.911682,,,249.922149,,
2018-06-21,282.8138,,296.332312,,236.053648,,,248.317322,,
2018-06-22,282.4721,,294.638533,,236.390629,,,247.549543,,
2018-06-25,281.5781,,292.503898,,234.416067,,,244.477022,,
2018-06-26,281.376,,293.719511,,234.874423,,,246.149728,,
2018-06-27,281.3954,,296.111973,,233.874854,,,247.081592,,
2018-06-28,281.856,,296.229993,,234.665879,,,247.610797,,
2018-06-29,281.3162,,292.769694,,234.950791,,,245.485686,,
2018-07-02,280.9103,,293.4173,,235.16063,,,246.604249,,
2018-07-03,281.0931,,293.132231,,234.864528,,,245.894439,,
2018-07-05,282.0277,,293.301763,,236.091915,,,246.50283,,
2018-07-06,282.6626,,292.650227,,237.391793,,,246.753945,,
2018-07-09,283.062,,292.866702,,238.583311,,,247.82572,,
2018-07-10,283.1309,,293.087649,,239.03384,,,248.420553,,
2018-07-11,281.5287,,293.214242,,238.014341,,,248.876218,,
2018-07-12,282.4388,,294.220092,,239.425014,,,250.400608,,
2018-07-13,282.2506,,293.676772,,239.63314,,,250.322271,,
2018-07-16,281.4668,,292.183554,,239.396089,,,249.495967,,
2018-07-17,281.0497,,293.019108,,239.943945,,,251.154231,,
2018-07-18,281.0258,,293.553075,,240.211705,,,251.914111,,
2018-07-19,280.7603,,293.205199,,239.821301,,,251.444194,,
2018-07-20,279.7945,,290.261694,,239.457556,,,249.400308,,
2018-07-23,278.2877,,289.36275,,239.392309,,,249.906006,,
2018-07-24,278.2914,,289.577121,,240.256018,,,250.990119,,
2018-07-25,279.4095,,289.639847,,241.49632,,,251.330703,,
2018-07-26,279.6654,,292.026647,,241.09751,,,252.751857,,
2018-07-27,279.826,,291.921041,,240.184281,,,251.558968,,
2018-07-30,278.7899,,289.550605,,239.338248,,,249.561412,,
2018-07-31,279.5581,,290.708572,,240.127371,,,250.694792,,
2018-08-01,277.6751,,289.535552,,239.785844,,,251.018882,,
2018-08-02,278.2005,,291.964028,,240.603438,,,253.507701,,
2018-08-03,278.7354,,292.990777,,241.442471,,,254.796451,,
2018-08-06,278.9755,,293.552811,,242.032454,,,255.688781,,
2018-08-07,278.911,,292.348785,,242.33796,,,255.020437,,
2018-08-08,278.8286,,291.975432,,242.274546,,,254.703356,,
2018-08-09,278.8117,,294.062579,,242.21806,,,256.479806,,
2018-08-10,279.2345,,297.492046,,241.451514,,,258.258191,,
2018-08-13,278.413,,296.653229,,240.964717,,,257.769134,,
2018-08-14,278.331,,298.286095,,241.795265,,,260.157954,,
2018-08-15,276.1181,,295.88324,,240.852077,,,259.115727,,
2018-08-16,276.0956,,295.039935,,242.0653,,,259.699877,,
2018-08-17,276.0903,,293.49668,,242.638358,,,258.958035,,
2018-08-20,277.5319,,293.862567,,243.147486,,,258.475289,,
2018-08-21,278.8214,,292.95959,,243.407576,,,256.763682,,
2018-08-22,279.7872,,293.305133,,243.402173,,,256.173476,,
2018-08-23,279.3023,,294.296609,,243.147744,,,257.216532,,
2018-08-24,282.5515,,295.629413,,244.130605,,,256.442581,,
2018-08-27,283.9103,,295.575682,,245.162263,,,256.24716,,
2018-08-28,282.7594,,293.959612,,245.05593,,,255.772423,,
2018-08-29,283.5955,,294.508982,,245.824972,,,256.296748,,
2018-08-30,283.2827,,295.08655,,245.270342,,,256.502904,,
2018-08-31,282.7825,,296.3506,,245.264372,,,258.051052,,
2018-09-04,282.4883,,296.551,,244.906426,,,258.11723,,
2018-09-05,281.6476,,294.43281,,244.463462,,,256.573616,,
2018-09-06,280.9661,,293.882109,,244.18468,,,256.422142,,
2018-09-07,280.0904,,294.776997,,243.552834,,,257.339493,,
2018-09-10,280.9936,,294.709592,,243.899335,,,256.818525,,
2018-09-11,280.6441,,294.018355,,244.219,,,256.871465,,
2018-09-12,281.5264,,294.399776,,244.311992,,,256.496251,,
2018-09-13,281.2894,,292.531447,,245.249109,,,256.061638,,
2018-09-14,281.3834,,294.361647,,245.089846,,,257.410322,,
2018-09-17,281.0188,,292.435151,,244.311359,,,255.24412,,
2018-09-18,280.9033,,292.781103,,244.891984,,,256.258724,,
2018-09-19,280.214,,291.864975,,244.863718,,,256.055718,,
2018-09-20,281.4795,,290.569121,,246.181619,,,255.138619,,
2018-09-21,280.9605,,290.7815,,246.127803,,,255.740829,,
2018-09-24,281.6238,,291.448137,,245.542871,,,255.115677,,
2018-09-25,282.0029,,291.384062,,245.35866,,,254.525616,,
2018-09-26,281.571,,291.654182,,245.143617,,,254.928718,,
2018-09-27,281.3968,,293.88506,,245.626061,,,257.543555,,
2018-09-28,281.2602,,294.69937,,245.537103,,,258.289018,,
2018-10-01,281.3647,,295.442899,,246.02187,,,259.355552,,
2018-10-02,281.4479,,296.326246,,246.054554,,,260.088651,,
2018-10-03,280.3627,,296.968571,,245.662017,,,261.243899,,
2018-10-04,278.7744,,294.352663,,244.227165,,,258.896951,,
2018-10-05,277.3132,,292.670003,,243.192749,,,257.677311,,
2018-10-08,275.6598,,291.644077,,243.157379,,,258.276603,,
2018-10-09,276.6497,,292.704113,,243.087479,,,258.213592,,
2018-10-10,272.3519,,287.476387,,238.435818,,,252.674347,,
2018-10-11,272.0436,,285.280881,,235.572482,,,248.01423,,
2018-10-12,273.0198,,287.191449,,237.556227,,,250.877474,,
2018-10-15,272.3326,,285.931708,,236.70123,,,249.506055,,
2018-10-16,274.6412,,288.495117,,239.862052,,,252.960209,,
2018-10-17,274.1417,,289.798358,,239.688301,,,254.381512,,
2018-10-18,272.8261,,289.616425,,237.543602,,,253.161988,,
2018-10-19,270.3625,,285.495492,,237.387527,,,251.66834,,
2018-10-22,270.0764,,286.412398,,236.736739,,,252.051174,,
2018-10-23,269.4699,,285.624702,,236.129566,,,251.277591,,
2018-10-24,265.7445,,283.607148,,232.07387,,,248.654898,,
2018-10-25,265.2025,,283.461694,,234.491864,,,251.630009,,
2018-10-26,264.314,,281.786126,,232.235029,,,248.567906,,
2018-10-29,262.2284,,280.317331,,231.364707,,,248.304862,,
2018-10-30,263.3279,,282.222266,,233.293694,,,251.024024,,
2018-10-31,263.6641,,283.37201,,234.745285,,,253.291558,,
2018-11-01,266.3446,,283.831483,,236.247092,,,252.755741,,
2018-11-02,265.4893,,283.444276,,235.131716,,,252.028567,,
2018-11-05,265.6091,,283.089878,,235.966623,,,252.493299,,
2018-11-06,265.3357,,282.325731,,236.877017,,,253.043734,,
2018-11-07,266.6623,,283.734793,,239.996945,,,256.374351,,
2018-11-08,264.9949,,283.509003,,239.56271,,,257.315793,,
2018-11-09,263.7944,,282.926767,,238.275331,,,256.56974,,
2018-11-12,261.0789,,282.942341,,235.762374,,,256.518417,,
2018-11-13,260.464,,280.498095,,235.533336,,,254.655161,,
2018-11-14,260.905,,280.530679,,234.578624,,,253.223661,,
2018-11-15,262.3183,,281.594522,,236.159919,,,254.518698,,
2018-11-16,263.2098,,280.296764,,236.688122,,,253.052353,,
2018-11-19,261.5236,,277.620768,,234.273184,,,249.678722,,
2018-11-20,260.1316,,278.156604,,231.642698,,,248.675366,,
2018-11-21,260.7914,,278.509371,,232.173072,,,248.929452,,
2018-11-23,259.8229,,278.652473,,231.214573,,,248.95369,,
2018-11-26,261.0272,,280.139285,,233.437696,,,251.522665,,
2018-11-27,260.7713,,280.876305,,233.937712,,,252.972573,,
2018-11-28,262.7794,,281.076875,,237.343146,,,254.875671,,
2018-11-29,263.4882,,281.181906,,237.073149,,,253.995754,,
2018-11-30,263.9307,,283.498137,,237.922325,,,256.574435,,
2018-12-03,266.95,,285.884992,,239.968038,,,258.007732,,
2018-12-04,265.2622,,284.322929,,235.555478,,,253.482284,,
2018-12-06,265.3022,,283.515913,,235.568911,,,252.739109,,
2018-12-07,262.4117,,280.013454,,232.421237,,,248.994297,,
2018-12-10,262.9413,,281.515075,,232.739097,,,250.167036,,
2018-12-11,262.9297,,282.457863,,232.808158,,,251.090398,,
2018-12-12,263.6714,,281.968964,,233.433874,,,250.622495,,
2018-12-13,262.7319,,281.258683,,233.419708,,,250.869892,,
2018-12-14,260.8465,,280.554625,,230.85426,,,249.280438,,
2018-12-17,259.5005,,278.024652,,228.293019,,,245.55887,,
2018-12-18,260.4741,,278.745945,,228.413546,,,245.405197,,
2018-12-19,259.0167,,276.808629,,226.447275,,,242.961156,,
2018-12-20,258.0079,,274.05379,,224.148815,,,239.032605,,
2018-12-21,255.7552,,273.474549,,221.352445,,,237.626382,,
2018-12-24,254.2827,,271.182088,,217.903385,,,233.306076,,
2018-12-26,259.1066,,277.487698,,224.346644,,,241.214118,,
2018-12-27,260.7382,,277.363443,,225.514707,,,240.844823,,
2018-12-28,261.4332,,277.815908,,225.67539,,,240.767832,,
2018-12-31,262.9141,,279.277314,,227.092261,,,242.182079,,
2019-01-02,263.6127,,282.542447,,227.303169,,,244.591156,,
2019-01-03,262.2282,,279.815189,,224.422107,,,240.42267,,
2019-01-04,264.6897,,282.347602,,228.669419,,,244.89112,,
2019-01-07,266.825,,282.705392,,229.586194,,,244.214378,,
2019-01-08,267.2544,,284.001894,,230.81991,,,246.256401,,
2019-01-09,269.1565,,283.500475,,231.542904,,,244.848971,,
2019-01-10,268.4254,,283.770397,,231.933466,,,246.164138,,
2019-01-11,268.757,,284.901355,,232.108124,,,247.026168,,
2019-01-14,267.4838,,283.56651,,231.138057,,,246.006623,,
2019-01-15,268.4693,,285.972849,,232.736917,,,248.893375,,
2019-01-16,268.6307,,286.689867,,233.150422,,,249.81056,,
2019-01-17,269.6109,,287.806706,,234.147677,,,250.940757,,
2019-01-18,270.2957,,289.220872,,235.949362,,,253.470364,,
2019-01-22,268.6758,,287.545761,,234.116119,,,251.551912,,
2019-01-23,268.4294,,286.724222,,234.49795,,,251.472929,,
2019-01-24,270.3075,,290.679013,,234.741607,,,253.43322,,
2019-01-25,272.8629,,290.838928,,235.889189,,,252.425933,,
2019-01-28,270.3183,,287.622343,,234.753518,,,250.770918,,
2019-01-29,269.9509,,287.103272,,234.811322,,,250.720754,,
2019-01-30,273.6996,,289.862831,,237.250709,,,252.257317,,
2019-01-31,276.5944,,293.765411,,238.79192,,,254.621335,,
2019-02-01,276.3676,,293.334895,,238.662375,,,254.31879,,
2019-02-04,276.0661,,293.470955,,239.588322,,,255.702856,,
2019-02-05,277.2345,,295.527028,,240.39471,,,257.27212,,
2019-02-06,276.7757,,296.136334,,240.160328,,,257.978131,,
2019-02-07,275.846,,295.727209,,238.831706,,,257.059976,,
2019-02-08,276.7687,,297.230152,,239.216392,,,257.919818,,
2019-02-11,276.5835,,298.208795,,239.19915,,,258.923638,,
2019-02-12,278.6417,,299.135922,,241.063861,,,259.819925,,
2019-02-13,278.5276,,300.712943,,241.350835,,,261.607733,,
2019-02-14,279.7297,,301.098956,,241.17901,,,260.632198,,
2019-02-15,281.6439,,303.253362,,242.835956,,,262.504138,,
2019-02-19,283.4084,,303.8293,,243.134442,,,261.686493,,
2019-02-20,283.1039,,303.604596,,243.439975,,,262.103169,,
2019-02-21,280.5567,,300.923379,,242.700862,,,261.351196,,
2019-02-22,282.2657,,302.855307,,243.856501,,,262.68139,,
2019-02-25,282.4632,,302.365379,,244.022085,,,262.251033,,
2019-02-26,282.7071,,301.789407,,244.030309,,,261.534468,,
2019-02-27,281.4714,,300.969784,,243.749559,,,261.66784,,
2019-02-28,280.529,,299.933082,,243.308718,,,261.169324,,
2019-03-01,279.9621,,299.535079,,244.059215,,,262.157053,,
2019-03-04,279.1722,,299.308977,,243.652527,,,262.262612,,
2019-03-05,278.5468,,299.480982,,243.510199,,,262.848872,,
2019-03-06,277.5975,,298.494655,,242.77222,,,262.082417,,
2019-03-07,277.0806,,300.941336,,241.826002,,,263.69179,,
2019-03-08,277.4066,,300.267976,,241.66021,,,262.612421,,
2019-03-11,279.2153,,301.884378,,243.77319,,,264.609393,,
2019-03-12,281.0573,,302.747778,,244.508006,,,264.421684,,
2019-03-13,282.2898,,303.012205,,245.433171,,,264.494157,,
2019-03-14,280.8577,,302.075089,,245.19109,,,264.759254,,
2019-03-15,282.2691,,303.035471,,246.169171,,,265.327142,,
2019-03-18,282.8907,,303.394692,,246.679414,,,265.607359,,
2019-03-19,283.2688,,303.380006,,246.674555,,,265.234769,,
2019-03-20,285.5348,,304.145649,,246.625258,,,263.741215,,
2019-03-21,287.3306,,307.151121,,248.307939,,,266.488651,,
2019-03-22,285.6484,,307.320144,,245.946674,,,265.655049,,
2019-03-25,285.9836,,307.367962,,246.021616,,,265.465827,,
2019-03-26,286.3051,,308.969999,,247.130717,,,267.751458,,
2019-03-27,285.4996,,308.689872,,246.569534,,,267.654272,,
2019-03-28,285.7437,,309.642273,,247.130277,,,268.860763,,
2019-03-29,286.6086,,310.62658,,248.067366,,,269.921153,,
2019-04-01,286.6779,,310.837472,,249.376317,,,271.464002,,
2019-04-02,287.1224,,311.5445,,249.555567,,,271.855524,,
2019-04-03,286.3284,,309.916753,,249.605619,,,271.239461,,
2019-04-04,286.3548,,310.287889,,250.082827,,,272.058384,,
2019-04-05,287.4894,,311.653429,,250.88061,,,273.045522,,
2019-04-08,287.6849,,310.544485,,250.945025,,,271.958872,,
2019-04-09,287.4144,,310.280041,,250.2349,,,271.213364,,
2019-04-10,288.9075,,311.5544,,250.943659,,,271.687205,,
2019-04-11,287.6116,,310.738514,,250.770318,,,272.008644,,
2019-04-12,287.3829,,309.221813,,251.593711,,,271.785866,,
2019-04-15,287.3437,,309.048339,,251.483444,,,271.551384,,
2019-04-16,286.1808,,308.42245,,251.408388,,,272.021443,,
2019-04-17,285.1077,,306.914969,,251.031363,,,271.30325,,
2019-04-18,285.7205,,309.352418,,251.454884,,,273.331746,,
2019-04-22,286.7605,,309.692373,,251.466684,,,272.652524,,
2019-04-23,287.7179,,311.559419,,252.997814,,,275.048107,,
2019-04-24,288.0313,,313.962639,,252.895482,,,276.756127,,
2019-04-25,287.6596,,314.182855,,252.791167,,,277.193724,,
2019-04-26,288.8712,,315.271078,,253.701426,,,277.984565,,
2019-04-29,287.868,,312.881313,,253.769999,,,276.913674,,
2019-04-30,288.7317,,312.986193,,253.903448,,,276.323103,,
2019-05-01,287.2104,,311.940675,,252.828755,,,275.686944,,
2019-05-02,286.272,,311.56446,,252.271914,,,275.648624,,
2019-05-03,287.8508,,312.429666,,253.924903,,,276.699266,,
2019-05-06,287.5256,,312.118497,,253.428766,,,276.195619,,
2019-05-07,286.1787,,310.900689,,251.013138,,,273.778109,,
2019-05-08,285.4094,,310.037227,,250.780045,,,273.499435,,
2019-05-09,285.6917,,309.7212,,250.382051,,,272.517496,,
2019-05-10,286.1581,,309.726909,,251.165128,,,272.929276,,
2019-05-13,283.4337,,307.056964,,247.538465,,,269.232848,,
2019-05-14,284.8197,,309.070763,,248.956971,,,271.225226,,
2019-05-15,286.5043,,310.982074,,250.00374,,,272.438578,,
2019-05-16,286.7522,,312.000499,,251.281243,,,274.489976,,
2019-05-17,285.1231,,310.695114,,250.327742,,,273.86018,,
2019-05-20,283.6886,,308.874481,,249.199888,,,272.39923,,
2019-05-21,284.7778,,310.257664,,250.545274,,,274.044121,,
2019-05-22,285.1187,,310.865863,,250.243058,,,273.922217,,
2019-05-23,283.8878,,308.654609,,248.704078,,,271.473118,,
2019-05-24,284.5341,,308.744311,,249.080278,,,271.34503,,
2019-05-28,284.9414,,310.391396,,247.835909,,,271.041779,,
2019-05-29,283.8763,,310.047936,,246.863475,,,270.691384,,
2019-05-30,285.3699,,311.729647,,247.536217,,,271.472962,,
2019-05-31,285.0826,,310.314424,,245.994251,,,268.82775,,
2019-06-03,285.6537,,308.952661,,245.850113,,,266.95643,,
2019-06-04,288.137,,311.328296,,248.962584,,,270.067009,,
2019-06-05,288.6601,,312.746836,,250.201744,,,272.153791,,
2019-06-06,290.819,,313.554548,,251.155914,,,271.863952,,
2019-06-07,293.7931,,315.195744,,252.944021,,,272.446391,,
2019-06-10,292.7618,,314.650218,,253.383339,,,273.406963,,
2019-06-11,291.9706,,313.398121,,253.319437,,,272.98807,,
2019-06-12,291.8082,,314.300526,,253.18075,,,273.776512,,
2019-06-13,292.767,,315.632444,,254.031417,,,274.957034,,
2019-06-14,292.1722,,316.944619,,253.832789,,,276.445867,,
2019-06-17,292.5299,,317.021479,,253.862873,,,276.207523,,
2019-06-18,294.6989,,320.076832,,255.733867,,,278.857197,,
2019-06-19,296.1866,,320.747013,,256.434255,,,278.798954,,
2019-06-20,299.6404,,322.604949,,258.076183,,,278.956491,,
2019-06-21,298.5581,,319.25698,,257.584044,,,276.533905,,
2019-06-24,299.6973,,319.642939,,257.581312,,,275.812868,,
2019-06-25,298.0553,,318.797836,,256.073371,,,274.979819,,
2019-06-26,297.4734,,318.105472,,255.692538,,,274.510489,,
2019-06-27,298.6084,,319.316384,,256.523499,,,275.400184,,
2019-06-28,299.575,,320.381016,,257.269256,,,276.227545,,
2019-07-01,299.7383,,322.901948,,258.753443,,,279.854601,,
2019-07-02,301.4434,,324.750329,,259.340113,,,280.499055,,
2019-07-03,303.286,,326.941098,,260.74882,,,282.200249,,
2019-07-05,301.2537,,326.292418,,260.140383,,,282.878705,,
2019-07-08,300.5516,,325.828059,,259.22302,,,282.13755,,
2019-07-09,301.3011,,326.824201,,259.386163,,,282.473807,,
2019-07-10,302.5851,,326.962528,,260.205603,,,282.283163,,
2019-07-11,301.1069,,325.278503,,260.188599,,,282.189472,,
2019-07-12,300.8018,,324.48469,,260.994122,,,282.658724,,
2019-07-15,301.3315,,325.405472,,261.197811,,,283.183365,,
2019-07-16,299.4697,,324.782605,,260.589522,,,283.736175,,
2019-07-17,300.7706,,325.769165,,259.791709,,,282.499555,,
2019-07-18,301.1784,,324.692146,,260.523444,,,281.976334,,
2019-07-19,299.3661,,324.369306,,259.542129,,,282.333806,,
2019-07-22,300.3191,,325.727048,,260.047485,,,283.166201,,
2019-07-23,300.3405,,327.421132,,261.059981,,,285.726812,,
2019-07-24,302.5074,,330.126814,,261.947298,,,286.996505,,
2019-07-25,300.4174,,327.648934,,261.049061,,,285.840458,,
2019-07-26,300.8966,,328.826469,,262.109944,,,287.574832,,
2019-07-29,300.5642,,327.870811,,261.867533,,,286.790689,,
2019-07-30,300.9205,,327.965199,,261.468141,,,286.096572,,
2019-07-31,298.468,,327.639153,,259.800083,,,286.322312,,
2019-08-01,298.0354,,326.877969,,259.264834,,,285.482375,,
2019-08-02,296.4715,,324.530314,,258.127524,,,283.67726,,
2019-08-05,293.0158,,317.981753,,253.922845,,,276.650094,,
2019-08-06,295.7786,,321.106072,,256.330355,,,279.382819,,
2019-08-07,296.4116,,321.784655,,256.363201,,,279.411134,,
2019-08-08,301.6903,,328.063037,,259.483181,,,283.284659,,
2019-08-09,299.7301,,325.404656,,258.28705,,,281.523027,,
2019-08-12,299.2832,,324.473241,,256.772667,,,279.48804,,
2019-08-13,300.9267,,327.496328,,259.025884,,,283.013248,,
2019-08-14,297.5653,,324.785972,,254.759604,,,279.166582,,
2019-08-15,298.6212,,326.865809,,255.626876,,,280.913919,,
2019-08-16,300.1789,,329.080465,,257.799592,,,283.740973,,
2019-08-19,301.0095,,330.3336,,259.397751,,,285.796327,,
2019-08-20,300.9542,,329.639101,,258.486191,,,284.245466,,
2019-08-21,301.9305,,331.158983,,259.69446,,,285.963186,,
2019-08-22,300.8226,,330.092736,,259.376148,,,285.741573,,
2019-08-23,298.1238,,325.421857,,255.793183,,,280.321833,,
2019-08-26,299.583,,328.116514,,257.4478,,,283.085741,,
2019-08-27,300.8606,,329.809955,,257.16465,,,283.026825,,
2019-08-28,302.0029,,331.44472,,258.262732,,,284.56378,,
2019-08-29,303.827,,334.067907,,260.184146,,,287.214994,,
2019-08-30,303.755,,336.089184,,260.209142,,,289.049046,,
2019-09-03,303.0344,,335.75024,,259.273777,,,288.403736,,
2019-09-04,305.4524,,336.497247,,261.217828,,,288.907407,,
2019-09-05,305.3453,,336.415844,,262.778536,,,290.66516,,
2019-09-06,305.4031,,336.766413,,263.016033,,,291.17591,,
2019-09-09,303.6141,,334.120898,,262.647733,,,290.183857,,
2019-09-10,301.3906,,331.794122,,262.040744,,,289.618097,,
2019-09-11,302.2364,,333.716442,,263.182118,,,291.746129,,
2019-09-12,302.2915,,332.172278,,263.558257,,,290.758194,,
2019-09-13,300.2521,,329.677999,,262.829415,,,289.731535,,
2019-09-16,302.6471,,334.498028,,262.619105,,,291.407851,,
2019-09-17,303.3078,,333.030162,,263.177185,,,290.112282,,
2019-09-18,303.1132,,334.101952,,263.403376,,,291.483106,,
2019-09-19,303.5047,,334.194117,,263.541923,,,291.340578,,
2019-09-20,304.325,,335.815183,,263.170609,,,291.553306,,
2019-09-23,304.8641,,337.153714,,263.181446,,,292.209828,,
2019-09-24,303.8801,,335.242088,,262.22773,,,290.43756,,
2019-09-25,303.0144,,336.648514,,262.728735,,,293.04809,,
2019-09-26,303.0107,,337.350396,,262.573077,,,293.488671,,
2019-09-27,301.5646,,335.102099,,261.860406,,,292.13562,,
2019-09-30,301.5408,,336.403999,,262.61216,,,294.135732,,
2019-10-01,299.7942,,333.381637,,260.928755,,,291.311935,,
2019-10-02,297.2436,,329.739955,,258.235179,,,287.6023,,
2019-10-03,299.9467,,332.586832,,259.905279,,,289.330322,,
2019-10-04,302.6515,,335.203804,,262.186769,,,291.537729,,
2019-10-07,300.7987,,333.340007,,261.224308,,,290.631685,,
2019-10-08,298.603,,331.326579,,258.823038,,,288.325417,,
2019-10-09,299.6955,,332.087188,,260.242304,,,289.512741,,
2019-10-10,299.2264,,330.549042,,260.936159,,,289.393084,,
2019-10-11,300.286,,330.811752,,262.224507,,,290.026052,,
2019-10-14,301.0194,,331.923498,,262.231446,,,290.299421,,
2019-10-15,301.1993,,331.896092,,263.445996,,,291.445712,,
2019-10-16,300.3292,,329.777548,,263.372952,,,290.343818,,
2019-10-17,300.4723,,328.37164,,263.806747,,,289.444291,,
2019-10-18,299.2437,,325.699719,,263.191695,,,287.595732,,
2019-10-21,300.4109,,327.568377,,263.97681,,,288.981437,,
2019-10-22,300.329,,328.191432,,263.613292,,,289.211236,,
2019-10-23,300.6287,,328.356603,,264.161362,,,289.669318,,
2019-10-24,301.17,,329.732872,,264.447278,,,290.674896,,
2019-10-25,302.0666,,331.460769,,264.94544,,,291.879614,,
2019-10-28,301.6796,,330.421733,,265.622773,,,292.082713,,
2019-10-29,301.0752,,329.394731,,265.587933,,,291.721133,,
2019-10-30,302.5134,,329.828404,,266.377956,,,291.581259,,
2019-10-31,303.7816,,331.184383,,266.354887,,,291.532475,,
2019-11-01,305.7898,,332.973611,,267.874539,,,292.843875,,
2019-11-04,306.4136,,334.75025,,268.250951,,,294.219891,,
2019-11-05,304.6707,,334.466202,,267.674302,,,295.01637,,
2019-11-06,304.4496,,334.468121,,267.872814,,,295.451263,,
2019-11-07,303.2608,,333.653572,,267.925234,,,295.945001,,
2019-11-08,302.8886,,334.208916,,268.276039,,,297.190469,,
2019-11-11,302.5214,,333.346891,,267.982602,,,296.459106,,
2019-11-12,303.1748,,334.792112,,268.434447,,,297.603648,,
2019-11-13,303.9489,,335.726229,,268.674527,,,297.940181,,
2019-11-14,305.2679,,336.727281,,269.216476,,,298.137556,,
2019-11-15,306.2579,,336.966289,,270.328552,,,298.613171,,
2019-11-18,306.4219,,336.455503,,270.661686,,,298.36818,,
2019-11-19,307.0878,,336.994917,,270.68066,,,298.219407,,
2019-11-20,307.8115,,337.975198,,270.341424,,,298.009751,,
2019-11-21,306.6348,,337.100297,,269.923428,,,297.917601,,
2019-11-22,306.3469,,338.01562,,270.345588,,,299.474917,,
2019-11-25,307.8785,,339.856691,,271.708192,,,301.118254,,
2019-11-26,308.3111,,340.114958,,272.229572,,,301.501697,,
2019-11-27,308.739,,341.237251,,272.829696,,,302.74325,,
2019-11-29,307.9797,,339.900504,,272.079649,,,301.469696,,
2019-12-02,305.4674,,335.198553,,270.57217,,,298.083734,,
2019-12-03,305.8073,,335.495829,,269.978542,,,297.362645,,
2019-12-04,306.3365,,336.185622,,270.792001,,,298.355541,,
2019-12-05,305.9181,,334.925248,,270.968529,,,297.837553,,
2019-12-06,307.0446,,337.498929,,272.283769,,,300.476545,,
2019-12-09,306.4899,,336.782635,,271.832617,,,299.883781,,
2019-12-10,306.5045,,335.93028,,271.613373,,,298.869319,,
2019-12-11,307.9831,,336.42257,,272.374109,,,298.704626,,
2019-12-12,309.0633,,337.6723,,273.308887,,,299.791724,,
2019-12-13,309.987,,338.946517,,273.846674,,100.0,300.616665,,100.0
2019-12-16,311.4462,,339.765843,,274.748306,,100.884434,300.918987,,100.654489
2019-12-17,311.6694,,339.838562,,274.800173,,100.353774,300.824624,,100.074748
2019-12-18,311.3388,,340.577764,,274.596494,,99.941038,301.575404,,99.986002
2019-12-19,312.5358,,341.681188,,275.388472,,100.176887,302.262967,,100.161572
2019-12-20,314.0669,,344.722166,,276.140893,,100.294811,304.295587,,100.67875
2019-12-23,314.9481,,345.287228,,276.306773,,100.235849,304.124173,,100.502508
2019-12-24,315.998,,346.569531,,276.456829,,100.471698,304.404631,,100.777155
2019-12-26,317.3129,,347.657233,,277.438973,,100.648585,305.174961,,100.851769
2019-12-27,317.0114,,344.899302,,277.538276,,100.648585,303.150445,,100.146878
2019-12-30,315.6408,,342.659889,,276.624967,,100.589623,301.494503,,99.870131
2019-12-31,315.5794,,341.866669,,276.770857,,100.176887,301.013768,,99.249414
2020-01-02,319.5107,,347.683811,,278.626643,,101.591981,304.396456,,101.104572
2020-01-03,320.7257,,349.50649,,277.685175,,102.063679,303.803005,,101.719685
2020-01-06,321.4077,,348.967183,,278.237681,,101.945755,303.29283,,101.230122
2020-01-07,320.9582,,349.872757,,277.652047,,101.474057,303.864817,,101.164696
2020-01-08,319.8709,,350.163211,,278.405357,,101.356132,305.978745,,101.47478
2020-01-09,320.4966,,350.841847,,279.658624,,101.415094,307.3506,,101.531983
2020-01-10,320.6723,,350.658441,,279.372294,,102.122642,306.707271,,102.130909
2020-01-13,320.8171,,350.296889,,280.448781,,102.181604,307.432812,,102.038436
2020-01-14,320.7522,,350.452652,,280.291951,,102.358491,307.459716,,102.281217
2020-01-15,321.3844,,350.428476,,280.840115,,102.59434,307.43381,,102.308167
2020-01-16,322.0641,,351.58269,,282.240551,,102.417453,309.330302,,102.251913
2020-01-17,321.88,,352.905977,,282.635545,,102.417453,311.106932,,102.695472
2020-01-21,321.9628,,353.197433,,282.633971,,102.417453,311.282059,,102.753854
2020-01-22,321.9701,,352.871102,,282.711778,,102.59434,311.073017,,102.833888
2020-01-23,322.7146,,355.01205,,283.055016,,102.771226,312.617455,,103.397092
2020-01-24,322.5084,,355.660598,,281.752994,,102.889151,311.947243,,103.771146
2020-01-27,321.6331,,354.856271,,279.395082,,102.535377,309.47701,,103.461266
2020-01-28,321.8624,,355.006159,,281.042777,,102.358491,311.21173,,103.252796
2020-01-29,321.9005,,355.444837,,281.165934,,103.007075,311.695941,,104.023131
2020-01-30,323.2117,,356.203548,,281.728983,,102.830189,311.717068,,103.643986
2020-01-31,321.2967,,352.060074,,278.98481,,102.712264,306.908528,,102.930746
2020-02-03,321.3202,,353.209621,,280.190843,,102.476415,309.219107,,103.022178
2020-02-04,321.635,,354.045459,,282.381806,,102.653302,312.068782,,103.342974
2020-02-05,322.6599,,356.642937,,284.172034,,102.712264,315.346384,,103.830092
2020-02-06,322.9419,,357.503959,,284.814095,,102.948113,316.545267,,104.22866
2020-02-07,323.1981,,359.029918,,284.237347,,103.125,317.001174,,104.770281
2020-02-10,324.5306,,361.593892,,285.641236,,103.419811,319.524545,,105.38565
2020-02-11,324.7785,,361.734176,,285.793551,,103.537736,319.574842,,105.466186
2020-02-12,325.426,,363.878851,,286.774068,,103.596698,321.930654,,105.940687
2020-02-13,325.8295,,365.4527,,286.680409,,103.478774,322.817207,,106.146175
2020-02-14,326.9303,,367.009036,,287.077886,,103.714623,323.548365,,106.481431
2020-02-18,327.99,,369.502027,,286.781587,,104.245283,324.358567,,107.405109
2020-02-19,330.1141,,371.46812,,287.57767,,104.481132,324.885644,,107.524554
2020-02-20,330.0588,,372.074018,,287.128371,,104.658019,324.961584,,107.900347
2020-02-21,329.2643,,369.015812,,285.583473,,104.95283,321.33001,,107.573869
2020-02-24,326.0934,,365.276889,,280.26201,,104.245283,315.182652,,106.794504
2020-02-25,320.8558,,358.475186,,275.369834,,103.242925,308.875496,,105.492554
2020-02-26,319.1472,,356.579366,,274.64907,,103.066038,308.078358,,105.315685
2020-02-27,316.0566,,349.302881,,267.259906,,102.181604,296.543906,,103.281449
2020-02-28,316.6473,,349.162167,,267.375001,,102.181604,295.998887,,103.047251
2020-03-02,320.5392,,350.009171,,274.285528,,103.183962,300.690049,,103.044017
2020-03-03,321.0675,,349.45921,,270.325691,,104.540094,295.396506,,104.062759
2020-03-04,324.1067,,353.891948,,277.05036,,104.834906,303.710131,,104.68896
2020-03-05,325.3816,,352.011733,,271.874871,,105.424528,295.291608,,104.308121
2020-03-06,327.6714,,352.978067,,269.978951,,105.837264,291.982604,,104.270173
2020-03-09,323.766,,344.14203,,257.184565,,103.242925,274.45381,,100.364258
2020-03-10,323.9017,,349.090449,,264.008964,,102.240566,285.667806,,100.776736
2020-03-11,321.9431,,347.305907,,254.787714,,99.115566,275.949377,,97.788373
2020-03-12,318.6746,,346.386426,,236.074156,,93.21934,257.620103,,92.668417
2020-03-13,321.8567,,352.391013,,249.661267,,94.28066,274.429837,,94.405477
2020-03-16,328.8059,,357.539397,,234.945672,,91.92217,256.489527,,91.414876
2020-03-17,330.6374,,365.543727,,240.130721,,90.153302,266.534218,,91.155169
2020-03-18,332.3031,,370.318543,,229.18037,,85.790094,256.410833,,87.436047
2020-03-19,328.3342,,373.359995,,231.511112,,84.846698,264.302571,,88.238661
2020-03-20,327.6622,,372.362483,,226.447939,,87.676887,258.360332,,91.124886
2020-03-23,321.319,,364.173516,,225.127827,,90.09434,256.164544,,93.385998
2020-03-24,325.7548,,367.147238,,238.102203,,94.339623,269.420565,,97.242448
2020-03-25,328.8638,,367.395089,,241.210808,,95.754717,270.540275,,97.833988
2020-03-26,328.8977,,362.496236,,249.958645,,97.936321,276.585057,,98.718547
2020-03-27,330.7182,,361.172676,,245.917838,,96.698113,269.627826,,96.579977
2020-03-30,331.2393,,364.673697,,250.798265,,96.34434,277.207513,,97.006557
2020-03-31,326.8487,,360.273849,,248.295827,,96.049528,274.772513,,96.826341
2020-04-01,327.7625,,363.535644,,241.255584,,94.988208,268.647621,,96.353997
2020-04-02,327.5436,,366.840504,,244.7356,,96.698113,275.184012,,99.046348
2020-04-03,324.3301,,364.871738,,242.674609,,96.403302,274.091265,,99.187555
2020-04-06,328.2399,,369.762997,,252.92837,,99.056604,286.05366,,102.053479
2020-04-07,328.1699,,366.310201,,253.233832,,98.643868,283.785292,,100.700741
2020-04-08,329.4786,,368.949872,,258.429884,,99.292453,290.536548,,101.687764
2020-04-09,330.3355,,367.465637,,262.065766,,100.353774,292.677721,,102.095711
2020-04-13,330.1412,,368.00715,,260.143574,,100.707547,291.130376,,102.666996
2020-04-14,330.7742,,366.241191,,264.797576,,101.238208,294.352313,,102.516156
2020-04-15,332.5783,,370.598049,,261.854271,,100.766509,292.945457,,102.692267
2020-04-16,333.3972,,373.999345,,262.749802,,100.471698,295.916498,,103.077753
2020-04-17,333.2376,,372.675181,,266.88084,,100.294811,299.648258,,102.581075
2020-04-20,336.1545,,376.297294,,263.904162,,100.117925,296.589855,,102.498217
2020-04-21,335.7311,,375.972195,,259.150951,,99.764151,291.363301,,102.176488
2020-04-22,338.0713,,379.74375,,262.600485,,100.707547,296.139094,,103.456231
2020-04-23,339.3682,,382.845371,,262.838547,,101.238208,297.686542,,104.450136
2020-04-24,338.3089,,380.0598,,264.98378,,101.591981,298.865436,,104.378307
2020-04-27,335.4559,,376.625009,,266.792769,,101.591981,300.722319,,104.314686
2020-04-28,336.2152,,377.805469,,266.482534,,102.240566,300.633611,,105.071867
2020-04-29,338.6825,,378.750531,,270.733657,,103.242925,303.962936,,105.592506
2020-04-30,335.8708,,372.828242,,268.984043,,101.474057,299.765024,,103.01581
2020-05-01,335.8128,,371.853918,,264.713427,,100.707547,294.285574,,101.988085
2020-05-04,338.1273,,376.971443,,265.248235,,100.884434,296.892075,,102.864302
2020-05-05,338.8856,,380.173679,,266.633062,,101.120283,300.303794,,103.747947
2020-05-06,335.7509,,378.203129,,265.113926,,99.941038,299.818454,,102.958947
2020-05-07,340.168,,381.799048,,267.366354,,101.356132,301.277034,,104.040809
2020-05-08,340.6109,,382.17266,,269.741139,,101.709906,303.854833,,104.370228
2020-05-11,339.6348,,382.082471,,269.451916,,100.943396,304.32953,,103.856851
2020-05-12,338.7137,,379.62702,,266.500751,,100.766509,299.875288,,103.288715
2020-05-13,337.818,,379.63461,,263.848516,,100.589623,297.684044,,103.382849
2020-05-14,340.4472,,383.074392,,266.070733,,101.238208,300.57188,,104.18138
2020-05-15,340.9413,,383.176404,,266.871915,,101.415094,301.12021,,104.239915
2020-05-18,342.264,,381.191842,,271.591275,,102.476415,303.679921,,104.380316
2020-05-19,342.3707,,381.080262,,270.030876,,102.240566,301.752708,,104.077156
2020-05-20,344.8937,,381.951173,,273.065168,,103.242925,303.603504,,104.567131
2020-05-21,342.8637,,380.719225,,272.021227,,102.830189,303.252216,,104.427826
2020-05-22,343.9617,,383.680178,,272.380849,,102.59434,305.037851,,104.663434
2020-05-26,342.4712,,379.130238,,274.226279,,102.535377,304.783412,,103.812681
2020-05-27,343.177,,379.176136,,276.833098,,102.948113,307.085085,,104.028783
2020-05-28,342.7886,,376.23373,,276.441986,,103.066038,304.616378,,103.456848
2020-05-29,344.8495,,377.656955,,277.481127,,103.596698,305.083854,,103.759078
2020-06-01,345.3335,,377.042389,,278.082493,,104.186321,304.819682,,104.033803
2020-06-02,345.4252,,375.977572,,279.570845,,104.599057,305.504554,,104.123317
2020-06-03,344.3075,,372.629168,,281.526966,,104.481132,305.892093,,103.414286
2020-06-04,343.3522,,368.163756,,280.746206,,103.773585,302.226805,,101.765442
2020-06-05,344.8093,,371.32111,,285.122442,,104.481132,308.261976,,102.901296
2020-06-08,348.1421,,374.750823,,287.319862,,105.424528,310.505708,,103.786298
2020-06-09,348.9472,,374.110271,,286.185415,,105.483491,308.038711,,103.427663
2020-06-10,350.7223,,374.928868,,285.686358,,106.132075,306.614642,,103.763464
2020-06-11,343.3324,,369.406701,,275.616155,,103.950472,297.723104,,102.288957
2020-06-12,344.5623,,372.185942,,277.714612,,104.481132,301.168001,,103.214897
2020-06-15,345.4518,,370.909066,,279.631373,,104.481132,301.428125,,102.595937
2020-06-16,346.2884,,373.781416,,282.645754,,104.658019,306.295146,,103.315284
2020-06-17,345.9068,,374.03038,,281.847786,,104.540094,305.97102,,103.381534
2020-06-18,347.2679,,376.752063,,282.02895,,104.834906,307.186819,,104.018171
2020-06-19,347.4763,,378.071306,,281.096413,,105.011792,307.058921,,104.495817
2020-06-22,348.7974,,376.583234,,282.144446,,105.542453,305.827923,,104.214279
2020-06-23,349.1953,,375.439069,,282.915986,,105.955189,305.384119,,104.185099
2020-06-24,346.2209,,374.130425,,278.558102,,105.011792,302.20624,,103.781543
2020-06-25,347.9058,,377.05044,,280.490425,,105.542453,305.192397,,104.61098
2020-06-26,346.5936,,375.668502,,276.617431,,105.483491,301.010521,,104.563724
2020-06-29,347.5796,,375.899366,,279.146859,,105.601415,303.087445,,104.447815
2020-06-30,349.6013,,378.35842,,281.399664,,105.837264,305.753774,,104.756571
2020-07-01,348.995,,377.114742,,282.637401,,105.778302,306.620949,,104.535356
2020-07-02,349.9783,,378.564226,,283.709505,,106.485849,308.098957,,105.342266
2020-07-06,351.5631,,377.924659,,286.327089,,107.488208,309.016928,,105.675685
2020-07-07,351.9625,,379.56226,,284.727097,,107.606132,308.271459,,106.12946
2020-07-08,352.9491,,378.731409,,285.990474,,107.724057,308.097873,,105.716859
2020-07-09,353.5511,,380.890255,,285.319143,,108.313679,308.600388,,106.719377
2020-07-10,353.8785,,380.814389,,286.922518,,108.195755,309.985724,,106.483348
2020-07-13,352.753,,378.043821,,285.435486,,108.254717,307.112349,,106.103708
2020-07-14,355.7596,,379.403047,,287.830533,,108.903302,308.176087,,106.217858
2020-07-15,356.6382,,379.940083,,289.427932,,109.375,309.560531,,106.565745
2020-07-16,355.6689,,379.83945,,288.934759,,109.021226,309.793182,,106.48233
2020-07-17,356.3999,,379.23425,,289.558176,,109.375,309.33118,,106.438893
2020-07-20,358.0742,,380.280231,,291.080762,,109.964623,310.357403,,106.806089
2020-07-21,360.676,,380.40482,,291.520938,,110.67217,308.685626,,106.752855
2020-07-22,363.492,,381.949989,,292.623284,,111.084906,308.701267,,106.752733
2020-07-23,364.4182,,382.054735,,290.660326,,111.438679,305.935005,,106.849819
2020-07-24,365.533,,381.309688,,289.50229,,111.497642,303.194375,,106.372468
2020-07-27,368.4968,,381.225104,,290.6872,,112.205189,301.919781,,106.16296
2020-07-28,367.8779,,381.754338,,289.659435,,112.441038,301.7768,,106.713025
2020-07-29,372.481,,384.033174,,291.926773,,113.03066,302.173539,,106.579379
2020-07-30,372.2576,,382.004817,,291.399548,,112.912736,300.214752,,105.969407
2020-07-31,373.3681,,385.47084,,292.827266,,112.558962,303.517489,,106.278816
2020-08-03,374.3821,,386.958054,,294.092937,,112.912736,305.176646,,106.734311
2020-08-04,380.0028,,391.42642,,295.002075,,114.150943,305.074774,,107.536315
2020-08-05,381.3036,,390.759932,,295.873726,,114.917453,304.413149,,107.705385
2020-08-06,383.7038,,392.775988,,297.228018,,115.330189,305.461487,,107.970258
2020-08-07,380.3911,,392.461525,,297.211975,,114.091981,307.858346,,107.65499
2020-08-10,379.1819,,392.733802,,297.637816,,114.445755,309.497169,,108.408336
2020-08-11,370.9427,,384.131409,,295.841668,,112.441038,307.574425,,106.490322
2020-08-12,372.7869,,384.599712,,298.075386,,112.735849,308.739584,,106.370857
2020-08-13,373.2168,,384.084953,,297.316702,,112.676887,307.187333,,106.05063
2020-08-14,372.5183,,382.478968,,297.201336,,112.205189,306.357553,,105.362288
2020-08-17,374.7511,,383.821682,,297.935789,,113.266509,306.356536,,106.096342
2020-08-18,374.8972,,381.992134,,298.491502,,113.856132,305.345892,,106.098918
2020-08-19,371.8832,,381.952693,,297.566742,,112.558962,306.835281,,105.729311
2020-08-20,372.9573,,382.283984,,298.326049,,112.794811,306.998359,,105.737349
2020-08-21,373.3721,,384.870311,,299.080957,,112.853774,309.513215,,106.390032
2020-08-24,373.9491,,385.677639,,300.850731,,112.971698,311.516408,,106.559931
2020-08-25,374.3955,,384.604503,,301.230076,,113.207547,310.670463,,106.358311
2020-08-26,375.1752,,385.555328,,303.024504,,113.561321,312.642651,,106.732167
2020-08-27,372.051,,382.622848,,303.003539,,112.323113,312.848454,,105.645222
2020-08-28,375.4061,,383.423325,,304.340619,,113.03066,312.072149,,105.581001
2020-08-31,376.3077,,383.275135,,303.95048,,113.207547,310.805189,,105.452098
2020-09-01,378.8982,,386.717093,,305.920105,,114.209906,313.47054,,106.60729
2020-09-02,381.1247,,390.84676,,308.820788,,114.504717,317.953666,,107.392785
2020-09-03,373.6914,,383.330553,,302.468109,,113.443396,311.499828,,106.427009
2020-09-04,370.3754,,380.436207,,300.385705,,112.912736,309.768219,,106.07058
2020-09-08,365.8392,,377.739593,,295.594901,,111.851415,306.419991,,105.622406
2020-09-09,369.367,,380.457993,,299.088405,,112.676887,309.290147,,106.144077
2020-09-10,366.7121,,377.342921,,295.984557,,112.028302,305.772136,,105.4268
2020-09-11,366.0517,,375.741086,,296.215981,,112.146226,305.261919,,105.279358
2020-09-14,369.5124,,378.666734,,298.573658,,112.912736,307.183238,,105.823805
2020-09-15,370.0512,,379.76629,,299.478252,,113.502358,308.558683,,106.529965
2020-09-16,369.6429,,380.329711,,298.704362,,113.266509,308.558373,,106.583924
2020-09-17,369.0534,,378.681557,,297.163073,,113.089623,306.124206,,106.125562
2020-09-18,366.6334,,376.535296,,294.966427,,112.441038,304.133416,,105.611404
2020-09-21,365.2121,,377.204222,,293.023096,,111.20283,303.844324,,105.041166
2020-09-22,366.2037,,380.260427,,294.896374,,111.084906,307.429631,,105.493514
2020-09-23,360.7027,,376.099867,,290.550175,,110.082547,304.153499,,104.974681
2020-09-24,362.2456,,377.43994,,291.018852,,110.200472,304.427405,,105.012378
2020-09-25,364.5716,,381.163701,,293.88704,,110.377358,308.480008,,105.540951
2020-09-28,368.0667,,383.630148,,296.91403,,111.379717,310.69539,,106.170684
2020-09-29,368.4905,,381.501031,,295.967208,,111.379717,307.631571,,105.460017
2020-09-30,367.5266,,381.262864,,297.118439,,111.143868,309.444823,,105.446833
2020-10-01,369.7177,,382.716154,,298.424457,,111.497642,310.140762,,105.556392
2020-10-02,366.7841,,380.66477,,296.59802,,111.20283,309.042579,,105.550509
2020-10-05,369.0797,,380.862305,,299.379093,,111.025943,310.161,,104.7815
2020-10-06,367.1372,,380.394741,,296.926124,,110.67217,308.86764,,104.871346
2020-10-07,369.1212,,381.578829,,299.944,,110.849057,311.295862,,104.799591
2020-10-08,372.6397,,385.294706,,301.695245,,111.674528,313.177298,,105.601565
2020-10-09,373.7651,,384.128944,,303.335539,,112.382075,312.982078,,105.630087
2020-10-12,376.109,,387.149861,,306.513134,,112.794811,316.761477,,106.18589
2020-10-13,375.7786,,389.019953,,305.338642,,112.676887,317.350722,,106.680975
2020-10-14,375.4203,,388.596082,,304.261593,,112.676887,316.188222,,106.666442
2020-10-15,375.1329,,389.545683,,303.934979,,112.323113,316.863208,,106.673042
2020-10-16,373.3903,,387.537519,,303.764976,,112.087264,316.523755,,106.394529
2020-10-19,370.6296,,382.841895,,300.845367,,111.674528,311.989926,,105.498379
2020-10-20,370.202,,380.718088,,301.468193,,111.615566,311.26059,,104.978853
2020-10-21,368.6083,,377.953693,,300.977789,,111.379717,309.831678,,104.446021
2020-10-22,367.5589,,378.115056,,301.750356,,110.731132,311.646825,,104.178733
2020-10-23,369.4544,,378.795686,,302.550942,,111.320755,311.430095,,104.383686
2020-10-26,367.2797,,378.122204,,299.353487,,111.025943,309.412221,,104.537481
2020-10-27,366.8926,,378.165619,,299.00275,,110.966981,309.411293,,104.604211
2020-10-28,359.9821,,372.574823,,292.701435,,109.198113,304.141257,,103.361794
2020-10-29,362.0418,,377.059545,,294.282099,,109.316038,307.703869,,104.123177
2020-10-30,358.4512,,374.214434,,292.118149,,108.608491,306.173024,,103.697092
2020-11-02,362.3175,,378.38073,,294.300738,,109.846698,308.566616,,104.915345
2020-11-03,364.5656,,378.446313,,297.366138,,110.377358,309.911714,,104.790254
2020-11-04,372.1371,,385.979809,,302.146902,,111.792453,314.628204,,106.044075
2020-11-05,376.86,,387.571775,,305.793411,,113.620283,315.731643,,106.866176
2020-11-06,376.6652,,385.674887,,305.480345,,113.03066,314.027024,,105.845996
2020-11-09,376.4091,,387.38661,,307.206672,,112.028302,317.419075,,105.44465
2020-11-10,372.7734,,383.631889,,306.747604,,112.5,316.934014,,105.885042
2020-11-11,375.5467,,387.664093,,308.180112,,112.441038,319.384711,,106.152146
2020-11-12,375.7438,,387.019711,,306.904436,,113.03066,317.3674,,106.475535
2020-11-13,378.1382,,388.439412,,309.47876,,113.738208,319.169564,,106.854157
2020-11-16,381.4166,,391.307849,,311.782454,,114.799528,321.135655,,107.713807
2020-11-17,381.089,,390.586105,,311.029758,,114.917453,320.04438,,107.718097
2020-11-18,379.9064,,389.679561,,308.874,,114.622642,318.075529,,107.526061
2020-11-19,382.0919,,391.244573,,309.87837,,114.799528,318.558828,,107.50605
2020-11-20,382.8001,,392.538408,,308.730749,,115.566038,317.839514,,108.380873
2020-11-23,385.8815,,396.239641,,309.819223,,115.683962,319.396544,,108.639917
2020-11-24,387.6723,,396.387737,,312.637291,,115.978774,320.932801,,108.45417
2020-11-25,386.2206,,394.174051,,312.308027,,115.860849,320.002691,,108.143796
2020-11-27,387.7421,,394.05299,,313.050331,,116.509434,319.406481,,108.28918
2020-11-30,385.5275,,393.090477,,312.381001,,115.212264,319.771431,,107.435591
2020-12-01,386.9478,,389.82408,,314.037461,,115.978774,317.625693,,106.858014
2020-12-02,387.7615,,389.160379,,314.2934,,115.978774,316.677407,,106.452226
2020-12-03,390.3502,,390.922575,,314.460558,,116.627358,316.169821,,106.819143
2020-12-04,392.6904,,393.853452,,315.744825,,116.745283,317.935117,,107.086819
2020-12-07,394.0252,,395.688399,,315.548908,,117.158019,318.136786,,107.60034
2020-12-08,395.4311,,397.257745,,316.112339,,117.865566,318.831253,,108.293104
2020-12-09,391.879,,394.435657,,314.219631,,117.099057,317.523138,,107.792831
2020-12-10,393.8101,,394.563064,,314.478154,,117.688679,316.328227,,107.839179
2020-12-11,393.9911,,395.533267,,314.395492,,117.688679,316.877062,,108.054684
2020-12-14,391.6113,,392.062796,,313.475846,,117.334906,315.081126,,107.433556
2020-12-15,394.2081,,394.435214,,316.096679,,118.160377,317.532336,,108.127039
2020-12-16,393.38,,392.109211,,316.327449,,118.278302,316.555261,,107.823185
2020-12-17,394.2379,,390.740963,,317.389255,,118.75,315.820762,,107.640695
2020-12-18,392.4772,,389.424486,,316.564935,,118.691038,315.347591,,107.705791
2020-12-21,392.4486,,389.76512,,315.887276,,118.278302,314.970737,,107.432968
2020-12-22,391.4207,,391.295172,,315.749784,,117.865566,316.89957,,107.760588
2020-12-23,391.1333,,390.298581,,315.827247,,118.278302,316.402322,,107.941778
2020-12-24,392.7496,,392.030491,,316.695661,,118.514151,317.368702,,108.189873
2020-12-28,392.1318,,390.314606,,318.337425,,118.808962,318.118062,,108.154414
2020-12-29,391.2993,,388.445969,,317.997538,,118.691038,316.929885,,107.75856
2020-12-30,394.9946,,390.637439,,318.35213,,119.398585,316.088251,,107.992648
2020-12-31,395.3448,,393.448289,,319.412513,,119.516509,319.14015,,108.780697
2021-01-04,395.469,,392.684667,,316.645354,,120.459906,315.662147,,109.392191
2021-01-05,398.9945,,394.599637,,317.824088,,120.990566,315.569099,,109.434331
2021-01-06,398.275,,392.890853,,318.334585,,120.518868,315.275761,,108.731711
2021-01-07,401.9471,,398.2584,,321.042234,,120.636792,319.356751,,109.317107
2021-01-08,399.7467,,397.724886,,321.99528,,120.04717,321.636458,,109.235075
2021-01-11,399.6652,,399.908623,,320.482766,,119.28066,321.948942,,109.155789
2021-01-12,402.1979,,400.593168,,320.631527,,120.224057,320.617963,,109.51344
2021-01-13,402.2253,,402.235226,,321.553325,,120.400943,322.835741,,110.11663
2021-01-14,404.7409,,404.927424,,320.629751,,120.695755,322.048888,,110.434406
2021-01-15,400.554,,403.287455,,319.355775,,119.575472,322.809496,,110.105255
2021-01-19,405.7538,,406.710601,,321.028343,,120.341981,323.060724,,110.319519
2021-01-20,406.7934,,408.564493,,323.710555,,121.34434,326.408508,,111.459875
2021-01-21,404.1488,,404.00258,,323.700746,,121.108491,324.866128,,110.720934
2021-01-22,403.9074,,403.466004,,323.013143,,120.695755,323.938986,,110.262907
2021-01-25,404.8422,,405.519339,,324.107635,,121.285377,325.93646,,111.10831
2021-01-26,400.8145,,400.732093,,323.767671,,120.636792,324.984067,,110.306927
2021-01-27,392.2434,,393.840519,,319.018945,,119.221698,321.587465,,109.479388
2021-01-28,396.1507,,397.350226,,320.585809,,119.457547,322.83099,,109.581927
2021-01-29,393.0731,,393.863607,,316.592746,,118.042453,318.486756,,108.174043
2021-02-01,395.8654,,399.072529,,319.867638,,118.926887,323.737106,,109.646972
2021-02-02,396.4848,,400.231279,,322.38733,,119.162736,326.723473,,110.011289
2021-02-03,396.2181,,400.244546,,322.382759,,119.044811,326.949597,,109.980044
2021-02-04,397.3644,,403.865663,,324.528587,,118.75,331.145472,,110.380892
2021-02-05,397.8767,,401.44633,,325.13698,,118.985849,329.354225,,109.796022
2021-02-08,400.018,,403.744226,,326.676948,,120.283019,331.026809,,111.030786
2021-02-09,399.9369,,401.263763,,326.600301,,120.400943,328.982604,,110.479236
2021-02-10,400.1868,,401.497924,,326.633648,,120.695755,329.002617,,110.745183
2021-02-11,400.8559,,401.814403,,326.793689,,120.400943,328.873415,,110.377211
2021-02-12,401.3189,,402.58722,,327.46428,,120.106132,329.80117,,110.19144
2021-02-16,401.3644,,403.065237,,326.679831,,119.811321,329.364436,,110.039005
2021-02-17,401.284,,405.378769,,326.978413,,119.870283,331.62413,,110.74726
2021-02-18,400.2081,,402.459231,,326.074588,,118.455189,329.208364,,108.943773
2021-02-19,401.9199,,403.343218,,325.332025,,118.573113,327.778115,,108.826278
2021-02-22,401.2448,,401.363653,,323.427646,,118.21934,324.805707,,108.150731
2021-02-23,401.1836,,401.431252,,323.687158,,118.042453,325.17067,,108.023573
2021-02-24,402.7579,,402.608873,,325.789778,,118.278302,326.959993,,108.132604
2021-02-25,398.0905,,397.733894,,319.877365,,115.801887,320.857493,,105.812927
2021-02-26,398.9067,,401.788635,,319.932324,,115.919811,323.520888,,106.781567
2021-03-01,400.5788,,404.1928,,324.519198,,116.037736,328.744801,,107.080937
2021-03-02,399.283,,401.499037,,323.010992,,116.450472,326.091049,,107.092053
2021-03-03,397.7328,,400.871954,,319.976936,,115.507075,323.780604,,106.471938
2021-03-04,395.0787,,401.468727,,317.243061,,113.974057,323.651872,,105.922059
2021-03-05,397.743,,406.076911,,320.652786,,114.799528,328.668935,,107.19096
2021-03-08,395.3738,,405.753693,,319.186173,,113.79717,328.864164,,106.806667
2021-03-09,397.7262,,406.329335,,322.402748,,115.566038,330.682033,,107.978305
2021-03-10,398.326,,405.952787,,323.820849,,116.037736,331.32909,,108.155454
2021-03-11,400.211,,405.998527,,325.778015,,116.686321,331.799019,,108.259917
2021-03-12,399.1971,,406.118801,,325.307928,,115.153302,332.260147,,107.140685
2021-03-15,400.0269,,407.836689,,326.604624,,115.742925,334.30072,,107.920476
2021-03-16,399.1402,,407.715674,,326.304444,,115.507075,334.636118,,107.907798
2021-03-17,399.9147,,405.904556,,326.971806,,115.389151,333.184471,,107.110942
2021-03-18,397.4895,,405.593292,,323.612869,,113.620283,331.519268,,106.031102
2021-03-19,397.8202,,406.377558,,323.349313,,114.091981,331.613891,,106.58849
2021-03-22,398.4738,,406.008116,,325.156458,,114.799528,332.617592,,106.976246
2021-03-23,396.7442,,407.074162,,323.943469,,114.504717,333.695282,,107.448074
2021-03-24,397.1039,,408.702248,,323.117925,,114.445755,333.873394,,107.724594
2021-03-25,397.1555,,410.447586,,324.143342,,114.445755,336.319554,,108.17057
2021-03-26,399.7689,,412.111464,,327.063011,,115.271226,338.497144,,108.677317
2021-03-29,398.0902,,411.392585,,326.742687,,114.268868,338.99925,,107.997873
2021-03-30,398.4338,,413.48399,,326.31619,,114.033019,339.984435,,108.22945
2021-03-31,400.0819,,414.652782,,327.138836,,114.268868,340.396959,,108.311834
2021-04-01,404.4831,,417.583795,,329.698376,,115.330189,341.725944,,108.892649
2021-04-05,405.81,,417.726286,,332.274426,,115.683962,343.387012,,108.90668
2021-04-06,405.3067,,414.97352,,332.616874,,115.683962,341.899738,,108.323345
2021-04-07,404.3529,,414.408801,,332.641597,,115.566038,342.265286,,108.32057
2021-04-08,405.8511,,414.180985,,333.920388,,116.391509,342.124562,,108.631815
2021-04-09,405.6133,,414.460181,,335.224045,,115.742925,343.893269,,108.162666
2021-04-12,404.4651,,412.846248,,335.255759,,115.507075,343.559074,,107.827164
2021-04-13,405.1636,,412.278456,,336.241428,,116.15566,343.502047,,108.096816
2021-04-14,405.7764,,411.860929,,335.454707,,116.273585,341.83426,,107.933728
2021-04-15,409.2889,,415.877478,,338.134712,,118.042453,344.939619,,109.694781
2021-04-16,408.8797,,414.865286,,338.461528,,118.21934,344.777365,,109.701454
2021-04-19,406.9608,,411.045183,,337.367976,,117.806604,342.104454,,108.822557
2021-04-20,404.6396,,408.76861,,336.09379,,117.275943,340.869019,,108.350369
2021-04-21,408.3348,,412.501516,,338.130553,,118.101415,342.934721,,109.113016
2021-04-22,405.9823,,410.800901,,336.315169,,117.924528,341.655669,,109.129142
2021-04-23,409.2086,,411.248419,,338.478401,,118.278302,341.513862,,108.711847
2021-04-26,411.1943,,413.64067,,338.776807,,118.691038,342.143036,,109.195912
2021-04-27,410.4315,,412.723067,,338.406152,,118.160377,341.644312,,108.66814
2021-04-28,410.9644,,412.059193,,338.419007,,118.867925,340.665411,,109.001479
2021-04-29,410.9833,,412.305978,,339.641641,,118.21934,342.085192,,108.466666
2021-04-30,408.3298,,413.121247,,338.44653,,117.570755,343.775094,,108.787267
2021-05-03,409.7594,,412.948969,,338.96559,,118.21934,342.958019,,108.960301
2021-05-04,408.843,,413.764432,,337.883822,,118.21934,343.306379,,109.420179
2021-05-05,411.1952,,416.432679,,338.04496,,118.926887,343.707587,,110.151172
2021-05-06,413.2956,,416.46091,,339.689942,,119.752358,343.648171,,110.35953
2021-05-07,415.9542,,415.755848,,341.148131,,120.695755,342.336919,,110.330898
2021-05-10,412.1167,,413.081693,,338.891958,,120.165094,341.031807,,110.155547
2021-05-11,410.8648,,411.260597,,336.784879,,119.457547,338.445418,,109.356365
2021-05-12,404.1567,,407.147402,,332.02799,,117.570755,335.810653,,108.321208
2021-05-13,406.2115,,408.868433,,334.723248,,117.924528,338.247919,,108.554497
2021-05-14,410.7112,,411.12716,,338.116977,,119.221698,339.80087,,109.145851
2021-05-17,411.4315,,411.736312,,337.471638,,119.693396,339.060187,,109.547918
2021-05-18,409.3728,,407.208986,,335.562118,,119.516509,335.111386,,108.727293
2021-05-19,407.7032,,407.281081,,334.849131,,118.573113,335.828214,,108.329975
2021-05-20,410.0448,,407.703967,,337.472971,,119.162736,336.876341,,108.359352
2021-05-21,409.9017,,409.107519,,337.366451,,119.044811,338.047339,,108.662707
2021-05-24,412.7214,,410.808791,,339.555706,,119.752358,339.321721,,109.013208
2021-05-25,412.9333,,409.855281,,339.439103,,120.459906,338.244222,,109.346642
2021-05-26,413.9059,,412.717696,,339.786349,,120.341981,340.153769,,109.744038
2021-05-27,415.105,,413.859042,,339.74139,,120.636792,340.064134,,109.998451
2021-05-28,415.4334,,414.261197,,340.102372,,121.049528,340.48689,,110.394707
2021-06-01,417.1143,,415.21193,,339.854069,,121.992925,339.644906,,111.061029
2021-06-02,417.2961,,415.52219,,340.356417,,122.051887,340.252815,,111.149291
2021-06-03,415.6099,,416.65865,,339.273808,,121.049528,341.478008,,110.986441
2021-06-04,417.2857,,416.966727,,341.699973,,122.287736,342.792041,,111.754008
2021-06-07,416.6333,,415.532696,,341.402606,,122.051887,341.850282,,111.328928
2021-06-08,416.6921,,416.151248,,341.704084,,122.641509,342.613122,,112.017462
2021-06-09,416.2293,,415.518375,,341.664198,,122.936321,342.432476,,112.240632
2021-06-10,416.3094,,415.963821,,342.898291,,123.70283,343.971572,,113.039775
2021-06-11,416.3765,,418.064978,,343.181543,,123.349057,345.938889,,113.267604
2021-06-14,415.7033,,417.013639,,343.307089,,123.113208,345.754186,,112.949351
2021-06-15,415.2558,,416.324255,,342.98329,,122.641509,345.228671,,112.451641
2021-06-16,414.2761,,419.892115,,341.396735,,121.521226,347.396222,,112.645096
2021-06-17,412.4302,,421.156737,,341.7529,,121.816038,350.367157,,113.765366
2021-06-18,410.8888,,421.096593,,339.353421,,121.992925,349.162459,,114.341628
2021-06-21,412.7565,,421.093791,,341.920146,,121.580189,350.209154,,113.438385
2021-06-22,413.4569,,421.087467,,343.159225,,122.169811,350.877595,,113.793716
2021-06-23,413.836,,421.865856,,342.837953,,122.346698,350.875376,,114.064544
2021-06-24,415.0318,,422.886282,,344.096845,,122.582547,351.998491,,114.230787
2021-06-25,414.8578,,422.574403,,344.561747,,122.523585,352.361845,,114.13949
2021-06-28,415.3162,,423.513276,,345.376196,,122.995283,353.588757,,114.706735
2021-06-29,415.3192,,424.474106,,345.561733,,122.818396,354.578767,,114.800802
2021-06-30,415.8681,,426.426066,,345.818695,,123.17217,356.003683,,115.508258
2021-07-01,416.0497,,426.893125,,346.896542,,123.408019,357.34837,,115.805619
2021-07-02,416.832,,427.12983,,348.788767,,123.820755,358.822137,,116.039167
2021-07-06,416.0413,,427.783522,,348.850021,,124.292453,360.117517,,116.881202
2021-07-07,416.208,,429.167284,,349.834452,,124.587264,362.156803,,117.490334
2021-07-08,414.414,,425.44101,,348.281729,,124.056604,358.966162,,116.476182
2021-07-09,417.0475,,426.882897,,350.057973,,124.174528,359.733674,,116.243334
2021-07-12,418.3494,,428.858227,,350.721951,,124.882075,360.95697,,117.081158
2021-07-13,415.8474,,429.305233,,349.702211,,123.879717,362.450295,,116.961977
2021-07-14,415.6821,,427.009688,,350.491498,,124.646226,361.469602,,117.102953
2021-07-15,415.3912,,427.577969,,350.074172,,125.117925,361.772862,,117.784967
2021-07-16,409.5904,,421.946382,,348.31185,,124.233491,360.241412,,117.046516
2021-07-19,407.3572,,419.795219,,345.951375,,124.410377,357.927477,,117.254901
2021-07-20,411.9238,,425.236601,,348.800417,,124.292453,361.500279,,117.346683
2021-07-21,416.7496,,429.714813,,350.03836,,124.115566,362.358674,,117.042527
2021-07-22,417.094,,430.797039,,350.807872,,124.941038,363.769251,,118.020155
2021-07-23,418.512,,432.38285,,352.874908,,124.941038,366.015275,,118.053253
2021-07-26,419.8465,,432.475228,,353.266736,,125.707547,365.335043,,118.425263
2021-07-27,418.5536,,430.62532,,352.629283,,125.589623,364.237572,,118.171988
2021-07-28,420.8526,,432.025395,,352.670653,,126.29717,363.468242,,118.57283
2021-07-29,423.2872,,432.989038,,353.320305,,126.533019,362.850938,,118.374441
2021-07-30,423.8445,,434.194802,,352.495035,,126.120283,362.534181,,118.161313
2021-08-02,423.5129,,433.884353,,352.351395,,126.709906,362.410881,,118.721731
2021-08-03,426.0524,,436.603781,,354.11471,,127.063679,364.322783,,119.085314
2021-08-04,423.6104,,435.080512,,353.051679,,126.709906,364.04845,,119.021629
2021-08-05,424.6068,,436.273439,,354.082041,,126.179245,365.252852,,118.569246
2021-08-06,423.1734,,437.511063,,353.798834,,125.294811,367.235759,,118.472096
2021-08-09,420.4857,,435.573168,,353.378041,,124.882075,367.508455,,118.310231
2021-08-10,420.9724,,436.769553,,353.452266,,124.941038,368.169147,,118.553982
2021-08-11,423.5488,,438.731222,,354.111945,,125.294811,368.259154,,118.697201
2021-08-12,421.9314,,437.312948,,354.76321,,125.0,369.153468,,118.487574
2021-08-13,423.3494,,436.349693,,355.671002,,125.884434,368.045974,,118.664295
2021-08-16,423.3847,,437.067901,,356.246615,,126.002358,369.217593,,118.961034
2021-08-17,418.7275,,434.778071,,354.730075,,125.0,369.787346,,118.702117
2021-08-18,415.98,,431.90681,,352.415619,,124.823113,367.35896,,118.529081
2021-08-19,415.9375,,433.138927,,352.98549,,124.351415,369.040374,,118.430122
2021-08-20,417.0832,,433.396485,,354.688667,,124.351415,370.022291,,118.175031
2021-08-23,422.9046,,437.802809,,356.557527,,125.294811,370.581412,,118.626448
2021-08-24,424.063,,438.609848,,356.683367,,125.648585,370.381036,,118.855123
2021-08-25,424.2596,,438.194332,,356.867184,,125.294811,370.049293,,118.353327
2021-08-26,422.5777,,437.162861,,355.618118,,124.882075,369.350296,,118.154182
2021-08-27,429.662,,442.822352,,357.918337,,126.709906,370.343243,,119.433308
2021-08-30,428.8026,,441.914151,,359.025245,,126.768868,371.469682,,119.482807
2021-08-31,427.0283,,439.649541,,358.484097,,126.415094,370.542263,,119.031308
2021-09-01,425.556,,436.990189,,358.645461,,126.709906,369.741497,,118.997501
2021-09-02,427.4231,,437.587928,,359.45067,,127.063679,369.457535,,118.97099
2021-09-03,427.3977,,437.432993,,359.165409,,126.768868,369.055555,,118.659981
2021-09-07,424.5094,,435.937561,,357.999504,,126.002358,369.09426,,118.339017
2021-09-08,422.1021,,434.401158,,357.973537,,125.943396,369.864179,,118.538975
2021-09-09,424.2048,,436.158981,,357.521705,,126.886792,369.053681,,119.315802
2021-09-10,422.9913,,435.48216,,355.539556,,126.356132,367.489341,,118.972767
2021-09-13,425.6159,,438.11748,,356.272557,,126.533019,368.190853,,119.121159
2021-09-14,425.0029,,437.77931,,355.43665,,126.945755,367.572857,,119.589714
2021-09-15,429.1398,,441.539262,,357.0885,,127.181604,368.862313,,119.676019
2021-09-16,427.1313,,441.347833,,356.502913,,126.533019,369.828666,,119.57373
2021-09-17,423.9045,,439.53035,,354.289124,,125.412736,368.804787,,118.925446
2021-09-20,418.6349,,434.07761,,351.021221,,124.587264,365.412343,,118.145697
2021-09-21,418.8097,,434.355179,,350.876051,,124.764151,365.342239,,118.339681
2021-09-22,424.3631,,441.421427,,352.974413,,125.707547,368.618315,,119.58851
2021-09-23,426.7844,,442.003717,,354.86049,,125.707547,368.971584,,119.066899
2021-09-24,426.6065,,442.501782,,354.963162,,124.351415,369.648312,,117.964299
2021-09-27,429.1294,,446.066353,,354.163784,,124.46934,369.601081,,118.327554
2021-09-28,420.8958,,437.964644,,349.287709,,122.818396,364.8931,,116.879996
2021-09-29,419.3604,,439.62182,,349.739682,,122.464623,368.09051,,117.412619
2021-09-30,416.994,,437.945467,,347.144335,,122.346698,366.03128,,117.515401
2021-10-01,421.3192,,441.827656,,350.04823,,123.408019,368.542366,,118.357922
2021-10-04,417.761,,437.12719,,347.243147,,123.231132,364.780403,,117.926842
2021-10-05,419.0686,,439.312133,,349.082245,,123.466981,367.395409,,118.372607
2021-10-06,418.4947,,440.36231,,350.008347,,123.525943,369.757055,,118.875037
2021-10-07,420.7805,,442.897889,,351.436855,,123.525943,371.375455,,118.91003
2021-10-08,419.8964,,441.1652,,350.746942,,123.525943,369.97372,,118.694223
2021-10-11,419.0556,,441.105238,,349.003246,,123.231132,368.822936,,118.632398
2021-10-12,420.113,,442.970021,,348.994003,,124.233491,369.440129,,119.800659
2021-10-13,423.6601,,444.362998,,350.078978,,125.294811,368.641517,,120.189275
2021-10-14,429.87,,450.65085,,353.873284,,126.474057,372.450637,,121.25979
2021-10-15,429.7061,,450.541189,,355.140331,,126.238208,373.835779,,121.050366
2021-10-18,431.1255,,451.460943,,355.686156,,126.415094,373.939483,,121.067538
2021-10-19,432.0374,,451.540739,,356.918644,,126.061321,374.509396,,120.495202
2021-10-20,433.4367,,452.388718,,357.658797,,126.179245,374.776959,,120.444317
2021-10-21,433.2286,,453.155811,,357.920788,,126.061321,375.867906,,120.593692
2021-10-22,436.7368,,455.954464,,357.965085,,126.415094,375.197763,,120.701571
2021-10-25,438.9549,,459.778453,,359.268634,,126.886792,377.803436,,121.550693
2021-10-26,437.9968,,459.198235,,359.713283,,127.59434,378.620074,,122.341271
2021-10-27,435.6688,,456.489853,,359.2465,,128.183962,377.907145,,122.834586
2021-10-28,440.2022,,458.265798,,361.209799,,127.358491,377.522334,,121.256616
2021-10-29,440.793,,463.516844,,361.605052,,126.82783,381.753659,,121.971313
2021-11-01,443.1896,,464.234042,,361.884467,,126.82783,380.570616,,121.499444
2021-11-02,444.771,,466.9769,,363.06061,,126.768868,382.697791,,121.726141
2021-11-03,443.227,,464.057302,,364.093324,,126.533019,382.71546,,121.160645
2021-11-04,447.2531,,470.586765,,365.618489,,127.535377,386.21789,,122.72395
2021-11-05,452.0838,,475.118473,,366.952308,,128.596698,387.177832,,123.601885
2021-11-08,453.6873,,476.08344,,366.868134,,129.658019,386.504302,,124.433736
2021-11-09,456.6688,,478.902091,,366.546173,,130.71934,385.915275,,125.371131
2021-11-10,450.4688,,477.108478,,363.787044,,129.481132,386.827671,,125.421275
2021-11-11,454.4103,,482.489472,,363.588208,,129.775943,387.585349,,126.021944
2021-11-12,455.4527,,483.862524,,365.207834,,129.893868,389.526203,,126.2059
2021-11-15,454.3663,,485.931396,,364.756262,,128.891509,391.642208,,126.068174
2021-11-16,454.6437,,488.264039,,365.561919,,128.301887,394.150788,,126.016934
2021-11-17,453.1272,,486.66549,,365.375133,,128.419811,393.973756,,126.140559
2021-11-18,454.2814,,485.648344,,366.25688,,128.537736,393.097821,,125.6724
2021-11-19,451.5272,,486.597818,,366.133627,,128.773585,396.135483,,126.918617
2021-11-22,447.6277,,484.379174,,364.824198,,127.417453,396.341942,,126.098446
2021-11-23,447.5219,,483.704979,,364.541105,,126.238208,395.576659,,124.787013
2021-11-24,449.6011,,488.143959,,365.458507,,127.181604,398.360728,,126.286567
2021-11-26,443.4502,,476.819864,,361.593987,,127.063679,390.344956,,124.952001
2021-11-29,447.9665,,482.345804,,364.346679,,126.945755,393.86344,,125.009626
2021-11-30,442.6406,,474.63119,,360.330404,,127.004717,387.903613,,124.548122
2021-12-01,441.4589,,474.141936,,357.945191,,127.063679,385.969077,,124.810701
2021-12-02,443.7674,,477.384714,,361.223161,,128.007075,390.127523,,125.938755
2021-12-03,442.6288,,475.940863,,359.911794,,128.007075,388.532445,,125.880832
2021-12-06,443.3114,,477.621105,,361.972789,,128.125,391.533044,,126.24692
2021-12-07,450.791,,486.395135,,366.239268,,128.714623,396.731588,,127.014756
2021-12-08,449.3411,,481.637529,,366.429994,,128.007075,394.323879,,125.484607
2021-12-09,446.0776,,480.222621,,364.963183,,127.417453,394.456522,,125.450796
2021-12-10,446.7352,,479.944547,,367.051551,,127.299528,395.900307,,125.077729
2021-12-13,442.4857,,476.777979,,365.614783,,127.181604,395.511015,,125.32957
2021-12-14,440.8306,,476.015605,,363.836609,,126.415094,394.433452,,124.841994
2021-12-15,443.5473,,477.748244,,367.127029,,126.650943,397.002651,,124.761301
2021-12-16,441.3749,,473.604017,,365.381705,,126.886792,393.615716,,124.519242
2021-12-17,439.7456,,475.790642,,363.225292,,126.82783,394.555737,,125.499288
2021-12-20,434.732,,468.743272,,360.699017,,125.53066,390.459762,,123.787148
2021-12-21,441.3149,,475.432167,,364.426935,,126.768868,394.156168,,124.900705
2021-12-22,444.9798,,477.62391,,366.745259,,128.125,395.210212,,125.774311
2021-12-23,446.7637,,479.644549,,367.937882,,127.830189,396.582938,,125.512612
2021-12-27,452.5784,,485.767083,,371.137284,,128.360849,399.932532,,126.002495
2021-12-28,449.9735,,483.752749,,370.892295,,128.360849,400.315316,,126.206405
2021-12-29,449.338,,481.472893,,370.733107,,127.889151,398.820939,,125.327017
2021-12-30,449.1413,,482.222686,,370.438958,,128.950472,399.299887,,126.619294
2021-12-31,450.2066,,480.801744,,369.83619,,128.596698,396.53495,,125.601926
2022-01-03,447.8038,,482.021195,,370.09965,,127.948113,399.958492,,125.957651
2022-01-04,450.4483,,485.189962,,370.01001,,126.650943,400.12733,,124.763512
2022-01-05,445.3394,,478.605707,,365.300374,,125.176887,394.143853,,123.033451
2022-01-06,446.17,,480.228537,,364.928758,,124.823113,394.342491,,122.872562
2022-01-07,443.1001,,474.153652,,363.635663,,124.823113,390.662395,,122.158746
2022-01-10,442.0327,,474.515072,,363.244805,,124.705189,391.483005,,122.431295
2022-01-11,447.7077,,478.864983,,365.503487,,126.356132,392.489397,,123.602469
2022-01-12,449.6556,,477.778971,,366.095376,,126.650943,390.534275,,123.074409
2022-01-13,448.1445,,475.624635,,363.329312,,126.591981,387.136923,,122.875351
2022-01-14,448.9163,,478.104964,,362.601903,,125.353774,387.708966,,122.097732
2022-01-18,441.9872,,474.499747,,357.865211,,124.115566,385.712455,,121.861032
2022-01-19,440.2693,,471.892889,,355.951926,,124.115566,383.031301,,121.664419
2022-01-20,438.0059,,470.807643,,353.664461,,123.997642,381.656667,,121.895949
2022-01-21,434.2288,,465.365176,,350.049738,,123.525943,376.63693,,121.072564
2022-01-24,436.9439,,469.068894,,350.777475,,123.231132,378.059833,,120.98839
2022-01-25,434.3015,,467.230672,,348.075658,,123.054245,375.95127,,121.073451
2022-01-26,432.3804,,467.617806,,346.764518,,121.639151,376.510925,,120.312493
2022-01-27,430.5452,,469.635453,,346.204728,,122.169811,379.134237,,121.876039
2022-01-28,431.9553,,471.067913,,351.449758,,122.877358,384.791839,,122.554394
2022-01-31,437.1593,,473.118669,,355.252238,,123.643868,385.998017,,122.381353
2022-02-01,439.6505,,474.235845,,356.631047,,123.879717,386.210291,,122.20791
2022-02-02,442.3533,,475.834016,,358.874699,,124.174528,387.567136,,122.160567
2022-02-03,438.3852,,466.068449,,353.225598,,122.759434,377.019556,,119.360603
2022-02-04,437.8298,,464.843821,,353.327756,,121.933962,376.614804,,118.396465
2022-02-07,438.3313,,465.721978,,352.783171,,122.464623,376.313672,,119.000066
2022-02-08,438.8078,,467.363772,,354.08889,,122.641509,378.626402,,119.462197
2022-02-09,440.9554,,469.371505,,357.291391,,123.879717,381.82336,,120.596461
2022-02-10,439.6572,,467.727547,,352.116353,,122.110849,376.082255,,118.807899
2022-02-11,440.5015,,472.021082,,348.87493,,122.641509,375.319954,,120.188744
2022-02-14,439.5091,,472.607276,,347.38329,,121.698113,375.024244,,119.681957
2022-02-15,440.6058,,471.600776,,350.523625,,121.285377,376.668656,,118.725785
2022-02-16,441.4334,,471.913224,,350.925273,,122.051887,376.642645,,119.331132
2022-02-17,440.44,,471.435764,,346.710621,,121.403302,372.581087,,118.84436
2022-02-18,440.0758,,472.664791,,345.663591,,121.521226,372.732525,,119.368632
2022-02-22,438.9366,,471.253876,,343.287121,,121.285377,370.022845,,119.089614
2022-02-23,437.6043,,470.696422,,339.018011,,120.518868,366.100207,,118.556854
2022-02-24,439.2661,,477.161613,,342.326675,,120.04717,373.333051,,119.261987
2022-02-25,441.3276,,476.019534,,346.990759,,121.521226,375.750427,,119.874866
2022-02-28,443.4299,,480.572466,,347.469324,,123.584906,378.066561,,122.493106
2022-03-01,443.8013,,485.187794,,345.078013,,123.761792,378.753341,,123.742872
2022-03-02,443.6793,,485.119855,,347.221284,,123.466981,381.157183,,123.46476
2022-03-03,443.9112,,487.684947,,346.662767,,123.113208,382.356374,,123.697294
2022-03-04,444.6551,,494.598702,,345.516214,,123.584906,385.847788,,125.720885
2022-03-07,441.8573,,494.960138,,338.61611,,123.408019,380.814691,,126.428177
2022-03-08,442.8984,,494.182014,,336.581083,,124.410377,377.042594,,126.955563
2022-03-09,442.9395,,486.261495,,341.723962,,123.466981,376.633365,,123.962009
2022-03-10,442.319,,489.585767,,340.035258,,122.110849,377.863574,,123.611747
2022-03-11,440.4922,,490.81248,,337.410648,,122.287736,377.445321,,124.615649
2022-03-14,437.2253,,485.885379,,334.61929,,120.04717,373.333883,,122.009256
2022-03-15,437.5046,,485.50343,,339.337446,,118.514151,378.058802,,120.27966
2022-03-16,439.9195,,484.718843,,343.955776,,119.752358,380.484689,,120.673823
2022-03-17,442.9116,,485.520605,,346.764565,,121.462264,381.630617,,121.771117
2022-03-18,443.6826,,488.113093,,349.34251,,122.169811,385.849004,,122.920486
2022-03-21,444.9706,,491.098853,,347.919418,,121.403302,385.508678,,122.540714
2022-03-22,444.9946,,490.573094,,349.983387,,120.872642,387.35958,,121.867893
2022-03-23,445.258,,491.983279,,347.863577,,122.110849,385.891717,,123.397161
2022-03-24,447.8169,,495.080692,,350.691108,,122.051887,389.240617,,123.404874
2022-03-25,448.5285,,496.526633,,350.611651,,121.875,389.669788,,123.389851
2022-03-28,446.887,,494.700462,,352.447813,,121.34434,391.703366,,122.850357
2022-03-29,448.4178,,491.77823,,355.731474,,121.875,391.675707,,122.240014
2022-03-30,448.0285,,488.127982,,354.789535,,122.40566,388.075971,,121.966868
2022-03-31,446.2193,,490.194068,,351.449682,,122.051887,387.61515,,122.624289
2022-04-01,445.665,,490.431592,,351.79872,,122.40566,388.670923,,123.192343
2022-04-04,445.8266,,494.116014,,353.718326,,122.641509,393.584876,,124.311912
2022-04-05,441.3383,,492.061909,,349.608666,,120.518868,391.334562,,122.889698
2022-04-06,439.755,,490.859349,,347.158468,,119.28066,389.037917,,121.766724
2022-04-07,440.1244,,491.885891,,347.900867,,118.632075,390.357312,,121.256032
2022-04-08,440.5721,,492.47679,,346.646662,,118.632075,389.021574,,121.278331
2022-04-11,438.849,,490.203627,,342.499543,,116.981132,384.095564,,119.505951
2022-04-12,439.4035,,493.40713,,342.170721,,117.216981,385.747075,,120.377341
2022-04-13,441.0396,,492.415304,,344.799424,,117.747642,386.490102,,120.231559
2022-04-14,439.6561,,493.585917,,341.098489,,116.391509,384.456617,,119.504226
2022-04-18,440.9209,,497.228254,,340.768421,,116.509434,385.80899,,120.162377
2022-04-19,440.8608,,496.865505,,343.235026,,115.919811,388.371051,,119.483334
2022-04-20,440.9314,,494.036766,,343.862123,,116.92217,386.803567,,119.811199
2022-04-21,437.2158,,490.723926,,340.032049,,115.448113,383.159083,,118.506052
2022-04-22,434.5372,,489.321248,,334.298437,,113.738208,377.936943,,117.134762
2022-04-25,432.7819,,491.180003,,336.355046,,113.148585,383.254641,,117.444591
2022-04-26,431.5465,,493.194261,,330.922547,,112.205189,379.694811,,117.27776
2022-04-27,432.3883,,498.009304,,330.958668,,112.264151,382.697098,,118.254295
2022-04-28,434.1725,,502.765014,,335.91288,,113.502358,390.523597,,120.204279
2022-04-29,431.9964,,498.214019,,327.662293,,111.792453,379.385011,,117.912706
2022-05-02,432.1282,,500.154779,,328.127777,,109.669811,381.287615,,116.089039
2022-05-03,433.5886,,501.119897,,329.330974,,110.966981,382.132748,,117.292399
2022-05-04,436.4805,,499.725676,,336.190754,,112.794811,386.429675,,118.104989
2022-05-05,433.6195,,500.17132,,327.694205,,109.551887,379.486761,,115.569211
2022-05-06,433.522,,499.77434,,325.963148,,108.431604,377.267335,,114.322312
2022-05-09,428.3078,,493.206732,,320.350731,,105.896226,370.353642,,111.523349
2022-05-10,428.6186,,495.027568,,321.187475,,106.014151,372.421599,,111.978467
2022-05-11,427.6497,,494.571034,,318.594503,,107.429245,369.91051,,113.625377
2022-05-12,427.2298,,500.469782,,318.629768,,106.839623,374.731807,,114.461906
2022-05-13,430.1372,,502.355655,,322.664707,,107.606132,378.332495,,114.935349
2022-05-16,429.6061,,500.744422,,322.155783,,107.783019,376.989713,,114.896905
2022-05-17,431.0234,,496.875049,,325.444194,,108.372642,376.652414,,114.255813
2022-05-18,428.496,,497.946635,,318.092014,,107.841981,371.113441,,114.61361
2022-05-19,428.8388,,492.684179,,317.2415,,108.018868,365.916865,,113.497546
2022-05-20,428.5743,,493.392104,,317.699138,,108.018868,367.197736,,113.730775
2022-05-23,429.6773,,488.714965,,320.851792,,108.490566,366.383228,,112.854143
2022-05-24,428.5803,,485.518531,,320.374818,,108.903302,364.376086,,112.830616
2022-05-25,429.9315,,489.562886,,322.604111,,109.492925,368.805174,,114.026969
2022-05-26,432.1869,,490.038087,,326.372635,,110.259434,371.526557,,114.33687
2022-05-27,434.2541,,491.785719,,331.400813,,110.966981,376.793536,,114.931232
2022-05-31,432.6008,,490.0686,,329.434692,,109.728774,374.67678,,113.684797
2022-06-01,432.1581,,493.545255,,327.302911,,109.846698,375.277113,,114.731755
2022-06-02,433.7759,,490.777842,,331.203891,,110.908019,376.212174,,114.761121
2022-06-03,432.1927,,490.200109,,327.717351,,110.966981,373.175652,,115.107084
2022-06-06,432.2856,,491.346067,,327.515143,,110.141509,373.736907,,114.493293
2022-06-07,434.0014,,493.139526,,329.908673,,111.025943,376.348599,,115.375995
2022-06-08,432.8528,,491.049595,,327.214612,,110.023585,372.679671,,114.151921
2022-06-09,431.3611,,494.041285,,322.395016,,109.021226,370.705023,,114.194617
2022-06-10,429.4103,,496.375769,,315.784157,,107.54717,366.476676,,113.697105
2022-06-13,423.2819,,494.510896,,306.527782,,103.301887,359.528976,,110.373986
2022-06-14,422.7487,,493.461183,,305.243828,,101.82783,357.713634,,108.704997
2022-06-15,423.6319,,493.293811,,309.21605,,103.950472,361.490532,,110.70208
2022-06-16,420.6953,,484.969024,,303.366856,,102.830189,351.101236,,108.41248
2022-06-17,420.1889,,486.813345,,303.742943,,102.712264,353.298655,,108.830972
2022-06-21,421.5825,,486.69325,,307.851462,,102.771226,356.80576,,108.506709
2022-06-22,420.3719,,483.761345,,308.566576,,103.419811,356.503875,,108.846265
2022-06-23,419.8876,,485.358797,,310.895125,,103.419811,360.795952,,109.33165
2022-06-24,421.2444,,485.091437,,316.622226,,104.186321,366.057031,,109.726739
2022-06-27,421.4144,,484.140711,,315.340859,,103.537736,363.714292,,108.786048
2022-06-28,420.4342,,486.004489,,311.522755,,102.830189,361.534634,,108.711424
2022-06-29,418.4709,,487.363495,,312.088586,,102.830189,364.908103,,109.526869
2022-06-30,417.8104,,484.505591,,311.128873,,102.122642,362.224441,,108.306343
2022-07-01,418.0347,,487.415807,,314.14327,,103.419811,367.733271,,110.281667
2022-07-05,417.0925,,493.992482,,314.727387,,103.242925,374.231537,,111.830576
2022-07-06,416.0657,,496.847141,,314.522367,,101.650943,377.077227,,111.015751
2022-07-07,419.6682,,502.328365,,317.062558,,101.945755,381.017117,,111.599716
2022-07-08,419.7448,,500.974829,,316.442677,,101.474057,379.178337,,110.763816
2022-07-11,417.6763,,505.830864,,314.854799,,101.179245,382.819187,,112.064803
2022-07-12,416.1394,,504.180533,,313.358616,,101.474057,381.159514,,112.438376
2022-07-13,416.5068,,503.696999,,312.824859,,102.122642,379.810015,,112.948798
2022-07-14,414.5866,,503.307412,,311.927445,,101.238208,380.18024,,112.402202
2022-07-15,416.3771,,501.857753,,315.989253,,102.004717,382.370169,,112.441431
2022-07-18,417.6192,,500.595383,,314.019475,,101.591981,377.903448,,111.372538
2022-07-19,422.3782,,502.23433,,318.939053,,102.417453,380.741739,,111.375887
2022-07-20,423.405,,505.830026,,320.074273,,102.653302,383.899263,,112.158928
2022-07-21,426.9204,,507.486384,,323.09835,,103.832547,385.593865,,112.881637
2022-07-22,424.7745,,505.568279,,322.310657,,104.775943,385.135839,,114.049994
2022-07-25,426.3453,,507.249141,,322.064702,,104.599057,384.698823,,113.815108
2022-07-26,424.0883,,509.70172,,319.752105,,104.540094,385.82566,,114.909253
2022-07-27,433.653,,517.340944,,325.18305,,105.896226,389.475625,,115.538649
2022-07-28,440.0319,,524.616241,,328.564404,,107.252358,393.274664,,116.943672
2022-07-29,446.1087,,530.352834,,331.454261,,108.608491,395.608574,,118.086509
2022-08-01,446.333,,528.825023,,331.326673,,108.903302,394.118922,,118.006615
2022-08-02,445.0608,,532.235085,,328.652949,,106.957547,394.584097,,116.978998
2022-08-03,447.2039,,534.934768,,332.321954,,107.959906,399.091212,,118.105479
2022-08-04,445.6316,,528.808278,,332.512323,,108.136792,396.139271,,117.356745
2022-08-05,444.3902,,530.697063,,330.689181,,106.78066,396.478905,,116.623781
2022-08-08,446.0537,,532.108668,,331.059005,,107.959906,396.493873,,117.784458
2022-08-09,444.528,,529.146318,,329.982342,,107.724057,394.353087,,117.273979
2022-08-10,448.7317,,529.689887,,334.468582,,107.959906,396.376727,,116.549317
2022-08-11,448.394,,528.163036,,333.76111,,107.075472,394.695186,,115.348118
2022-08-12,455.0846,,539.399129,,337.743701,,107.959906,401.904851,,117.028841
2022-08-15,453.0875,,542.260708,,338.743996,,107.841981,407.019812,,118.039189
2022-08-16,451.8534,,540.092516,,338.962077,,107.900943,406.761279,,117.952772
2022-08-17,448.4546,,535.650801,,336.706207,,107.193396,403.768362,,117.096418
2022-08-18,450.8317,,543.471964,,337.582037,,107.841981,408.563831,,118.8948
2022-08-19,445.4088,,539.400452,,333.917165,,106.485849,405.984213,,117.938803
2022-08-22,441.4557,,539.861896,,329.168351,,105.601415,404.139692,,118.107531
2022-08-23,444.2796,,541.854505,,328.643148,,105.837264,402.41002,,118.053054
2022-08-24,445.5394,,543.67461,,328.914402,,105.71934,402.952369,,117.983067
2022-08-25,450.4129,,549.031891,,332.438833,,107.193396,406.833202,,119.499775
2022-08-26,444.4506,,542.27523,,325.427951,,107.075472,398.62911,,119.480924
2022-08-29,442.5036,,538.279019,,323.514155,,105.660377,395.095259,,117.547963
2022-08-30,438.9101,,532.942537,,321.546465,,105.070755,391.982283,,116.680684
2022-08-31,436.5194,,527.956743,,319.397392,,103.301887,387.832362,,114.26556
2022-09-01,432.988,,529.304308,,319.442796,,102.004717,392.049185,,114.041292
2022-09-02,433.187,,529.169783,,317.787936,,102.59434,389.739942,,114.61866
2022-09-06,432.4819,,530.938603,,315.87925,,100.884434,389.327744,,113.269461
2022-09-07,434.5917,,528.258237,,320.168878,,102.181604,390.716589,,113.592555
2022-09-08,435.5727,,529.837393,,321.010195,,101.709906,392.029425,,113.150769
2022-09-09,437.2343,,529.237344,,323.986709,,102.59434,393.714436,,113.57218
2022-09-12,437.7381,,525.779621,,325.884264,,102.417453,392.980209,,112.505998
2022-09-13,434.6676,,530.189979,,316.653157,,100.884434,387.771562,,112.540985
2022-09-14,435.6485,,530.683605,,317.541936,,101.29717,388.345631,,112.851949
2022-09-15,433.4414,,527.107719,,314.991137,,100.471698,384.578683,,111.744211
2022-09-16,433.1381,,525.928687,,313.457772,,99.351415,382.117918,,110.328277
2022-09-19,433.1969,,525.480491,,314.725738,,99.351415,383.284631,,110.219293
2022-09-20,431.8211,,526.596412,,311.998698,,98.70283,381.98359,,110.081908
2022-09-21,431.5517,,533.340501,,309.131451,,98.584906,383.559561,,111.428033
2022-09-22,429.4715,,530.926172,,306.250184,,96.875,380.09664,,109.527659
2022-09-23,427.1509,,536.081699,,302.789363,,95.518868,381.51196,,109.635481
2022-09-26,425.5489,,538.417723,,299.450073,,92.924528,380.375193,,107.525766
2022-09-27,426.3331,,540.298362,,298.466999,,91.686321,379.750895,,106.267741
2022-09-28,429.3185,,536.33269,,303.917464,,94.693396,381.178335,,108.189886
2022-09-29,427.9962,,530.104999,,299.469169,,93.101415,372.384839,,105.460682
2022-09-30,427.2777,,530.019665,,296.406502,,91.981132,369.136823,,104.350086
2022-10-03,430.0924,,532.197046,,302.069828,,94.516509,375.263157,,106.962285
2022-10-04,432.5544,,526.634863,,308.005249,,96.285377,376.482572,,107.211535
2022-10-05,431.636,,531.096111,,306.92757,,95.165094,379.14842,,107.089145
2022-10-06,431.753,,536.129066,,304.544898,,94.221698,379.66731,,107.003312
2022-10-07,429.5721,,536.186675,,298.801033,,93.160377,374.438013,,106.346572
2022-10-10,428.3324,,536.949218,,296.898201,,92.099057,373.660974,,105.589267
2022-10-11,427.2357,,535.149515,,295.84454,,91.92217,372.039495,,105.302862
2022-10-12,426.6679,,534.625583,,295.359634,,92.275943,371.559864,,105.745176
2022-10-13,427.8738,,532.072929,,299.662211,,92.629717,374.115185,,105.346015
2022-10-14,424.934,,531.559925,,294.913887,,91.745283,370.376874,,104.96072
2022-10-17,426.3455,,526.917043,,299.702953,,92.511792,371.868569,,104.565872
2022-10-18,427.0959,,526.949841,,302.019277,,92.688679,374.10751,,104.588245
2022-10-19,426.6335,,530.709723,,299.694903,,91.686321,374.282339,,104.308318
2022-10-20,426.1878,,529.694597,,297.46283,,91.332547,371.171928,,103.815549
2022-10-21,429.1375,,529.302237,,301.975848,,91.686321,373.93607,,103.424663
2022-10-24,429.058,,528.287657,,304.029842,,91.509434,375.827506,,103.046355
2022-10-25,430.6961,,525.588279,,308.147132,,92.747642,377.529376,,103.511812
2022-10-26,432.0635,,521.074479,,307.293463,,93.573113,372.068953,,103.208534
2022-10-27,432.4343,,527.592934,,306.925927,,94.044811,375.950182,,104.936356
2022-10-28,432.4912,,527.572347,,311.008034,,94.221698,380.885328,,105.115795
2022-10-31,431.3211,,530.85909,,309.236134,,93.455189,382.10848,,105.194801
2022-11-01,432.2528,,532.210549,,308.652626,,94.575472,381.534247,,106.496782
2022-11-02,429.552,,532.064496,,303.790929,,93.278302,377.781967,,105.667509
2022-11-03,427.8398,,533.701143,,301.472422,,92.334906,377.556915,,105.340449
2022-11-04,433.7983,,529.607877,,304.061092,,93.514151,372.687931,,104.413398
2022-11-07,433.62,,526.198489,,305.420467,,93.691038,372.097127,,103.980199
2022-11-08,436.2627,,526.666462,,306.930525,,94.457547,372.002236,,104.288531
2022-11-09,434.2096,,527.429912,,303.272562,,93.691038,369.842097,,104.082015
2022-11-10,440.5558,,524.715977,,315.877091,,97.818396,377.710782,,106.550676
2022-11-11,442.958,,520.192493,,317.622415,,98.525943,374.481667,,105.819191
2022-11-14,442.3276,,520.739928,,315.651271,,98.054245,373.08026,,105.573652
2022-11-15,443.9138,,521.526538,,318.190027,,99.115566,375.303156,,106.495667
2022-11-16,441.1512,,516.002083,,317.519361,,99.528302,372.865404,,106.46893
2022-11-17,440.2808,,516.614326,,316.415159,,98.525943,372.745035,,105.730334
2022-11-18,439.4536,,517.526844,,317.09192,,97.936321,374.906456,,105.481414
2022-11-21,438.1979,,520.25623,,316.31327,,98.054245,377.035547,,106.46962
2022-11-22,442.0354,,521.582894,,319.528997,,99.351415,378.5249,,107.214285
2022-11-23,443.0044,,518.094948,,321.492423,,100.707547,377.476524,,107.714865
2022-11-25,441.9185,,517.337589,,321.482307,,100.53066,377.839029,,107.632318
2022-11-28,437.8935,,514.831781,,318.190286,,100.058962,375.579306,,107.588326
2022-11-29,438.1772,,515.733915,,317.415183,,99.528302,375.077921,,107.135849
2022-11-30,444.6829,,519.533182,,324.390179,,101.709906,380.494556,,108.677195
2022-12-01,446.7801,,516.007862,,325.325787,,103.832547,377.223616,,109.675169
2022-12-02,447.3739,,515.997575,,325.644058,,105.424528,377.083963,,111.206709
2022-12-05,442.6052,,512.783936,,321.102346,,103.183962,373.490248,,109.33077
2022-12-06,441.7124,,513.251182,,318.704862,,103.65566,371.789349,,110.152839
2022-12-07,443.7313,,513.481804,,319.521244,,104.658019,371.212524,,110.76175
2022-12-08,444.0734,,511.496857,,320.637165,,105.011792,370.783122,,110.621256
2022-12-09,441.8954,,510.036796,,318.44263,,103.007075,369.004038,,108.733005
2022-12-12,442.3985,,510.40426,,321.215488,,103.478774,372.061737,,109.185313
2022-12-13,446.1984,,510.227021,,323.538813,,103.832547,371.432346,,108.587856
2022-12-14,445.5271,,507.074616,,322.582254,,103.301887,368.600657,,107.527192
2022-12-15,441.15,,504.696291,,318.02961,,102.948113,365.282843,,107.714588
2022-12-16,440.377,,505.8159,,315.452846,,101.82783,363.764392,,106.966219
2022-12-19,437.3947,,501.282192,,313.074795,,101.002358,360.225749,,105.865044
2022-12-20,439.0661,,502.525018,,312.474578,,100.648585,359.054487,,105.353207
2022-12-21,440.6216,,505.108991,,315.630634,,101.82783,363.258974,,106.75743
2022-12-22,436.7351,,501.272886,,312.882466,,100.412736,360.541474,,105.404032
2022-12-23,437.1439,,500.702108,,313.538916,,99.941038,360.549035,,104.691436
2022-12-27,436.5826,,498.884126,,311.885727,,99.46934,357.805201,,103.952467
2022-12-28,433.6314,,496.781882,,309.339705,,98.879717,355.793967,,103.601143
2022-12-29,437.1063,,498.447144,,313.135923,,99.705189,358.494772,,103.982944
2022-12-30,436.8041,,496.314852,,312.047157,,99.233491,355.966135,,103.119581
2023-01-03,438.5364,,505.497537,,312.000853,,99.764151,361.066391,,105.172019
2023-01-04,441.8696,,506.687755,,314.134348,,101.061321,361.642614,,105.984794
2023-01-05,440.4108,,508.878869,,311.87902,,100.825472,361.793288,,106.54646
2023-01-06,447.3472,,511.170449,,317.530503,,103.478774,364.270796,,108.139559
2023-01-09,448.2675,,507.99165,,317.746278,,103.891509,361.507807,,107.674207
2023-01-10,447.6401,,507.039613,,318.601261,,103.773585,362.308301,,107.500883
2023-01-11,449.7617,,508.315558,,321.80187,,104.834906,365.138295,,108.360037
2023-01-12,454.5188,,509.171459,,323.438375,,106.308962,363.765606,,108.916677
2023-01-13,455.5953,,511.338616,,323.702929,,105.660377,364.748801,,108.456059
2023-01-17,453.9571,,511.597035,,323.122003,,104.95283,365.592793,,108.173197
2023-01-18,454.7142,,512.136928,,321.340954,,105.778302,363.355336,,108.957335
2023-01-19,456.7396,,512.660788,,319.648593,,106.191038,360.206975,,109.008811
2023-01-20,455.664,,510.341497,,322.692458,,105.483491,362.846441,,108.047062
2023-01-23,456.1175,,510.21016,,324.689388,,105.778302,364.634998,,108.213455
2023-01-24,457.4533,,511.036675,,325.063037,,106.721698,364.57827,,109.036107
2023-01-25,458.5333,,510.844301,,325.288585,,107.193396,363.834923,,109.218953
2023-01-26,462.1846,,516.037655,,327.206828,,107.429245,366.780441,,109.698516
2023-01-27,461.0504,,515.84673,,327.464455,,106.957547,367.836086,,109.445024
2023-01-30,455.8787,,510.864346,,324.651002,,106.073113,365.250592,,108.711106
2023-01-31,460.9701,,515.999079,,328.054004,,105.955189,368.67136,,108.470266
2023-02-01,465.7359,,515.279837,,331.062857,,107.429245,367.732301,,108.702182
2023-02-02,465.006,,518.193142,,334.108223,,107.016509,373.799018,,109.067709
2023-02-03,459.4158,,517.504176,,330.684022,,105.365566,373.971951,,108.547279
2023-02-06,456.9948,,518.002432,,328.744613,,104.304245,374.108067,,108.127169
2023-02-07,461.4319,,523.139181,,331.095399,,104.893868,376.860541,,108.760711
2023-02-08,459.9287,,522.082504,,329.107052,,104.834906,375.062552,,108.834564
2023-02-09,457.426,,517.916554,,326.876273,,104.186321,371.569649,,107.88522
2023-02-10,457.8892,,521.393428,,326.77521,,103.596698,373.570129,,107.885573
2023-02-13,460.0123,,521.738957,,329.472997,,104.186321,375.164327,,108.070417
2023-02-14,462.0289,,523.157381,,328.923809,,103.832547,373.918036,,107.524895
2023-02-15,460.4413,,523.803952,,329.305155,,103.242925,376.106567,,107.415537
2023-02-16,455.6453,,519.052237,,326.02979,,102.358491,372.871633,,106.640053
2023-02-17,452.7601,,514.699677,,325.84817,,102.476415,371.893786,,106.542278
2023-02-21,446.1363,,509.580835,,320.703512,,101.002358,367.762234,,105.508961
2023-02-22,446.0057,,511.334122,,320.788834,,101.061321,369.233839,,105.964804
2023-02-23,448.6245,,514.792856,,322.264643,,101.591981,371.261633,,106.615724
2023-02-24,444.8365,,512.842277,,319.459563,,100.235849,369.757665,,105.686322
2023-02-27,447.1359,,512.383434,,320.369787,,100.825472,368.57424,,105.666691
2023-02-28,447.2172,,514.255576,,319.640273,,100.766509,369.011492,,105.971488
2023-03-01,447.1645,,509.682591,,318.166941,,100.884434,364.087209,,105.164448
2023-03-02,447.0108,,512.829816,,319.396335,,100.766509,367.877365,,105.72648
2023-03-03,453.8817,,518.915241,,323.472597,,102.948113,371.286482,,107.642667
2023-03-06,452.4072,,515.030534,,323.288628,,102.181604,369.497739,,106.386982
2023-03-07,448.9949,,517.435222,,320.144278,,101.002358,370.406169,,106.453121
2023-03-08,451.1921,,520.322473,,320.321582,,100.766509,370.864433,,106.277081
2023-03-09,447.5186,,514.285966,,317.245626,,100.235849,366.021936,,105.348647
2023-03-10,448.1281,,512.072387,,315.979344,,102.240566,362.498122,,106.84759
2023-03-13,448.6568,,508.281202,,316.71287,,102.59434,360.224621,,106.298099
2023-03-14,451.4382,,511.355994,,319.104118,,102.004717,362.890285,,105.671435
2023-03-15,449.1995,,516.334787,,319.186584,,102.181604,368.344881,,107.41802
2023-03-16,452.7289,,518.782803,,322.044509,,101.82783,370.493965,,106.715167
2023-03-17,454.0051,,517.566921,,320.588004,,101.945755,366.91962,,106.288733
2023-03-20,456.0223,,517.290776,,321.921818,,102.417453,366.620676,,106.251466
2023-03-21,457.6999,,516.87398,,324.071868,,102.417453,367.420236,,105.776728
2023-03-22,456.837,,511.655251,,322.002226,,103.478774,362.07032,,105.993624
2023-03-23,459.3223,,515.688255,,322.831887,,103.596698,363.884889,,106.372148
2023-03-24,458.0793,,517.586098,,324.324233,,103.301887,367.907993,,106.748675
2023-03-27,455.6414,,513.029125,,323.28262,,102.181604,365.442529,,105.221348
2023-03-28,457.08,,512.512891,,322.654389,,102.830189,363.218566,,105.44974
2023-03-29,459.6314,,515.297672,,325.634609,,103.242925,366.519372,,105.857368
2023-03-30,462.4491,,515.565904,,326.913842,,103.891509,365.907615,,105.928448
2023-03-31,466.9513,,523.571686,,330.30745,,104.658019,371.826913,,107.322153
2023-04-03,472.0917,,526.774973,,331.641764,,105.483491,371.523144,,107.645422
2023-04-04,470.8165,,522.69424,,331.039261,,105.660377,368.972017,,107.280429
2023-04-05,470.92,,525.125345,,330.953336,,105.955189,370.510479,,108.056371
2023-04-06,469.4441,,522.702856,,331.621654,,106.073113,370.707828,,108.016129
2023-04-10,469.662,,526.072502,,330.911532,,105.542453,372.12596,,108.118414
2023-04-11,470.9707,,524.820838,,331.037794,,106.014151,370.350254,,108.042177
2023-04-12,470.34,,520.236411,,330.394058,,106.073113,366.892594,,107.301662
2023-04-13,474.2143,,521.905331,,332.967164,,106.485849,367.905585,,107.18186
2023-04-14,471.1319,,521.017513,,331.824033,,105.424528,368.413499,,106.626163
2023-04-17,468.7589,,521.701011,,331.870114,,104.775943,370.81576,,106.64636
2023-04-18,470.4249,,521.283616,,332.199673,,105.011792,369.573533,,106.42267
2023-04-19,468.7634,,520.262882,,331.965662,,104.716981,369.896479,,106.291507
2023-04-20,467.6128,,518.441576,,331.477617,,104.834906,368.965303,,106.299604
2023-04-21,465.521,,515.032703,,331.405721,,104.245283,368.106442,,105.478573
2023-04-24,467.8298,,514.911381,,332.130407,,104.95283,367.004285,,105.645516
2023-04-25,463.5045,,513.535461,,329.804517,,105.129717,366.852067,,106.525672
2023-04-26,461.4029,,508.18275,,328.469376,,104.42217,363.205464,,105.182773
2023-04-27,463.0774,,510.512651,,331.928886,,104.42217,367.380296,,105.282925
2023-04-28,467.5836,,515.990467,,334.298227,,105.011792,370.368778,,105.982164
2023-05-01,465.761,,516.016718,,332.734401,,103.242925,370.097578,,104.610013
2023-05-02,463.0329,,511.800237,,331.7794,,104.245283,368.176392,,105.379795
2023-05-03,462.1385,,508.008026,,331.003649,,104.481132,365.299512,,105.038521
2023-05-04,459.8567,,507.786285,,329.435067,,104.186321,365.212944,,105.21592
2023-05-05,463.8177,,511.788244,,332.674048,,104.540094,368.535898,,105.496531
2023-05-08,462.9531,,511.521352,,331.995671,,104.009434,368.279105,,105.1022
2023-05-09,462.1345,,512.59218,,331.001731,,103.419811,368.596951,,104.910663
2023-05-10,463.6127,,513.299815,,332.782054,,104.068396,369.907868,,105.377272
2023-05-11,462.6879,,515.326475,,332.843659,,104.186321,372.179534,,106.124906
2023-05-12,461.8514,,517.543129,,331.823165,,103.773585,373.309354,,106.351448
2023-05-15,462.5897,,517.169167,,332.176152,,103.832547,372.840433,,106.165273
2023-05-16,458.378,,513.040857,,330.540747,,102.712264,371.424955,,105.138747
2023-05-17,461.3441,,517.456394,,332.751507,,103.125,374.702598,,105.785235
2023-05-18,463.5386,,523.263393,,334.046509,,102.417453,378.581401,,105.735476
2023-05-19,463.8714,,521.899328,,333.458208,,102.240566,376.659079,,105.202168
2023-05-22,463.0121,,520.59528,,333.414358,,102.004717,376.36573,,104.891536
2023-05-23,460.571,,519.952056,,331.324026,,101.945755,375.523854,,105.256315
2023-05-24,458.0015,,517.979611,,329.547009,,101.002358,374.180393,,104.469517
2023-05-25,463.942,,525.886872,,330.769847,,100.766509,376.419782,,104.461717
2023-05-26,470.2716,,533.195821,,333.447321,,101.533019,379.56233,,105.282839
2023-05-30,472.0407,,534.613292,,334.413004,,101.768868,380.243108,,105.411394
2023-05-31,469.4059,,533.892285,,333.775939,,101.474057,381.134283,,105.553449
2023-06-01,474.1861,,535.680698,,336.083604,,102.476415,381.173231,,105.874996
2023-06-02,474.9164,,539.256736,,338.303588,,102.535377,385.658496,,106.479119
2023-06-05,474.8132,,538.86274,,337.896563,,102.476415,384.996723,,106.36325
2023-06-06,475.5861,,540.729275,,338.494093,,103.007075,386.384514,,107.110018
2023-06-07,472.5573,,536.989302,,337.071009,,102.358491,384.547901,,106.376901
2023-06-08,477.3178,,538.203289,,339.014341,,103.419811,383.773228,,106.648503
2023-06-09,476.542,,539.013291,,339.067441,,103.125,385.036825,,106.677924
2023-06-12,480.1041,,542.623327,,341.151475,,103.301887,387.104469,,106.778448
2023-06-13,480.8978,,541.682277,,341.850277,,103.066038,386.585589,,106.174377
2023-06-14,482.4675,,541.893924,,342.2226,,103.773585,385.898235,,106.597089
2023-06-15,485.9711,,539.804587,,345.721368,,104.893868,385.540706,,106.558607
2023-06-16,483.4494,,537.204788,,344.586337,,104.540094,384.418952,,106.239017
2023-06-20,480.4075,,534.934559,,343.764192,,104.42217,384.29913,,106.339814
2023-06-21,478.6513,,529.680019,,342.930736,,104.540094,380.994448,,105.800943
2023-06-22,476.4148,,528.658357,,342.963161,,103.537736,382.080803,,105.075345
2023-06-23,474.8451,,530.022436,,341.821061,,103.478774,383.053115,,105.634522
2023-06-26,475.2954,,529.83428,,341.141398,,103.537736,381.793698,,105.557091
2023-06-27,479.6464,,532.016099,,343.115215,,103.537736,382.086285,,105.030287
2023-06-28,480.0793,,534.828735,,343.635465,,103.832547,384.3418,,105.790718
2023-06-29,480.4086,,537.654118,,343.386033,,102.830189,385.82709,,105.250736
2023-06-30,486.2194,,541.813053,,346.136945,,103.891509,387.242508,,105.87893
2023-07-03,486.456,,542.10652,,346.215505,,104.304245,387.351701,,106.305407
2023-07-05,483.0252,,541.025784,,345.277656,,103.125,388.270627,,105.639039
2023-07-06,478.5969,,534.401555,,342.756996,,101.29717,384.239535,,103.444511
2023-07-07,479.7692,,531.773868,,342.268334,,101.415094,380.872167,,102.803886
2023-07-10,483.0997,,533.888275,,343.174783,,101.650943,380.756101,,102.739473
2023-07-11,485.7481,,536.434743,,344.790484,,102.240566,382.277684,,103.262192
2023-07-12,490.4639,,535.826048,,347.564025,,104.127358,381.214561,,104.038464
2023-07-13,494.7681,,535.795306,,350.086611,,105.188679,380.619122,,104.178601
2023-07-14,492.0612,,532.916162,,349.295328,,104.42217,379.796043,,103.429587
2023-07-17,495.4171,,536.249731,,350.184806,,104.599057,380.54961,,103.546677
2023-07-18,498.3579,,539.591456,,351.859475,,104.95283,382.481871,,103.927427
2023-07-19,497.9387,,540.625386,,352.750468,,105.660377,384.508584,,104.916795
2023-07-20,492.814,,538.335452,,350.617624,,105.247642,384.522338,,105.146452
2023-07-21,493.5189,,539.328385,,350.714838,,105.247642,384.787997,,105.18993
2023-07-24,493.7558,,542.547645,,351.395145,,105.365566,387.64958,,105.885547
2023-07-25,496.5603,,546.399705,,351.823636,,105.601415,388.670306,,106.272404
2023-07-26,494.827,,542.650561,,352.313624,,105.483491,387.89501,,105.79464
2023-07-27,491.7909,,544.750998,,349.709704,,103.714623,388.904633,,105.067849
2023-07-28,495.5237,,547.001832,,352.29776,,104.540094,390.438036,,105.540596
2023-07-31,498.6894,,551.312385,,352.881872,,104.95283,391.665076,,106.114339
2023-08-01,498.1645,,551.353809,,351.343719,,103.537736,390.39809,,104.801759
2023-08-02,490.1516,,544.791641,,348.068331,,102.299528,388.402851,,103.988652
2023-08-03,489.2805,,543.262183,,346.54226,,101.061321,386.300845,,102.623977
2023-08-04,490.5522,,541.759825,,346.743823,,102.122642,384.457369,,103.146837
2023-08-07,491.9507,,543.585783,,348.576942,,102.004717,386.690097,,103.081105
2023-08-08,491.2236,,545.061237,,348.005958,,102.063679,387.67754,,103.573726
2023-08-09,488.9971,,541.725441,,346.708722,,102.240566,385.616495,,103.587774
2023-08-10,487.1438,,539.328272,,345.8783,,101.179245,384.44765,,102.447119
2023-08-11,486.5114,,540.414614,,345.336116,,100.707547,385.118119,,102.307716
2023-08-14,489.0495,,545.171625,,346.369204,,100.294811,387.648032,,102.251855
2023-08-15,484.7401,,540.575877,,343.572117,,99.233491,384.665744,,101.208803
2023-08-16,480.7881,,537.262759,,341.737092,,98.466981,383.39199,,100.631966
2023-08-17,478.8728,,535.476869,,340.029086,,98.349057,381.728426,,100.578012
2023-08-18,480.0514,,536.982469,,340.431976,,98.466981,382.314351,,100.733818
2023-08-21,482.81,,538.710071,,341.070482,,98.054245,382.068172,,100.059319
2023-08-22,482.0259,,540.329642,,340.663533,,98.17217,383.382206,,100.644284
2023-08-23,488.2509,,546.420847,,344.247629,,100.117925,386.788054,,102.47274
2023-08-24,483.0045,,543.179561,,341.062244,,99.292453,385.073626,,102.122347
2023-08-25,484.8947,,546.09836,,342.424709,,99.587264,387.174207,,102.574532
2023-08-28,487.4085,,547.701582,,344.017085,,99.941038,388.104605,,102.708658
2023-08-29,494.0454,,552.046851,,347.889177,,101.179245,390.272439,,103.398162
2023-08-30,495.8926,,551.914377,,348.701227,,101.120283,389.63274,,102.928267
2023-08-31,497.0689,,557.294949,,348.587644,,101.238208,392.372347,,103.806672
2023-09-01,497.6308,,561.560498,,348.264037,,100.589623,394.562508,,103.813727
2023-09-05,494.7406,,560.959797,,346.607327,,99.705189,394.557055,,103.391361
2023-09-06,493.5538,,559.358519,,345.079723,,99.587264,392.638684,,103.221904
2023-09-07,492.3958,,559.673979,,344.870325,,99.528302,393.545082,,103.461716
2023-09-08,492.5887,,559.762398,,345.261166,,99.764151,393.899017,,103.682651
2023-09-11,491.7776,,556.13751,,346.458532,,99.764151,393.353115,,103.181126
2023-09-12,490.9655,,555.033261,,345.369072,,99.941038,391.984925,,103.329468
2023-09-13,490.1519,,555.383967,,345.805709,,99.823113,393.380379,,103.444181
2023-09-14,491.6535,,561.602643,,347.416149,,100.117925,398.417033,,104.59096
2023-09-15,486.3104,,554.629082,,344.580143,,99.587264,394.54561,,103.873601
2023-09-18,488.7902,,555.79398,,344.895907,,99.882075,393.728885,,103.870258
2023-09-19,486.7543,,554.116479,,344.075857,,99.292453,393.245134,,103.376021
2023-09-20,483.7882,,551.705973,,342.0992,,99.056604,391.671851,,103.311378
2023-09-21,475.0693,,541.895213,,337.770526,,96.992925,386.810261,,101.183735
2023-09-22,477.2872,,545.074608,,337.890841,,97.582547,387.409682,,101.920283
2023-09-25,477.1387,,547.590191,,337.673632,,96.226415,389.068484,,100.999129
2023-09-26,472.5084,,543.343095,,334.533069,,95.400943,386.208262,,100.329718
2023-09-27,473.7689,,548.423749,,334.136588,,94.988208,388.321669,,100.561491
2023-09-28,476.065,,547.785206,,335.698436,,95.813679,387.803077,,100.82863
2023-09-29,473.4951,,544.390176,,335.082652,,95.341981,386.780546,,100.25159
2023-10-02,470.3235,,545.739739,,334.069632,,93.808962,389.173972,,99.550979
2023-10-03,463.9397,,538.887795,,330.343134,,92.275943,385.229895,,98.025171
2023-10-04,465.4695,,538.744741,,332.716742,,92.924528,386.620036,,98.363616
2023-10-05,464.6532,,535.597093,,332.718992,,92.570755,385.039033,,97.587769
2023-10-06,468.6123,,538.241808,,334.575648,,92.334906,385.812203,,96.99335
2023-10-09,475.065,,546.577647,,337.252216,,93.867925,389.557465,,98.77075
2023-10-10,476.6502,,546.405423,,338.176256,,94.516509,389.203037,,99.091226
2023-10-11,479.6034,,549.055634,,339.625093,,95.754717,390.347818,,100.255125
2023-10-12,477.394,,551.265824,,337.218437,,93.808962,390.942884,,99.069678
2023-10-13,478.5379,,553.706978,,336.775456,,94.929245,391.220837,,100.456025
2023-10-16,480.3842,,553.027287,,338.159694,,94.516509,390.838714,,99.512543
2023-10-17,479.3528,,550.958195,,337.172115,,94.162736,389.074633,,98.981664
2023-10-18,477.238,,550.641113,,333.855902,,93.21934,386.732405,,98.36757
2023-10-19,474.8886,,545.558924,,331.58889,,92.393868,382.443935,,97.074547
2023-10-20,471.7553,,541.41191,,329.616615,,92.099057,379.785168,,96.667059
2023-10-23,471.5218,,537.314306,,329.790387,,92.099057,377.296266,,95.982955
2023-10-24,471.6919,,541.51807,,331.759515,,93.101415,382.380565,,97.751431
2023-10-25,469.2839,,539.956965,,327.908417,,91.686321,378.786022,,96.480677
2023-10-26,468.444,,539.184495,,326.449335,,92.334906,377.236225,,97.198134
2023-10-27,468.7409,,539.705074,,325.510825,,92.099057,376.276396,,96.982001
2023-10-30,467.6893,,535.633122,,327.53266,,92.158019,376.601886,,96.528471
2023-10-31,468.2865,,538.376249,,328.688687,,91.863208,379.382155,,96.58911
2023-11-01,470.1208,,540.720314,,332.245546,,93.278302,383.654481,,98.119687
2023-11-02,475.319,,544.032972,,336.863901,,95.224057,387.090406,,99.677935
2023-11-03,476.804,,540.335198,,339.529068,,96.049528,386.294228,,99.547627
2023-11-06,475.4138,,539.287604,,339.318049,,95.459906,386.432374,,99.033462
2023-11-07,474.937,,539.627896,,340.612392,,95.872642,388.54088,,99.624324
2023-11-08,473.4952,,537.522504,,341.231937,,96.462264,388.90957,,100.149971
2023-11-09,472.6165,,538.622337,,338.487712,,94.811321,387.289993,,98.820713
2023-11-10,475.7592,,541.346303,,341.980571,,95.224057,390.667516,,99.09391
2023-11-13,477.6154,,542.726916,,341.766305,,95.106132,389.897248,,98.837981
2023-11-14,485.3411,,542.375494,,347.472065,,97.346698,389.843926,,99.491624
2023-11-15,483.0797,,541.455987,,347.049049,,96.757075,390.528846,,99.183496
2023-11-16,482.8682,,540.944627,,348.059141,,97.287736,391.466982,,99.676919
2023-11-17,485.7078,,541.287611,,348.597402,,97.641509,390.027333,,99.517578
2023-11-20,488.0094,,542.296604,,350.433564,,98.408019,390.959959,,100.011857
2023-11-21,488.9583,,544.810183,,350.125546,,98.17217,391.665286,,100.040094
2023-11-22,488.4258,,545.346457,,351.068946,,98.408019,393.53576,,100.488576
2023-11-24,489.1974,,543.979741,,350.557626,,97.759434,391.359511,,99.419041
2023-11-27,490.7295,,544.652176,,350.970495,,98.466981,391.079969,,99.949357
2023-11-28,492.861,,545.072182,,351.784329,,98.820755,390.592536,,99.951666
2023-11-29,494.3372,,547.871018,,352.323119,,99.587264,392.025271,,100.941822
2023-11-30,494.0889,,551.826641,,352.700173,,98.820755,395.476904,,100.938777
2023-12-01,499.2111,,557.865158,,355.179835,,100.648585,398.48428,,102.864373
2023-12-04,492.5687,,552.631734,,353.523044,,99.528302,398.203089,,102.124021
2023-12-05,491.3337,,553.278337,,354.428207,,100.176887,400.694405,,103.16846
2023-12-06,490.775,,554.287005,,353.931722,,100.825472,401.318927,,104.144139
2023-12-07,492.5758,,554.805509,,355.597607,,100.825472,402.109571,,103.860465
2023-12-08,493.6215,,557.776512,,355.798027,,100.589623,403.633848,,103.95171
2023-12-11,494.9401,,558.970346,,356.646548,,100.117925,404.382208,,103.40946
2023-12-12,496.1312,,558.779019,,358.048486,,100.117925,404.858519,,103.125887
2023-12-13,503.8958,,563.359202,,362.801639,,102.535377,407.222515,,104.840889
2023-12-14,509.2114,,563.185399,,364.669996,,105.011792,404.921828,,106.219352
2023-12-15,508.3994,,567.361167,,363.981448,,104.658019,407.804219,,106.816758
2023-12-18,509.8903,,567.472638,,364.911487,,104.481132,407.730875,,106.345312
2023-12-19,512.5776,,567.491794,,366.408184,,104.95283,407.270558,,106.268958
2023-12-20,508.4243,,565.028984,,363.908002,,104.716981,406.02607,,106.432398
2023-12-21,512.1595,,565.483962,,365.962311,,105.129717,405.666653,,106.158032
2023-12-22,512.403,,565.583304,,366.206214,,104.834906,405.815391,,105.828619
2023-12-26,514.6916,,566.673965,,367.43238,,105.188679,406.145357,,105.917443
2023-12-27,515.6005,,564.449062,,368.770635,,106.544811,405.308437,,106.673375
2023-12-28,513.43,,564.298616,,368.522896,,106.073113,406.64001,,106.621642
2023-12-29,511.8513,,563.771455,,367.605469,,105.247642,406.498666,,106.01906
2024-01-02,507.4128,,563.910025,,365.67695,,104.716981,408.003483,,106.43337
2024-01-03,506.0509,,563.307946,,363.949882,,104.540094,406.734625,,106.425787
2024-01-04,503.6732,,559.482974,,362.657669,,103.596698,404.438774,,105.243735
2024-01-05,502.4239,,558.27378,,362.611574,,103.007075,404.516732,,104.678214
2024-01-08,505.8135,,561.557702,,366.276992,,103.714623,408.254986,,105.306764
2024-01-09,504.2115,,560.782898,,365.90918,,103.007075,408.576333,,104.775894
2024-01-10,505.1491,,559.690507,,366.872339,,102.653302,408.094943,,104.019218
2024-01-11,506.5579,,561.271878,,367.601912,,103.125,408.9214,,104.501003
2024-01-12,508.9651,,565.149529,,368.019481,,103.65566,410.264616,,105.2642
2024-01-16,506.467,,566.171342,,366.120447,,101.945755,410.902328,,104.226506
2024-01-17,504.406,,563.494315,,364.500142,,101.179245,408.813176,,103.374408
2024-01-18,507.699,,567.496392,,366.314242,,101.179245,411.082027,,103.433337
2024-01-19,512.4068,,571.654909,,369.069952,,101.650943,413.376352,,103.715287
2024-01-22,513.1023,,573.198803,,369.807298,,101.886792,414.757911,,104.095393
2024-01-23,511.412,,572.847597,,370.100033,,101.591981,416.202987,,104.073442
2024-01-24,512.8156,,572.767996,,370.009796,,101.29717,414.904959,,103.473022
2024-01-25,518.7186,,581.417642,,371.888011,,102.063679,418.491316,,104.626069
2024-01-26,516.8511,,578.950761,,371.436181,,101.82783,417.713275,,104.316974
2024-01-29,521.8496,,585.737162,,373.792008,,102.830189,421.216449,,105.557808
2024-01-30,522.6774,,585.892767,,373.904709,,103.007075,420.787895,,105.599966
2024-01-31,517.9307,,582.042458,,370.921458,,103.183962,418.487854,,106.04923
2024-02-01,523.7849,,585.724639,,374.683722,,104.95283,420.652265,,107.336388
2024-02-02,524.8987,,591.601089,,375.675538,,103.125,425.093312,,106.299136
2024-02-05,522.7198,,591.5639,,373.620583,,101.886792,424.503615,,105.453964
2024-02-06,522.5802,,590.751497,,375.054676,,102.653302,425.661482,,106.129742
2024-02-07,524.9346,,592.432457,,376.626698,,102.535377,426.739294,,105.832653
2024-02-08,528.041,,595.634168,,376.26459,,102.063679,426.11144,,105.292026
2024-02-09,529.3877,,596.84867,,377.518659,,101.945755,427.313578,,105.116728
2024-02-12,529.905,,598.041968,,377.450287,,102.240566,427.672467,,105.528361
2024-02-13,524.6474,,595.619452,,372.942798,,100.53066,425.070984,,104.378773
2024-02-14,528.5184,,598.956974,,375.644257,,101.356132,427.395707,,105.050433
2024-02-15,531.6698,,600.011411,,377.541841,,101.82783,427.760319,,105.09845
2024-02-16,529.379,,597.320795,,375.949865,,101.886792,425.881472,,105.140762
2024-02-20,526.9065,,592.704604,,374.846738,,101.474057,423.32739,,104.393167
2024-02-21,527.3589,,592.588422,,374.585862,,101.415094,422.587019,,104.222572
2024-02-22,535.5117,,601.543925,,379.377274,,101.82783,427.846104,,104.610957
2024-02-23,534.7216,,600.939585,,380.090055,,102.59434,428.852039,,105.448108
2024-02-26,535.2301,,599.654027,,378.926184,,102.240566,426.218925,,104.760069
2024-02-27,534.3617,,599.062036,,379.158079,,101.886792,426.751127,,104.464005
2024-02-28,534.2071,,599.214734,,379.151596,,102.181604,426.976137,,104.823305
2024-02-29,537.0189,,604.208388,,380.210609,,102.771226,429.476393,,105.750158
2024-03-01,544.7708,,611.109038,,383.080534,,103.891509,431.4325,,106.585284
2024-03-04,545.5054,,610.912781,,382.470388,,103.773585,430.027136,,106.286788
2024-03-05,545.3307,,610.660881,,380.993078,,104.42217,428.326679,,106.941229
2024-03-06,549.9016,,613.406317,,382.393282,,105.129717,428.244114,,107.250929
2024-03-07,554.4378,,615.670056,,384.998921,,105.542453,429.212736,,107.185167
2024-03-08,551.7565,,613.460299,,383.747508,,105.424528,428.353638,,107.199553
2024-03-11,549.3097,,611.220604,,383.37962,,105.424528,428.279836,,107.283934
2024-03-12,551.8902,,614.041362,,385.471384,,105.070755,430.581112,,106.915114
2024-03-13,551.4398,,612.368924,,384.814857,,105.188679,429.027127,,106.830766
2024-03-14,549.0213,,613.296595,,383.382032,,104.363208,429.962919,,106.620591
2024-03-15,547.2233,,611.035443,,381.786847,,103.714623,427.996947,,105.914182
2024-03-18,548.3086,,613.108891,,382.990296,,103.65566,429.950258,,106.002934
2024-03-19,548.7746,,614.002696,,384.652296,,103.891509,432.078337,,106.308658
2024-03-20,553.0171,,615.565583,,387.100429,,104.658019,432.590831,,106.541936
2024-03-21,555.6143,,621.993113,,387.973092,,104.834906,436.045345,,107.332285
2024-03-22,555.1407,,624.516592,,388.025285,,105.129717,438.246873,,108.162997
2024-03-25,554.7557,,622.321312,,387.10073,,104.658019,435.968166,,107.37365
2024-03-26,553.2703,,621.010282,,386.830706,,104.716981,435.913441,,107.495641
2024-03-27,556.1417,,624.417727,,389.291214,,105.837264,438.815797,,108.677759
2024-03-28,558.6561,,629.66578,,389.052097,,106.25,440.241718,,109.523368
2024-04-01,559.792,,633.489158,,387.518685,,105.188679,440.273995,,108.866386
2024-04-02,559.5822,,631.699361,,385.93674,,105.129717,437.401792,,108.538633
2024-04-03,561.6339,,630.112818,,386.277299,,105.365566,435.092978,,108.112525
2024-04-04,557.5456,,625.47409,,383.821111,,105.601415,432.290485,,108.345524
2024-04-05,564.1741,,632.956898,,385.457527,,105.247642,434.1656,,107.990529
2024-04-08,564.1231,,631.553346,,385.445463,,105.424528,433.228463,,107.941917
2024-04-09,564.6403,,632.266284,,386.244226,,106.25,434.218216,,108.810147
2024-04-10,560.0886,,633.854307,,382.078816,,104.540094,434.113767,,108.200161
2024-04-11,564.8329,,640.200827,,383.840086,,104.481132,436.781727,,108.30448
2024-04-12,558.9969,,638.797302,,380.94617,,104.068396,437.054074,,108.763917
2024-04-15,556.5413,,636.847191,,377.153157,,103.242925,433.28482,,108.046435
2024-04-16,556.0343,,636.596594,,376.323594,,102.358491,432.555724,,107.176336
2024-04-17,551.3179,,627.997305,,375.682721,,102.771226,429.630194,,107.06303
2024-04-18,549.9504,,628.175925,,374.785633,,102.59434,429.792257,,107.174995
2024-04-19,546.6331,,623.865084,,372.981276,,102.771226,427.365709,,107.270079
2024-04-22,545.4222,,622.37793,,375.146011,,102.712264,429.773461,,107.190422
2024-04-23,549.4697,,624.230975,,378.129077,,102.889151,431.280208,,106.901415
2024-04-24,549.0358,,623.877959,,377.6172,,102.59434,430.792997,,106.61902
2024-04-25,549.2296,,622.289248,,376.339759,,102.358491,428.091251,,106.065597
2024-04-26,553.2093,,629.079009,,378.80902,,103.183962,432.467943,,107.310008
2024-04-29,554.4012,,628.676109,,380.070307,,103.891509,432.697738,,107.744511
2024-04-30,545.293,,621.559579,,375.843508,,102.417453,430.108259,,106.767511
2024-05-01,541.9164,,615.023513,,375.634883,,102.59434,427.999467,,106.486642
2024-05-02,544.7945,,617.528924,,378.420969,,103.301887,430.643277,,107.08907
2024-05-03,548.8514,,620.213357,,382.017427,,104.481132,433.398497,,107.978307
2024-05-06,554.24,,625.755835,,384.485227,,105.070755,435.817422,,108.49287
2024-05-07,553.1985,,625.352366,,385.076347,,105.306604,437.027268,,108.870875
2024-05-08,552.1859,,624.573572,,384.765908,,105.011792,436.930904,,108.629722
2024-05-09,554.5447,,625.281064,,386.392753,,105.837264,437.406847,,109.141427
2024-05-10,554.8805,,626.502255,,386.373967,,105.71934,437.974596,,109.166635
2024-05-13,553.2026,,623.322613,,386.476639,,105.660377,437.189583,,108.881259
2024-05-14,556.0342,,624.799047,,387.963382,,106.426887,437.670705,,109.371084
2024-05-15,562.5563,,628.352661,,391.873108,,107.606132,439.441244,,109.922549
2024-05-16,560.4409,,626.980654,,391.211521,,107.488208,439.393716,,109.97588
2024-05-17,561.248,,627.877801,,391.053718,,107.724057,439.212437,,110.216173
2024-05-20,563.7075,,631.233392,,391.180781,,107.606132,439.776025,,110.200985
2024-05-21,564.0977,,631.833289,,392.039768,,107.841981,440.855421,,110.471013
2024-05-22,560.8681,,630.032763,,391.164963,,107.370283,441.143851,,110.305914
2024-05-23,558.5292,,627.857947,,389.010357,,105.955189,439.03037,,108.930638
2024-05-24,560.7707,,628.564294,,390.731867,,106.367925,439.704705,,109.040387
2024-05-28,562.3975,,629.760668,,390.18451,,105.778302,438.651949,,108.328081
2024-05-29,558.4395,,628.564999,,387.935584,,104.599057,438.380845,,107.674816
2024-05-30,555.7195,,623.707524,,387.121653,,105.188679,436.205059,,107.970883
2024-05-31,557.3489,,624.636673,,389.735503,,105.896226,438.518771,,108.540825
2024-06-03,558.125,,622.253942,,390.8635,,106.662736,437.501136,,108.757998
2024-06-04,557.5586,,623.068109,,391.6951,,106.839623,439.45158,,109.191707
2024-06-05,564.791,,631.760026,,394.965427,,107.606132,443.548735,,110.081338
2024-06-06,564.5404,,630.371903,,395.014154,,107.783019,442.825239,,110.06886
2024-06-07,559.4953,,629.940016,,393.336839,,105.778302,444.616182,,108.921008
2024-06-10,562.4465,,635.174624,,393.92666,,105.837264,446.627214,,109.310739
2024-06-11,563.5405,,637.873656,,395.048881,,106.014151,448.929616,,109.745236
2024-06-12,568.5656,,639.506764,,397.726747,,106.721698,449.125019,,109.78161
2024-06-13,569.1263,,644.394235,,399.013735,,107.429245,453.574598,,111.244314
2024-06-14,569.7824,,647.234857,,399.320029,,107.606132,455.398767,,111.789804
2024-06-17,571.281,,647.020705,,400.656805,,107.311321,455.573873,,111.154294
2024-06-18,575.5265,,651.495248,,401.843407,,108.07783,456.689116,,111.890921
2024-06-20,574.6619,,652.826443,,400.917411,,107.959906,457.254657,,112.165716
2024-06-21,571.2978,,649.642174,,400.613933,,107.370283,457.35728,,111.662684
2024-06-24,570.5946,,646.363736,,399.955932,,107.841981,454.861685,,111.724775
2024-06-25,574.716,,652.138353,,400.863662,,108.018868,456.668475,,112.098133
2024-06-26,572.0117,,651.099532,,400.444349,,107.016509,457.617399,,111.405224
2024-06-27,572.8701,,650.669322,,401.094321,,107.488208,457.370949,,111.654775
2024-06-28,570.4629,,647.493607,,399.356793,,106.485849,455.07926,,110.538173
2024-07-01,568.0344,,642.972291,,398.983864,,105.424528,453.409734,,109.136895
2024-07-02,570.1658,,645.09657,,401.135411,,106.132075,455.651137,,109.820276
2024-07-03,575.2929,,648.537506,,403.063544,,107.311321,456.181312,,110.637901
2024-07-05,577.5728,,647.857604,,405.274862,,108.254717,456.39448,,111.053426
2024-07-08,577.813,,648.995299,,405.608245,,108.07783,457.381826,,111.020496
2024-07-09,577.7292,,649.513262,,405.701389,,107.54717,457.918391,,110.579595
2024-07-10,583.5119,,655.027103,,408.27391,,108.254717,460.128431,,111.139564
2024-07-11,580.5744,,649.462718,,406.982276,,109.316038,457.077378,,111.838808
2024-07-12,583.0014,,649.982697,,408.975421,,109.669811,457.769964,,111.823118
2024-07-15,584.3473,,652.111161,,409.086975,,109.080189,458.336169,,111.32912
2024-07-16,590.1156,,658.222104,,411.219293,,110.318396,460.496928,,112.537072
2024-07-17,578.3118,,642.714933,,407.868273,,109.964623,455.086705,,111.769068
2024-07-18,576.5737,,643.282564,,405.535738,,109.021226,454.248991,,111.242392
2024-07-19,570.7008,,637.631348,,403.593624,,108.07783,452.713415,,110.435856
2024-07-22,575.959,,642.933068,,406.020386,,108.018868,455.029886,,110.277299
2024-07-23,573.5858,,642.460698,,405.619163,,107.606132,456.125683,,110.229414
2024-07-24,564.3615,,632.951022,,399.615208,,106.308962,449.958667,,109.042277
2024-07-25,560.0583,,627.783134,,398.811737,,106.662736,448.80969,,109.34563
2024-07-26,564.8019,,632.58125,,402.062636,,107.665094,452.09715,,110.282702
2024-07-29,564.0774,,633.749086,,402.453713,,107.841981,453.954653,,110.809963
2024-07-30,561.4642,,631.139753,,401.408617,,108.07783,453.010267,,111.109806
2024-07-31,573.3299,,643.846893,,406.179672,,109.610849,457.945805,,112.575494
2024-08-01,564.5565,,636.021335,,403.409275,,109.139151,456.276434,,112.449401
2024-08-02,562.2336,,626.587533,,400.705306,,109.669811,448.340461,,111.780064
2024-08-05,565.1004,,627.258142,,393.583078,,109.198113,438.606434,,110.853174
2024-08-06,560.991,,623.995726,,394.820689,,108.136792,440.903464,,110.004768
2024-08-07,556.549,,619.525317,,392.75454,,107.488208,438.929484,,109.42808
2024-08-08,563.5368,,627.458944,,397.959404,,108.254717,444.856246,,110.235675
2024-08-09,562.7156,,626.779955,,399.571388,,108.84434,446.825977,,110.877723
2024-08-12,565.1386,,628.511382,,399.975747,,109.375,446.590748,,111.247061
2024-08-13,568.6564,,628.839754,,404.570785,,110.082547,449.161438,,111.332211
2024-08-14,568.4884,,627.592155,,405.619867,,110.082547,449.565531,,111.144167
2024-08-15,573.5417,,635.479102,,409.121081,,110.259434,455.099145,,111.728595
2024-08-16,574.3573,,633.248912,,410.064688,,110.790094,453.902493,,111.713471
2024-08-19,577.2822,,633.1205,,412.593459,,111.497642,454.295501,,111.834602
2024-08-20,576.0459,,629.232905,,412.678048,,111.851415,452.567738,,111.73986
2024-08-21,578.4237,,630.708185,,413.850371,,112.382075,453.047381,,112.070611
2024-08-22,573.0085,,626.900795,,411.220376,,111.143868,451.679386,,111.207882
2024-08-23,577.856,,627.853533,,414.592373,,112.558962,452.249308,,111.848741
2024-08-26,576.0091,,627.42254,,413.854106,,112.441038,452.580594,,112.012869
2024-08-27,576.5915,,626.7541,,414.24862,,112.5,452.072309,,111.839129
2024-08-28,573.9778,,627.537705,,412.665446,,111.910377,452.960908,,111.899307
2024-08-29,573.2836,,629.160819,,412.469302,,111.851415,454.466285,,112.265403
2024-08-30,574.1727,,631.96789,,414.441291,,111.320755,457.966149,,112.057498
2024-09-03,567.519,,624.768881,,410.02335,,110.790094,453.174497,,111.545543
2024-09-04,569.4363,,624.679123,,410.229856,,111.379717,451.811203,,111.745555
2024-09-05,568.9126,,622.52051,,410.057948,,111.556604,450.47556,,111.638939
2024-09-06,563.9521,,618.579156,,406.125678,,110.731132,447.230487,,111.079805
2024-09-09,567.2062,,624.894198,,409.100036,,111.438679,452.494108,,112.282942
2024-09-10,567.942,,626.579277,,410.660339,,111.733491,454.854703,,112.737322
2024-09-11,571.8086,,631.274742,,413.150174,,112.087264,457.92416,,113.1713
2024-09-12,575.0224,,631.245751,,415.083629,,112.5,457.474823,,112.947997
2024-09-13,580.216,,637.085228,,416.736923,,113.089623,459.396522,,113.564579
2024-09-16,582.0293,,635.591722,,417.498007,,114.091981,457.726102,,113.946453
2024-09-17,582.4916,,637.206982,,417.43851,,113.856132,458.459797,,113.909407
2024-09-18,578.1329,,632.143067,,416.165313,,113.03066,456.847719,,113.03066
2024-09-19,586.6265,,638.976178,,420.441675,,113.974057,459.776357,,113.538016
2024-09-20,586.4489,,638.857141,,419.858094,,113.620283,459.191664,,113.198781
2024-09-23,588.563,,643.987764,,420.416684,,114.150943,461.83037,,114.229025
2024-09-24,592.3807,,644.204937,,421.375467,,114.976415,460.055559,,114.352119
2024-09-25,590.2877,,644.63328,,420.165637,,114.091981,460.667324,,113.950547
2024-09-26,592.7181,,644.72757,,421.201641,,115.035377,459.976871,,114.438401
2024-09-27,592.5511,,645.533589,,421.323571,,115.566038,460.815077,,115.142476
2024-09-30,590.8736,,645.13983,,421.940839,,115.389151,462.518085,,115.222303
2024-10-01,593.6853,,652.133866,,420.126967,,116.037736,463.317714,,116.571399
2024-10-02,594.1659,,654.032783,,419.889935,,115.625,464.029025,,116.400768
2024-10-03,596.3715,,657.323611,,418.744072,,114.622642,463.371065,,115.54338
2024-10-04,598.0595,,662.674804,,419.94921,,114.091981,467.165455,,115.617478
2024-10-07,597.6198,,662.054846,,417.086253,,113.561321,463.887589,,115.056652
2024-10-08,597.721,,661.817169,,419.743574,,113.03066,466.59648,,114.458509
2024-10-09,599.3169,,666.065335,,421.050795,,112.735849,469.799648,,114.586816
2024-10-10,600.1721,,667.17436,,420.502038,,112.676887,469.298902,,114.554114
2024-10-11,602.3066,,669.590011,,422.066813,,112.853774,471.075413,,114.741292
2024-10-14,603.6317,,672.74261,,423.989641,,112.794811,474.405844,,114.968357
2024-10-15,596.822,,666.240426,,422.695078,,112.617925,473.730379,,114.975679
2024-10-16,598.7868,,670.20614,,424.020491,,113.148585,476.475875,,115.823748
2024-10-17,597.5088,,670.677534,,423.216379,,112.676887,476.924692,,115.668898
2024-10-18,599.28,,670.535921,,424.303883,,112.912736,476.636348,,115.544027
2024-10-21,597.143,,671.270982,,422.703889,,111.320755,477.06072,,114.447939
2024-10-22,598.5081,,673.952207,,422.603096,,111.733491,477.759828,,115.068046
2024-10-23,595.0277,,670.946645,,419.860404,,110.849057,475.306342,,114.312865
2024-10-24,598.3139,,671.804521,,420.740678,,111.379717,474.29246,,114.3753
2024-10-25,599.8889,,675.669781,,420.30123,,110.966981,475.271988,,114.306189
2024-10-28,598.3501,,672.808347,,420.804165,,111.025943,475.044091,,114.175463
2024-10-29,601.5717,,676.043161,,421.416895,,110.849057,475.463143,,113.928226
2024-10-30,599.5202,,671.416453,,420.466968,,111.20283,472.756958,,113.898054
2024-10-31,592.6965,,662.078876,,415.486022,,110.554245,465.963259,,112.944503
2024-11-01,590.7255,,663.014603,,415.877651,,109.728774,468.620028,,112.634181
2024-11-04,592.2894,,662.007343,,416.039053,,110.495283,466.85373,,112.94965
2024-11-05,601.063,,668.586551,,419.45792,,111.20283,468.429167,,113.126874
2024-11-06,606.3402,,687.112085,,424.392748,,109.433962,482.833134,,113.416347
2024-11-07,610.9367,,687.552632,,427.657865,,111.143868,483.19684,,114.395133
2024-11-08,613.7553,,696.202862,,429.068844,,111.143868,488.635952,,115.302404
2024-11-11,610.4758,,696.93073,,428.920695,,110.436321,491.604728,,115.304272
2024-11-12,604.991,,692.372641,,427.122239,,108.667453,490.750845,,113.737264
2024-11-13,602.0788,,692.993143,,427.226366,,107.841981,493.686824,,113.520884
2024-11-14,600.6224,,693.483511,,425.504074,,108.018868,493.237655,,114.06346
2024-11-15,598.605,,690.570487,,422.252139,,107.606132,489.05468,,113.531663
2024-11-18,599.0793,,687.243874,,423.441297,,108.431604,487.683051,,113.761353
2024-11-19,604.0744,,693.170314,,424.612387,,108.726415,489.170289,,114.102957
2024-11-20,605.3108,,697.968731,,424.527822,,108.726415,491.452547,,114.658147
2024-11-21,608.2763,,706.042354,,425.802252,,108.962264,496.198789,,115.669347
2024-11-22,610.2734,,712.393873,,426.72635,,109.257075,500.107173,,116.642713
2024-11-25,607.1348,,703.300537,,429.11776,,110.436321,499.057054,,116.998436
2024-11-26,609.3999,,706.395576,,430.199648,,109.90566,500.649204,,116.513959
2024-11-27,608.3488,,699.997842,,429.888041,,110.318396,496.612099,,116.092534
2024-11-29,612.7633,,704.497282,,432.167986,,111.320755,498.835159,,117.050972
2024-12-02,612.1683,,708.97593,,432.672279,,111.261792,503.080651,,117.84713
2024-12-03,613.3863,,709.872589,,432.452355,,111.20283,502.461152,,117.699463
2024-12-04,615.7915,,712.303528,,434.630949,,111.733491,504.742577,,118.202613
2024-12-05,616.4963,,708.012429,,434.21955,,111.556604,500.653974,,117.170423
2024-12-06,617.405,,710.351144,,435.220824,,111.556604,502.725016,,117.38444
2024-12-09,612.1173,,705.181729,,433.366935,,111.497642,501.233463,,117.47471
2024-12-10,608.5271,,702.770529,,432.331579,,111.143868,501.266249,,117.390088
2024-12-11,613.8753,,711.095132,,433.944358,,110.908019,504.660693,,117.495923
2024-12-12,608.2168,,706.485936,,431.902677,,109.492925,503.673257,,116.317074
2024-12-13,609.1887,,705.451215,,431.188474,,108.84434,501.302855,,115.274514
2024-12-16,611.221,,706.989793,,432.462906,,108.490566,502.205687,,114.767562
2024-12-17,606.4836,,702.860962,,431.395402,,108.195755,501.930701,,114.676093
2024-12-18,593.4051,,696.912055,,422.357321,,106.073113,497.994581,,113.931633
2024-12-19,593.1417,,696.165569,,421.848079,,105.247642,497.08201,,112.974066
2024-12-20,598.1463,,697.246614,,425.336765,,105.778302,497.771245,,112.768522
2024-12-23,598.291,,699.070932,,426.337562,,105.542453,500.126952,,112.7842
2024-12-24,601.724,,703.982104,,429.387753,,106.073113,504.349769,,113.496353
2024-12-26,601.8888,,702.208413,,429.519377,,106.191038,503.09548,,113.305225
2024-12-27,596.6333,,696.063595,,426.444317,,105.424528,499.484079,,112.485205
2024-12-30,594.2461,,694.224581,,424.205212,,105.424528,497.539465,,112.638697
2024-12-31,592.4407,,695.550979,,423.072442,,105.306604,498.673976,,113.071198
2025-01-02,595.7569,,705.845065,,422.468444,,105.660377,502.518974,,114.489264
2025-01-03,599.7677,,707.363857,,425.451372,,105.365566,503.764556,,113.650356
2025-01-06,601.6665,,704.043565,,426.754838,,105.306604,501.348873,,112.696808
2025-01-07,597.7663,,702.855551,,423.255035,,104.658019,499.637092,,112.543254
2025-01-08,597.3282,,703.797118,,423.831716,,104.893868,501.355526,,113.030818
2025-01-10,596.1364,,707.756971,,418.987065,,103.891509,499.409751,,112.805656
2025-01-13,595.2597,,706.419471,,419.225858,,103.950472,499.484631,,112.8223
2025-01-14,596.7882,,703.897647,,419.630632,,104.127358,496.906133,,112.322418
2025-01-15,602.4215,,711.833447,,425.657249,,105.896226,504.958688,,114.438121
2025-01-16,604.608,,713.882784,,425.542658,,106.191038,504.445218,,114.670892
2025-01-17,609.5289,,721.746953,,428.103703,,106.662736,508.929387,,115.508962
2025-01-21,613.277,,715.22705,,431.006557,,107.54717,504.648537,,114.709278
2025-01-22,616.8715,,720.531943,,432.059134,,107.311321,506.663491,,114.634774
2025-01-23,616.8852,,720.084405,,433.189297,,107.311321,507.662005,,114.561027
2025-01-24,614.6001,,712.151859,,432.716342,,107.724057,503.386044,,114.157642
2025-01-27,597.0692,,691.864763,,430.001819,,108.07783,500.247266,,114.536911
2025-01-28,604.0323,,704.060545,,432.180558,,107.959906,505.746584,,115.08657
2025-01-29,601.7221,,701.986982,,430.903106,,107.841981,504.696866,,115.062355
2025-01-30,609.537,,713.267007,,432.538197,,108.549528,508.152909,,116.16955
2025-01-31,605.8739,,711.246581,,430.795062,,107.900943,507.722666,,115.84452
2025-02-03,605.8134,,712.055658,,429.227124,,108.018868,506.500773,,116.114644
2025-02-04,615.7691,,721.344266,,431.274498,,108.962264,507.219986,,116.738233
2025-02-05,621.317,,726.129116,,433.250088,,109.964623,508.343367,,117.534647
2025-02-06,624.0319,,730.685783,,433.964617,,109.964623,510.147867,,117.757658
2025-02-07,623.0232,,733.545949,,431.032387,,109.492925,509.507869,,117.90208
2025-02-10,629.9935,,743.127405,,432.844882,,109.787736,512.598562,,118.438621
2025-02-11,626.5826,,735.223231,,432.643447,,109.669811,509.669809,,117.690198
2025-02-12,623.7469,,730.408353,,430.914811,,108.490566,506.601697,,116.18809
2025-02-13,628.7602,,730.529997,,434.673402,,110.082547,507.030359,,116.972504
2025-02-14,629.3406,,729.565806,,435.309155,,110.377358,506.634091,,117.022945
2025-02-18,632.78,,736.467353,,435.369079,,110.023585,508.716969,,117.111314
2025-02-19,629.0467,,733.766097,,436.236186,,110.200472,510.874621,,117.56296
2025-02-20,625.7468,,724.453267,,435.415445,,110.554245,506.096642,,117.05756
2025-02-21,618.0842,,718.634235,,431.70907,,110.436321,503.928965,,117.43147
2025-02-24,611.7734,,710.542495,,430.830358,,110.613208,502.369948,,117.49483
2025-02-25,608.9499,,704.215442,,430.614765,,111.143868,499.954849,,117.549772
2025-02-26,613.1196,,710.97849,,431.022711,,111.497642,501.798437,,118.24676
2025-02-27,604.6597,,706.988068,,426.632796,,110.259434,500.810223,,117.904159
2025-02-28,609.7335,,714.549262,,431.386738,,111.025943,507.54762,,118.99505
2025-03-03,603.1512,,699.252306,,427.223155,,110.908019,497.2564,,117.593404
2025-03-04,601.1627,,687.861895,,423.746967,,110.259434,486.781109,,115.381795
2025-03-05,602.0075,,678.445722,,425.895316,,110.554245,481.874515,,113.946486
2025-03-06,594.7935,,670.520865,,421.193682,100.0,109.846698,476.700732,100.0,113.251873
2025-03-07,596.1245,,669.092829,,422.41055,99.874477,109.964623,475.994624,99.43925,112.879401
2025-03-10,589.9479,,661.989054,,416.466788,98.828452,109.90566,469.175591,98.372353,112.789719
2025-03-11,591.6566,,658.79855,,413.797127,98.995816,109.375,462.581521,97.780821,111.381559
2025-03-12,595.1372,,664.548828,,414.629805,98.702929,109.080189,464.823637,97.76733,111.395587
2025-03-13,596.7004,,668.541793,,411.815579,98.74477,109.375,463.225963,98.138689,112.073415
2025-03-14,601.9702,,672.932839,,416.580793,99.623431,110.731132,467.534712,98.789808,113.208432
2025-03-17,605.7431,,674.261282,,418.726629,100.460251,110.849057,467.937892,99.194575,112.84545
2025-03-18,604.2521,,671.237238,,416.193242,100.334728,110.966981,464.163285,98.869666,112.736345
2025-03-19,610.26,,680.585259,,419.397874,101.087866,111.733491,469.582329,100.004739,113.962851
2025-03-20,609.9743,,683.628051,,418.777968,100.794979,111.615566,471.205174,100.207714,114.405106
2025-03-21,607.5249,,683.137489,,418.642959,100.376569,110.908019,472.613057,100.122181,114.056303
2025-03-24,609.8467,,686.459387,,422.511365,100.334728,110.613208,477.474798,100.18423,113.871086
2025-03-25,610.2537,,687.560495,,423.268304,100.502092,111.025943,478.777938,100.445275,114.402963
2025-03-26,603.4945,,682.310002,,419.83247,99.874477,110.318396,476.543262,100.165199,114.069271
2025-03-27,600.5273,,675.950451,,419.070339,100.125523,110.259434,473.572982,99.972562,113.50374
2025-03-28,601.6732,,675.919796,,414.972235,100.167364,110.554245,468.027559,99.819332,113.585326
2025-03-31,605.4207,,680.569964,,416.966372,100.669456,111.438679,470.581046,100.384614,114.568117
2025-04-01,608.7604,,685.731856,,418.299674,101.171548,111.733491,473.056861,101.092804,115.107495
2025-04-02,611.8536,,685.633143,,419.69417,101.67364,111.733491,472.166431,101.066348,114.509088
2025-04-03,599.977,,660.011074,,408.165941,100.920502,110.849057,450.786883,98.480431,111.522097
2025-04-04,594.4027,,659.17565,,393.984198,96.276151,107.900943,438.648929,94.709385,109.435425
2025-04-07,593.5993,,661.725373,,391.563986,94.100418,104.95283,438.232957,93.052893,107.001747
2025-04-08,596.056,,661.564314,,387.071879,92.719665,103.007075,431.314953,91.287388,104.55971
2025-04-09,607.0153,,674.245146,,411.816046,97.280335,106.544811,459.239614,95.851114,108.233774
2025-04-10,605.6676,,657.530816,,399.683809,94.1841,103.773585,435.628428,90.701252,103.034079
2025-04-11,608.7759,,651.589542,,403.806808,96.276151,105.188679,433.918512,91.40907,102.966977
2025-04-14,605.2533,,648.298654,,407.109014,96.569038,106.308962,437.790728,91.755007,104.140615
2025-04-15,608.5422,,655.924636,,406.746093,96.778243,106.426887,440.153866,92.532627,104.91242
2025-04-16,609.7939,,650.400104,,401.848807,97.447699,106.662736,430.306689,92.198325,104.04532
2025-04-17,608.0186,,650.618595,,401.776499,97.866109,106.78066,431.630399,92.89575,104.499573
2025-04-21,607.5008,,641.482136,,395.060058,97.447699,105.837264,418.81162,91.277391,102.208878
2025-04-22,607.604,,646.861243,,401.519701,98.117155,107.075472,429.156064,92.659376,104.254019
2025-04-23,609.0415,,654.466727,,405.656803,98.284519,107.606132,437.640329,93.687083,105.752346
2025-04-24,612.2908,,653.648213,,411.681117,99.916318,109.316038,441.230148,94.618636,106.729022
2025-04-25,613.2884,,656.211409,,414.068333,100.083682,109.375,444.804254,94.994009,107.030954
2025-04-28,614.2693,,654.071743,,414.610467,100.753138,110.082547,443.225487,95.1654,107.200633
2025-04-29,614.4865,,656.136265,,416.585596,100.920502,110.495283,446.584693,95.590562,107.904049
2025-04-30,614.9763,,660.009921,,416.525809,100.878661,110.200472,448.799008,96.038487,108.165271
2025-05-01,614.6877,,662.11423,,417.847714,100.0,109.375,451.870841,95.550358,107.747889
2025-05-02,619.148,,666.222121,,420.763224,100.334728,109.551887,454.548508,95.770062,107.809428
2025-05-05,620.2241,,666.442143,,419.023235,100.460251,109.610849,452.032653,95.755117,107.715862
2025-05-06,618.768,,661.806577,,417.322232,100.962343,110.141509,448.118261,95.789205,107.737418
2025-05-07,618.4341,,665.371494,,418.62681,100.962343,109.846698,452.184518,96.357184,108.086157
2025-05-08,617.3046,,668.582123,,419.512331,100.251046,109.198113,456.160699,96.31592,108.163987
2025-05-09,617.3932,,667.417536,,419.372631,100.585774,109.551887,455.149158,96.455334,108.309846
2025-05-12,618.8161,,678.85554,,427.104734,100.376569,109.257075,470.400782,97.679185,109.616931
2025-05-13,622.9322,,677.126371,,428.631376,100.711297,110.082547,467.768307,97.109352,109.435877
2025-05-14,618.4127,,672.827306,,428.476419,99.958159,109.492925,468.026045,96.471132,108.949081
2025-05-15,623.2922,,677.523749,,430.702421,100.669456,110.436321,470.032655,97.069875,109.788554
2025-05-16,622.8341,,678.396656,,432.433162,100.711297,110.554245,472.877004,97.306852,110.128328
2025-05-19,623.8083,,674.652375,,432.661036,101.004184,110.613208,469.780059,96.899645,109.407778
2025-05-20,624.1696,,672.595884,,431.486899,100.920502,110.200472,466.806715,96.468364,108.604383
2025-05-21,617.2577,,662.417449,,426.002944,100.083682,108.84434,458.982086,95.275764,106.827583
2025-05-22,617.0415,,665.121093,,426.585223,100.167364,108.726415,461.647025,95.778164,107.184928
2025-05-23,620.3086,,663.980073,,425.082129,100.627615,109.375,456.812499,95.547283,107.072419
2025-05-27,624.6022,,670.411729,,431.160416,101.380753,110.436321,464.616752,96.526715,108.408249
2025-05-28,621.9273,,669.663202,,429.347989,100.585774,109.551887,464.134802,96.074314,107.881998
2025-05-29,625.1333,,668.655796,,430.997657,101.213389,110.318396,462.831359,96.033303,107.91709
2025-05-30,624.4843,,669.109585,,431.136814,101.171548,110.377358,463.776482,96.15858,108.160336
2025-06-02,628.8858,,668.365028,,432.130811,101.715481,110.318396,461.078689,95.892116,107.226511
2025-06-03,629.8155,,673.438821,,433.495075,101.506276,110.141509,465.357651,96.27901,107.708042
2025-06-04,632.3281,,673.330175,,434.456232,102.677824,111.733491,464.46128,96.987591,108.813121
2025-06-05,629.9123,,669.145935,,432.749043,102.217573,111.674528,461.524498,96.320835,108.494366
2025-06-06,628.6465,,670.825912,,434.537609,101.757322,110.67217,465.530978,96.321428,108.007536
2025-06-09,629.8121,,670.609913,,434.979357,102.008368,110.966981,464.992024,96.349327,108.06002
2025-06-10,632.1972,,672.990366,,436.857187,102.426778,111.615566,466.889011,96.721653,108.665917
2025-06-11,635.8617,,672.937442,,436.6913,102.719665,111.910377,463.985548,96.431637,108.316518
2025-06-12,640.8702,,672.785319,,438.371715,103.514644,112.794811,462.026452,96.396694,108.294863
2025-06-13,638.9785,,672.506755,,434.814557,103.096234,111.910377,459.443771,96.251415,107.719188
2025-06-16,639.3234,,672.386607,,436.937708,103.221757,111.674528,461.355676,96.299409,107.414988
2025-06-17,639.5049,,677.26473,,435.246884,103.34728,112.323113,462.773137,97.088447,108.791764
2025-06-18,639.2309,,676.986347,,435.319242,103.556485,112.146226,462.858136,97.286677,108.622331
2025-06-20,637.6943,,672.896978,,434.874346,103.472803,111.96934,460.699477,96.853691,108.055646
2025-06-23,640.6489,,672.808634,,437.81044,103.682008,112.264151,461.61028,96.589249,107.826342
2025-06-24,643.3377,,673.71184,,441.425031,103.556485,112.735849,464.098347,96.198079,107.971597
2025-06-25,644.4052,,671.964529,,441.552188,103.263598,112.853774,462.260985,95.518718,107.625629
2025-06-26,649.1938,,674.562513,,444.097919,104.058577,113.738208,463.280974,95.913478,108.085273
2025-06-27,642.995,,667.186272,,444.930479,103.556485,113.325472,463.499799,95.317079,107.542306
2025-06-30,649.3431,,669.743187,,446.928532,104.309623,114.209906,462.796476,95.436031,107.733347
2025-07-01,647.1607,,666.395398,,446.669493,104.309623,114.622642,461.768212,95.27921,107.94501
2025-07-02,649.8852,,669.631936,,447.674218,104.100418,115.035377,463.105014,95.149367,108.403483
2025-07-03,650.6546,,672.819781,,449.431183,104.351464,114.858491,466.583456,95.719564,108.623466
2025-07-07,648.6407,,673.521511,,446.768067,103.472803,113.443396,465.744019,95.307572,107.730531
2025-07-08,649.1458,,673.03425,,446.566163,103.389121,113.384434,464.834779,95.087554,107.51292
2025-07-09,654.6357,,678.946209,,448.919543,104.225941,113.738208,467.435919,95.888257,107.883336
2025-07-10,656.1037,,681.701647,,449.618884,104.100418,114.32783,469.012359,95.946304,108.639091
2025-07-11,654.7086,,680.804879,,447.921854,103.723849,113.502358,467.621805,95.676914,107.942334
2025-07-14,655.0186,,682.616121,,448.418091,103.807531,113.325472,469.16318,95.963414,108.009697
2025-07-15,652.5282,,683.724969,,446.727296,103.221757,112.5,469.940129,95.94168,107.807005
2025-07-16,653.799,,682.743914,,447.872348,103.682008,113.089623,469.554193,96.044147,108.00619
2025-07-17,656.467,,688.136767,,449.59436,103.891213,113.384434,473.151919,96.603887,108.699515
2025-07-18,657.31,,687.366857,,449.726652,104.309623,113.325472,472.155292,96.760175,108.382257
2025-07-21,659.7268,,685.759147,,450.737745,105.020921,114.268868,470.380487,96.836084,108.629483
2025-07-22,659.3172,,681.905085,,451.123777,105.523013,115.153302,468.428305,96.812319,108.922656
2025-07-23,665.2976,,687.003266,,453.02315,105.355649,114.917453,469.657355,96.50606,108.527836
2025-07-24,665.1372,,688.240655,,453.017526,104.937238,114.799528,470.610895,96.319148,108.637933
2025-07-25,667.2748,,690.881769,,454.454691,105.020921,114.799528,472.397387,96.455889,108.705475
2025-07-28,667.0241,,699.740151,,454.132941,104.225941,114.091981,478.295353,96.989565,109.461828
2025-07-29,669.9786,,705.4755,,454.403762,105.104603,115.153302,480.375458,98.174038,110.894423
2025-07-30,668.5721,,712.629685,,453.54253,104.476987,113.856132,485.346124,98.784821,110.990138
2025-07-31,667.4926,,710.899384,,452.617636,104.016736,113.738208,483.961754,98.269517,110.784848
2025-08-01,666.5854,,699.358386,,449.73019,104.435146,114.209906,473.711492,97.195148,109.58726
2025-08-04,673.9202,,707.958044,,453.982341,105.188285,115.09434,478.801932,98.021273,110.577131
2025-08-05,674.9785,,708.910526,,452.65758,105.146444,115.330189,477.297512,97.960274,110.778835
2025-08-06,678.5816,,707.499388,,454.663435,105.271967,115.035377,475.917754,97.362259,109.690172
2025-08-07,679.4206,,708.143362,,454.282558,105.606695,115.212264,475.364153,97.640017,109.823049
2025-08-08,681.6311,,711.814308,,456.060521,105.523013,115.448113,478.142868,97.750371,110.259612
2025-08-11,677.7512,,709.32241,,455.65599,105.355649,115.153302,478.771574,97.810421,110.220426
2025-08-12,681.9277,,710.196282,,458.56689,105.39749,115.212264,479.469122,97.369793,109.736494
2025-08-13,682.8269,,709.20682,,460.16846,106.108787,116.037736,479.840629,97.76143,110.223407
2025-08-14,679.0005,,708.628956,,459.666136,105.690377,115.271226,481.625195,97.844893,110.022629
2025-08-15,674.9739,,701.044443,,458.752437,105.355649,114.917453,478.359985,97.066711,109.158326
2025-08-18,673.5175,,702.159263,,458.477976,105.230126,114.799528,479.86946,97.315216,109.455894
2025-08-19,665.924,,695.119105,,457.35206,105.020921,114.799528,479.295206,97.244332,109.594048
2025-08-20,666.676,,695.695004,,456.722842,105.020921,114.858491,478.492003,97.215117,109.617394
2025-08-21,664.9866,,696.538857,,455.196533,105.104603,114.504717,478.684415,97.658063,109.690278
2025-08-22,673.2332,,698.228388,,460.41409,106.778243,116.391509,479.400487,98.235546,110.399113
2025-08-25,671.4461,,702.457521,,458.92737,106.066946,116.037736,482.026326,98.433492,111.024918
2025-08-26,675.6465,,705.613194,,460.291742,106.401674,116.037736,482.612129,98.571085,110.830352
2025-08-27,675.5871,,705.745165,,461.115025,106.443515,116.214623,483.608277,98.636962,111.029822
2025-08-28,680.1872,,707.819714,,462.308856,107.112971,116.863208,482.996852,98.875839,111.220363
2025-08-29,676.1313,,703.400351,,460.420291,106.987448,116.450472,480.887937,98.73208,110.796259
2025-09-02,674.72,,704.548762,,457.871304,106.65272,115.919811,480.008344,98.790077,110.702504
2025-09-03,676.6264,,705.400371,,460.0358,107.364017,116.745283,481.499968,99.288606,111.311079
2025-09-04,681.3563,,710.971588,,463.079487,107.866109,117.393868,485.122481,99.842834,112.030348
2025-09-05,683.2048,,708.806031,,463.146244,108.661088,118.867925,482.40581,100.001027,112.785555
2025-09-08,689.5993,,712.685016,,464.467308,109.748954,119.575472,481.918785,100.613237,113.019979
2025-09-09,691.1295,,717.456276,,464.744621,109.414226,119.221698,484.359996,100.75433,113.188842
2025-09-10,700.9134,,728.651933,,465.920959,109.916318,119.752358,486.279424,101.361224,113.855008
2025-09-11,702.4963,,727.73981,,468.58972,110.627615,120.754717,487.351982,101.659872,114.405921
2025-09-12,700.9401,,726.140065,,468.323653,110.251046,120.518868,487.083563,101.315555,114.184418
2025-09-15,704.2556,,727.980491,,470.149125,111.046025,120.990566,487.913632,101.823112,114.380831
2025-09-16,703.4987,,720.708535,,469.818262,111.171548,121.226415,483.219162,101.028507,113.581064
2025-09-17,701.6694,,722.132728,,469.136431,110.627615,120.931604,484.73183,100.995485,113.824725
2025-09-18,704.4579,,726.632655,,469.926098,110.251046,119.988208,486.639458,100.878009,113.190698
2025-09-19,705.6124,,730.233631,,471.324289,110.167364,120.283019,489.703644,101.135238,113.844552
2025-09-22,709.9076,,731.236406,,472.443469,110.292887,120.341981,488.566536,100.776066,113.366684
2025-09-23,711.4877,,732.101019,,471.19643,110.585774,120.813679,486.769652,100.938488,113.692556
2025-09-24,707.82,,733.092394,,469.942723,110.292887,120.400943,488.650897,101.329828,114.04548
2025-09-25,706.5802,,736.324889,,468.390207,110.292887,120.459906,490.042459,101.955214,114.805539
2025-09-26,708.7935,,736.472322,,470.117774,110.502092,120.400943,490.412197,101.850021,114.413929
2025-09-29,715.6893,,741.956935,,471.263709,111.380753,121.34434,490.496665,102.427894,115.049835
2025-09-30,719.083,,745.036812,,472.327406,111.548117,121.521226,491.314683,102.521481,115.149792
2025-10-01,724.869,,751.185294,,473.762936,112.175732,121.757075,492.90874,103.119401,115.396879
2025-10-02,726.3912,,753.707204,,474.310518,112.259414,121.992925,494.09759,103.325801,115.76547
2025-10-03,726.1958,,751.810452,,474.089617,112.677824,122.051887,492.757177,103.477755,115.561037
2025-10-06,730.9245,,758.611696,,474.694092,112.677824,121.992925,494.628037,103.738362,115.796108
2025-10-07,729.0129,,760.190653,,473.955946,112.970711,122.641509,496.184479,104.497787,116.959931
2025-10-08,737.5714,,771.132548,,475.668227,113.682008,123.17217,499.28325,105.431557,117.774119
2025-10-09,731.8413,,769.323107,,474.627777,112.677824,122.523585,500.91369,105.071331,117.794188
2025-10-10,720.1392,,753.269916,,467.699803,112.09205,122.228774,491.155765,104.007079,116.928379
2025-10-13,733.6905,,770.873739,,472.353432,113.556485,123.231132,498.25919,105.836682,118.414013
2025-10-14,731.5972,,766.21097,,472.320533,113.974895,123.70283,496.627821,105.886221,118.486337
2025-10-15,738.0156,,770.364694,,473.501232,114.435146,124.174528,496.214933,105.960543,118.542929
2025-10-16,741.7799,,771.571175,,472.232493,115.523013,124.882075,493.14506,106.591692,118.799154
2025-10-17,739.2326,,771.33701,,473.588006,114.769874,124.46934,496.114182,106.229438,118.778476
2025-10-20,750.3402,,783.586098,,476.853184,116.569038,125.825472,499.955191,107.985548,120.173685
2025-10-21,739.2899,,774.794935,,477.045212,115.313808,124.941038,501.937253,107.203072,119.753831
2025-10-22,737.1321,,771.868101,,475.538663,115.104603,125.058962,499.921126,106.916412,119.763615
2025-10-23,743.3239,,777.809021,,476.899073,115.857741,125.058962,501.001752,107.540946,119.680117
2025-10-24,747.7678,,781.967753,,479.413862,115.899582,125.294811,503.327384,107.51223,119.830529
2025-10-27,750.3826,,783.381392,,482.943645,115.523013,125.471698,506.179835,106.982544,119.797727
2025-10-28,750.7888,,783.321134,,483.836521,115.690377,125.648585,506.802319,107.071333,119.892486
2025-10-29,754.1338,,790.310848,,483.058133,114.811715,124.941038,508.237637,106.730774,119.747637
2025-10-30,750.1696,,788.556012,,479.490994,114.811715,124.292453,506.024364,107.056542,119.489612
2025-10-31,749.4841,,789.815899,,480.337112,114.560669,124.115566,508.191595,107.090984,119.619506
2025-11-03,751.8215,,793.468978,,480.640842,114.811715,123.466981,509.276657,107.48685,119.17313
2025-11-04,741.1259,,784.660415,,477.319324,113.974895,122.877358,507.360505,107.041669,118.979989
2025-11-05,748.2685,,791.540133,,477.799638,113.891213,122.700472,507.433553,106.870936,118.706367
2025-11-06,744.7598,,784.103313,,475.415371,114.058577,123.17217,502.514004,106.521906,118.599255
2025-11-07,744.3522,,782.366521,,475.620534,114.225941,123.231132,501.891991,106.500205,118.458035
2025-11-10,754.3882,,793.553122,,480.01527,115.188285,124.292453,506.93708,107.483883,119.574392
2025-11-11,750.306,,787.528174,,481.230062,116.276151,124.764151,507.105495,108.261052,119.764967
2025-11-12,753.355,,789.998626,,481.328525,116.485356,125.353774,506.741121,108.355736,120.219904
2025-11-13,742.3089,,775.652029,,475.963086,115.355649,124.233491,499.313633,106.923963,118.722561
2025-11-14,741.6628,,775.810431,,475.679089,114.225941,123.584906,499.552418,105.990705,118.229772
2025-11-17,734.4046,,770.186258,,473.05663,113.682008,122.818396,498.071164,105.756247,117.797508
2025-11-18,729.7748,,766.097492,,470.790983,113.598326,122.523585,496.182224,105.784254,117.63246
2025-11-19,732.8488,,772.144851,,471.885376,113.179916,122.40566,499.158883,105.781004,117.950071
2025-11-20,719.6376,,758.876373,,467.781638,112.635983,121.816038,495.242883,105.363031,117.482711
2025-11-21,723.2838,,763.74824,,471.042261,113.221757,122.169811,499.366317,106.05357,117.982527
2025-11-24,736.5214,,777.14591,,475.573532,114.016736,123.17217,503.793732,106.718502,118.861743
2025-11-25,738.642,,776.143259,,478.550431,114.560669,123.879717,504.839689,106.781828,119.047533
2025-11-26,746.9194,,783.040611,,480.847825,115.648536,124.528302,506.099712,107.548561,119.396314
2025-11-28,751.3935,,787.581663,,482.145781,116.066946,124.46934,507.369575,107.917192,119.317145
2025-12-01,748.3043,,783.620767,,479.994286,115.439331,123.643868,504.639976,107.234718,118.416599
2025-12-02,748.9438,,783.197539,,480.7829,115.271967,123.70283,504.76471,106.930034,118.307976
2025-12-03,753.111,,784.451372,,482.141367,115.8159,124.587264,504.19591,107.011176,118.684223
2025-12-04,754.2979,,787.475633,,481.89387,115.439331,124.587264,505.083888,106.905966,118.954309
2025-12-05,754.0846,,787.327324,,482.225778,115.439331,123.938679,505.479517,106.916066,118.346228
2025-12-08,753.3,,786.967726,,481.056525,114.769874,123.408019,504.548538,106.358151,117.908371
2025-12-09,754.8617,,789.304627,,480.629666,114.309623,123.643868,504.551753,106.026389,118.23938
2025-12-10,763.2921,,793.397492,,483.159269,115.188285,124.587264,504.20629,106.209236,118.436621
2025-12-11,763.2215,,790.431576,,483.872567,115.439331,124.823113,503.109564,106.05262,118.228179
2025-12-12,748.9229,,775.510897,,480.151532,114.60251,123.879717,499.168304,105.268599,117.317636
2025-12-15,749.6399,,775.355178,,479.914858,114.686192,123.70283,498.344973,105.223574,117.014569
2025-12-16,747.6316,,773.666337,,479.485788,114.351464,123.408019,498.149476,104.969155,116.794324
2025-12-17,739.7125,,765.986562,,476.260754,113.933054,123.408019,495.131864,104.65545,116.872916
2025-12-18,745.8849,,773.46526,,478.892946,114.686192,124.115566,498.569061,105.495528,117.708427
2025-12-19,752.7266,,781.493181,,481.222605,114.644351,123.997642,501.593426,105.583124,117.737188
2025-12-22,758.5217,,784.008039,,482.943128,115.39749,124.410377,501.148442,105.80417,117.603817
2025-12-23,762.5103,,786.025571,,484.265053,116.066946,124.882075,501.177975,106.133731,117.7344
2025-12-24,764.456,,789.128644,,485.726769,116.736402,125.707547,503.390761,106.894543,118.677659
2025-12-26,765.081,,790.176385,,485.737032,116.820084,125.766509,503.657994,107.025696,118.793846
2025-12-29,760.9581,,785.811437,,484.919024,115.774059,125.53066,502.74147,106.052956,118.554958
2025-12-30,759.708,,786.163273,,484.485352,116.066946,125.176887,503.343645,106.543884,118.468394
2025-12-31,753.3801,,779.754401,,481.872965,115.020921,124.115566,500.719078,105.60256,117.484953
2026-01-02,763.9062,,792.423296,,482.343142,115.606695,125.117925,502.332406,106.378559,118.69954
2026-01-05,777.3135,,806.193519,,484.647041,116.987448,126.238208,504.645663,107.630727,119.74192
2026-01-06,780.2183,,811.47696,,486.337216,117.531381,126.886792,507.826609,108.434584,120.694863
2026-01-07,776.2501,,808.241771,,485.578178,117.364017,126.709906,507.594223,108.399806,120.659771
2026-01-08,773.1652,,806.203557,,485.208422,117.280335,126.356132,507.947269,108.480462,120.498333
2026-01-09,782.4526,,817.465411,,487.552135,118.033473,127.240566,511.387723,109.388193,121.57639
2026-01-12,786.1066,,819.142914,,487.914785,119.079498,127.712264,510.434596,110.070046,121.709127
2026-01-13,788.9802,,823.831998,,487.50995,118.702929,127.948113,511.062392,109.948144,122.185239
2026-01-14,789.4608,,824.149784,,486.370395,119.330544,128.714623,509.753948,110.504793,122.889781
2026-01-15,794.2014,,831.669668,,486.907278,119.079498,128.891509,511.899102,110.614262,123.44026
2026-01-16,795.9895,,834.303889,,486.34009,118.953975,128.301887,511.770075,110.598645,122.987869
2026-01-20,791.0889,,820.1169,,479.658668,118.200837,127.240566,499.229977,108.698847,120.639178
2026-01-21,799.4805,,831.596255,,483.615351,119.790795,129.009434,505.036323,110.530469,122.726521
2026-01-22,801.2475,,828.641451,,485.169904,120.0,129.481132,503.746112,110.08677,122.46691
2026-01-23,803.2654,,825.636243,,485.436348,120.753138,130.306604,500.933261,110.09866,122.492196
2026-01-26,808.7559,,827.620063,,487.214107,121.589958,131.426887,500.554408,110.373592,123.001406
2026-01-27,818.4012,,826.299133,,488.239174,122.426778,132.075472,494.904667,109.648167,121.956658
2026-01-28,824.8694,,838.898073,,488.12909,122.301255,132.724057,498.398334,110.333866,123.448539
2026-01-29,828.9473,,841.855131,,487.547597,123.472803,132.959906,497.101816,111.233517,123.493314
2026-01-30,809.7793,,830.723164,,486.636643,120.543933,130.011792,501.20148,109.695528,121.978897
2026-02-02,806.2875,,831.36431,,487.866347,118.953975,129.186321,505.033515,108.80136,121.823279
2026-02-03,812.7588,,836.07971,,485.413225,120.167364,131.073113,501.320536,109.654499,123.313869
2026-02-04,802.7762,,826.685066,,483.884142,120.251046,130.71934,500.270484,109.847046,123.111254
2026-02-05,803.1646,,828.931707,,481.093624,119.58159,130.188679,498.496005,109.479406,122.885239
2026-02-06,822.7629,,846.456812,,486.750369,121.087866,131.544811,502.752549,110.505692,123.770211
2026-02-09,828.4411,,845.267039,,488.216725,122.008368,132.783019,500.10689,110.427142,123.904518
2026-02-10,828.1007,,846.361689,,488.007588,122.175732,132.959906,500.745791,110.767336,124.281317
2026-02-11,835.6996,,855.81175,,487.500128,122.635983,134.198113,501.211091,111.403769,125.68596
2026-02-12,828.687,,848.64468,,483.839631,122.301255,133.903302,497.456023,111.101571,125.411961
2026-02-13,835.3829,,855.746933,,484.677853,122.635983,133.962264,498.460597,111.437563,125.503129
2026-02-17,833.0309,,854.359853,,485.166161,122.050209,133.372642,499.560522,111.038137,125.100423
2026-02-18,839.6197,,866.232786,,486.354855,123.012552,134.080189,503.759374,112.578471,126.511182
2026-02-19,840.4631,,867.986846,,485.627417,123.34728,134.198113,503.518669,112.999882,126.751529
2026-02-20,846.3536,,873.31353,,487.773464,124.142259,136.143868,505.305936,113.629712,128.47799
2026-02-23,846.538,,873.236981,,485.160456,124.60251,135.141509,502.445482,114.01615,127.493115
2026-02-24,849.8513,,877.518494,,487.260253,124.518828,135.377358,505.11726,114.051835,127.841446
2026-02-25,854.8749,,879.992519,,489.626013,125.188285,135.966981,506.009634,114.312578,128.003597
2026-02-26,851.1779,,877.115248,,488.31298,125.355649,136.084906,505.187363,114.586683,128.250357
2026-02-27,851.8267,,876.327927,,487.304506,126.108787,137.087264,503.307867,115.083926,128.980726
2026-03-02,852.1322,,886.181041,,486.677779,125.439331,136.320755,508.130055,115.718587,129.655148
2026-03-03,837.2138,,876.484782,,483.88738,123.640167,133.962264,508.592774,114.821047,128.263411
2026-03-04,842.4855,,880.260281,,485.855761,123.891213,134.021226,509.652214,114.826756,128.066212
2026-03-05,840.5382,,880.25317,,483.676133,122.887029,132.54717,508.537153,114.158987,126.950059
2026-03-06,836.7869,,875.706048,,479.635445,123.640167,131.898585,503.932809,114.777557,126.23969
2026-03-09,841.0048,,878.577274,,482.786923,124.309623,133.018868,506.354736,115.196732,127.088731
2026-03-10,840.9112,,880.658967,,481.672257,124.058577,132.311321,506.439003,115.249311,126.726352
2026-03-11,840.4286,,883.303755,,480.459031,123.891213,131.839623,506.971449,115.505769,126.72652
2026-03-12,836.6415,,883.60896,,475.350983,123.096234,130.660377,504.02606,115.323919,126.205105
2026-03-13,836.0359,,890.2782,,473.599666,122.133891,129.775943,506.325835,115.369477,126.388428
2026-03-16,838.9248,,886.428581,,477.235637,122.803347,130.71934,506.257502,115.102522,126.320218
2026-03-17,841.3352,,886.31781,,478.359125,123.598326,131.367925,505.932255,115.501314,126.567459
2026-03-18,839.531,,891.25208,,473.552227,121.966527,129.893868,504.718926,114.857245,126.114428
2026-03-19,840.3559,,881.543063,,473.065623,121.087866,129.186321,498.218163,112.676882,123.939321
2026-03-20,834.0539,,876.293236,,467.416688,117.322176,125.943396,493.034652,109.342593,121.016071
2026-03-23,836.8487,,876.193101,,471.062072,117.866109,126.945755,495.163825,109.470158,121.557951
2026-03-24,838.4435,,878.135142,,469.60615,117.573222,126.415094,493.786507,109.232002,121.087355
2026-03-25,839.8437,,883.284643,,471.837955,119.246862,128.242925,498.21061,111.250786,123.352493
2026-03-26,832.7743,,878.113383,,465.709703,116.987448,126.650943,493.010826,109.424977,122.136091
2026-03-27,832.8438,,879.559859,,460.927526,117.029289,125.943396,488.711294,109.635279,121.64368
2026-03-30,829.5536,,879.876291,,460.941594,118.368201,126.886792,490.841133,111.369463,123.085215
2026-03-31,835.6758,,879.357604,,469.401409,120.711297,128.832547,495.895279,112.67551,123.983986
2026-04-01,837.8008,,878.733832,,471.656746,121.213389,129.599057,496.661522,112.777143,124.317058
2026-04-02,837.841,,882.644439,,472.360247,121.757322,129.068396,499.591924,113.781901,124.353038
2026-04-06,838.9152,,883.523427,,473.348193,121.882845,129.245283,500.493703,113.86664,124.487863
2026-04-07,840.6207,,881.174546,,473.70796,121.799163,129.186321,498.529007,113.255704,123.848485
2026-04-08,846.5407,,882.46471,,481.436662,123.096234,131.191038,503.856135,113.82776,125.073694
2026-04-09,848.4261,,881.648084,,483.221625,123.514644,130.955189,504.13343,113.855396,124.456122
2026-04-10,849.6265,,880.937682,,482.691639,123.096234,131.721698,502.463827,113.21809,124.906996
2026-04-13,850.9805,,879.80534,,485.920269,123.723849,132.016509,504.370744,113.468242,124.826713
2026-04-14,854.1298,,880.276483,,489.967808,125.062762,132.841981,506.968131,114.334463,125.211112
2026-04-15,852.1442,,877.977037,,491.990144,124.560669,132.900943,508.91395,113.842629,125.230592
2026-04-16,850.1143,,877.134466,,492.432689,124.518828,132.075472,510.097996,113.966654,124.630211
2026-04-17,855.7838,,884.395283,,496.728033,125.523013,133.195755,515.369739,115.069342,125.888206
2026-04-20,855.2456,,882.084489,,496.112955,125.104603,133.195755,513.70973,114.458102,125.638292
2026-04-21,852.9936,,883.013036,,493.43227,123.76569,132.075472,512.822154,113.651593,125.041973
2026-04-22,860.1827,,893.277106,,496.716481,124.853556,133.018868,517.871436,115.013901,126.334234
2026-04-23,858.0129,,892.854274,,495.232508,124.435146,132.370283,517.384957,114.863949,125.976508
2026-04-24,863.9383,,896.266133,,497.818829,124.979079,132.54717,518.493678,115.01262,125.758406
2026-04-27,859.9076,,891.917163,,498.02991,124.60251,132.134434,518.616162,114.644558,125.343278
2026-04-28,853.9882,,886.389982,,496.495096,124.309623,131.544811,517.375453,114.454175,124.870255
2026-04-29,853.4431,,888.631355,,495.571871,123.598326,130.660377,518.049903,114.159897,124.423747
2026-04-30,857.1321,,888.28048,,498.814796,125.271967,131.957547,518.990697,115.162258,125.068776
2026-05-01,856.4793,,888.33093,,499.910719,125.020921,131.78066,520.55695,115.025604,125.003421
2026-05-04,854.4838,,888.489797,,498.172898,124.476987,131.132075,520.05179,114.813141,124.700976
2026-05-05,860.3734,,894.521976,,500.940508,125.146444,131.957547,522.887282,115.418777,125.473086
2026-05-06,864.4175,,894.48861,,505.964714,126.610879,133.549528,525.641181,116.218751,126.388025
2026-05-07,856.8858,,888.563027,,504.539315,125.564854,132.193396,525.264674,115.501415,125.368191
2026-05-08,862.6241,,889.845522,,507.516079,126.485356,133.490566,525.606498,115.740991,125.937745
2026-05-11,865.4201,,892.941905,,507.688412,126.527197,133.431604,525.909923,115.806792,125.912033
2026-05-12,864.7161,,895.414947,,506.618965,126.317992,132.900943,526.684001,116.029902,125.860996
2026-05-13,865.9738,,898.761276,,508.403606,126.569038,132.900943,529.744077,116.525505,126.147884
2026-05-14,871.5775,,907.972272,,510.748627,126.317992,133.018868,534.184979,116.730865,126.733704
2026-05-15,862.3459,,901.801719,,505.778807,123.723849,130.71934,531.016568,114.77225,125.020637
2026-05-18,859.2246,,896.140232,,505.54324,124.393305,130.837264,529.353109,115.085391,124.799554
2026-05-19,855.3787,,895.949235,,502.744218,123.430962,129.127358,528.676424,114.684045,123.695968
2026-05-20,862.7768,,902.229051,,507.054455,124.769874,130.837264,532.342131,115.739607,125.130191
2026-05-21,863.6098,,903.722031,,507.908807,124.728033,130.955189,533.606289,115.780468,125.329216
2026-05-22,865.813,,907.214537,,509.293889,124.895397,131.191038,535.762425,116.087712,125.719421
2026-05-26,869.3409,,908.608738,,511.914066,125.857741,132.311321,537.157628,116.686508,126.472501
2026-05-27,865.3621,,904.909218,,512.029408,125.271967,132.370283,537.551322,116.202361,126.593074
2026-05-28,866.1035,,903.826438,,514.125266,125.941423,132.665094,538.644317,116.58368,126.614727
2026-05-29,865.4761,,902.211394,,515.020389,126.066946,132.665094,539.008406,116.575792,126.480101
2026-06-01,868.9896,,908.210337,,515.777408,126.108787,132.959906,541.192869,116.91524,127.088094
2026-06-02,876.7998,,916.459707,,516.23805,126.569038,134.080189,541.727438,117.353036,128.171023
2026-06-03,877.3037,,919.547946,,513.641564,125.606695,133.431604,540.508422,116.786091,127.907329
2026-06-04,876.3096,,917.525057,,515.146263,125.648536,133.608491,541.512899,116.70023,127.940112
2026-06-05,865.2679,,912.91448,,506.131889,122.594142,130.778302,536.118868,114.736907,126.190744
2026-06-08,869.5986,,916.703994,,506.818843,122.719665,130.070755,536.390321,114.756785,125.401363
2026-06-09,869.511,,915.690591,,506.344555,122.552301,130.247642,535.349871,114.485124,125.445719
2026-06-10,866.0014,,912.650781,,501.430179,121.129707,128.832547,530.53543,113.237591,124.172074
2026-06-11,876.3657,,920.103759,,507.69898,123.221757,131.014151,535.150102,114.760584,125.800378
2026-06-12,879.5178,,924.395114,,509.096621,123.34728,131.721698,537.193947,114.999646,126.614264
2026-06-15,883.3518,,926.622273,,514.673762,124.351464,132.783019,542.024544,115.71079,127.386639
2026-06-16,879.4836,,921.046653,,513.08508,124.393305,132.429245,539.462372,115.559275,126.838207
2026-06-17,879.9437,,930.061168,,508.50588,123.221757,131.662736,539.598201,115.530843,127.271689
2026-06-18,890.6124,,944.960596,,512.265733,123.891213,132.193396,545.680149,116.605594,128.276478
2026-06-22,896.4406,,953.599631,,510.749874,123.138075,131.25,545.469802,116.195908,127.68979
2026-06-23,877.591,,937.370323,,506.447924,121.882845,130.011792,543.089895,115.482331,127.003032
2026-06-24,878.1422,,939.874856,,507.305586,121.882845,130.011792,545.120752,115.718204,127.262437
2026-06-25,884.792,884.792,946.026,946.026,507.871163,122.426778,130.542453,545.17173,116.116042,127.651511
2026-06-26,879.4334,881.705282,939.074202,941.500157,505.853058,122.259414,130.424528,542.299522,115.806566,127.370406
2026-06-29,887.1193,886.646813,944.030921,943.528122,510.915248,122.635983,131.426887,545.847019,115.764667,127.908886
2026-06-30,891.3065,888.128156,948.686043,945.303088,512.490861,122.468619,130.601415,547.645408,115.630972,127.132219
2026-07-01,871.516,876.363416,931.176035,936.355283,511.758953,121.924686,129.775943,548.958815,115.558525,126.812751
2026-07-02,855.533,868.055047,909.66181,922.976116,511.585468,122.343096,130.011792,546.108937,115.392234,126.426538
2026-07-06,857.9157,,911.629165,,514.371752,123.514644,130.542453,548.742494,116.424924,126.863786
2026-07-07,847.4323,,902.809402,,511.978417,122.259414,128.832547,547.596421,115.53865,125.524633
2026-07-08,852.5399,,907.86889,,510.668818,121.799163,128.537736,545.966063,115.055303,125.184734
2026-07-09,859.4523,,914.108901,,513.559673,122.343096,129.009434,548.384235,115.427568,125.490236
2026-07-10,861.4613,873.181075,917.465718,929.947407,514.675549,122.552301,129.304245,550.307583,115.778911,125.944487
2026-07-13,856.4825,870.280991,914.936505,929.676728,511.52473,121.464435,128.125,548.601492,115.100051,125.175301
2026-07-14,860.639,873.351753,916.116452,929.648679,513.230854,122.552301,128.950472,548.47938,115.7191,125.535021
2026-07-15,858.2619,871.958006,910.183166,924.70783,514.746699,123.096234,129.009434,548.050304,115.799758,125.124611
2026-07-16,855.3274,870.129453,908.696134,924.421771,513.051926,122.050209,128.066038,547.224465,115.021424,124.432141
2026-07-17,853.8753,869.398412,907.542044,924.040796,510.153854,122.343096,128.360849,544.366464,115.346836,124.772015
2026-07-20,852.6788,868.288274,908.207734,924.833743,509.133501,121.841004,127.771226,544.439082,115.119029,124.464386
2026-07-21,857.3489,871.954971,914.447825,930.026652,511.238467,122.635983,128.596698,547.447841,116.030769,125.442141
2026-07-22,856.8035,871.907814,912.74499,928.835479,510.546759,123.138075,128.714623,546.036454,116.362892,125.403142
2026-07-23,856.4631,871.011554,915.148983,930.694314,506.276212,121.966527,127.653302,543.110945,115.605293,124.746251
2026-07-24,854.1504,869.913255,913.231652,930.084818,506.816857,122.050209,127.948113,544.020852,115.754812,125.110223
2026-07-27,851.409,868.021314,910.4848,928.249775,507.366349,121.966527,128.066038,544.720864,115.698849,125.250867
2026-07-28,847.6917,867.923955,905.06857,926.670266,508.575921,122.133891,128.183962,545.151529,115.673443,125.166915
2026-07-29,840.6252,862.482992,891.230737,914.404366,503.104411,121.548117,127.063679,535.505289,114.311495,123.203057
2026-07-30,849.8955,869.639782,896.275554,917.09731,508.311465,122.594142,128.125,538.175365,114.683162,123.572606
2026-07-31,850.8884,870.283563,897.120303,917.569277,509.982438,122.133891,127.417453,539.822759,114.226848,122.862488
2026-08-03,853.2849,871.673343,901.382456,920.80741,514.826126,122.301255,127.771226,546.001086,114.604025,123.441278
2026-08-04,860.035,876.967697,906.622342,924.472268,521.249675,122.845188,129.42217,551.663152,114.874163,124.776062
2026-08-05,858.4539,875.938957,903.310706,921.70941,520.7312,124.016736,130.070755,550.112694,115.758901,125.173428
2026-08-06,857.8004,875.642991,904.910123,923.732615,519.629661,123.682008,129.540094,550.339929,115.738979,124.978618
2026-08-07,859.6932,877.129945,904.254733,922.595298,521.902187,124.728033,130.542453,551.130319,116.3765,125.577367
2026-08-10,859.4672,878.159729,905.23099,924.918834,521.033392,125.020921,130.424528,550.951729,116.806421,125.632409
2026-08-11,862.0985,880.155276,907.963066,926.980482,520.20874,125.146444,130.188679,550.055898,116.918631,125.399793
2026-08-12,866.0805,882.937059,913.58154,931.362613,521.225243,125.355649,130.837264,551.991491,117.296993,126.221348
2026-08-13,866.9146,883.904857,914.120327,932.035747,523.968995,125.39749,130.660377,554.690242,117.292383,126.00369
2026-08-14,865.2334,882.87476,909.10677,927.64267,522.891354,125.188285,130.424528,551.583116,116.680753,125.329468
2026-08-17,867.4174,884.07724,910.677405,928.168107,520.911624,125.062762,130.365566,549.058182,116.47115,125.17328
2026-08-18,862.8773,881.615438,906.255237,925.935365,519.018737,124.560669,130.011792,547.270967,116.047646,124.881049
2026-08-19,861.0508,881.725622,896.422207,917.946337,520.678954,126.150628,132.075472,544.216548,116.500333,125.752986
2026-08-20,859.9056,880.401121,895.145641,916.481095,517.348853,126.066946,132.134434,540.684977,116.412086,125.797276
2026-08-21,860.2927,880.914855,895.694327,917.165098,518.318634,126.443515,132.134434,541.786645,116.778815,125.817746
2026-08-24,858.9884,880.140781,895.302459,917.349065,517.835551,126.569038,132.665094,541.866408,117.021018,126.459498
2026-08-25,859.7287,880.766554,895.26813,917.175646,519.81052,127.364017,133.785377,543.443817,117.650117,127.412681
2026-08-26,860.0562,880.904073,897.230785,918.979775,519.559476,126.903766,133.254717,544.16486,117.43722,127.13708
2026-08-27,861.3049,881.810138,898.633705,920.027637,521.539074,127.112971,133.254717,546.29915,117.643943,127.151264
2026-08-28,856.5976,878.274441,899.123879,921.87688,520.097034,126.192469,132.075472,548.081248,117.49788,126.787709
2026-08-31,856.9963,878.838461,896.824512,919.68177,518.993954,126.025105,131.839623,545.266365,116.987513,126.178912
2026-09-01,853.6546,876.039636,895.246356,918.722036,516.209423,125.062762,131.367925,543.505812,116.343549,125.997527
2026-09-02,854.8954,877.380109,896.841599,920.42954,517.7329,125.648536,131.898585,545.288596,116.926813,126.547977
2026-09-03,856.6538,879.025466,895.818359,919.212814,521.220821,126.359833,132.606132,547.210291,117.213483,126.820811
2026-09-04,858.841,880.202394,899.018058,921.37875,520.124424,126.23431,132.370283,546.614039,117.21602,126.723876
2026-09-08,860.862,881.485146,900.420324,921.991144,518.195025,125.523013,132.252358,544.155318,116.463281,126.510765
2026-09-09,859.5397,880.532517,898.248985,920.187211,516.278175,124.937238,131.485849,541.667088,115.818148,125.667251
2026-09-10,854.7217,876.21553,894.998896,917.505583,513.070372,123.76569,129.540094,539.377212,114.961377,124.055003
2026-09-11,857.7797,878.861309,899.029561,921.124966,515.546879,123.807531,129.775943,542.480657,115.106325,124.395511
2026-09-14,850.3888,873.349455,895.056594,919.223287,513.973341,123.179916,129.127358,543.11456,115.007665,124.297827
2026-09-15,851.0407,874.128188,896.441237,920.760375,512.469278,123.179916,128.950472,541.947502,115.097348,124.224351
2026-09-16,849.4685,872.090777,900.842086,924.832498,511.028166,122.719665,128.125,544.081694,115.443495,124.264642
2026-09-17,852.5435,875.416426,903.149782,927.380426,515.61869,124.142259,129.599057,548.390311,116.65861,125.561756
2026-09-18,855.441,877.251686,905.39876,928.483191,515.222249,123.054393,128.950472,547.472527,115.531623,124.820258
2026-09-21,858.5228,879.107125,910.428082,932.256911,520.554183,124.393305,129.95283,554.214188,117.015862,126.035201
2026-09-22,859.0882,879.194995,912.253128,933.604238,520.592605,124.644351,130.011792,555.000647,117.40974,126.261998
2026-09-23,856.8406,876.898621,915.029591,936.449774,516.519189,122.426778,127.948113,553.782783,115.975283,124.962957
2026-09-24,855.9726,875.817685,914.407875,935.607738,515.265222,121.924686,126.768868,552.622817,115.538216,123.852567
2026-09-25,857.2289,876.635124,914.87367,935.584875,517.315995,122.008368,126.768868,554.291373,115.506882,123.734054
2026-09-28,855.2854,874.283472,914.380827,934.691559,514.001946,119.916318,125.943396,551.694563,113.722986,123.141307
2026-09-29,856.5483,874.748799,918.120875,937.629708,513.324983,119.916318,125.176887,552.40588,114.019782,122.711271
2026-09-30,855.4636,873.596719,917.953708,937.411419,512.56154,119.539749,124.587264,552.183149,113.785128,122.265858
2026-10-01,859.5814,875.27977,929.501809,946.477122,513.566984,119.707113,124.587264,557.542803,114.825172,123.210915
2026-10-02,861.8971,876.859311,931.194166,947.359348,515.475936,119.58159,124.646226,559.127831,114.604869,123.161868
2026-10-05,862.584,877.6202,934.360962,950.648347,517.299052,119.58159,124.823113,562.565192,114.903042,123.65754
2026-10-06,863.5388,878.703211,932.338148,948.710729,519.511106,120.502092,125.353774,563.12437,115.409113,123.777389
2026-10-07,861.0915,876.638872,935.018665,951.900824,518.652823,119.790795,124.528302,565.412769,115.384731,123.666295
