date,nav_theo_usd_bt,nav_theo_usd_live,nav_ucits_eur_bt,nav_ucits_eur_live,bench_6040_usd,bench_allw_usd,bench_rpar_usd,bench_6040_eur,bench_allw_eur,bench_rpar_eur
2006-01-31,100.0,,100.0,,100.0,,,100.0,,
2006-02-01,99.5869,,100.34628,,100.304355,,,101.069206,,
2006-02-02,99.1695,,99.71907,,99.637088,,,100.189249,,
2006-02-03,98.7784,,99.904234,,99.45591,,,100.589466,,
2006-02-06,99.4319,,101.027451,,99.606996,,,101.205356,,
2006-02-07,97.2324,,98.66896,,99.045879,,,100.509233,,
2006-02-08,97.5426,,99.140977,,99.562453,,,101.193928,,
2006-02-09,97.6474,,99.106637,,99.496512,,,100.983382,,
2006-02-10,96.9184,,99.053113,,99.516204,,,101.708136,,
2006-02-13,96.3552,,98.477508,,99.435834,,,101.625995,,
2006-02-14,96.6528,,98.615853,,100.001889,,,102.032964,,
2006-02-15,96.3888,,98.569854,,100.260504,,,102.529166,,
2006-02-16,97.4378,,99.500305,,100.666547,,,102.797396,,
2006-02-17,97.8909,,99.728441,,100.672629,,,102.562387,,
2006-02-21,98.2817,,100.311512,,100.375861,,,102.448924,,
2006-02-22,98.2769,,100.298193,,100.892492,,,102.96758,,
2006-02-23,97.8556,,99.826326,,100.780487,,,102.810118,,
2006-02-24,98.5962,,100.997115,,100.96861,,,103.427296,,
2006-02-27,98.0054,,100.586863,,100.911994,,,103.570017,,
2006-02-28,98.03,,99.970683,,100.415635,,,102.403546,,
2006-03-01,98.5646,,100.499006,,100.958367,,,102.939752,,
2006-03-02,99.0408,,100.011538,,100.858141,,,101.846691,,
2006-03-03,98.5819,,99.572953,,100.493204,,,101.503471,,
2006-03-06,97.0309,,98.169485,,99.989342,,,101.162642,,
2006-03-07,96.5384,,98.722839,,99.993948,,,102.256578,,
2006-03-08,96.1988,,98.070325,,100.147087,,,102.095425,,
2006-03-09,95.9751,,97.981952,,99.689574,,,101.774096,,
2006-03-10,96.115,,98.058901,,100.27393,,,102.301944,,
2006-03-13,96.7904,,98.360005,,100.460414,,,102.089533,,
2006-03-14,97.8917,,99.073367,,101.226911,,,102.448838,,
2006-03-15,98.1302,,98.845701,,101.390829,,,102.130104,,
2006-03-16,98.8457,,98.64285,,101.68437,,,101.475694,,
2006-03-17,98.417,,98.126425,,101.638648,,,101.338561,,
2006-03-20,97.9145,,97.866199,,101.528016,,,101.477933,,
2006-03-21,97.4383,,97.945871,,101.046428,,,101.572794,,
2006-03-22,97.7765,,98.424182,,101.483689,,,102.155928,,
2006-03-23,97.963,,99.485092,,101.323507,,,102.897813,,
2006-03-24,98.7279,,99.72042,,101.441098,,,102.460894,,
2006-03-27,98.9873,,100.148842,,101.383835,,,102.573499,,
2006-03-28,98.6383,,99.937135,,100.908685,,,102.237416,,
2006-03-29,99.3889,,100.49661,,101.205007,,,102.332958,,
2006-03-30,99.7945,,99.720676,,100.917231,,,100.842576,,
2006-03-31,99.2573,,99.576742,,101.063404,,,101.388659,,
2006-04-03,99.5291,,99.684895,,100.976931,,,101.134992,,
2006-04-04,99.9342,,99.118883,,101.418549,,,100.591122,,
2006-04-05,100.5977,,99.533356,,101.652093,,,100.576593,,
2006-04-06,100.6827,,100.089921,,101.559867,,,100.961923,,
2006-04-07,99.4154,,99.875463,,100.803978,,,101.270466,,
2006-04-10,100.3269,,100.716275,,100.860083,,,101.251527,,
2006-04-11,99.755,,99.870009,,100.430413,,,100.546201,,
2006-04-12,99.6868,,100.131569,,100.507454,,,100.955885,,
2006-04-13,99.5867,,99.989715,,100.340383,,,100.746448,,
2006-04-17,100.7005,,99.936004,,100.3899,,,99.627763,,
2006-04-18,102.1026,,100.498864,,101.311931,,,99.720614,,
2006-04-19,103.1005,,101.235196,,101.466089,,,99.630355,,
2006-04-20,101.8247,,100.51015,,101.491247,,,100.181002,,
2006-04-21,103.3371,,101.746925,,101.490144,,,99.928391,,
2006-04-24,102.4156,,100.513978,,101.5325,,,99.647275,,
2006-04-25,102.1347,,99.891534,,101.149003,,,98.927486,,
2006-04-26,102.0545,,99.636749,,101.09211,,,98.697158,,
2006-04-27,101.7102,,98.658837,,101.483759,,,98.439189,,
2006-04-28,102.8865,,99.151134,,101.772798,,,98.077865,,
2006-05-01,102.8729,,99.350667,,101.115939,,,97.653862,,
2006-05-02,104.2256,,100.457543,,101.61518,,,97.941497,,
2006-05-03,103.6465,,99.749121,,101.362154,,,97.550672,,
2006-05-04,103.9687,,99.594037,,101.554824,,,97.281729,,
2006-05-05,104.8628,,100.158511,,102.165282,,,97.582007,,
2006-05-08,104.5664,,100.016851,,102.122895,,,97.67966,,
2006-05-09,105.5259,,100.546976,,102.220393,,,97.39743,,
2006-05-10,106.0274,,100.827255,,102.147248,,,97.137405,,
2006-05-11,105.4323,,99.847397,,101.375994,,,96.005959,,
2006-05-12,104.0086,,97.805784,,100.499323,,,94.505791,,
2006-05-15,102.404,,97.305451,,100.645862,,,95.634848,,
2006-05-16,103.0517,,97.433511,,100.752869,,,95.260007,,
2006-05-17,101.5391,,96.877359,,99.487275,,,94.919735,,
2006-05-18,101.1812,,95.769261,,99.355617,,,94.041324,,
2006-05-19,100.9486,,96.080217,,99.766948,,,94.955553,,
2006-05-22,100.5388,,94.998503,,99.322607,,,93.84933,,
2006-05-23,100.6779,,95.515978,,98.761974,,,93.698285,,
2006-05-24,99.8241,,95.166409,,99.237717,,,94.607386,,
2006-05-25,101.156,,96.074531,,99.971243,,,94.949289,,
2006-05-26,101.5168,,96.993099,,100.441702,,,95.965908,,
2006-05-30,100.5915,,95.018759,,99.291718,,,93.790984,,
2006-05-31,101.0436,,95.892862,,99.866188,,,94.775469,,
2006-06-01,100.8902,,95.792149,,100.409289,,,95.335538,,
2006-06-02,101.9616,,95.932805,,100.842525,,,94.879899,,
2006-06-05,100.6531,,94.81174,,99.83105,,,94.037398,,
2006-06-06,100.398,,95.109407,,99.780276,,,94.524222,,
2006-06-07,99.1738,,94.302415,,99.211346,,,94.338116,,
2006-06-08,99.0088,,95.142706,,99.300836,,,95.423338,,
2006-06-09,98.6255,,94.85685,,99.161317,,,95.372192,,
2006-06-12,97.6999,,94.36228,,98.397721,,,95.036262,,
2006-06-13,95.1505,,92.295932,,97.825829,,,94.891,,
2006-06-14,95.5909,,92.25936,,98.128415,,,94.708437,,
2006-06-15,97.6089,,93.916246,,99.315794,,,95.558566,,
2006-06-16,97.419,,93.703865,,98.853089,,,95.083264,,
2006-06-19,95.7896,,92.61289,,98.284685,,,95.02523,,
2006-06-20,96.1082,,92.876607,,98.507707,,,95.195431,,
2006-06-21,97.2386,,93.375201,,98.957385,,,95.025697,,
2006-06-22,96.843,,93.60158,,98.520108,,,95.222554,,
2006-06-23,97.3948,,94.646591,,98.536183,,,95.755768,,
2006-06-26,97.8435,,94.531015,,98.68286,,,95.341958,,
2006-06-27,97.5066,,94.242969,,98.276005,,,94.986621,,
2006-06-28,97.9138,,94.802356,,98.637489,,,95.503047,,
2006-06-29,100.0204,,96.01614,,99.970633,,,95.968366,,
2006-06-30,101.0033,,96.004505,,99.977457,,,95.029432,,
2006-07-03,101.7118,,96.58732,,100.285037,,,95.23244,,
2006-07-05,101.5913,,97.056651,,99.820154,,,95.364562,,
2006-07-06,101.9614,,96.99102,,100.029452,,,95.15325,,
2006-07-07,101.4359,,96.227605,,99.788035,,,94.66435,,
2006-07-10,101.3593,,96.804577,,99.936092,,,95.445323,,
2006-07-11,102.6716,,97.697177,,100.264668,,,95.40686,,
2006-07-12,102.6859,,98.272292,,99.652943,,,95.369696,,
2006-07-13,102.287,,97.998541,,98.71524,,,94.57653,,
2006-07-14,102.5572,,98.591513,,98.533245,,,94.723157,,
2006-07-17,101.0951,,98.140496,,98.36687,,,95.492001,,
2006-07-18,100.678,,97.884095,,98.634504,,,95.897308,,
2006-07-19,101.9861,,98.509881,,99.608926,,,96.213734,,
2006-07-20,100.7294,,96.972418,,99.240935,,,95.539469,,
2006-07-21,99.8377,,95.606722,,98.796847,,,94.60998,,
2006-07-24,100.8547,,97.062299,,99.937623,,,96.179707,,
2006-07-25,101.4625,,98.089857,,100.120263,,,96.792236,,
2006-07-26,102.2419,,97.755032,,100.225678,,,95.827292,,
2006-07-27,102.3141,,97.955028,,100.239829,,,95.969131,,
2006-07-28,102.8539,,98.085609,,100.921977,,,96.24325,,
2006-07-31,103.2287,,98.311931,,100.806435,,,96.005038,,
2006-08-01,103.5476,,98.146633,,100.611987,,,95.364139,,
2006-08-02,104.054,,98.927426,,101.032652,,,96.054934,,
2006-08-03,103.6996,,98.47497,,101.204813,,,96.105876,,
2006-08-04,103.6605,,97.879711,,101.233134,,,95.587711,,
2006-08-07,103.9421,,98.405472,,101.089087,,,95.704429,,
2006-08-08,103.4192,,97.971461,,100.855646,,,95.542946,,
2006-08-09,103.6774,,97.994614,,100.687626,,,95.168716,,
2006-08-10,103.0264,,97.904515,,100.850711,,,95.836989,,
2006-08-11,102.6425,,98.022414,,100.609882,,,96.081287,,
2006-08-14,101.9573,,97.498257,,100.612174,,,96.21196,,
2006-08-15,102.5559,,97.51076,,101.43371,,,96.443775,,
2006-08-16,103.0559,,97.589276,,102.071533,,,96.657124,,
2006-08-17,102.3982,,97.049618,,102.236498,,,96.896363,,
2006-08-18,103.0159,,97.619833,,102.581621,,,97.208302,,
2006-08-21,103.6641,,97.769205,,102.416505,,,96.592555,,
2006-08-22,103.6871,,98.470791,,102.386501,,,97.235623,,
2006-08-23,103.0287,,97.975627,,102.231059,,,97.217106,,
2006-08-24,103.3199,,98.406496,,102.175439,,,97.31646,,
2006-08-25,103.5838,,98.71972,,102.289279,,,97.485987,,
2006-08-28,103.1093,,98.090638,,102.552787,,,97.561212,,
2006-08-29,103.0051,,97.647656,,102.636555,,,97.298279,,
2006-08-30,102.8799,,97.468164,,102.739423,,,97.335076,,
2006-08-31,103.0977,,97.819345,,102.779896,,,97.517812,,
2006-09-01,103.5918,,98.104391,,103.148961,,,97.685009,,
2006-09-05,104.2978,,98.934839,,103.218347,,,97.91089,,
2006-09-06,102.9662,,97.755612,,102.681307,,,97.485136,,
2006-09-07,102.274,,97.670501,,102.385628,,,97.777105,,
2006-09-08,101.5521,,97.38655,,102.610733,,,98.401759,,
2006-09-11,99.9964,,95.713461,,102.649172,,,98.252612,,
2006-09-12,100.2017,,96.015802,,103.358122,,,99.040366,,
2006-09-13,100.9226,,96.683725,,103.634584,,,99.281803,,
2006-09-14,99.7878,,95.333653,,103.579232,,,98.95585,,
2006-09-15,100.0121,,96.06886,,103.721158,,,99.631679,,
2006-09-18,100.9163,,96.548351,,103.79494,,,99.302396,,
2006-09-19,100.2047,,96.086839,,103.732249,,,99.469426,,
2006-09-20,99.9157,,95.756845,,104.112419,,,99.778881,,
2006-09-21,100.5525,,95.650801,,103.985908,,,98.916838,,
2006-09-22,100.683,,95.729996,,103.825016,,,98.717443,,
2006-09-25,101.1333,,96.467477,,104.388192,,,99.572203,,
2006-09-26,101.8985,,97.626329,,104.898339,,,100.500398,,
2006-09-27,102.6765,,98.286508,,104.957447,,,100.469932,,
2006-09-28,102.5639,,98.163263,,104.898045,,,100.397259,,
2006-09-29,102.4717,,98.252928,,104.867191,,,100.549796,,
2006-10-02,102.0226,,97.376872,,104.668571,,,99.902355,,
2006-10-03,100.3707,,95.830288,,104.79684,,,100.056205,,
2006-10-04,100.9419,,96.512082,,105.694479,,,101.056095,,
2006-10-05,101.5098,,97.223278,,105.683338,,,101.220577,,
2006-10-06,101.2841,,97.777428,,105.445137,,,101.794401,,
2006-10-09,101.101,,97.592918,,105.572177,,,101.908951,,
2006-10-10,101.3158,,98.244914,,105.488265,,,102.290911,,
2006-10-11,100.796,,97.92051,,105.366777,,,102.360893,,
2006-10-12,101.8529,,98.624136,,105.960409,,,102.601436,,
2006-10-13,102.5819,,99.703266,,106.017679,,,103.042631,,
2006-10-16,103.5517,,100.453106,,106.183115,,,103.005781,,
2006-10-17,102.9895,,99.812155,,106.045312,,,102.773692,,
2006-10-18,102.9017,,99.830522,,106.18024,,,103.011212,,
2006-10-19,103.7361,,99.898618,,106.265245,,,102.334203,,
2006-10-20,103.1487,,99.380181,,106.26282,,,102.380527,,
2006-10-23,102.8312,,99.603157,,106.431408,,,103.090348,,
2006-10-24,103.5166,,100.211151,,106.66671,,,103.260673,,
2006-10-25,104.4792,,100.789875,,106.99123,,,103.213201,,
2006-10-26,104.9058,,100.483789,,107.343556,,,102.818788,,
2006-10-27,104.6625,,99.920095,,107.021998,,,102.17268,,
2006-10-30,104.4723,,99.816899,,106.982961,,,102.215682,,
2006-10-31,105.0453,,100.057683,,107.128292,,,102.041773,,
2006-11-01,105.1671,,100.228671,,106.777133,,,101.763101,,
2006-11-02,105.3638,,100.235404,,106.689377,,,101.496461,,
2006-11-03,105.6777,,101.032106,,106.354024,,,101.678699,,
2006-11-06,106.1563,,101.433829,,107.074878,,,102.311544,,
2006-11-07,106.2675,,101.118857,,107.42639,,,102.221598,,
2006-11-08,106.472,,101.472296,,107.686515,,,102.62978,,
2006-11-09,107.2237,,101.615145,,107.352537,,,101.737243,,
2006-11-10,106.932,,101.196707,,107.474557,,,101.710164,,
2006-11-13,106.8581,,101.442641,,107.588417,,,102.135946,,
2006-11-14,107.1178,,101.665363,,108.12742,,,102.623592,,
2006-11-15,107.4378,,101.818046,,108.235296,,,102.573827,,
2006-11-16,106.514,,101.195001,,108.362482,,,102.951175,,
2006-11-17,107.0413,,101.466015,,108.494596,,,102.843615,,
2006-11-20,107.0273,,101.531911,,108.559987,,,102.985901,,
2006-11-21,107.7802,,102.015296,,108.682772,,,102.869592,,
2006-11-22,107.8375,,101.280991,,108.865706,,,102.246682,,
2006-11-24,108.1052,,100.361641,,108.621115,,,100.840602,,
2006-11-27,107.6922,,99.681352,,107.708263,,,99.69622,,
2006-11-28,108.2518,,99.698332,,108.101663,,,99.560058,,
2006-11-29,109.1663,,100.892165,,108.71079,,,100.471179,,
2006-11-30,110.038,,101.021966,,108.873152,,,99.95256,,
2006-12-01,110.0031,,100.278094,,108.81207,,,99.192358,,
2006-12-04,110.2686,,100.474918,,109.356367,,,99.643706,,
2006-12-05,110.2759,,100.677762,,109.605612,,,100.065814,,
2006-12-06,109.6767,,100.349257,,109.520172,,,100.206041,,
2006-12-07,109.3743,,100.080106,,109.192906,,,99.914126,,
2006-12-08,108.9483,,100.317,,109.225526,,,100.572262,,
2006-12-11,109.3035,,100.393135,,109.436561,,,100.515349,,
2006-12-12,109.3727,,100.09371,,109.477971,,,100.19005,,
2006-12-13,109.4204,,100.675447,,109.408808,,,100.664781,,
2006-12-14,109.8419,,101.601522,,109.924944,,,101.678336,,
2006-12-15,109.1733,,101.446196,,109.923519,,,102.143316,,
2006-12-18,108.3769,,100.598515,,109.768395,,,101.890141,,
2006-12-19,109.1442,,100.54307,,109.926971,,,101.264155,,
2006-12-20,108.7022,,100.325955,,109.870968,,,101.404661,,
2006-12-21,108.4869,,100.089253,,109.720274,,,101.227155,,
2006-12-22,107.9705,,99.885715,,109.273667,,,101.091301,,
2006-12-26,108.3875,,100.608354,,109.644938,,,101.775544,,
2006-12-27,108.829,,100.894909,,109.965381,,,101.948443,,
2006-12-28,108.9146,,100.697818,,109.769458,,,101.488184,,
2006-12-29,108.6395,,100.040241,,109.489199,,,100.822683,,
2007-01-03,107.5092,,99.239952,,109.464786,,,101.045121,,
2007-01-04,107.0304,,99.454967,,109.694431,,,101.930442,,
2007-01-05,106.2305,,99.318994,,109.142833,,,102.041846,,
2007-01-08,106.5473,,99.4622,,109.467389,,,102.188111,,
2007-01-09,106.4489,,99.546151,,109.414044,,,102.319019,,
2007-01-10,105.8773,,99.493776,,109.57938,,,102.972651,,
2007-01-11,105.7491,,99.720168,,109.791965,,,103.532543,,
2007-01-12,107.1221,,100.827191,,110.225554,,,103.748274,,
2007-01-16,106.7766,,100.486434,,110.166215,,,103.676368,,
2007-01-17,107.2518,,100.785405,,110.158874,,,103.517206,,
2007-01-18,106.8904,,100.244331,,109.998478,,,103.159159,,
2007-01-19,107.8626,,101.171692,,110.115061,,,103.284428,,
2007-01-22,107.5318,,100.947085,,109.925688,,,103.194383,,
2007-01-23,108.7194,,101.466488,,110.03751,,,102.696664,,
2007-01-24,109.1181,,102.286177,,110.558139,,,103.636054,,
2007-01-25,107.9392,,101.478424,,109.721771,,,103.154298,,
2007-01-26,107.9944,,101.663974,,109.662073,,,103.233891,,
2007-01-29,107.6384,,101.000362,,109.565682,,,102.808789,,
2007-01-30,108.5061,,101.712494,,109.975319,,,103.089725,,
2007-01-31,109.3501,,102.008126,,110.451524,,,103.035598,,
2007-02-01,109.7542,,102.471587,,110.8724,,,103.51559,,
2007-02-02,109.6246,,102.792668,,111.02999,,,104.110473,,
2007-02-05,109.6441,,103.105196,,111.116613,,,104.489892,,
2007-02-06,109.9049,,102.904696,,111.21793,,,104.134094,,
2007-02-07,109.8331,,102.631954,,111.412038,,,104.107369,,
2007-02-08,110.4298,,102.944239,,111.358852,,,103.810315,,
2007-02-09,110.1584,,102.967583,,110.757709,,,103.527771,,
2007-02-12,109.4647,,102.642734,,110.49213,,,103.606133,,
2007-02-13,110.1229,,102.681764,,111.040462,,,103.537325,,
2007-02-14,110.7915,,102.581347,,111.647224,,,103.373658,,
2007-02-15,110.7389,,102.446818,,111.804816,,,103.432919,,
2007-02-16,110.7888,,102.508583,,111.796316,,,103.440798,,
2007-02-20,110.2249,,102.002355,,111.959324,,,103.607394,,
2007-02-21,111.2541,,102.946942,,111.93295,,,103.575103,,
2007-02-22,111.2357,,103.024015,,111.79045,,,103.537813,,
2007-02-23,111.571,,103.028447,,111.639522,,,103.091722,,
2007-02-26,112.0169,,103.267637,,111.677659,,,102.954893,,
2007-02-27,108.951,,100.02403,,109.236353,,,100.286002,,
2007-02-28,109.7042,,100.814487,,109.88609,,,100.981638,,
2007-03-01,109.2516,,100.725963,,109.68366,,,101.124307,,
2007-03-02,107.8256,,99.36603,,108.905077,,,100.360815,,
2007-03-05,106.9583,,99.342411,,108.260035,,,100.551456,,
2007-03-06,108.4106,,100.407471,,109.34045,,,101.268677,,
2007-03-07,108.8383,,100.421073,,109.304806,,,100.851501,,
2007-03-08,109.3889,,101.25955,,109.824358,,,101.662647,,
2007-03-09,108.9303,,100.981123,,109.718471,,,101.711777,,
2007-03-12,109.0795,,100.544418,,109.954472,,,101.350927,,
2007-03-13,107.9944,,99.491419,,108.784831,,,100.219616,,
2007-03-14,108.5016,,99.762126,,109.224943,,,100.427206,,
2007-03-15,108.5564,,99.699406,,109.265242,,,100.350415,,
2007-03-16,108.4377,,99.021863,,109.076583,,,99.605271,,
2007-03-19,109.2321,,99.829768,,109.834244,,,100.380081,,
2007-03-20,109.813,,100.247623,,110.244394,,,100.64144,,
2007-03-21,111.0509,,100.862668,,111.392284,,,101.172732,,
2007-03-22,111.3145,,101.519232,,111.258522,,,101.468179,,
2007-03-23,111.1805,,101.725166,,111.293947,,,101.828965,,
2007-03-26,111.6228,,101.800402,,111.176657,,,101.393518,,
2007-03-27,111.4929,,101.521997,,111.031741,,,101.10208,,
2007-03-28,111.3137,,101.65577,,110.569868,,,100.976476,,
2007-03-29,111.3222,,101.526254,,110.604602,,,100.871802,,
2007-03-30,110.9664,,100.989633,,110.577841,,,100.636009,,
2007-04-02,111.3389,,101.275572,,110.714089,,,100.707234,,
2007-04-03,111.8311,,101.990373,,111.37978,,,101.578767,,
2007-04-04,112.3268,,102.158893,,111.501328,,,101.408144,,
2007-04-05,112.5082,,101.85146,,111.640195,,,101.065672,,
2007-04-09,112.1461,,102.09384,,111.562892,,,101.562908,,
2007-04-10,112.91,,102.139143,,111.715439,,,101.058535,,
2007-04-11,112.5668,,101.889335,,111.411593,,,100.843704,,
2007-04-12,113.0835,,101.977392,,111.76657,,,100.7898,,
2007-04-13,113.5103,,101.984027,,111.99791,,,100.625211,,
2007-04-16,114.3515,,102.717035,,112.728035,,,101.258746,,
2007-04-17,114.2821,,102.412552,,113.036822,,,101.29661,,
2007-04-18,114.5125,,102.302299,,113.189529,,,101.120393,,
2007-04-19,114.0676,,101.874892,,113.151798,,,101.05698,,
2007-04-20,114.6994,,102.582345,,113.774038,,,101.75474,,
2007-04-23,114.6787,,102.692262,,113.559453,,,101.690001,,
2007-04-24,114.7586,,102.289138,,113.610377,,,101.265679,,
2007-04-25,115.1174,,102.623999,,114.251037,,,101.85166,,
2007-04-26,114.552,,102.397785,,114.247046,,,102.125187,,
2007-04-27,114.6568,,102.123523,,114.178181,,,101.697223,,
2007-04-30,114.7077,,102.183832,,113.766206,,,101.345131,,
2007-05-01,114.8097,,102.597967,,113.919024,,,101.802028,,
2007-05-02,115.0588,,102.911348,,114.32932,,,102.258884,,
2007-05-03,115.3865,,103.531985,,114.653147,,,102.873975,,
2007-05-04,115.8917,,103.625818,,114.972464,,,102.803874,,
2007-05-07,116.0871,,103.770008,,115.027008,,,102.822394,,
2007-05-08,115.8373,,103.990196,,114.885845,,,103.136051,,
2007-05-09,115.6273,,103.909097,,115.025421,,,103.368214,,
2007-05-10,114.9021,,103.594331,,114.37664,,,103.120582,,
2007-05-11,115.3586,,103.636984,,114.875435,,,103.202914,,
2007-05-14,115.1016,,103.306854,,114.733703,,,102.976656,,
2007-05-15,115.1835,,103.038044,,114.736706,,,102.638362,,
2007-05-16,115.2335,,103.662485,,115.215003,,,103.645845,,
2007-05-17,114.9865,,103.593599,,115.003317,,,103.60875,,
2007-05-18,115.2125,,103.666606,,115.460804,,,103.890027,,
2007-05-21,115.4693,,104.229388,,115.529036,,,104.28331,,
2007-05-22,114.9544,,103.918928,,115.370166,,,104.294781,,
2007-05-23,114.9064,,103.790639,,115.349616,,,104.19098,,
2007-05-24,114.2704,,103.454448,,114.737618,,,103.877443,,
2007-05-25,114.494,,103.518121,,114.998908,,,103.974627,,
2007-05-29,114.5903,,103.589781,,115.210398,,,104.15035,,
2007-05-30,115.1177,,104.22155,,115.826604,,,104.863355,,
2007-05-31,115.1119,,104.030365,,115.646056,,,104.5131,,
2007-06-01,115.292,,104.239621,,115.946414,,,104.8313,,
2007-06-04,115.7235,,104.296222,,116.010031,,,104.554459,,
2007-06-05,115.1679,,103.534521,,115.605976,,,103.928346,,
2007-06-06,114.6197,,103.194315,,114.880833,,,103.429418,,
2007-06-07,112.5702,,101.877242,,113.31772,,,102.553755,,
2007-06-08,112.824,,102.60341,,114.153183,,,103.812184,,
2007-06-11,112.8934,,102.751073,,114.294925,,,104.026685,,
2007-06-12,111.5806,,101.983784,,113.27522,,,103.532653,,
2007-06-13,112.9354,,103.144515,,114.368735,,,104.453588,,
2007-06-14,113.1792,,103.367179,,114.891858,,,104.931358,,
2007-06-15,113.7953,,103.393909,,115.454058,,,104.901049,,
2007-06-18,113.703,,103.048191,,115.395863,,,104.582421,,
2007-06-19,114.2512,,103.444769,,115.722203,,,104.776638,,
2007-06-20,113.1771,,102.648094,,114.612187,,,103.949673,,
2007-06-21,113.2704,,102.847808,,114.934938,,,104.359183,,
2007-06-22,113.2331,,102.233635,,114.393213,,,103.281055,,
2007-06-25,113.1962,,102.223095,,114.111063,,,103.049272,,
2007-06-26,112.641,,101.7822,,113.344426,,,102.417815,,
2007-06-27,113.1833,,102.279824,,114.407407,,,103.386006,,
2007-06-28,113.2737,,102.391959,,114.360928,,,103.374741,,
2007-06-29,113.7241,,102.145921,,114.479036,,,102.823998,,
2007-07-02,114.4274,,102.113715,,115.219406,,,102.820492,,
2007-07-03,114.3135,,102.124518,,115.415034,,,103.108598,,
2007-07-05,113.8027,,101.74295,,115.150145,,,102.947605,,
2007-07-06,113.9899,,101.715828,,115.435625,,,103.005882,,
2007-07-09,114.2721,,101.952675,,115.56985,,,103.110518,,
2007-07-10,114.4763,,101.235884,,114.781588,,,101.505863,,
2007-07-11,114.2201,,101.024014,,115.165751,,,101.860412,,
2007-07-12,114.9701,,101.362888,,116.209459,,,102.455564,,
2007-07-13,115.3179,,101.684273,,116.480925,,,102.709798,,
2007-07-16,115.529,,101.981369,,116.561805,,,102.89306,,
2007-07-17,115.2202,,101.642358,,116.444612,,,102.722482,,
2007-07-18,115.8248,,102.020249,,116.435452,,,102.55812,,
2007-07-19,116.1772,,102.323234,,116.705509,,,102.788544,,
2007-07-20,116.2641,,102.229428,,116.101455,,,102.086416,,
2007-07-23,116.3046,,102.413183,,116.289017,,,102.399462,,
2007-07-24,115.5396,,101.621785,,115.170957,,,101.297548,,
2007-07-25,115.7441,,102.551005,,115.288702,,,102.147515,,
2007-07-26,114.562,,101.326414,,113.806868,,,100.658524,,
2007-07-27,113.6252,,101.286317,,112.427629,,,100.218794,,
2007-07-30,114.3126,,101.46755,,113.453974,,,100.705406,,
2007-07-31,114.1779,,101.444274,,112.83218,,,100.248635,,
2007-08-01,114.2421,,101.620141,,113.064465,,,100.572617,,
2007-08-02,114.5566,,101.632188,,113.579948,,,100.765723,,
2007-08-03,113.8317,,100.373781,,112.025092,,,98.780762,,
2007-08-06,114.0647,,100.535483,,113.075289,,,99.663426,,
2007-08-07,114.6572,,101.47706,,113.768254,,,100.690301,,
2007-08-08,114.5725,,100.953776,,114.662863,,,101.033397,,
2007-08-09,113.1944,,100.614578,,112.677808,,,100.155397,,
2007-08-10,113.523,,100.766675,,112.212083,,,99.603063,,
2007-08-13,113.6258,,101.472862,,112.539871,,,100.503079,,
2007-08-14,113.4254,,101.900217,,111.631061,,,100.288202,,
2007-08-15,112.4782,,101.733394,,110.76202,,,100.181158,,
2007-08-16,112.8039,,102.149577,,111.240473,,,100.733816,,
2007-08-17,113.6041,,102.370926,,112.565633,,,101.435143,,
2007-08-20,113.6189,,102.521048,,112.491879,,,101.50411,,
2007-08-21,113.7744,,102.722353,,112.835622,,,101.874768,,
2007-08-22,114.2481,,102.56353,,113.598696,,,101.980543,,
2007-08-23,114.4262,,102.556805,,113.596393,,,101.813073,,
2007-08-24,115.4322,,102.678754,,114.322109,,,101.69131,,
2007-08-27,115.3693,,102.78073,,113.824262,,,101.404279,,
2007-08-28,114.4801,,102.318467,,112.504073,,,100.552361,,
2007-08-29,115.3996,,102.574703,,113.737751,,,101.097543,,
2007-08-30,115.5981,,103.143292,,113.656735,,,101.411094,,
2007-08-31,116.2478,,103.745834,,114.351103,,,102.053119,,
2007-09-04,117.0223,,104.575224,,114.996067,,,102.764511,,
2007-09-05,117.1424,,104.360357,,114.5453,,,102.046641,,
2007-09-06,117.6263,,104.454656,,114.695813,,,101.852322,,
2007-09-07,117.8597,,104.068983,,114.024266,,,100.682331,,
2007-09-10,118.245,,104.151998,,114.002762,,,100.41537,,
2007-09-11,118.9872,,104.533085,,114.715919,,,100.780664,,
2007-09-12,118.9202,,103.985785,,114.830076,,,100.409313,,
2007-09-13,118.6146,,103.853019,,115.18336,,,100.848797,,
2007-09-14,118.6599,,103.952574,,115.209525,,,100.929857,,
2007-09-17,119.0524,,104.371637,,114.856278,,,100.692954,,
2007-09-18,120.1843,,104.489888,,116.985146,,,101.708499,,
2007-09-19,119.8986,,104.435683,,117.389203,,,102.249914,,
2007-09-20,119.0599,,102.916156,,116.560062,,,100.755279,,
2007-09-21,119.5378,,103.137854,,116.876048,,,100.84128,,
2007-09-24,119.5914,,103.214134,,116.760299,,,100.770734,,
2007-09-25,119.1782,,102.486457,,116.649775,,,100.312156,,
2007-09-26,119.3293,,102.687579,,116.981197,,,100.666944,,
2007-09-27,120.2514,,103.299743,,117.473832,,,100.913725,,
2007-09-28,120.4123,,102.661765,,117.314453,,,100.020586,,
2007-10-01,121.3992,,103.706826,,117.946115,,,100.756984,,
2007-10-02,120.8825,,103.827205,,118.025148,,,101.372996,,
2007-10-03,120.4609,,103.934309,,117.907195,,,101.730959,,
2007-10-04,121.0475,,104.086586,,118.001143,,,101.467078,,
2007-10-05,121.1056,,104.158647,,118.47013,,,101.891973,,
2007-10-08,120.4982,,104.278064,,118.462091,,,102.516033,,
2007-10-09,121.1428,,104.404841,,119.029511,,,102.58354,,
2007-10-10,121.3449,,104.290679,,118.980962,,,102.258976,,
2007-10-11,121.2406,,103.826692,,118.672034,,,101.627051,,
2007-10-12,121.4776,,104.166866,,118.974742,,,102.020669,,
2007-10-15,121.4486,,103.946239,,118.375833,,,101.316299,,
2007-10-16,121.222,,103.98583,,117.895861,,,101.132624,,
2007-10-17,121.5039,,103.97161,,118.276103,,,101.209565,,
2007-10-18,122.5293,,104.218186,,118.149513,,,100.492926,,
2007-10-19,122.1854,,103.911139,,116.512443,,,99.08664,,
2007-10-22,121.6784,,104.294178,,116.907438,,,100.204845,,
2007-10-23,122.2172,,104.175026,,117.464682,,,100.124093,,
2007-10-24,122.7994,,104.645599,,117.539476,,,100.163265,,
2007-10-25,122.9937,,104.39407,,117.580902,,,99.799819,,
2007-10-26,124.0707,,104.817889,,118.368125,,,100.000218,,
2007-10-29,124.6027,,105.011923,,118.60364,,,99.95607,,
2007-10-30,123.7162,,104.214232,,118.16535,,,99.538389,,
2007-10-31,124.3148,,104.32091,,118.773578,,,99.670898,,
2007-11-01,123.9208,,104.444475,,117.221146,,,98.797789,,
2007-11-02,125.209,,104.868608,,117.357745,,,98.292801,,
2007-11-05,124.9072,,104.948429,,116.782867,,,98.122274,,
2007-11-06,125.992,,105.231517,,117.655712,,,98.268851,,
2007-11-07,125.4831,,104.225749,,115.739171,,,96.132481,,
2007-11-08,125.442,,103.918266,,115.435794,,,95.628956,,
2007-11-09,125.4244,,103.946184,,114.645266,,,95.012915,,
2007-11-12,123.7173,,103.498021,,113.897158,,,95.282797,,
2007-11-13,125.087,,104.142224,,115.991276,,,96.569503,,
2007-11-14,125.287,,103.966975,,115.774085,,,96.072868,,
2007-11-15,124.5117,,103.5994,,114.971502,,,95.661521,,
2007-11-16,124.7051,,103.498226,,115.060194,,,95.493496,,
2007-11-19,124.3929,,103.126474,,114.191561,,,94.669173,,
2007-11-20,125.2019,,102.566156,,114.51438,,,93.810875,,
2007-11-21,124.7506,,102.072642,,113.460666,,,92.835064,,
2007-11-23,125.9128,,103.172863,,114.409348,,,93.746943,,
2007-11-26,125.9365,,102.952883,,113.313264,,,92.633409,,
2007-11-27,125.5348,,102.922095,,113.90397,,,93.386338,,
2007-11-28,126.1623,,103.348047,,115.977875,,,95.005298,,
2007-11-29,126.3618,,104.192477,,116.133355,,,95.758543,,
2007-11-30,126.2451,,104.90525,,116.93318,,,97.167372,,
2007-12-03,126.6616,,104.985835,,116.715926,,,96.742177,,
2007-12-04,126.7806,,104.433678,,115.907551,,,95.477161,,
2007-12-05,126.4219,,105.188773,,116.990878,,,97.341733,,
2007-12-06,126.7796,,105.299019,,117.942259,,,97.959011,,
2007-12-07,125.8705,,104.42267,,117.659921,,,97.611142,,
2007-12-10,126.2621,,104.341686,,118.112724,,,97.607126,,
2007-12-11,126.1951,,104.69196,,116.404419,,,96.569572,,
2007-12-12,126.6367,,104.690392,,117.044205,,,96.760289,,
2007-12-13,125.3928,,104.176369,,116.719151,,,96.970299,,
2007-12-14,124.6719,,105.084812,,115.698206,,,97.520967,,
2007-12-17,124.6034,,105.194825,,114.77498,,,96.897307,,
2007-12-18,125.498,,105.846439,,115.406067,,,97.334788,,
2007-12-19,126.4104,,106.853185,,115.502155,,,97.632577,,
2007-12-20,126.458,,107.292535,,115.899125,,,98.333921,,
2007-12-21,126.6031,,107.197191,,116.689081,,,98.802807,,
2007-12-24,126.6149,,106.834398,,117.224291,,,98.910843,,
2007-12-26,126.703,,106.990418,,117.230053,,,98.991281,,
2007-12-27,127.0177,,105.581894,,116.611378,,,96.931768,,
2007-12-28,128.5699,,106.214894,,116.682261,,,96.39421,,
2007-12-31,128.4795,,107.034114,,116.183206,,,96.790278,,
2008-01-02,129.4912,,106.982546,,115.789008,,,95.662122,,
2008-01-03,129.6326,,106.843783,,115.8746,,,95.504376,,
2008-01-04,128.474,,105.868762,,114.275347,,,94.168389,,
2008-01-07,128.6284,,106.418701,,114.159182,,,94.447819,,
2008-01-08,128.3082,,106.063564,,113.279512,,,93.640381,,
2008-01-09,128.7519,,106.773017,,113.887799,,,94.446326,,
2008-01-10,128.5483,,105.571475,,114.23989,,,93.820561,,
2008-01-11,128.687,,105.869186,,113.882146,,,93.689418,,
2008-01-14,129.4956,,105.874545,,114.476854,,,93.595341,,
2008-01-15,128.8005,,105.773594,,113.128137,,,92.90313,,
2008-01-16,127.6328,,105.899858,,112.402243,,,93.262716,,
2008-01-17,127.1705,,105.585456,,110.931058,,,92.102385,,
2008-01-18,126.6857,,105.369324,,110.242452,,,91.692848,,
2008-01-22,126.877,,105.438265,,109.632735,,,91.107808,,
2008-01-23,127.5235,,105.96828,,111.086224,,,92.309387,,
2008-01-24,127.3785,,104.950367,,111.534038,,,91.895714,,
2008-01-25,127.7598,,105.865783,,110.639821,,,91.679631,,
2008-01-28,128.5575,,105.730451,,111.832602,,,91.975275,,
2008-01-29,128.3103,,105.564995,,112.02464,,,92.166261,,
2008-01-30,127.7923,,104.528337,,111.598786,,,91.282773,,
2008-01-31,128.5681,,105.179891,,113.018052,,,92.458599,,
2008-02-01,129.3054,,106.225542,,114.0556,,,93.697695,,
2008-02-04,128.1893,,105.087098,,113.169825,,,92.774424,,
2008-02-05,127.0254,,105.434742,,111.490482,,,92.540312,,
2008-02-06,126.7237,,105.297192,,110.91989,,,92.165499,,
2008-02-07,125.9951,,105.749942,,110.974611,,,93.142977,,
2008-02-08,126.8282,,106.24819,,110.752087,,,92.780697,,
2008-02-11,127.5385,,106.7851,,111.186506,,,93.093946,,
2008-02-12,127.1115,,105.964166,,111.789316,,,93.191109,,
2008-02-13,127.0646,,105.997025,,112.210329,,,93.605623,,
2008-02-14,125.9975,,104.619413,,111.482319,,,92.567033,,
2008-02-15,126.3095,,104.619095,,111.438617,,,92.301903,,
2008-02-19,126.5621,,104.490163,,111.41379,,,91.98366,,
2008-02-20,127.438,,105.291966,,111.538785,,,92.155698,,
2008-02-21,127.5579,,104.686672,,111.351972,,,91.38648,,
2008-02-22,127.5517,,104.558061,,111.528508,,,91.423356,,
2008-02-25,127.4883,,104.516661,,112.208516,,,91.990084,,
2008-02-26,128.0631,,103.974723,,112.928178,,,91.686645,,
2008-02-27,128.1638,,103.050314,,112.95964,,,90.825384,,
2008-02-28,129.1812,,103.370639,,112.566776,,,90.075797,,
2008-02-29,129.0955,,103.387125,,111.23433,,,89.08287,,
2008-03-03,129.172,,103.289851,,111.06535,,,88.811224,,
2008-03-04,128.0288,,102.290267,,110.624722,,,88.385053,,
2008-03-05,128.2121,,102.114591,,110.753876,,,88.209979,,
2008-03-06,127.5247,,100.80238,,109.315771,,,86.409064,,
2008-03-07,126.9806,,100.590089,,108.774153,,,86.167506,,
2008-03-10,127.2562,,100.831406,,108.147531,,,85.690659,,
2008-03-11,128.264,,101.669695,,110.216902,,,87.364489,,
2008-03-12,129.1972,,101.006635,,110.050526,,,86.037726,,
2008-03-13,129.1951,,100.451384,,110.005783,,,85.531365,,
2008-03-14,129.3423,,100.345708,,109.169169,,,84.695088,,
2008-03-17,129.2521,,100.275729,,108.699425,,,,,
2008-03-18,130.2708,,101.361661,,111.3017,,,86.976353,,
2008-03-19,129.1743,,100.503989,,109.783646,,,85.786231,,
2008-03-20,129.3697,,101.947896,,111.15505,,,87.972645,,
2008-03-24,129.0439,,101.722144,,112.164368,,,88.798513,,
2008-03-25,130.0008,,100.986762,,112.317621,,,87.627228,,
2008-03-26,129.7295,,99.533269,,111.355476,,,85.805249,,
2008-03-27,129.0551,,99.437559,,111.167284,,,86.02507,,
2008-03-28,128.9775,,99.212394,,110.63214,,,85.468492,,
2008-03-31,129.1097,,99.41662,,110.798351,,,85.685271,,
2008-04-01,128.7456,,100.241009,,112.827216,,,88.226624,,
2008-04-02,129.5472,,100.405357,,112.898806,,,87.880184,,
2008-04-03,129.8248,,100.630133,,113.05771,,,88.012291,,
2008-04-04,130.5543,,100.899656,,113.365472,,,87.993798,,
2008-04-07,130.4819,,100.970797,,113.392635,,,88.125808,,
2008-04-08,130.1643,,100.716694,,113.323055,,,88.064445,,
2008-04-09,130.9858,,100.586021,,113.034305,,,87.175898,,
2008-04-10,130.6858,,100.924295,,112.981152,,,87.628641,,
2008-04-11,130.2046,,100.011394,,111.767637,,,86.220786,,
2008-04-14,129.8957,,99.747026,,111.489759,,,85.983063,,
2008-04-15,129.3379,,99.589814,,111.404975,,,86.152217,,
2008-04-16,130.3226,,99.351277,,113.059681,,,86.563384,,
2008-04-17,130.1078,,99.430694,,113.149208,,,86.844318,,
2008-04-18,130.1543,,100.086585,,113.972041,,,88.021432,,
2008-04-21,130.4505,,99.663772,,114.014336,,,87.483025,,
2008-04-22,130.5199,,99.226042,,113.779479,,,86.873162,,
2008-04-23,129.9475,,99.426943,,113.629378,,,87.317148,,
2008-04-24,128.8679,,99.899247,,113.751536,,,88.562014,,
2008-04-25,128.9775,,100.554874,,114.341066,,,89.529088,,
2008-04-28,129.2754,,100.380926,,114.471368,,,89.269877,,
2008-04-29,128.7525,,100.519341,,114.264737,,,89.594003,,
2008-04-30,129.272,,100.599964,,114.1358,,,89.204754,,
2008-05-01,129.1865,,101.491693,,115.474298,,,91.111133,,
2008-05-02,128.7907,,101.584469,,115.589037,,,91.565572,,
2008-05-05,129.1486,,101.314606,,115.275139,,,90.821938,,
2008-05-06,129.3298,,101.227478,,115.725795,,,90.970952,,
2008-05-07,128.4674,,101.457825,,114.619785,,,90.912784,,
2008-05-08,129.5704,,102.332249,,114.55633,,,90.865405,,
2008-05-09,129.7251,,101.866115,,114.454938,,,90.263677,,
2008-05-12,129.9254,,101.555698,,115.138863,,,90.386782,,
2008-05-13,129.0888,,101.416904,,114.888713,,,90.650855,,
2008-05-14,129.0371,,101.383493,,115.09628,,,90.821088,,
2008-05-15,130.5961,,102.771115,,116.211442,,,91.846477,,
2008-05-16,131.0203,,102.144884,,116.155725,,,90.947634,,
2008-05-19,131.2189,,102.85111,,116.425739,,,91.650397,,
2008-05-20,131.6039,,102.25952,,115.960039,,,90.493232,,
2008-05-21,131.3697,,101.115868,,114.723171,,,88.684558,,
2008-05-22,130.7227,,101.014393,,114.451966,,,88.823578,,
2008-05-23,130.4636,,100.542569,,113.713318,,,88.012571,,
2008-05-27,130.1546,,100.839477,,113.9669,,,88.679361,,
2008-05-28,130.1,,101.141375,,114.061155,,,89.055773,,
2008-05-29,129.5107,,101.454638,,114.280786,,,89.910876,,
2008-05-30,129.9235,,101.528754,,114.616388,,,89.954071,,
2008-06-02,129.9721,,101.697474,,114.081271,,,89.649348,,
2008-06-03,129.8627,,102.223089,,113.766124,,,89.939463,,
2008-06-04,129.5664,,102.018917,,113.569643,,,89.809719,,
2008-06-05,129.9962,,101.350384,,114.762044,,,89.859867,,
2008-06-06,129.9075,,100.148925,,112.828258,,,87.358004,,
2008-06-09,129.9996,,101.011002,,112.75855,,,87.993158,,
2008-06-10,129.5854,,101.853126,,112.187177,,,88.559318,,
2008-06-11,129.5207,,101.245875,,111.257,,,87.345042,,
2008-06-12,129.1551,,101.706922,,111.234012,,,87.972981,,
2008-06-13,129.439,,102.432765,,111.967289,,,88.989274,,
2008-06-16,129.5766,,101.78172,,112.048254,,,88.393648,,
2008-06-17,129.5989,,101.576748,,111.878032,,,88.066465,,
2008-06-18,129.7667,,101.55702,,111.418476,,,87.574297,,
2008-06-19,129.5601,,101.591531,,111.273268,,,87.629398,,
2008-06-20,129.4723,,100.73198,,110.325885,,,86.206633,,
2008-06-23,129.5041,,101.460582,,110.202215,,,86.711543,,
2008-06-24,129.5778,,101.19226,,110.159892,,,86.399843,,
2008-06-25,129.6225,,100.588126,,110.491513,,,86.112857,,
2008-06-26,129.6468,,100.027233,,108.749928,,,84.267127,,
2008-06-27,129.9686,,100.065945,,108.492483,,,83.891945,,
2008-06-30,130.0401,,100.343415,,108.749482,,,84.277479,,
2008-07-01,130.1775,,100.212819,,108.799972,,,84.117991,,
2008-07-02,129.9396,,99.467224,,107.628034,,,82.744023,,
2008-07-03,129.7298,,100.430991,,107.714127,,,83.747803,,
2008-07-07,129.4774,,100.076911,,107.198622,,,83.21505,,
2008-07-08,129.7762,,100.680406,,108.507169,,,84.54367,,
2008-07-09,129.5567,,100.048515,,107.428972,,,83.319172,,
2008-07-10,129.9997,,100.098764,,107.724536,,,83.305515,,
2008-07-11,129.6433,,98.983003,,106.736049,,,81.845429,,
2008-07-14,129.8068,,99.20503,,106.210437,,,81.522258,,
2008-07-15,129.4285,,98.88856,,105.479137,,,80.938558,,
2008-07-16,129.1589,,99.213197,,106.710398,,,82.323647,,
2008-07-17,128.9952,,98.858833,,107.161677,,,82.48105,,
2008-07-18,129.1888,,99.165988,,107.31265,,,82.729719,,
2008-07-21,129.489,,98.86892,,107.525918,,,82.454209,,
2008-07-22,129.2527,,99.545647,,108.164649,,,83.66441,,
2008-07-23,128.9553,,99.864476,,108.564436,,,84.436878,,
2008-07-24,128.8789,,99.931351,,107.510125,,,83.722475,,
2008-07-25,128.7288,,99.687802,,107.275528,,,83.433357,,
2008-07-28,128.7373,,99.425217,,106.530647,,,82.630327,,
2008-07-29,128.8358,,100.474684,,107.848704,,,84.471027,,
2008-07-30,129.2782,,100.90514,,109.042755,,,85.478632,,
2008-07-31,129.169,,100.635118,,108.400786,,,84.819645,,
2008-08-01,129.0722,,100.975794,,108.006123,,,84.860521,,
2008-08-04,128.615,,100.384272,,107.279773,,,84.09393,,
2008-08-05,128.7269,,101.264773,,108.943488,,,86.072241,,
2008-08-06,128.8267,,101.651116,,109.189775,,,86.528862,,
2008-08-07,128.904,,102.257672,,108.436732,,,86.393025,,
2008-08-08,129.032,,104.455131,,109.576834,,,89.088952,,
2008-08-11,128.6899,,104.932827,,110.152176,,,90.205443,,
2008-08-12,128.627,,104.763491,,109.649333,,,89.692591,,
2008-08-13,128.7447,,104.91418,,109.177702,,,89.353493,,
2008-08-14,128.7256,,105.560914,,109.77938,,,90.41318,,
2008-08-15,128.779,,106.700143,,110.232364,,,91.72798,,
2008-08-18,128.6597,,106.451117,,109.400741,,,90.907708,,
2008-08-19,128.7714,,105.959415,,108.65114,,,89.789836,,
2008-08-20,129.2289,,106.538498,,109.017908,,,90.264613,,
2008-08-21,129.8461,,105.951622,,109.146995,,,89.446476,,
2008-08-22,129.9058,,106.895026,,110.037989,,,90.937781,,
2008-08-25,129.6528,,106.837254,,108.837791,,,90.072723,,
2008-08-26,129.9047,,107.756958,,108.972633,,,90.784281,,
2008-08-27,130.2881,,107.557598,,109.660876,,,90.92029,,
2008-08-28,130.6756,,108.032284,,110.503795,,,91.750618,,
2008-08-29,129.9922,,107.724431,,109.779086,,,91.366982,,
2008-09-02,129.4884,,108.428162,,109.513852,,,92.098603,,
2008-09-03,129.5189,,108.61155,,109.441876,,,92.172029,,
2008-09-04,129.0509,,109.526099,,107.628555,,,91.7396,,
2008-09-05,129.1564,,110.307935,,107.701873,,,92.381888,,
2008-09-08,129.6242,,111.562541,,109.316242,,,94.49085,,
2008-09-09,128.6644,,110.693377,,107.55543,,,92.932653,,
2008-09-10,128.5607,,111.663043,,107.789586,,,94.026613,,
2008-09-11,128.6951,,111.779778,,108.664734,,,94.790019,,
2008-09-12,128.9499,,110.271789,,108.794992,,,93.43833,,
2008-09-15,128.8548,,109.998574,,105.859931,,,90.759232,,
2008-09-16,129.2915,,111.260446,,106.498425,,,92.042152,,
2008-09-17,129.8238,,110.180524,,103.732329,,,88.417331,,
2008-09-18,129.6367,,109.848424,,105.458669,,,89.747199,,
2008-09-19,129.8213,,109.047165,,108.169733,,,91.252955,,
2008-09-22,129.7305,,106.743552,,106.024385,,,87.614922,,
2008-09-23,129.4311,,107.438878,,104.513431,,,87.129994,,
2008-09-24,129.2043,,107.431799,,104.76123,,,87.48412,,
2008-09-25,129.5258,,107.794229,,105.66404,,,88.31596,,
2008-09-26,129.736,,107.939606,,105.491205,,,88.147365,,
2008-09-29,129.4449,,109.05198,,100.332061,,,84.890892,,
2008-09-30,129.1005,,111.368052,,102.957409,,,89.199632,,
2008-10-01,129.3291,,112.243839,,102.704286,,,89.521548,,
2008-10-02,128.5205,,113.069282,,100.631192,,,88.915526,,
2008-10-03,128.4846,,113.152338,,100.114087,,,88.548336,,
2008-10-06,128.047,,115.28744,,97.07269,,,87.777338,,
2008-10-07,127.3331,,113.932526,,93.657013,,,84.162663,,
2008-10-08,126.747,,112.867321,,91.488153,,,81.821633,,
2008-10-09,125.2142,,111.912245,,87.74281,,,78.760474,,
2008-10-10,124.359,,112.71909,,84.062289,,,76.523393,,
2008-10-13,125.5424,,112.379079,,92.685093,,,83.325453,,
2008-10-14,125.486,,112.02669,,92.647087,,,83.067426,,
2008-10-15,124.7743,,112.386634,,87.771061,,,79.398743,,
2008-10-16,124.8204,,112.787484,,89.406365,,,81.136548,,
2008-10-17,124.4114,,112.838095,,89.217939,,,81.268176,,
2008-10-20,125.3977,,114.256877,,93.066082,,,85.164179,,
2008-10-21,125.0724,,116.414853,,91.725988,,,85.745643,,
2008-10-22,124.3613,,117.644481,,89.15596,,,84.705077,,
2008-10-23,124.7236,,117.243675,,89.149795,,,84.165458,,
2008-10-24,124.0384,,119.801005,,86.141091,,,83.557883,,
2008-10-27,123.4225,,120.104994,,83.958454,,,82.054786,,
2008-10-28,125.3596,,120.189052,,89.965029,,,86.627102,,
2008-10-29,125.1414,,117.385903,,90.252797,,,85.025337,,
2008-10-30,125.4375,,118.082763,,92.080681,,,87.056339,,
2008-10-31,125.1487,,119.433017,,92.273043,,,88.439374,,
2008-11-03,125.1198,,120.304493,,91.841209,,,88.688264,,
2008-11-04,126.0337,,118.039837,,94.303144,,,88.703517,,
2008-11-05,125.4049,,117.703911,,92.499526,,,87.194411,,
2008-11-06,124.4114,,118.977827,,89.274179,,,85.744146,,
2008-11-07,124.8477,,118.925444,,91.226903,,,87.275013,,
2008-11-10,124.8694,,119.082342,,90.274203,,,86.462494,,
2008-11-11,124.2486,,120.631761,,88.875429,,,86.661186,,
2008-11-12,123.291,,119.851353,,86.222588,,,84.179312,,
2008-11-13,124.3223,,118.368391,,89.566772,,,85.645862,,
2008-11-14,124.1168,,118.928106,,86.985563,,,83.70933,,
2008-11-17,123.8806,,119.060252,,86.388989,,,83.386288,,
2008-11-18,124.63,,120.086182,,87.310093,,,84.490455,,
2008-11-19,124.1547,,120.86879,,84.061552,,,82.190415,,
2008-11-20,124.379,,121.427488,,80.320167,,,78.753037,,
2008-11-21,125.4691,,121.275325,,82.667422,,,80.249589,,
2008-11-24,126.323,,118.568378,,86.101469,,,81.165182,,
2008-11-25,127.1383,,118.313293,,87.342489,,,81.631064,,
2008-11-26,127.7698,,120.611731,,89.23223,,,84.597171,,
2008-11-28,127.9144,,122.438599,,89.840769,,,86.366462,,
2008-12-01,127.2823,,122.723488,,85.568166,,,82.859948,,
2008-12-02,128.6585,,123.049118,,87.578032,,,84.121684,,
2008-12-03,129.103,,123.423747,,88.847639,,,85.306287,,
2008-12-04,128.9669,,122.719435,,87.732065,,,83.842881,,
2008-12-05,128.866,,123.2088,,89.162784,,,85.616951,,
2008-12-08,130.1001,,122.015639,,90.977795,,,85.693135,,
2008-12-09,130.6939,,122.92436,,90.42373,,,85.415721,,
2008-12-10,131.7251,,122.993135,,90.726855,,,85.07872,,
2008-12-11,131.3388,,119.581418,,89.609278,,,81.940081,,
2008-12-12,131.607,,119.630293,,90.25654,,,82.39742,,
2008-12-15,132.2407,,117.454003,,89.590169,,,79.916379,,
2008-12-16,135.3306,,117.529692,,92.262395,,,80.472792,,
2008-12-17,136.925,,115.459269,,91.923434,,,77.847568,,
2008-12-18,137.0172,,116.934489,,91.126331,,,78.105961,,
2008-12-19,136.7877,,119.477939,,90.76958,,,79.625791,,
2008-12-22,136.1918,,118.756085,,90.270045,,,79.053541,,
2008-12-23,135.7294,,118.505881,,90.059102,,,78.970765,,
2008-12-24,135.9127,,118.069806,,90.546843,,,78.999598,,
2008-12-26,136.6155,,118.135851,,90.734742,,,78.800342,,
2008-12-29,136.5725,,119.229151,,90.861278,,,79.665592,,
2008-12-30,137.7478,,119.148039,,92.166212,,,80.065741,,
2008-12-31,136.9827,,119.474867,,92.975783,,,81.442938,,
2009-01-02,136.4796,,119.790636,,94.426276,,,83.23783,,
2009-01-05,134.8991,,120.281774,,94.961106,,,85.037266,,
2009-01-06,134.6913,,120.974888,,95.130045,,,85.811629,,
2009-01-07,133.8073,,119.225207,,93.066101,,,83.28227,,
2009-01-08,134.1271,,119.009486,,93.013336,,,82.886351,,
2009-01-09,133.5991,,120.93293,,91.690198,,,83.35597,,
2009-01-12,132.9179,,120.949409,,90.565281,,,82.766535,,
2009-01-13,133.2001,,122.856845,,90.718359,,,84.035492,,
2009-01-14,133.0057,,122.59569,,88.962193,,,82.353713,,
2009-01-15,133.2605,,123.613123,,88.973832,,,82.889247,,
2009-01-16,133.0816,,121.750861,,89.575332,,,82.302914,,
2009-01-20,132.0892,,124.46107,,86.559441,,,81.91311,,
2009-01-21,131.393,,122.675512,,88.616185,,,83.094342,,
2009-01-22,129.4263,,121.035429,,87.640333,,,82.312681,,
2009-01-23,130.1895,,121.890732,,87.810206,,,82.568135,,
2009-01-26,129.9892,,119.828912,,88.141739,,,81.603487,,
2009-01-27,131.4996,,121.482867,,88.865,,,82.450653,,
2009-01-28,130.6829,,120.679774,,90.685674,,,84.106036,,
2009-01-29,128.9888,,121.07801,,88.595363,,,83.521256,,
2009-01-30,128.6858,,122.177493,,87.736232,,,83.658932,,
2009-02-02,129.1136,,122.22285,,87.521719,,,83.208752,,
2009-02-03,128.0974,,119.440789,,88.0957,,,82.497315,,
2009-02-04,128.0034,,121.120972,,87.789114,,,83.42789,,
2009-02-05,128.64,,122.284899,,88.470124,,,84.462938,,
2009-02-06,128.9981,,121.33125,,90.07324,,,85.085959,,
2009-02-09,129.0327,,120.664562,,90.156031,,,84.673497,,
2009-02-10,129.3638,,121.80432,,87.891468,,,83.113085,,
2009-02-11,130.4813,,122.932686,,88.199723,,,83.45629,,
2009-02-12,130.1407,,123.032272,,88.419118,,,83.9508,,
2009-02-13,128.5436,,121.254619,,87.748966,,,83.130922,,
2009-02-17,129.3989,,125.031026,,85.515843,,,82.986328,,
2009-02-18,129.152,,125.312363,,85.333182,,,83.154064,,
2009-02-19,127.9954,,122.788763,,84.725358,,,81.630119,,
2009-02-20,128.4445,,121.651031,,84.05298,,,79.951415,,
2009-02-23,128.0196,,122.623292,,82.42452,,,79.291327,,
2009-02-24,128.3877,,121.51582,,84.235626,,,80.0715,,
2009-02-25,127.3857,,121.73317,,83.804537,,,80.431939,,
2009-02-26,126.586,,120.765806,,82.810278,,,79.344221,,
2009-02-27,125.7604,,120.613271,,81.699316,,,78.694134,,
2009-03-02,125.1213,,120.946843,,79.606716,,,77.283317,,
2009-03-03,124.5147,,120.529151,,79.211451,,,77.007353,,
2009-03-04,124.7944,,119.839018,,80.178943,,,77.327902,,
2009-03-05,125.864,,122.02959,,78.321263,,,76.263382,,
2009-03-06,125.6354,,120.860471,,78.493549,,,75.836622,,
2009-03-09,124.8011,,120.313027,,77.722619,,,75.251372,,
2009-03-10,124.7441,,119.594223,,80.571024,,,77.57858,,
2009-03-11,125.6218,,118.991529,,80.967812,,,77.025796,,
2009-03-12,127.1221,,119.696396,,82.9118,,,78.405967,,
2009-03-13,126.9912,,119.552772,,83.333977,,,78.791776,,
2009-03-16,126.1337,,118.269253,,83.076303,,,78.233117,,
2009-03-17,126.4946,,118.152011,,84.503999,,,79.271878,,
2009-03-18,129.4582,,116.84011,,86.172867,,,78.10983,,
2009-03-19,129.6069,,115.314372,,85.616878,,,76.504583,,
2009-03-20,128.7472,,115.377831,,84.336462,,,75.905407,,
2009-03-23,129.734,,115.699263,,87.964385,,,78.787335,,
2009-03-24,129.5678,,116.965078,,86.689149,,,78.595308,,
2009-03-25,129.2979,,115.7374,,87.086892,,,78.290271,,
2009-03-26,130.1632,,116.994347,,88.215341,,,79.633084,,
2009-03-27,129.89,,118.743427,,87.291117,,,80.145043,,
2009-03-30,129.1973,,119.012275,,85.644964,,,79.234242,,
2009-03-31,129.636,,118.956698,,86.290857,,,79.524476,,
2009-04-01,130.6213,,119.869878,,87.278174,,,80.440446,,
2009-04-02,130.3973,,117.779488,,88.704152,,,80.466991,,
2009-04-03,129.628,,116.847626,,89.119064,,,80.679731,,
2009-04-06,128.7257,,116.650979,,88.688832,,,80.716963,,
2009-04-07,128.5404,,117.752262,,87.388183,,,80.39982,,
2009-04-08,129.1637,,118.237718,,88.072957,,,80.97126,,
2009-04-09,129.4131,,119.482666,,90.118276,,,83.562667,,
2009-04-13,130.0737,,118.309951,,90.396003,,,82.575985,,
2009-04-14,129.8542,,119.067051,,89.450068,,,82.373786,,
2009-04-15,130.0123,,119.509473,,90.122454,,,83.200062,,
2009-04-16,129.6324,,119.521751,,90.854426,,,84.13026,,
2009-04-17,129.1682,,120.557582,,91.014326,,,85.314221,,
2009-04-20,129.47,,121.810915,,88.937764,,,84.03806,,
2009-04-21,129.318,,121.418895,,89.866438,,,84.74178,,
2009-04-22,128.9412,,120.539126,,89.631652,,,84.153171,,
2009-04-23,129.9119,,120.175007,,90.208032,,,83.807557,,
2009-04-24,130.2317,,119.553859,,91.071188,,,83.965456,,
2009-04-27,129.8322,,121.065783,,90.599584,,,84.847287,,
2009-04-28,128.2095,,118.545178,,90.429471,,,83.974308,,
2009-04-29,128.5362,,117.73422,,91.427669,,,84.106131,,
2009-04-30,127.7395,,117.392761,,91.623723,,,84.566196,,
2009-05-01,127.6161,,116.968115,,91.781385,,,84.486902,,
2009-05-04,129.3288,,117.285807,,93.683973,,,85.327352,,
2009-05-05,128.9006,,117.570167,,93.569126,,,85.713164,,
2009-05-06,129.7979,,118.345974,,94.62716,,,86.651161,,
2009-05-07,128.1982,,116.398546,,93.664845,,,85.411235,,
2009-05-08,129.2005,,115.26491,,95.055008,,,85.168829,,
2009-05-11,129.2784,,115.719945,,94.008208,,,84.512467,,
2009-05-12,129.8091,,115.633062,,94.047075,,,84.138533,,
2009-05-13,129.8184,,116.057188,,92.669646,,,83.204354,,
2009-05-14,130.1307,,115.996036,,93.15821,,,83.398314,,
2009-05-15,129.9999,,117.161141,,92.790267,,,83.987713,,
2009-05-18,129.5597,,116.152195,,94.258777,,,84.869578,,
2009-05-19,129.5184,,115.534955,,94.227592,,,84.417557,,
2009-05-20,130.3327,,114.987312,,93.964345,,,83.259227,,
2009-05-21,129.2306,,113.112015,,93.033456,,,81.78154,,
2009-05-22,128.7818,,111.818334,,92.817887,,,80.939955,,
2009-05-26,128.5001,,111.702984,,94.168397,,,82.212763,,
2009-05-27,127.3254,,111.893162,,92.941323,,,82.029507,,
2009-05-28,128.588,,112.087962,,93.740373,,,82.064998,,
2009-05-29,130.6453,,112.349099,,95.139646,,,82.169395,,
2009-06-01,130.0686,,111.684099,,96.048262,,,82.828757,,
2009-06-02,130.3677,,110.827815,,96.361331,,,82.272428,,
2009-06-03,129.7208,,111.360289,,95.735446,,,82.540339,,
2009-06-04,129.7784,,111.248695,,95.955573,,,82.610541,,
2009-06-05,128.8878,,112.21171,,95.772063,,,83.740966,,
2009-06-08,128.6505,,112.5354,,95.424852,,,83.832406,,
2009-06-09,128.8989,,111.437691,,95.890869,,,83.259329,,
2009-06-10,128.3175,,111.557813,,95.643197,,,83.510473,,
2009-06-11,128.989,,111.149619,,96.023815,,,83.101147,,
2009-06-12,128.9889,,112.022157,,96.377965,,,84.062461,,
2009-06-15,128.2787,,112.987378,,95.194125,,,84.208956,,
2009-06-16,128.6377,,113.032517,,94.469292,,,83.36784,,
2009-06-17,128.3438,,111.925656,,94.491989,,,82.760384,,
2009-06-18,127.6957,,111.701005,,94.662044,,,83.162865,,
2009-06-19,128.2947,,111.850743,,95.00755,,,83.188067,,
2009-06-22,127.1723,,111.515174,,93.35666,,,82.216598,,
2009-06-23,127.7969,,110.368812,,93.519983,,,81.115383,,
2009-06-24,127.7674,,111.526193,,93.900783,,,82.318754,,
2009-06-25,129.3993,,112.48223,,95.307107,,,83.205117,,
2009-06-26,129.3313,,111.765418,,95.265761,,,82.682462,,
2009-06-29,129.6403,,111.935376,,95.769692,,,83.047809,,
2009-06-30,129.113,,111.864624,,95.310922,,,82.935071,,
2009-07-01,129.4923,,111.337094,,95.528913,,,82.490422,,
2009-07-02,128.0261,,111.153444,,94.062248,,,82.018631,,
2009-07-06,127.648,,110.983694,,94.023591,,,82.102192,,
2009-07-07,127.1421,,111.044163,,93.052872,,,81.622312,,
2009-07-08,127.562,,111.71588,,93.21799,,,81.990981,,
2009-07-09,127.2533,,110.36584,,93.223492,,,81.201442,,
2009-07-10,127.5441,,111.165259,,93.210517,,,81.591775,,
2009-07-13,128.2757,,111.582916,,94.55618,,,82.606835,,
2009-07-14,127.995,,111.42086,,94.766733,,,82.851841,,
2009-07-15,128.3793,,110.646201,,96.179638,,,83.252522,,
2009-07-16,128.9121,,110.783395,,96.210691,,,83.038037,,
2009-07-17,128.5215,,110.812752,,96.841719,,,83.858908,,
2009-07-20,129.7041,,110.813852,,97.504997,,,83.664261,,
2009-07-21,130.6454,,111.665145,,98.04615,,,84.164086,,
2009-07-22,130.3119,,111.423182,,97.900951,,,84.071955,,
2009-07-23,130.9917,,112.611938,,99.094337,,,85.558319,,
2009-07-24,131.4916,,112.460359,,99.333948,,,85.324138,,
2009-07-27,131.3719,,112.235597,,99.394968,,,85.283555,,
2009-07-28,130.8763,,112.312587,,99.191535,,,85.489896,,
2009-07-29,130.3669,,112.819151,,99.112735,,,86.142547,,
2009-07-30,131.7333,,113.786984,,99.783196,,,86.561979,,
2009-07-31,133.1593,,113.584634,,100.077195,,,85.734568,,
2009-08-03,133.8652,,112.908913,,100.984374,,,85.54359,,
2009-08-04,133.9163,,113.006112,,101.018063,,,85.613112,,
2009-08-05,133.1622,,112.401748,,100.807911,,,85.459328,,
2009-08-06,132.885,,112.6213,,100.508381,,,85.54992,,
2009-08-07,132.9826,,114.083082,,101.066144,,,87.077285,,
2009-08-10,133.1361,,114.470022,,101.247056,,,87.428111,,
2009-08-11,132.7344,,114.064139,,100.637686,,,86.855842,,
2009-08-12,133.0491,,114.060448,,101.259427,,,87.182908,,
2009-08-13,134.2465,,114.209106,,101.828477,,,87.004109,,
2009-08-14,133.6422,,114.503498,,101.434017,,,87.283373,,
2009-08-17,132.2437,,114.171067,,100.107408,,,86.800063,,
2009-08-18,132.6486,,114.091216,,100.447813,,,86.768637,,
2009-08-19,133.6035,,114.201519,,101.058522,,,86.756045,,
2009-08-20,134.3921,,114.633798,,101.74786,,,87.163965,,
2009-08-21,135.3178,,114.750317,,102.709,,,87.474249,,
2009-08-24,135.7227,,115.364058,,102.877882,,,87.823917,,
2009-08-25,135.9359,,115.59377,,103.056578,,,88.013387,,
2009-08-26,136.1589,,116.124548,,103.129519,,,88.33519,,
2009-08-27,136.2079,,115.481767,,103.235518,,,87.904887,,
2009-08-28,136.5109,,116.0535,,103.186825,,,88.102437,,
2009-08-31,135.7555,,115.155226,,102.817435,,,87.592261,,
2009-09-01,134.4419,,114.926247,,101.382071,,,87.039923,,
2009-09-02,135.4421,,115.448424,,101.36759,,,86.777315,,
2009-09-03,136.1017,,116.108345,,101.796121,,,87.217548,,
2009-09-04,136.3589,,115.892672,,102.576299,,,87.557281,,
2009-09-08,136.8678,,114.939076,,103.05046,,,86.913874,,
2009-09-09,137.1517,,114.553938,,103.600811,,,86.904994,,
2009-09-10,138.8456,,115.76831,,104.44271,,,87.459796,,
2009-09-11,139.444,,116.24971,,104.434594,,,87.439806,,
2009-09-14,139.1944,,115.773286,,104.676368,,,87.439567,,
2009-09-15,139.5974,,115.799499,,104.878267,,,87.375085,,
2009-09-16,141.0131,,116.572172,,105.864221,,,87.893627,,
2009-09-17,141.1942,,116.456597,,105.966082,,,87.77824,,
2009-09-18,140.62,,116.278042,,105.901002,,,87.947488,,
2009-09-21,140.3627,,116.251891,,105.707179,,,87.927667,,
2009-09-22,141.3228,,116.168593,,106.051019,,,87.551602,,
2009-09-23,140.4964,,115.935326,,105.627068,,,87.538394,,
2009-09-24,139.4694,,115.622315,,104.97824,,,87.404697,,
2009-09-25,139.4992,,115.607602,,104.769993,,,87.201578,,
2009-09-28,140.8667,,117.123335,,105.885311,,,88.418585,,
2009-09-29,140.7495,,117.306689,,105.67191,,,88.452116,,
2009-09-30,140.812,,116.931507,,105.508127,,,87.993491,,
2009-10-01,139.4422,,116.562342,,104.03498,,,87.340602,,
2009-10-02,139.0518,,115.990355,,103.664884,,,86.845973,,
2009-10-05,140.3921,,116.526306,,104.623211,,,87.213177,,
2009-10-06,141.7007,,117.017259,,105.455193,,,87.461849,,
2009-10-07,142.377,,117.833486,,105.803151,,,87.942792,,
2009-10-08,143.0263,,117.53074,,106.26332,,,87.698407,,
2009-10-09,142.2979,,117.588708,,106.356015,,,88.267726,,
2009-10-12,142.8839,,117.594954,,106.70425,,,88.198229,,
2009-10-13,143.151,,117.172262,,106.681583,,,87.698595,,
2009-10-14,143.6714,,117.032462,,107.678255,,,88.092063,,
2009-10-15,143.6195,,116.808605,,107.843018,,,88.08992,,
2009-10-16,143.5156,,117.140234,,107.357047,,,88.005596,,
2009-10-19,144.6939,,117.562887,,107.979079,,,88.11146,,
2009-10-20,144.307,,117.392894,,107.736683,,,88.021906,,
2009-10-21,143.6138,,116.275004,,107.134383,,,87.114775,,
2009-10-22,144.1109,,116.549403,,107.717903,,,87.493113,,
2009-10-23,142.8216,,115.776253,,106.921913,,,87.049258,,
2009-10-26,141.0762,,115.296225,,106.119611,,,87.102324,,
2009-10-27,141.4259,,116.150461,,105.994998,,,87.427913,,
2009-10-28,139.9789,,115.72824,,104.851409,,,87.06103,,
2009-10-29,141.4549,,116.033181,,106.118083,,,87.423131,,
2009-10-30,139.9439,,115.636392,,104.435947,,,86.668908,,
2009-11-02,140.5267,,115.631469,,104.829143,,,86.630732,,
2009-11-03,141.0092,,116.447005,,104.974401,,,87.063683,,
2009-11-04,140.9711,,115.332056,,105.071974,,,86.333549,,
2009-11-05,142.062,,116.155762,,106.328685,,,87.314431,,
2009-11-06,142.297,,116.526594,,106.53753,,,87.620291,,
2009-11-09,143.9259,,116.676106,,108.055629,,,87.97578,,
2009-11-10,143.9008,,116.687661,,108.070292,,,88.01178,,
2009-11-11,144.5662,,117.272595,,108.425982,,,88.335626,,
2009-11-12,143.4225,,117.414254,,107.850813,,,88.674697,,
2009-11-13,144.2383,,117.51866,,108.24201,,,88.571672,,
2009-11-16,146.095,,118.649729,,109.286231,,,89.139378,,
2009-11-17,146.3718,,119.623314,,109.40611,,,89.799258,,
2009-11-18,146.1758,,118.773272,,109.272396,,,89.17158,,
2009-11-19,145.3279,,118.389754,,108.459852,,,88.737437,,
2009-11-20,145.159,,118.743102,,108.241036,,,88.926074,,
2009-11-23,146.1365,,118.758802,,109.060133,,,89.011451,,
2009-11-24,146.5263,,119.022269,,109.290967,,,89.159919,,
2009-11-25,147.2914,,118.328935,,109.569203,,,88.404592,,
2009-11-27,145.9165,,118.519013,,108.534365,,,88.536765,,
2009-11-30,146.27,,118.506062,,108.824021,,,88.548831,,
2009-12-01,147.1096,,118.601402,,109.528131,,,88.684402,,
2009-12-02,147.4103,,119.122691,,109.415904,,,88.801412,,
2009-12-03,146.2005,,118.0901,,108.912456,,,88.351706,,
2009-12-04,144.9112,,118.660161,,109.193619,,,89.799309,,
2009-12-07,144.6951,,118.651836,,109.138139,,,89.881423,,
2009-12-08,143.5672,,118.712646,,108.465478,,,90.075368,,
2009-12-09,143.6111,,118.578769,,108.666232,,,90.11276,,
2009-12-10,143.6802,,118.583473,,109.001169,,,90.350624,,
2009-12-11,143.6945,,119.420599,,109.173696,,,91.12339,,
2009-12-14,144.3359,,119.737555,,109.646468,,,91.353128,,
2009-12-15,143.9674,,120.402994,,109.223386,,,91.740587,,
2009-12-16,144.3094,,120.74633,,109.399509,,,91.932157,,
2009-12-17,143.4619,,121.656564,,108.679666,,,92.55929,,
2009-12-18,143.9907,,122.118619,,109.055388,,,92.889649,,
2009-12-21,143.6552,,122.333331,,109.536622,,,93.68187,,
2009-12-22,143.5601,,122.519252,,109.646253,,,93.980367,,
2009-12-23,143.8465,,122.004834,,109.79315,,,93.524574,,
2009-12-24,144.1185,,121.977681,,110.027951,,,93.526874,,
2009-12-28,144.1785,,121.911337,,109.896326,,,93.325327,,
2009-12-29,144.0782,,122.048085,,109.864636,,,93.46809,,
2009-12-30,144.2261,,122.296079,,109.950387,,,93.634995,,
2009-12-31,143.3628,,121.603911,,109.257839,,,93.075726,,
2010-01-04,145.3535,,122.614059,,110.419669,,,93.547885,,
2010-01-05,145.9049,,123.497376,,110.798037,,,94.18737,,
2010-01-06,145.8892,,123.111228,,110.817817,,,93.919737,,
2010-01-07,146.0658,,124.127903,,111.052672,,,94.781296,,
2010-01-08,146.4478,,123.508026,,111.29278,,,94.265348,,
2010-01-11,146.5667,,122.795633,,111.352324,,,93.695698,,
2010-01-12,146.0643,,122.603691,,111.009058,,,93.581637,,
2010-01-13,146.3542,,122.626048,,111.391552,,,93.735166,,
2010-01-14,147.2968,,123.516277,,111.688686,,,94.061699,,
2010-01-15,146.4997,,123.855096,,111.019264,,,94.264516,,
2010-01-19,147.4418,,125.462116,,111.785708,,,95.532473,,
2010-01-20,146.4965,,126.260863,,111.221457,,,96.272631,,
2010-01-21,144.8592,,125.049193,,109.945267,,,95.320015,,
2010-01-22,142.9736,,122.769382,,108.496643,,,93.567122,,
2010-01-25,143.2408,,123.072712,,108.832984,,,93.913565,,
2010-01-26,142.9387,,123.500947,,108.614708,,,94.250107,,
2010-01-27,142.9648,,123.958703,,108.885756,,,94.818205,,
2010-01-28,142.1333,,123.696497,,108.102455,,,94.486524,,
2010-01-29,141.529,,124.098943,,107.49579,,,94.664437,,
2010-02-01,142.9072,,124.726267,,108.43698,,,95.050407,,
2010-02-02,144.0082,,125.379355,,109.275627,,,95.55092,,
2010-02-03,143.1489,,125.27448,,108.868089,,,95.6859,,
2010-02-04,140.8059,,124.752498,,106.954775,,,95.170277,,
2010-02-05,141.0646,,125.511318,,107.10402,,,95.706928,,
2010-02-08,140.4907,,125.148158,,106.721313,,,95.477448,,
2010-02-09,141.3026,,124.520125,,107.447326,,,95.095017,,
2010-02-10,140.7478,,124.574827,,107.219416,,,95.30921,,
2010-02-11,141.6749,,125.791029,,107.832078,,,96.156243,,
2010-02-12,141.7611,,126.557093,,107.782437,,,96.638498,,
2010-02-16,143.3329,,126.545948,,108.909665,,,96.569845,,
2010-02-17,143.112,,127.864516,,109.080127,,,97.879643,,
2010-02-18,143.4859,,128.974886,,109.457473,,,98.813003,,
2010-02-19,143.7323,,128.529245,,109.626362,,,98.454448,,
2010-02-22,143.4038,,128.239265,,109.560207,,,98.397929,,
2010-02-23,142.8853,,128.623326,,108.920834,,,98.472712,,
2010-02-24,143.4739,,128.826937,,109.56724,,,98.806896,,
2010-02-25,143.7907,,129.038962,,109.566854,,,98.751116,,
2010-02-26,144.256,,128.80333,,109.613455,,,98.294638,,
2010-03-01,144.9586,,129.969998,,110.366641,,,99.382451,,
2010-03-02,145.4632,,129.902204,,110.562979,,,99.162135,,
2010-03-03,145.5731,,129.221039,,110.618578,,,98.617258,,
2010-03-04,145.7458,,130.477571,,110.898094,,,99.709526,,
2010-03-05,146.3205,,130.599681,,111.762637,,,100.185838,,
2010-03-08,145.9157,,130.116095,,111.812518,,,100.136448,,
2010-03-09,146.0017,,130.506766,,111.970677,,,100.519929,,
2010-03-10,146.0456,,130.020209,,112.243027,,,100.35858,,
2010-03-11,146.487,,130.180565,,112.526324,,,100.432426,,
2010-03-12,146.7001,,129.595962,,112.533184,,,99.842264,,
2010-03-15,146.5709,,130.299892,,112.611631,,,100.543108,,
2010-03-16,147.9256,,130.589377,,113.228342,,,100.390453,,
2010-03-17,148.5626,,131.499307,,113.662607,,,101.04256,,
2010-03-18,148.2602,,132.461294,,113.589896,,,101.924096,,
2010-03-19,147.4938,,132.472656,,113.211164,,,102.120865,,
2010-03-22,147.7784,,132.516802,,113.61391,,,102.320876,,
2010-03-23,148.1356,,133.428611,,114.097955,,,103.214364,,
2010-03-24,146.4682,,133.752117,,113.533706,,,104.12497,,
2010-03-25,145.8629,,133.627968,,113.306616,,,104.251076,,
2010-03-26,146.2446,,132.457458,,113.343954,,,103.102143,,
2010-03-29,146.761,,132.343445,,113.717756,,,102.989466,,
2010-03-30,146.8744,,133.124088,,113.785323,,,103.578482,,
2010-03-31,147.2266,,132.50285,,113.579763,,,102.662692,,
2010-04-01,147.9978,,132.420517,,114.026496,,,102.46571,,
2010-04-05,148.0168,,133.457069,,114.306938,,,103.508476,,
2010-04-06,148.277,,134.545845,,114.525467,,,104.368953,,
2010-04-07,148.6435,,135.458749,,114.328741,,,104.637972,,
2010-04-08,148.9649,,135.550455,,114.520121,,,104.657796,,
2010-04-09,149.8246,,134.959925,,115.018138,,,104.054481,,
2010-04-12,150.1466,,134.310528,,115.231859,,,103.523722,,
2010-04-13,150.2544,,134.188749,,115.363342,,,103.473583,,
2010-04-14,150.8079,,134.287483,,116.094618,,,103.823647,,
2010-04-15,151.0074,,135.26666,,116.241163,,,104.574366,,
2010-04-16,149.7758,,134.795115,,115.204186,,,104.129437,,
2010-04-19,149.8845,,135.091958,,115.37576,,,104.438374,,
2010-04-20,151.0012,,136.654658,,116.064498,,,105.491191,,
2010-04-21,151.4364,,137.511201,,116.02592,,,105.812158,,
2010-04-22,151.4438,,138.496526,,116.135671,,,106.665941,,
2010-04-23,152.25,,138.40402,,116.5336,,,106.393555,,
2010-04-26,151.9359,,138.043132,,116.264824,,,106.090256,,
2010-04-27,150.9523,,139.297132,,114.760614,,,106.357485,,
2010-04-28,151.102,,138.954313,,115.211826,,,106.407351,,
2010-04-29,152.1483,,139.780099,,116.092781,,,107.11646,,
2010-04-30,151.62,,138.422335,,115.110786,,,105.545192,,
2010-05-03,152.6233,,140.634155,,115.921474,,,107.276999,,
2010-05-04,151.5055,,141.834862,,114.465246,,,107.621984,,
2010-05-05,151.2177,,143.480195,,114.024089,,,108.657247,,
2010-05-06,150.7082,,145.206706,,111.820924,,,108.204575,,
2010-05-07,148.7526,,142.055917,,110.623721,,,106.100096,,
2010-05-10,150.9734,,143.539672,,113.538243,,,108.414267,,
2010-05-11,151.0031,,145.027634,,113.522113,,,109.501008,,
2010-05-12,151.8175,,146.328859,,114.426008,,,110.765791,,
2010-05-13,151.1443,,146.601699,,113.635881,,,110.696902,,
2010-05-14,150.571,,147.839691,,112.565986,,,111.001704,,
2010-05-17,150.1055,,147.243498,,112.563841,,,110.8948,,
2010-05-18,149.9608,,149.408986,,111.799943,,,111.869915,,
2010-05-19,149.185,,146.097709,,111.444795,,,109.610155,,
2010-05-20,147.117,,143.255485,,108.875351,,,106.475754,,
2010-05-21,148.2673,,143.397008,,110.023976,,,106.869752,,
2010-05-24,147.1888,,144.643841,,109.147792,,,107.724104,,
2010-05-25,147.5837,,145.343254,,109.265113,,,108.071395,,
2010-05-26,147.2146,,146.959535,,108.828927,,,109.109858,,
2010-05-27,148.7097,,146.261403,,110.909211,,,109.554648,,
2010-05-28,147.9323,,146.595025,,110.119831,,,109.595952,,
2010-06-01,146.7576,,145.903095,,109.077056,,,108.910579,,
2010-06-02,148.4092,,147.288523,,110.741444,,,110.38016,,
2010-06-03,148.2012,,148.142709,,110.947145,,,111.382625,,
2010-06-04,147.0798,,149.41122,,108.719168,,,110.919795,,
2010-06-07,146.8759,,149.760965,,108.033726,,,110.631856,,
2010-06-08,147.4241,,149.699684,,108.679211,,,110.833648,,
2010-06-09,146.8872,,149.082273,,108.354984,,,110.449487,,
2010-06-10,148.2697,,148.621783,,110.128537,,,110.867099,,
2010-06-11,149.5121,,150.256144,,110.470724,,,111.500254,,
2010-06-14,148.9919,,148.223781,,110.431628,,,110.337074,,
2010-06-15,150.6722,,148.549729,,111.945425,,,110.845443,,
2010-06-16,150.8551,,148.98378,,111.98815,,,111.076917,,
2010-06-17,151.5683,,148.728811,,112.192603,,,110.566536,,
2010-06-18,151.7534,,149.057224,,112.19819,,,110.681033,,
2010-06-21,151.0719,,149.179713,,112.099156,,,111.173473,,
2010-06-22,150.5578,,149.171256,,111.036438,,,110.489286,,
2010-06-23,150.5759,,148.708044,,110.937968,,,110.03528,,
2010-06-24,149.067,,146.943308,,109.801567,,,108.705018,,
2010-06-25,149.8249,,146.986039,,110.137779,,,108.517844,,
2010-06-28,149.7385,,148.278535,,110.018554,,,109.416671,,
2010-06-29,148.1728,,147.809268,,108.105049,,,108.305849,,
2010-06-30,147.9727,,147.013739,,107.498091,,,107.262973,,
2010-07-01,147.0482,,142.715243,,107.181569,,,104.472867,,
2010-07-02,146.5103,,141.928059,,106.774747,,,103.882266,,
2010-07-06,147.1361,,141.675177,,107.332703,,,103.795696,,
2010-07-07,148.8856,,143.227019,,109.301418,,,105.601675,,
2010-07-08,149.203,,142.859737,,109.938677,,,105.71961,,
2010-07-09,149.5425,,143.81002,,110.365705,,,106.593668,,
2010-07-12,149.3817,,144.184598,,110.458615,,,107.076415,,
2010-07-13,150.0835,,143.398994,,111.344613,,,106.845226,,
2010-07-14,150.585,,143.660248,,111.495856,,,106.828315,,
2010-07-15,151.1439,,141.890787,,111.571165,,,105.193353,,
2010-07-16,149.203,,140.302731,,109.864042,,,103.756878,,
2010-07-19,149.1108,,140.068684,,110.212201,,,103.976305,,
2010-07-20,150.3141,,141.890824,,110.91855,,,105.155388,,
2010-07-21,150.1676,,143.153075,,110.247966,,,105.55232,,
2010-07-22,151.2457,,142.620719,,111.675401,,,105.76205,,
2010-07-23,151.1065,,142.25994,,112.183916,,,106.072505,,
2010-07-26,151.6415,,141.88133,,112.875448,,,106.066789,,
2010-07-27,150.7266,,141.002528,,112.847518,,,106.023408,,
2010-07-28,150.5349,,140.8362,,112.497071,,,105.703914,,
2010-07-29,150.3384,,139.74256,,112.212178,,,104.754218,,
2010-07-30,151.395,,141.181301,,112.274656,,,105.152629,,
2010-08-02,152.403,,140.578201,,113.736895,,,105.365538,,
2010-08-03,152.502,,140.13258,,113.441131,,,104.690406,,
2010-08-04,152.6818,,141.035477,,113.813874,,,105.586662,,
2010-08-05,152.9811,,141.009806,,113.794709,,,105.343165,,
2010-08-06,153.3459,,140.263445,,113.605851,,,104.362815,,
2010-08-09,153.4462,,141.095112,,113.977358,,,105.256075,,
2010-08-10,153.1803,,141.341305,,113.679783,,,105.347,,
2010-08-11,151.8355,,143.506368,,111.844594,,,106.166036,,
2010-08-12,151.4901,,143.563862,,111.370732,,,105.999718,,
2010-08-13,152.0178,,144.92935,,111.271485,,,106.541435,,
2010-08-16,153.6032,,145.690192,,111.387447,,,106.105783,,
2010-08-17,154.234,,145.527783,,112.157859,,,106.284089,,
2010-08-18,154.462,,146.105784,,112.228457,,,106.615784,,
2010-08-19,154.142,,146.138526,,111.210494,,,105.891782,,
2010-08-20,153.6439,,146.997219,,110.931987,,,106.591689,,
2010-08-23,153.4074,,147.356582,,110.721513,,,106.813955,,
2010-08-24,153.3475,,147.645518,,109.910133,,,106.280614,,
2010-08-25,153.5109,,147.43736,,110.066662,,,106.168793,,
2010-08-26,153.4966,,146.753503,,109.683995,,,105.318759,,
2010-08-27,153.073,,146.154263,,110.452943,,,105.916334,,
2010-08-30,153.1388,,147.020746,,109.796421,,,105.865468,,
2010-08-31,153.9509,,147.616217,,109.828081,,,105.764029,,
2010-09-01,154.9367,,147.0617,,111.699466,,,106.480267,,
2010-09-02,155.0769,,147.003102,,112.266759,,,106.881694,,
2010-09-03,155.2255,,146.341783,,113.039605,,,107.030773,,
2010-09-07,155.6905,,149.251276,,112.405104,,,108.221794,,
2010-09-08,155.7635,,148.873986,,112.847689,,,108.322467,,
2010-09-09,154.6968,,148.150309,,112.942596,,,108.630493,,
2010-09-10,154.9005,,148.177301,,113.185817,,,108.741077,,
2010-09-13,155.8752,,147.087756,,114.03909,,,108.075188,,
2010-09-14,156.7253,,146.582641,,114.164357,,,107.23751,,
2010-09-15,156.1654,,145.924259,,114.344127,,,107.307307,,
2010-09-16,155.7396,,144.786331,,114.248379,,,106.672214,,
2010-09-17,155.8833,,145.357883,,114.332348,,,107.073223,,
2010-09-20,157.462,,146.560191,,115.402284,,,107.876642,,
2010-09-21,158.3324,,145.12152,,115.459899,,,106.283525,,
2010-09-22,158.412,,143.669377,,115.127099,,,104.864006,,
2010-09-23,158.0007,,144.271467,,114.623672,,,105.115923,,
2010-09-24,158.9521,,143.229608,,115.868717,,,104.858946,,
2010-09-27,159.4931,,144.112316,,115.692896,,,104.987754,,
2010-09-28,160.3866,,143.531763,,116.049131,,,104.302468,,
2010-09-29,160.2309,,142.942071,,115.895097,,,103.836877,,
2010-09-30,160.0107,,142.680716,,115.672563,,,103.590367,,
2010-10-01,160.4016,,141.535412,,115.902531,,,102.712214,,
2010-10-04,159.8057,,141.957523,,115.46039,,,103.008229,,
2010-10-05,161.548,,141.921709,,116.855917,,,103.102859,,
2010-10-06,162.5015,,141.817561,,116.895026,,,102.456951,,
2010-10-07,161.6545,,141.110786,,116.835139,,,102.427989,,
2010-10-08,162.1882,,141.586828,,117.321778,,,102.862006,,
2010-10-11,162.4019,,142.271938,,117.365577,,,103.262262,,
2010-10-12,161.9501,,141.40131,,117.52755,,,103.058698,,
2010-10-13,162.9699,,141.90647,,118.078336,,,103.261345,,
2010-10-14,162.0202,,139.855421,,117.623328,,,101.970925,,
2010-10-15,161.3278,,140.368025,,117.671555,,,102.826068,,
2010-10-18,162.226,,141.545628,,118.184444,,,103.564062,,
2010-10-19,160.6778,,142.30382,,117.296239,,,104.331998,,
2010-10-20,161.7961,,140.867228,,118.043782,,,103.218559,,
2010-10-21,161.0181,,140.629985,,118.128302,,,103.616746,,
2010-10-22,161.6002,,141.049208,,118.283805,,,103.687595,,
2010-10-25,162.1432,,141.160331,,118.497107,,,103.608272,,
2010-10-26,161.4702,,141.649664,,118.389101,,,104.305604,,
2010-10-27,160.6158,,141.825298,,118.102175,,,104.736026,,
2010-10-28,161.002,,140.513968,,118.226157,,,103.627389,,
2010-10-29,161.7247,,141.268428,,118.383963,,,103.856669,,
2010-11-01,161.4428,,141.281044,,118.387348,,,104.050282,,
2010-11-02,162.6977,,140.946627,,119.032684,,,103.564821,,
2010-11-03,161.9064,,139.217471,,119.310889,,,103.034475,,
2010-11-04,164.4903,,140.758301,,120.927378,,,103.927652,,
2010-11-05,164.0548,,142.124322,,121.0563,,,105.326976,,
2010-11-08,164.3397,,143.534098,,120.902197,,,106.052166,,
2010-11-09,162.7555,,143.667716,,120.14862,,,106.516051,,
2010-11-10,163.3951,,144.116152,,120.397544,,,106.650775,,
2010-11-11,163.3225,,145.280054,,120.12329,,,107.314881,,
2010-11-12,161.8236,,143.67971,,119.073772,,,106.179934,,
2010-11-15,160.7579,,143.843925,,118.709234,,,106.678391,,
2010-11-16,160.4483,,144.613185,,117.718587,,,106.559106,,
2010-11-17,160.2406,,143.994693,,117.771858,,,106.288972,,
2010-11-18,161.6128,,144.019511,,118.79524,,,106.320588,,
2010-11-19,162.1094,,144.00393,,119.047223,,,106.20823,,
2010-11-22,162.322,,144.79373,,119.094886,,,106.693568,,
2010-11-23,161.4993,,146.873669,,118.111559,,,107.879383,,
2010-11-24,161.9622,,147.662487,,118.932038,,,108.900062,,
2010-11-26,161.4518,,148.159368,,118.203199,,,108.940211,,
2010-11-29,162.0765,,150.137934,,118.44411,,,110.19366,,
2010-11-30,162.1298,,151.826607,,118.013792,,,110.991714,,
2010-12-01,162.9877,,150.819976,,119.271153,,,110.844005,,
2010-12-02,163.8711,,150.825776,,120.090226,,,111.007831,,
2010-12-03,164.1925,,148.84196,,120.383166,,,109.600007,,
2010-12-06,164.8589,,150.611789,,120.488637,,,110.551698,,
2010-12-07,163.5889,,149.966566,,120.156523,,,110.626895,,
2010-12-08,162.9801,,149.39269,,120.188611,,,110.644757,,
2010-12-09,163.6011,,150.243991,,120.552395,,,111.188403,,
2010-12-10,163.7891,,150.528078,,120.878341,,,111.571627,,
2010-12-13,164.28,,149.150384,,120.960218,,,110.29479,,
2010-12-14,163.5785,,148.645592,,120.759334,,,110.209562,,
2010-12-15,162.28,,149.309341,,120.342638,,,111.202426,,
2010-12-16,162.9762,,149.611342,,120.851459,,,111.420469,,
2010-12-17,164.028,,151.241557,,121.192831,,,112.228417,,
2010-12-20,164.4419,,152.250211,,121.398623,,,112.883881,,
2010-12-21,165.4046,,153.492227,,121.953518,,,113.659539,,
2010-12-22,165.3018,,153.420252,,122.126936,,,113.838543,,
2010-12-23,165.0883,,153.049169,,121.926228,,,113.523187,,
2010-12-27,165.5412,,152.888425,,122.10043,,,113.25528,,
2010-12-28,165.3287,,153.249833,,121.921395,,,113.502241,,
2010-12-29,165.8079,,152.417995,,122.312767,,,112.921222,,
2010-12-30,165.7373,,151.637624,,122.16174,,,112.252152,,
2010-12-31,166.0294,,150.726288,,122.378237,,,111.578612,,
2011-01-03,166.207,,151.244414,,123.082078,,,112.485776,,
2011-01-04,165.9308,,151.589916,,123.058182,,,112.908478,,
2011-01-05,165.704,,153.180754,,123.203811,,,114.384745,,
2011-01-06,165.6225,,154.857585,,123.066073,,,115.564447,,
2011-01-07,165.7284,,156.051176,,123.080003,,,116.393938,,
2011-01-10,165.8427,,155.680101,,123.117881,,,116.072846,,
2011-01-11,166.0804,,155.617252,,123.277824,,,116.01044,,
2011-01-12,166.3937,,154.066692,,123.943157,,,115.256968,,
2011-01-13,166.2903,,151.276054,,123.995291,,,113.287298,,
2011-01-14,166.2732,,151.146265,,124.436223,,,113.604293,,
2011-01-18,166.2685,,150.987323,,124.536471,,,113.579465,,
2011-01-19,166.0371,,149.81813,,123.80649,,,112.19549,,
2011-01-20,164.9855,,148.882514,,123.519121,,,111.945042,,
2011-01-21,165.511,,147.789097,,123.839048,,,111.056988,,
2011-01-24,165.7266,,147.732044,,124.237146,,,111.2261,,
2011-01-25,165.8228,,147.335967,,124.435159,,,111.040241,,
2011-01-26,165.8604,,147.058759,,124.557565,,,110.915197,,
2011-01-27,165.7077,,146.679463,,124.827306,,,110.970866,,
2011-01-28,165.5662,,147.907914,,123.594536,,,110.889841,,
2011-01-31,165.9487,,147.343374,,124.059213,,,110.626337,,
2011-02-01,166.4013,,146.275235,,125.139317,,,110.479226,,
2011-02-02,166.3055,,146.405923,,124.936895,,,110.46266,,
2011-02-03,166.3236,,148.333832,,124.920191,,,111.890119,,
2011-02-04,166.1419,,148.726037,,124.962463,,,112.34666,,
2011-02-07,166.4083,,148.931612,,125.45915,,,112.768293,,
2011-02-08,166.4199,,148.488343,,125.64915,,,112.59508,,
2011-02-09,166.4215,,147.334898,,125.573561,,,111.652168,,
2011-02-10,166.2857,,148.63587,,125.455128,,,112.623728,,
2011-02-11,166.6307,,149.530248,,126.10565,,,113.653113,,
2011-02-14,166.9275,,150.476362,,126.30773,,,114.35182,,
2011-02-15,166.9488,,150.511187,,126.135385,,,114.207644,,
2011-02-16,167.2345,,149.840919,,126.607643,,,113.929773,,
2011-02-17,167.5299,,149.684176,,126.966335,,,113.931785,,
2011-02-18,167.5878,,148.869378,,127.10093,,,113.392533,,
2011-02-22,167.5052,,149.192813,,125.756834,,,112.492602,,
2011-02-23,167.7872,,148.386202,,125.333698,,,111.320539,,
2011-02-24,167.6545,,147.71866,,125.288108,,,110.867115,,
2011-02-25,168.1147,,148.636909,,126.221986,,,112.080159,,
2011-02-28,168.278,,148.197131,,126.785321,,,112.138356,,
2011-03-01,168.0067,,148.283681,,125.483772,,,111.231316,,
2011-03-02,167.8819,,147.22758,,125.562336,,,110.590402,,
2011-03-03,168.089,,146.303162,,126.687374,,,110.744077,,
2011-03-04,168.1161,,146.150959,,126.250877,,,110.229927,,
2011-03-07,167.7894,,146.045529,,125.677873,,,109.863979,,
2011-03-08,167.8085,,146.74402,,126.298753,,,110.922149,,
2011-03-09,167.9011,,146.786985,,126.311552,,,110.904671,,
2011-03-10,167.3184,,147.459931,,125.085732,,,110.716118,,
2011-03-11,167.5666,,146.522999,,125.617722,,,110.31689,,
2011-03-14,167.4938,,145.530874,,125.191574,,,109.245675,,
2011-03-15,167.2638,,145.272889,,124.346233,,,108.464596,,
2011-03-16,166.7319,,145.870764,,123.106826,,,108.169407,,
2011-03-17,167.5826,,145.307897,,124.050676,,,108.026967,,
2011-03-18,167.8026,,143.945314,,124.304746,,,107.092563,,
2011-03-21,168.5458,,144.038082,,125.33859,,,107.576388,,
2011-03-22,168.3665,,144.18893,,125.087342,,,107.587633,,
2011-03-23,168.5053,,145.422366,,125.278747,,,108.584491,,
2011-03-24,168.4999,,144.519001,,125.855202,,,108.409972,,
2011-03-25,168.6178,,145.649732,,126.045778,,,109.347115,,
2011-03-28,168.5583,,145.469138,,125.834812,,,109.06723,,
2011-03-29,168.6231,,145.259018,,126.282918,,,109.255522,,
2011-03-30,169.0321,,145.464981,,126.891618,,,109.671797,,
2011-03-31,168.9838,,145.106018,,126.72706,,,109.290514,,
2011-04-01,169.1448,,144.528648,,127.124599,,,109.09319,,
2011-04-04,169.2206,,144.670695,,127.266302,,,109.273165,,
2011-04-05,169.3043,,144.721898,,127.147587,,,109.155881,,
2011-04-06,169.0934,,143.438257,,127.239487,,,108.400929,,
2011-04-07,169.0351,,143.628324,,127.119171,,,108.479333,,
2011-04-08,168.9702,,141.814817,,126.75989,,,106.847927,,
2011-04-11,168.6415,,142.026254,,126.57907,,,107.062858,,
2011-04-12,168.3108,,141.340427,,126.207509,,,106.441838,,
2011-04-13,168.4196,,141.765719,,126.251451,,,106.730299,,
2011-04-14,168.582,,141.473378,,126.267813,,,106.421392,,
2011-04-15,169.0432,,142.483002,,126.723746,,,107.274404,,
2011-04-18,168.6935,,144.103527,,125.951058,,,108.056485,,
2011-04-19,168.9156,,143.259443,,126.493718,,,107.744525,,
2011-04-20,169.3777,,141.798537,,127.451684,,,107.160283,,
2011-04-21,169.5155,,141.620353,,127.880537,,,107.298454,,
2011-04-25,169.4657,,141.315572,,127.827394,,,107.054493,,
2011-04-26,169.8918,,141.043978,,128.674868,,,107.287375,,
2011-04-27,170.1037,,139.854171,,129.133779,,,106.628741,,
2011-04-28,170.361,,139.729306,,129.515194,,,106.686826,,
2011-04-29,170.8872,,140.233743,,129.739675,,,106.927288,,
2011-05-02,170.6018,,139.856985,,129.642303,,,106.738242,,
2011-05-03,170.4167,,139.747648,,129.380048,,,106.554654,,
2011-05-04,169.6391,,139.094039,,128.959055,,,106.195755,,
2011-05-05,168.515,,140.954005,,128.377306,,,107.844964,,
2011-05-06,168.9049,,143.074698,,128.710281,,,109.4981,,
2011-05-09,169.4525,,143.40566,,129.071189,,,109.703473,,
2011-05-10,169.6371,,143.124497,,129.638658,,,109.85009,,
2011-05-11,168.8178,,144.616173,,128.909157,,,110.906028,,
2011-05-12,168.788,,144.03952,,129.205264,,,110.737078,,
2011-05-13,168.5196,,145.295464,,128.691884,,,111.436009,,
2011-05-16,168.3156,,144.552656,,128.311064,,,110.672207,,
2011-05-17,168.4256,,143.824148,,128.354463,,,110.079751,,
2011-05-18,168.7744,,143.995569,,128.964392,,,110.505814,,
2011-05-19,168.8131,,143.448715,,129.109102,,,110.184406,,
2011-05-20,168.927,,145.083888,,128.542034,,,110.876124,,
2011-05-23,168.4894,,145.814408,,127.692502,,,110.98544,,
2011-05-24,168.9831,,145.701288,,127.638569,,,110.528633,,
2011-05-25,169.0683,,145.898921,,127.890174,,,110.840845,,
2011-05-26,169.6009,,145.769771,,128.349303,,,110.791282,,
2011-05-27,170.1711,,144.845658,,128.696666,,,110.016982,,
2011-05-31,170.9024,,144.321249,,129.51557,,,109.84413,,
2011-06-01,170.2157,,144.423534,,127.990652,,,109.065994,,
2011-06-02,169.0283,,141.801905,,127.711497,,,107.603251,,
2011-06-03,168.9346,,140.337481,,127.013722,,,105.968909,,
2011-06-06,167.7568,,139.925091,,126.216072,,,105.731132,,
2011-06-07,167.8695,,138.914465,,126.269571,,,104.941468,,
2011-06-08,167.9591,,140.026579,,125.996458,,,105.496495,,
2011-06-09,168.4749,,141.166195,,126.497283,,,106.450928,,
2011-06-10,167.5399,,142.1036,,125.443139,,,106.857866,,
2011-06-13,166.7569,,140.664181,,125.426251,,,106.257821,,
2011-06-14,167.173,,140.745639,,126.24975,,,106.751035,,
2011-06-15,167.1835,,143.361632,,125.03428,,,107.681569,,
2011-06-16,167.768,,143.613651,,125.232447,,,107.665415,,
2011-06-17,167.8484,,142.665859,,125.499594,,,107.131683,,
2011-06-20,168.0486,,142.834026,,125.814708,,,107.399176,,
2011-06-21,168.9703,,142.546083,,126.89875,,,107.516473,,
2011-06-22,168.7209,,142.920828,,126.409774,,,107.542481,,
2011-06-23,168.0301,,143.289146,,126.351473,,,108.21296,,
2011-06-24,166.4753,,142.66076,,125.422121,,,107.944774,,
2011-06-27,166.1821,,141.406752,,126.01096,,,107.687918,,
2011-06-28,166.925,,141.215548,,126.798441,,,107.732764,,
2011-06-29,167.3094,,140.92196,,127.29825,,,107.684581,,
2011-06-30,167.4948,,140.414643,,128.008308,,,107.775981,,
2011-07-01,167.9721,,140.565663,,129.16988,,,108.561567,,
2011-07-05,168.9008,,142.314628,,129.300867,,,109.41882,,
2011-07-06,169.6222,,144.023498,,129.428657,,,110.370717,,
2011-07-07,170.2725,,144.121688,,130.083692,,,110.580981,,
2011-07-08,170.7901,,145.629481,,129.800964,,,111.157119,,
2011-07-11,171.0194,,148.199097,,128.526235,,,111.8574,,
2011-07-12,171.3618,,149.059998,,128.2418,,,112.0339,,
2011-07-13,172.1735,,147.760468,,128.595445,,,110.83841,,
2011-07-14,171.1521,,147.127971,,127.937817,,,110.454828,,
2011-07-15,172.0427,,147.721211,,128.454,,,110.771235,,
2011-07-18,171.4506,,147.698931,,127.740151,,,110.519401,,
2011-07-19,173.0466,,148.630429,,129.104329,,,111.367436,,
2011-07-20,172.5716,,147.618592,,128.971264,,,110.799409,,
2011-07-21,172.6081,,145.479713,,129.957223,,,110.005511,,
2011-07-22,173.4061,,146.759718,,130.120478,,,110.601471,,
2011-07-25,172.9307,,146.240292,,129.5419,,,110.021602,,
2011-07-26,173.2377,,145.137969,,129.371137,,,108.8551,,
2011-07-27,172.0304,,145.552857,,127.694836,,,108.507966,,
2011-07-28,172.1615,,146.019463,,127.566642,,,108.663725,,
2011-07-29,172.9887,,146.325983,,127.354599,,,108.190992,,
2011-08-01,172.9845,,147.579272,,127.152164,,,108.946851,,
2011-08-02,174.4411,,149.329148,,125.416895,,,107.826267,,
2011-08-03,174.7572,,148.342102,,125.872899,,,107.308554,,
2011-08-04,173.3501,,149.568456,,122.606536,,,106.243481,,
2011-08-05,172.3019,,146.666533,,122.176677,,,104.448456,,
2011-08-08,170.6559,,146.34751,,117.423742,,,101.132956,,
2011-08-09,173.4091,,146.662198,,120.973981,,,102.75691,,
2011-08-10,173.4436,,148.730783,,118.167384,,,101.768404,,
2011-08-11,173.6797,,148.278509,,120.757839,,,103.542164,,
2011-08-12,174.7323,,149.086076,,121.456614,,,104.077731,,
2011-08-15,175.6727,,147.86788,,123.07705,,,104.044566,,
2011-08-16,176.0637,,148.57246,,122.547833,,,103.859657,,
2011-08-17,176.9401,,149.121559,,122.677193,,,103.83667,,
2011-08-18,176.5914,,149.78924,,119.579936,,,101.869023,,
2011-08-19,176.5695,,149.130748,,118.430057,,,100.458387,,
2011-08-22,177.3135,,150.133581,,118.429055,,,100.708716,,
2011-08-23,177.6697,,149.569514,,120.648387,,,102.005594,,
2011-08-24,176.4125,,148.790371,,121.396292,,,102.830902,,
2011-08-25,176.035,,148.846832,,120.387435,,,102.233796,,
2011-08-26,177.8928,,149.186043,,121.500184,,,102.333898,,
2011-08-29,178.226,,149.323325,,123.543766,,,103.956149,,
2011-08-30,179.7602,,151.332525,,123.892568,,,104.750654,,
2011-08-31,179.3483,,151.735996,,124.179619,,,105.515056,,
2011-09-01,179.5875,,153.116896,,123.549715,,,105.794116,,
2011-09-02,180.2115,,154.353638,,121.811059,,,104.783727,,
2011-09-06,180.2699,,156.56902,,121.403918,,,105.898077,,
2011-09-07,180.3431,,155.514903,,123.347176,,,106.825381,,
2011-09-08,180.8373,,158.377732,,122.589723,,,107.828342,,
2011-09-09,180.0165,,160.174382,,120.72927,,,107.886244,,
2011-09-12,179.8687,,159.851001,,121.09493,,,108.083271,,
2011-09-13,180.0454,,160.029094,,121.781545,,,108.710414,,
2011-09-14,180.9697,,159.95832,,122.800943,,,109.012281,,
2011-09-15,180.6499,,158.268335,,123.932441,,,109.047087,,
2011-09-16,181.4566,,160.032647,,124.447197,,,110.228448,,
2011-09-19,181.3212,,161.08062,,123.814572,,,110.468695,,
2011-09-20,181.8004,,161.309475,,123.821486,,,110.340211,,
2011-09-21,181.0518,,162.186456,,121.718965,,,109.507218,,
2011-09-22,180.1554,,162.681682,,119.492395,,,108.368831,,
2011-09-23,177.8271,,160.078626,,119.688593,,,108.208385,,
2011-09-26,178.1915,,160.083052,,121.285555,,,109.430959,,
2011-09-27,178.66,,159.936635,,122.031929,,,109.715215,,
2011-09-28,177.0814,,158.975335,,120.495075,,,108.642275,,
2011-09-29,178.0076,,159.160399,,121.052617,,,108.703471,,
2011-09-30,178.0296,,161.589044,,119.420058,,,108.860351,,
2011-10-03,177.3793,,163.670013,,117.570609,,,108.952626,,
2011-10-04,177.6046,,161.764891,,118.970949,,,108.828775,,
2011-10-05,178.9722,,163.001973,,120.128302,,,109.881702,,
2011-10-06,179.4516,,162.353658,,121.358023,,,110.269649,,
2011-10-07,178.3815,,161.92779,,120.777371,,,110.110796,,
2011-10-10,180.7131,,161.041719,,123.101056,,,110.17506,,
2011-10-11,180.4227,,160.8124,,123.288996,,,110.36349,,
2011-10-12,180.4684,,159.057272,,123.850642,,,109.628477,,
2011-10-13,180.618,,159.37399,,123.726178,,,109.645489,,
2011-10-14,181.4542,,158.890543,,124.916213,,,109.855699,,
2011-10-17,180.9302,,160.124814,,123.680346,,,109.931213,,
2011-10-18,181.8315,,160.751618,,125.07662,,,111.054235,,
2011-10-19,180.7808,,159.735607,,124.262079,,,110.270871,,
2011-10-20,180.3992,,159.161286,,124.562432,,,110.372954,,
2011-10-21,181.3754,,158.733506,,126.009978,,,110.756167,,
2011-10-24,182.4593,,159.248758,,126.853315,,,111.194838,,
2011-10-25,183.1962,,160.148311,,125.63857,,,110.306637,,
2011-10-26,183.5165,,160.450236,,126.264377,,,110.871223,,
2011-10-27,184.8071,,158.351193,,128.713479,,,110.764214,,
2011-10-28,185.5683,,159.36285,,128.889285,,,111.166228,,
2011-10-31,185.4415,,162.689042,,127.278906,,,112.145166,,
2011-11-01,185.3582,,164.46027,,125.389395,,,111.733334,,
2011-11-02,186.4391,,164.879011,,126.614725,,,112.456703,,
2011-11-03,187.6885,,165.070127,,127.888829,,,112.962993,,
2011-11-04,187.1893,,165.227549,,127.40913,,,112.947012,,
2011-11-07,188.9565,,166.777728,,127.925639,,,113.398306,,
2011-11-08,188.9282,,166.042712,,128.842641,,,113.724858,,
2011-11-09,186.83,,167.723452,,126.07661,,,113.672251,,
2011-11-10,186.5527,,166.687968,,126.698168,,,113.696162,,
2011-11-11,188.2775,,166.400715,,128.065164,,,113.67384,,
2011-11-14,188.3981,,168.00224,,127.382427,,,114.082973,,
2011-11-15,188.6265,,169.372501,,127.691509,,,115.152924,,
2011-11-16,187.5785,,169.397379,,126.455161,,,114.691952,,
2011-11-17,185.8138,,167.866072,,125.228267,,,113.621388,,
2011-11-18,185.719,,167.119744,,125.141491,,,113.095547,,
2011-11-21,183.9188,,165.763626,,123.696888,,,111.968186,,
2011-11-22,184.5479,,166.138481,,123.447634,,,111.613481,,
2011-11-23,183.3307,,167.052898,,121.849985,,,111.510831,,
2011-11-25,182.0431,,167.259906,,121.644754,,,112.249333,,
2011-11-28,184.7187,,168.614656,,123.763149,,,113.461511,,
2011-11-29,184.6597,,168.592446,,123.986177,,,113.687315,,
2011-11-30,187.1566,,169.220011,,126.921864,,,115.253937,,
2011-12-01,186.7369,,168.646121,,126.927906,,,115.126707,,
2011-12-02,187.3823,,169.929609,,126.989223,,,115.659182,,
2011-12-05,187.6465,,170.228883,,127.877066,,,116.508658,,
2011-12-06,187.3315,,169.939318,,127.851734,,,116.482971,,
2011-12-07,187.7124,,170.15154,,128.233896,,,116.739684,,
2011-12-08,186.4025,,169.86978,,126.595643,,,115.865972,,
2011-12-09,186.593,,169.526176,,127.85727,,,116.664736,,
2011-12-12,185.4268,,170.939848,,126.748912,,,117.351273,,
2011-12-13,184.7622,,172.318569,,126.145153,,,118.157767,,
2011-12-14,183.9225,,172.243689,,125.462231,,,118.003317,,
2011-12-15,183.755,,171.634647,,125.626019,,,117.846897,,
2011-12-16,185.122,,172.5747,,125.909478,,,117.882754,,
2011-12-19,184.9093,,173.001243,,125.15441,,,117.600558,,
2011-12-20,186.1002,,172.946845,,127.358329,,,118.868261,,
2011-12-21,185.6449,,173.001136,,127.377954,,,119.215564,,
2011-12-22,186.3393,,173.609649,,128.129481,,,119.89228,,
2011-12-23,186.3317,,173.695749,,128.755739,,,120.542944,,
2011-12-27,186.4332,,173.443253,,128.909187,,,120.445557,,
2011-12-28,185.5332,,174.301276,,127.983203,,,120.754872,,
2011-12-29,186.4364,,174.876817,,128.90216,,,121.432373,,
2011-12-30,186.5589,,175.011976,,128.452472,,,121.02275,,
2012-01-03,188.1274,,175.235307,,129.58331,,,121.224775,,
2012-01-04,187.7008,,176.339015,,129.630926,,,122.310479,,
2012-01-05,187.923,,178.65176,,129.905844,,,124.030588,,
2012-01-06,188.0035,,179.758653,,129.751794,,,124.597692,,
2012-01-09,188.0376,,179.075783,,129.898324,,,124.242008,,
2012-01-10,189.1872,,180.005612,,130.559885,,,124.760415,,
2012-01-11,189.9911,,181.780611,,130.783567,,,125.672494,,
2012-01-12,190.0613,,180.319359,,130.92918,,,124.754972,,
2012-01-13,189.9684,,182.201986,,130.635679,,,125.836406,,
2012-01-17,190.9275,,182.261993,,130.956022,,,125.552643,,
2012-01-18,191.5618,,181.044985,,131.762532,,,125.066869,,
2012-01-19,191.1354,,179.190451,,132.090419,,,124.370622,,
2012-01-20,190.7662,,179.385212,,132.249965,,,124.897438,,
2012-01-23,190.4417,,177.937715,,132.005027,,,123.87087,,
2012-01-24,190.2589,,177.436901,,131.954932,,,123.593988,,
2012-01-25,191.613,,177.752051,,132.702316,,,123.63485,,
2012-01-26,191.9464,,178.017865,,132.399575,,,123.322682,,
2012-01-27,192.3065,,178.351834,,132.446796,,,,,
2012-01-30,192.6197,,178.169302,,132.324953,,,122.883002,,
2012-01-31,193.4258,,179.742314,,132.39435,,,123.516013,,
2012-02-01,193.4646,,178.725084,,132.996425,,,123.350767,,
2012-02-02,193.909,,179.364608,,133.135154,,,123.637273,,
2012-02-03,193.4706,,178.828468,,134.232462,,,124.565313,,
2012-02-06,194.2764,,179.896078,,134.214594,,,124.772615,,
2012-02-07,194.0718,,177.915126,,134.364914,,,123.667108,,
2012-02-08,194.1439,,178.010756,,134.553449,,,123.861181,,
2012-02-09,193.6784,,177.236387,,134.57413,,,123.637771,,
2012-02-10,193.63,,178.369599,,134.046497,,,123.971412,,
2012-02-13,194.5486,,179.357144,,134.670797,,,124.647016,,
2012-02-14,194.7898,,180.316539,,134.606589,,,125.098919,,
2012-02-15,194.3858,,180.873582,,134.214708,,,125.380097,,
2012-02-16,194.9933,,180.543412,,135.09562,,,125.580183,,
2012-02-17,195.1897,,180.567108,,135.24526,,,125.609268,,
2012-02-21,195.0904,,179.188086,,135.195907,,,124.667905,,
2012-02-22,196.0054,,179.888516,,135.08884,,,124.472313,,
2012-02-23,196.4771,,178.61835,,135.486314,,,123.65949,,
2012-02-24,197.0874,,178.181842,,135.677538,,,123.148869,,
2012-02-27,197.7063,,179.408469,,135.99128,,,123.894315,,
2012-02-28,197.8905,,178.780271,,136.185409,,,123.521658,,
2012-02-29,195.681,,178.543492,,135.812146,,,124.409019,,
2012-03-01,195.9714,,179.003261,,136.124563,,,124.831053,,
2012-03-02,196.0977,,180.614074,,135.9972,,,125.755487,,
2012-03-05,194.9848,,179.367544,,135.579205,,,125.214341,,
2012-03-06,193.8779,,179.769435,,134.498917,,,125.205735,,
2012-03-07,194.3226,,179.661065,,135.012468,,,125.320587,,
2012-03-08,194.8512,,178.477557,,135.705089,,,124.794243,,
2012-03-09,195.4356,,181.126749,,136.004811,,,126.546773,,
2012-03-12,195.1448,,180.352651,,136.063879,,,126.248516,,
2012-03-13,195.2841,,181.473314,,137.350627,,,128.142862,,
2012-03-14,192.8715,,179.917599,,136.962091,,,128.269633,,
2012-03-15,193.6888,,180.029367,,137.409826,,,128.225536,,
2012-03-16,194.1749,,179.223287,,137.538286,,,127.450882,,
2012-03-19,193.8893,,178.068746,,137.683432,,,126.950211,,
2012-03-20,193.4672,,177.870552,,137.517485,,,126.932407,,
2012-03-21,193.8158,,178.296222,,137.524175,,,127.013504,,
2012-03-22,192.9705,,177.725715,,136.971746,,,126.650885,,
2012-03-23,194.1897,,177.945383,,137.363846,,,126.372001,,
2012-03-26,195.4533,,177.903126,,138.48677,,,126.551339,,
2012-03-27,195.3099,,178.361514,,138.283052,,,126.783792,,
2012-03-28,194.4567,,177.529009,,137.867766,,,126.36507,,
2012-03-29,194.7138,,177.954829,,137.87354,,,126.506214,,
2012-03-30,194.2977,,177.071363,,138.125144,,,126.377949,,
2012-04-02,195.5287,,178.459445,,138.737609,,,127.127972,,
2012-04-03,193.502,,177.777513,,138.165323,,,127.440748,,
2012-04-04,192.988,,178.534423,,137.456146,,,127.665546,,
2012-04-05,193.3921,,179.951711,,137.545104,,,128.493238,,
2012-04-09,193.7815,,179.760942,,136.858075,,,127.459244,,
2012-04-10,193.0162,,179.378143,,135.483898,,,126.409972,,
2012-04-11,192.953,,178.944596,,136.152163,,,126.767955,,
2012-04-12,194.2379,,179.065273,,137.158351,,,126.945566,,
2012-04-13,193.7852,,180.19612,,136.353428,,,127.294248,,
2012-04-16,193.514,,179.022391,,136.307111,,,126.599318,,
2012-04-17,194.9669,,180.568476,,137.533168,,,127.881105,,
2012-04-18,194.7166,,180.391631,,137.31768,,,127.719659,,
2012-04-19,194.247,,179.757951,,136.753831,,,127.05483,,
2012-04-20,194.3601,,178.929626,,136.898969,,,126.529911,,
2012-04-23,194.0767,,179.350516,,136.261665,,,126.421463,,
2012-04-24,194.0936,,178.814276,,136.496063,,,126.249302,,
2012-04-25,195.1156,,179.483793,,137.636919,,,127.111861,,
2012-04-26,196.5147,,180.761229,,138.305045,,,127.72213,,
2012-04-27,196.7536,,180.530219,,138.434547,,,127.523315,,
2012-04-30,196.6634,,180.596027,,138.100603,,,127.320434,,
2012-05-01,197.0326,,180.965136,,138.603367,,,127.805191,,
2012-05-02,196.8355,,181.861276,,138.404933,,,128.382628,,
2012-05-03,195.6072,,180.811616,,137.833204,,,127.912572,,
2012-05-04,194.4134,,180.709775,,136.55695,,,127.434537,,
2012-05-07,194.3619,,181.061988,,136.625359,,,127.780726,,
2012-05-08,193.911,,181.266997,,136.346554,,,127.961213,,
2012-05-09,193.1583,,181.630386,,135.876201,,,128.273343,,
2012-05-10,193.2375,,181.612147,,135.980136,,,128.305963,,
2012-05-11,193.2438,,181.931712,,135.784879,,,128.342984,,
2012-05-14,192.6426,,182.645767,,135.005231,,,128.506698,,
2012-05-15,191.8757,,183.254935,,134.503591,,,128.969634,,
2012-05-16,191.6101,,183.189798,,134.185359,,,128.797046,,
2012-05-17,191.9766,,183.794581,,133.029637,,,127.864711,,
2012-05-18,191.4361,,182.119713,,132.333638,,,126.392487,,
2012-05-21,193.1548,,183.209973,,133.679804,,,127.299674,,
2012-05-22,192.1088,,184.131403,,133.691899,,,128.648161,,
2012-05-23,192.6173,,186.118441,,133.803072,,,129.801014,,
2012-05-24,192.4758,,186.728236,,133.91612,,,130.432136,,
2012-05-25,192.4832,,186.978627,,133.73008,,,130.42058,,
2012-05-29,193.4972,,188.154564,,134.677067,,,131.477553,,
2012-05-30,193.3011,,190.031036,,133.684452,,,131.943804,,
2012-05-31,193.6235,,190.361836,,133.668345,,,131.937508,,
2012-06-01,193.16,,188.891829,,131.78169,,,129.380533,,
2012-06-04,192.5715,,187.300866,,131.623366,,,128.528267,,
2012-06-05,192.5309,,187.966673,,132.113548,,,129.492811,,
2012-06-06,193.8609,,187.326038,,133.734252,,,129.738377,,
2012-06-07,193.6792,,187.472324,,133.859635,,,130.083348,,
2012-06-08,194.3998,,188.847961,,134.479073,,,131.156277,,
2012-06-11,193.3673,,188.33254,,133.508884,,,130.548049,,
2012-06-12,194.2204,,188.847223,,134.382558,,,131.182696,,
2012-06-13,194.1015,,187.924482,,134.004252,,,130.253961,,
2012-06-14,195.3663,,188.017039,,134.821227,,,130.263794,,
2012-06-15,197.0681,,189.627801,,135.783569,,,131.174913,,
2012-06-18,197.3941,,190.826592,,135.92441,,,131.922864,,
2012-06-19,197.636,,189.41415,,136.650575,,,131.484851,,
2012-06-20,197.5628,,189.039977,,136.424404,,,131.056461,,
2012-06-21,194.5065,,188.607991,,134.666719,,,131.100436,,
2012-06-22,194.5367,,188.185473,,135.211136,,,131.31517,,
2012-06-25,193.7188,,188.347448,,134.079116,,,130.878105,,
2012-06-26,194.0133,,188.837665,,134.429353,,,131.361807,,
2012-06-27,195.3793,,190.516522,,135.184359,,,132.342224,,
2012-06-28,195.2092,,190.719324,,135.008246,,,132.425798,,
2012-06-29,197.7579,,189.981791,,136.956094,,,132.092264,,
2012-07-02,198.6942,,192.109407,,137.312176,,,133.287793,,
2012-07-03,199.5541,,192.428129,,137.80849,,,133.41411,,
2012-07-05,199.0032,,195.249847,,137.585526,,,135.525581,,
2012-07-06,198.2703,,196.2029,,136.835139,,,135.945014,,
2012-07-09,198.6487,,196.144677,,136.842991,,,135.653575,,
2012-07-10,197.4841,,195.989645,,136.158388,,,135.663582,,
2012-07-11,197.9396,,196.618256,,136.15899,,,135.786114,,
2012-07-12,197.8374,,197.09326,,135.855415,,,135.880839,,
2012-07-13,199.6165,,198.198132,,137.250392,,,136.81528,,
2012-07-16,199.7505,,197.891568,,137.099908,,,136.362346,,
2012-07-17,200.0396,,197.815274,,137.644441,,,136.65339,,
2012-07-18,200.8134,,198.758311,,138.357418,,,137.484249,,
2012-07-19,200.9866,,198.976718,,138.530102,,,137.688351,,
2012-07-20,201.0389,,201.136514,,137.854229,,,138.467803,,
2012-07-23,200.2246,,200.903804,,137.068223,,,138.078288,,
2012-07-24,199.6899,,201.294347,,136.431998,,,138.073269,,
2012-07-25,200.1671,,200.155575,,136.461913,,,136.99488,,
2012-07-26,201.8373,,199.80264,,137.777788,,,136.929458,,
2012-07-27,202.7522,,200.141183,,139.140477,,,137.893014,,
2012-07-30,203.3052,,201.598829,,139.235529,,,138.614121,,
2012-07-31,202.4302,,200.013344,,138.708788,,,137.595912,,
2012-08-01,201.9277,,200.814368,,138.566121,,,138.348302,,
2012-08-02,201.1692,,200.794273,,138.001825,,,138.290565,,
2012-08-03,202.6168,,198.891601,,139.513595,,,137.491361,,
2012-08-06,202.9797,,199.014824,,139.755535,,,137.568729,,
2012-08-07,202.9191,,198.968245,,140.030994,,,137.848772,,
2012-08-08,202.7086,,199.308401,,140.064139,,,138.260548,,
2012-08-09,202.9585,,200.545116,,140.125836,,,139.008369,,
2012-08-10,203.5315,,201.378096,,140.352053,,,139.417488,,
2012-08-13,203.1207,,200.269149,,140.298811,,,138.877454,,
2012-08-14,202.0745,,199.415539,,140.181149,,,138.884886,,
2012-08-15,201.2863,,199.133961,,140.095241,,,139.146531,,
2012-08-16,201.7181,,198.522368,,140.64615,,,138.966563,,
2012-08-17,202.1808,,199.345678,,140.827194,,,139.402745,,
2012-08-20,202.316,,199.25597,,140.812282,,,139.232152,,
2012-08-21,202.4633,,197.386212,,140.636218,,,137.652964,,
2012-08-22,203.9058,,197.891144,,140.90467,,,137.290364,,
2012-08-23,203.3532,,196.80026,,140.263405,,,136.281505,,
2012-08-24,203.9915,,198.213249,,140.723836,,,137.279649,,
2012-08-27,204.3466,,198.795036,,140.828241,,,137.545302,,
2012-08-28,204.4612,,197.859955,,140.788746,,,136.783221,,
2012-08-29,203.9497,,197.917949,,140.790645,,,137.168313,,
2012-08-30,203.3787,,197.734759,,140.217256,,,136.866419,,
2012-08-31,205.4758,,198.767434,,140.799851,,,136.742852,,
2012-09-04,205.1685,,198.541258,,140.7086,,,136.703179,,
2012-09-05,204.6575,,197.47303,,140.632086,,,136.233035,,
2012-09-06,205.9648,,198.260792,,142.221296,,,137.444179,,
2012-09-07,206.861,,196.218146,,142.562573,,,135.763792,,
2012-09-10,206.2559,,196.545898,,142.085258,,,135.932878,,
2012-09-11,206.408,,195.214225,,142.25347,,,135.072113,,
2012-09-12,205.9999,,194.159118,,142.429238,,,134.774528,,
2012-09-13,207.9695,,194.681256,,143.87309,,,135.214091,,
2012-09-14,206.9198,,191.59194,,144.015025,,,133.87543,,
2012-09-17,207.0645,,191.929111,,143.813666,,,133.829929,,
2012-09-18,207.344,,193.203117,,143.783904,,,134.508836,,
2012-09-19,207.6081,,193.425484,,143.942587,,,134.640771,,
2012-09-20,207.8249,,194.835443,,143.912292,,,135.45223,,
2012-09-21,207.947,,194.771176,,143.965486,,,135.378065,,
2012-09-24,208.1208,,195.678717,,143.89796,,,135.831542,,
2012-09-25,207.4985,,195.539743,,143.069062,,,135.357928,,
2012-09-26,207.3625,,195.848805,,142.644271,,,135.257989,,
2012-09-27,208.3855,,196.206802,,143.411948,,,135.565689,,
2012-09-28,207.8336,,196.531935,,143.101196,,,135.855905,,
2012-10-01,208.4955,,196.682055,,143.298641,,,135.715049,,
2012-10-02,208.5245,,196.205473,,143.434476,,,135.495686,,
2012-10-03,208.6763,,196.576522,,143.775393,,,135.975595,,
2012-10-04,208.8832,,195.079928,,144.305034,,,135.303317,,
2012-10-05,207.8092,,193.841621,,144.191731,,,135.033183,,
2012-10-08,208.0402,,195.028263,,143.988925,,,135.518089,,
2012-10-09,206.8822,,195.220758,,143.068825,,,135.539465,,
2012-10-10,206.3011,,194.841798,,142.613833,,,135.225976,,
2012-10-11,207.0655,,194.736206,,142.734159,,,134.767375,,
2012-10-12,206.6507,,193.941023,,142.497914,,,134.263881,,
2012-10-15,207.194,,194.522988,,143.235168,,,135.008561,,
2012-10-16,207.6996,,193.445503,,144.017588,,,134.665516,,
2012-10-17,207.8031,,192.569676,,144.229395,,,134.186105,,
2012-10-18,207.0431,,192.634825,,143.988495,,,134.499206,,
2012-10-19,205.8033,,192.137131,,142.61773,,,133.675056,,
2012-10-22,205.3219,,191.148974,,142.55058,,,133.236609,,
2012-10-23,204.2073,,191.182997,,141.494769,,,132.995294,,
2012-10-24,203.0275,,190.252796,,141.213711,,,132.852868,,
2012-10-25,203.3147,,191.122987,,141.339762,,,133.390957,,
2012-10-26,204.2659,,191.899924,,141.442246,,,133.406185,,
2012-10-31,204.7585,,192.096984,,141.516309,,,133.291664,,
2012-11-01,205.3437,,192.891608,,142.33593,,,134.234572,,
2012-11-02,203.654,,192.849624,,141.61299,,,134.631546,,
2012-11-05,204.4786,,194.282717,,141.884847,,,135.344374,,
2012-11-06,205.3155,,194.794717,,142.385616,,,135.624903,,
2012-11-07,203.8442,,194.04848,,140.582411,,,134.357143,,
2012-11-08,203.5068,,194.090525,,139.642683,,,133.709259,,
2012-11-09,203.6427,,194.715063,,139.690698,,,134.096079,,
2012-11-12,203.8212,,194.988488,,139.730514,,,134.20502,,
2012-11-13,203.5888,,194.830552,,139.539768,,,134.066126,,
2012-11-14,202.1421,,192.973664,,138.426364,,,132.671601,,
2012-11-15,201.7607,,191.917829,,138.236005,,,132.013337,,
2012-11-16,202.2203,,192.933176,,138.662305,,,132.818468,,
2012-11-19,204.4599,,194.002642,,140.388894,,,133.736558,,
2012-11-20,203.6675,,193.18292,,140.324921,,,133.628683,,
2012-11-21,203.8919,,193.213362,,140.383458,,,133.558338,,
2012-11-23,205.6535,,192.666042,,141.557098,,,133.143083,,
2012-11-26,205.5479,,192.641338,,141.403582,,,133.049958,,
2012-11-27,205.0494,,192.609201,,141.041578,,,133.009779,,
2012-11-28,205.5147,,192.937447,,141.7387,,,133.591851,,
2012-11-29,206.0985,,193.065086,,142.20274,,,133.737981,,
2012-11-30,205.7253,,192.602696,,142.188357,,,133.646189,,
2012-12-03,205.2401,,191.166511,,141.776075,,,132.577686,,
2012-12-04,205.1619,,190.463276,,141.698344,,,132.067878,,
2012-12-05,205.3765,,191.085667,,141.895429,,,132.545094,,
2012-12-06,205.9557,,193.059251,,142.178743,,,133.804081,,
2012-12-07,205.8323,,193.571942,,142.386654,,,134.436146,,
2012-12-10,206.2496,,193.766529,,142.439631,,,134.34898,,
2012-12-11,206.438,,192.969752,,142.996989,,,134.197485,,
2012-12-12,205.7729,,191.346116,,142.878488,,,133.38783,,
2012-12-13,204.8484,,190.445646,,142.257337,,,132.779501,,
2012-12-14,204.9162,,189.282644,,142.042044,,,131.725331,,
2012-12-17,205.1933,,189.521323,,142.915024,,,132.522823,,
2012-12-18,205.4869,,188.85414,,143.735732,,,132.624879,,
2012-12-19,204.8302,,188.264828,,143.192729,,,132.13384,,
2012-12-20,205.1648,,188.32889,,143.6848,,,132.416716,,
2012-12-21,204.9887,,188.987754,,142.959554,,,132.322841,,
2012-12-24,204.4887,,188.672726,,142.701622,,,132.186349,,
2012-12-26,204.2877,,187.817321,,142.411871,,,131.449066,,
2012-12-27,204.4233,,187.765912,,142.327508,,,131.248119,,
2012-12-28,203.3932,,187.072749,,141.495259,,,130.657359,,
2012-12-31,204.435,,188.500147,,142.838472,,,132.226812,,
2013-01-02,206.4575,,190.362114,,144.96683,,,134.195015,,
2013-01-03,205.004,,191.002209,,144.627199,,,135.283216,,
2013-01-04,205.7028,,191.365828,,145.063761,,,135.488055,,
2013-01-07,205.1752,,190.176459,,144.800623,,,134.747343,,
2013-01-08,205.4523,,190.948676,,144.598317,,,134.923243,,
2013-01-09,205.5804,,191.317841,,144.786193,,,135.275392,,
2013-01-10,206.4785,,189.204777,,145.470028,,,133.828518,,
2013-01-11,206.9441,,188.555549,,145.523562,,,133.118211,,
2013-01-14,206.7369,,187.827604,,145.509342,,,132.724221,,
2013-01-15,207.3795,,189.483388,,145.584568,,,133.548357,,
2013-01-16,207.4621,,189.801366,,145.607664,,,133.740421,,
2013-01-17,207.572,,188.655405,,146.048248,,,133.264576,,
2013-01-18,208.0267,,189.980498,,146.311471,,,134.148619,,
2013-01-22,208.4987,,190.274334,,146.751521,,,134.455124,,
2013-01-23,208.4141,,190.254256,,146.954632,,,134.681657,,
2013-01-24,208.1975,,189.228145,,146.900099,,,134.044871,,
2013-01-25,207.9947,,187.904522,,147.252849,,,133.55697,,
2013-01-28,207.8137,,187.771703,,147.056427,,,133.400626,,
2013-01-29,207.9545,,187.386403,,147.366622,,,133.317379,,
2013-01-30,207.855,,186.261307,,146.995126,,,132.246137,,
2013-01-31,207.8239,,186.090782,,146.834135,,,132.000108,,
2013-02-01,207.8731,,185.287342,,147.60924,,,132.092723,,
2013-02-04,207.8319,,186.96966,,146.789816,,,132.578391,,
2013-02-05,208.0008,,186.169652,,147.551103,,,132.588003,,
2013-02-06,208.285,,187.267801,,147.718745,,,133.339436,,
2013-02-07,208.1145,,188.840698,,147.623619,,,134.482877,,
2013-02-08,208.4665,,189.655545,,148.135416,,,135.302574,,
2013-02-11,208.2613,,188.882266,,148.050959,,,134.806776,,
2013-02-12,208.2789,,188.218617,,148.19095,,,134.448782,,
2013-02-13,208.0419,,188.015625,,148.202407,,,134.467173,,
2013-02-14,208.3552,,189.569893,,148.392855,,,135.54887,,
2013-02-15,207.9351,,189.170681,,148.297324,,,135.449443,,
2013-02-19,208.1069,,188.96497,,148.891785,,,135.732375,,
2013-02-20,207.3698,,189.79548,,147.819707,,,135.828398,,
2013-02-21,207.3342,,191.111039,,147.310724,,,136.322355,,
2013-02-22,208.4226,,192.144869,,148.209616,,,137.176037,,
2013-02-25,207.9904,,193.615481,,146.742957,,,137.142462,,
2013-02-26,208.6856,,194.213558,,147.331824,,,137.658019,,
2013-02-27,209.5193,,193.877795,,148.455587,,,137.917213,,
2013-02-28,209.2011,,194.776808,,148.332323,,,138.652264,,
2013-03-01,209.8326,,195.919933,,148.652036,,,139.34597,,
2013-03-04,209.7735,,195.794076,,149.079164,,,139.695932,,
2013-03-05,210.4807,,196.080807,,149.837272,,,140.139495,,
2013-03-06,210.1615,,197.056393,,149.88436,,,141.094984,,
2013-03-07,209.778,,194.55552,,149.935526,,,139.606633,,
2013-03-08,209.5202,,195.932218,,150.13594,,,140.955658,,
2013-03-11,209.927,,195.632448,,150.519337,,,140.825977,,
2013-03-12,210.482,,196.339292,,150.417762,,,140.867001,,
2013-03-13,210.3845,,197.335499,,150.494743,,,141.719854,,
2013-03-14,210.9209,,197.181409,,151.04858,,,141.768872,,
2013-03-15,211.165,,196.34816,,150.979393,,,140.94201,,
2013-03-18,211.3441,,198.30137,,150.530754,,,141.800809,,
2013-03-19,211.4972,,199.595762,,150.412492,,,142.511033,,
2013-03-20,211.278,,198.579595,,150.980371,,,142.468457,,
2013-03-21,211.2394,,199.102085,,150.213153,,,142.143411,,
2013-03-22,212.0701,,198.484696,,150.963257,,,141.852414,,
2013-03-25,211.4671,,200.026974,,150.559101,,,142.978474,,
2013-03-26,212.3671,,200.747082,,151.355509,,,143.640903,,
2013-03-27,213.1649,,202.798999,,151.482299,,,144.687125,,
2013-03-28,212.9107,,201.947139,,151.760203,,,144.516024,,
2013-04-01,213.0293,,201.545433,,151.450488,,,143.854081,,
2013-04-02,212.7107,,201.710225,,151.84101,,,144.559137,,
2013-04-03,211.7349,,200.344198,,150.977229,,,143.421301,,
2013-04-04,212.8017,,200.002439,,151.517324,,,142.968506,,
2013-04-05,214.32,,200.466998,,151.287626,,,142.069706,,
2013-04-08,214.3798,,200.359528,,151.795798,,,142.430755,,
2013-04-09,214.9063,,199.701696,,152.134569,,,141.931373,,
2013-04-10,214.6812,,199.678728,,153.127855,,,142.991386,,
2013-04-11,215.2588,,199.748323,,153.434201,,,142.942803,,
2013-04-12,214.4143,,198.862974,,153.408616,,,142.845914,,
2013-04-15,209.7211,,195.566494,,151.298016,,,141.645716,,
2013-04-16,210.9504,,194.637607,,152.644031,,,141.398277,,
2013-04-17,209.8527,,195.746268,,151.305882,,,141.694381,,
2013-04-18,209.7887,,195.436149,,150.724291,,,140.969105,,
2013-04-19,210.3558,,195.922414,,151.521128,,,141.683969,,
2013-04-22,211.1148,,196.436702,,151.996064,,,141.988832,,
2013-04-23,211.8214,,198.044571,,152.91186,,,143.533133,,
2013-04-24,212.3593,,198.350703,,152.962399,,,143.438268,,
2013-04-25,212.7938,,198.842092,,153.30328,,,143.819803,,
2013-04-26,213.023,,198.778192,,153.270081,,,143.587791,,
2013-04-29,213.6803,,198.313836,,153.923271,,,143.420325,,
2013-04-30,214.0067,,197.601535,,154.133897,,,142.882484,,
2013-05-01,213.4431,,196.877778,,153.349847,,,142.008982,,
2013-05-02,214.4035,,199.510493,,154.212563,,,144.069323,,
2013-05-03,214.3366,,198.69541,,154.920328,,,144.18424,,
2013-05-06,214.5175,,199.444069,,155.055486,,,144.731619,,
2013-05-07,214.719,,199.588671,,155.500261,,,145.115707,,
2013-05-08,215.4467,,199.138358,,155.975137,,,144.739923,,
2013-05-09,214.9088,,200.318017,,155.626735,,,145.63572,,
2013-05-10,214.3572,,200.597484,,155.807854,,,146.384347,,
2013-05-13,213.8775,,200.386121,,155.822883,,,146.572219,,
2013-05-14,214.3782,,201.73209,,156.646495,,,147.990193,,
2013-05-15,214.8827,,202.729376,,157.244218,,,148.938785,,
2013-05-16,214.9623,,202.869023,,156.974182,,,148.730334,,
2013-05-17,215.0029,,203.653542,,157.728002,,,149.994157,,
2013-05-20,215.8001,,203.645462,,157.663215,,,149.372744,,
2013-05-21,216.1885,,203.659451,,157.847988,,,149.289381,,
2013-05-22,213.9873,,202.322679,,156.935819,,,148.969217,,
2013-05-23,214.3932,,201.524701,,156.633003,,,147.814977,,
2013-05-24,214.1453,,201.277675,,156.554472,,,147.730587,,
2013-05-28,213.136,,201.561677,,156.732859,,,148.808965,,
2013-05-29,213.4195,,200.511774,,156.212614,,,147.346481,,
2013-05-30,213.8055,,199.199513,,156.537283,,,146.421576,,
2013-05-31,211.3252,,197.69011,,155.069363,,,145.638951,,
2013-06-03,212.8007,,197.844877,,155.617222,,,145.253732,,
2013-06-04,211.3363,,196.418805,,155.027795,,,144.65599,,
2013-06-05,210.9803,,195.939635,,153.694165,,,143.303124,,
2013-06-06,211.4981,,194.120491,,154.682321,,,142.535643,,
2013-06-07,211.4649,,194.568898,,155.677227,,,143.806363,,
2013-06-10,211.3017,,193.773452,,155.545349,,,143.207645,,
2013-06-11,211.0654,,192.729532,,154.585669,,,141.715822,,
2013-06-12,210.361,,191.75506,,153.722491,,,140.681473,,
2013-06-13,211.427,,192.182076,,155.421184,,,141.83406,,
2013-06-14,211.09,,192.333054,,154.852384,,,141.651785,,
2013-06-17,211.3016,,192.184484,,155.527034,,,142.016666,,
2013-06-18,211.5561,,192.04527,,156.236956,,,142.390075,,
2013-06-19,210.7342,,192.700661,,154.521472,,,141.858351,,
2013-06-20,208.5498,,191.790911,,151.814255,,,140.167939,,
2013-06-21,208.3144,,193.02878,,151.774833,,,141.195361,,
2013-06-24,207.8301,,192.604974,,150.376976,,,139.91307,,
2013-06-25,208.0447,,193.418695,,151.311137,,,141.231175,,
2013-06-26,208.3056,,194.624224,,152.466745,,,143.017428,,
2013-06-27,208.5393,,194.434629,,153.265181,,,143.465374,,
2013-06-28,208.6062,,194.926054,,152.886925,,,143.426999,,
2013-07-01,208.9653,,194.47535,,153.513288,,,143.434706,,
2013-07-02,208.8878,,195.665933,,153.427653,,,144.285826,,
2013-07-03,208.8765,,195.184628,,153.38009,,,143.894073,,
2013-07-05,208.5446,,197.610061,,153.70521,,,146.2233,,
2013-07-08,209.0279,,197.469292,,154.545309,,,146.578079,,
2013-07-09,209.7798,,199.542596,,155.283744,,,148.291354,,
2013-07-10,209.5259,,196.357445,,155.151635,,,145.976821,,
2013-07-11,210.7283,,195.621913,,156.838928,,,146.172741,,
2013-07-12,210.792,,196.116832,,156.798289,,,146.460311,,
2013-07-15,211.1582,,196.534245,,157.291204,,,146.978093,,
2013-07-16,211.0124,,194.882655,,157.041588,,,145.612204,,
2013-07-17,211.1568,,195.588072,,157.415195,,,146.386772,,
2013-07-18,211.3344,,195.990009,,157.817719,,,146.939104,,
2013-07-19,212.3112,,196.498659,,158.154905,,,146.955972,,
2013-07-22,212.8559,,196.23193,,158.413215,,,146.620022,,
2013-07-23,212.6329,,195.479354,,158.183136,,,145.998536,,
2013-07-24,211.16,,194.467921,,157.629869,,,145.744683,,
2013-07-25,211.6731,,193.809954,,157.886711,,,145.135574,,
2013-07-26,211.9389,,194.057708,,157.967964,,,145.213546,,
2013-07-29,211.1924,,193.847226,,157.680686,,,145.304041,,
2013-07-30,211.1396,,193.547419,,157.655373,,,145.092296,,
2013-07-31,211.3647,,193.178399,,157.760699,,,144.758081,,
2013-08-01,211.3267,,194.509458,,158.500441,,,146.46529,,
2013-08-02,212.2249,,194.274219,,158.873853,,,146.012202,,
2013-08-05,211.4635,,193.902815,,158.768504,,,146.160809,,
2013-08-06,210.6721,,192.474489,,158.163223,,,145.073986,,
2013-08-07,210.713,,192.083128,,157.940532,,,144.547096,,
2013-08-08,211.8057,,192.444289,,158.368271,,,144.461941,,
2013-08-09,211.5498,,192.7939,,158.13779,,,144.68857,,
2013-08-12,211.1607,,193.010815,,157.983416,,,144.97661,,
2013-08-13,210.5115,,192.976018,,158.01013,,,145.422074,,
2013-08-14,210.1064,,192.719465,,157.443076,,,144.986562,,
2013-08-15,208.1086,,189.566848,,155.900158,,,142.572841,,
2013-08-16,207.5761,,189.362724,,155.414182,,,142.33958,,
2013-08-19,206.192,,187.991448,,154.623155,,,141.533322,,
2013-08-20,207.2447,,187.779549,,155.265415,,,141.239924,,
2013-08-21,206.0921,,187.597882,,154.453286,,,141.150242,,
2013-08-22,207.7673,,189.124169,,155.373675,,,141.99242,,
2013-08-23,208.9394,,189.901029,,155.900346,,,142.256442,,
2013-08-26,208.8687,,189.931909,,155.659071,,,142.107464,,
2013-08-27,208.1109,,188.926269,,154.328982,,,140.657502,,
2013-08-28,208.3461,,189.885627,,154.538639,,,141.403998,,
2013-08-29,208.4774,,191.414461,,154.803898,,,142.69723,,
2013-08-30,208.1529,,191.401292,,154.406784,,,142.543253,,
2013-09-03,208.2639,,192.23764,,154.681503,,,143.34439,,
2013-09-04,208.6159,,192.043461,,155.36009,,,143.585132,,
2013-09-05,208.1994,,192.92516,,155.058985,,,144.252789,,
2013-09-06,208.541,,192.405764,,155.336289,,,143.885635,,
2013-09-09,209.072,,191.767771,,156.354031,,,143.981507,,
2013-09-10,209.1303,,191.627509,,156.936474,,,144.3719,,
2013-09-11,209.5769,,191.423541,,157.442304,,,144.374754,,
2013-09-12,209.1186,,191.158612,,157.114639,,,144.1902,,
2013-09-13,209.372,,191.394567,,157.424531,,,144.47786,,
2013-09-16,209.3559,,190.883228,,158.096219,,,144.717795,,
2013-09-17,209.9432,,191.080502,,158.580721,,,144.904821,,
2013-09-18,212.5044,,191.060026,,160.218275,,,144.621161,,
2013-09-19,212.0524,,190.542314,,159.981412,,,144.323036,,
2013-09-20,211.1055,,189.734939,,159.307636,,,143.748143,,
2013-09-23,210.7766,,189.908264,,158.911449,,,143.745595,,
2013-09-24,211.0271,,190.409141,,158.841158,,,143.889961,,
2013-09-25,210.9291,,189.587609,,158.646212,,,143.159787,,
2013-09-26,210.9216,,190.102308,,159.00906,,,143.881875,,
2013-09-27,210.6743,,189.428615,,158.602322,,,143.173108,,
2013-09-30,209.7466,,188.528934,,158.039945,,,142.615864,,
2013-10-01,209.9723,,188.72343,,158.74071,,,143.241884,,
2013-10-02,210.4586,,188.408327,,158.74148,,,142.672979,,
2013-10-03,209.3135,,186.853459,,157.901313,,,141.516648,,
2013-10-04,210.1422,,188.495687,,158.568092,,,142.797903,,
2013-10-07,209.5128,,187.547811,,157.739639,,,141.76211,,
2013-10-08,208.0478,,186.340677,,156.601885,,,140.818403,,
2013-10-09,207.4534,,186.489772,,156.63075,,,141.360924,,
2013-10-10,209.5207,,188.405286,,158.723931,,,143.293485,,
2013-10-11,210.1951,,188.74228,,159.358636,,,143.661402,,
2013-10-14,210.4971,,188.705427,,159.623973,,,143.666092,,
2013-10-15,209.9031,,188.677973,,158.892822,,,143.391865,,
2013-10-16,211.9035,,190.35224,,160.508013,,,144.755298,,
2013-10-17,213.3254,,189.645284,,161.327945,,,143.988221,,
2013-10-18,214.2505,,190.352161,,162.084176,,,144.575423,,
2013-10-21,214.0448,,190.229185,,162.031011,,,144.573433,,
2013-10-22,215.5609,,190.155894,,162.824732,,,144.204251,,
2013-10-23,214.7511,,189.508914,,162.34327,,,143.828987,,
2013-10-24,215.1848,,189.557278,,162.63685,,,143.835377,,
2013-10-25,216.0614,,190.311552,,163.113195,,,144.243067,,
2013-10-28,216.1924,,190.665929,,163.230952,,,144.528359,,
2013-10-29,216.9258,,191.859723,,163.834103,,,145.477156,,
2013-10-30,215.9633,,191.146113,,163.222882,,,145.038882,,
2013-10-31,215.2995,,192.695208,,162.955064,,,146.424464,,
2013-11-01,214.8192,,193.590792,,163.035153,,,147.50636,,
2013-11-04,215.6147,,193.968349,,163.434083,,,147.609061,,
2013-11-05,214.5187,,193.542364,,162.933119,,,147.583615,,
2013-11-06,215.2829,,193.666993,,163.540712,,,147.70318,,
2013-11-07,213.642,,193.548584,,162.352518,,,147.665921,,
2013-11-08,214.1487,,194.763798,,163.257385,,,149.067688,,
2013-11-11,214.0728,,194.128377,,163.234466,,,148.613165,,
2013-11-12,213.5499,,193.236187,,163.017764,,,148.095515,,
2013-11-13,214.9486,,193.759111,,163.967048,,,148.389092,,
2013-11-14,216.2124,,195.316865,,164.661914,,,149.337953,,
2013-11-15,216.9616,,195.453384,,165.10448,,,149.326561,,
2013-11-18,216.2188,,194.628459,,164.893677,,,149.016644,,
2013-11-19,215.8101,,193.798519,,164.499455,,,148.306791,,
2013-11-20,214.0877,,193.640674,,164.007323,,,148.931306,,
2013-11-21,215.3406,,194.181579,,164.864212,,,149.254141,,
2013-11-22,216.4425,,194.114058,,165.45322,,,148.972999,,
2013-11-25,216.2412,,194.491654,,165.410337,,,149.363012,,
2013-11-26,216.3128,,193.76046,,165.455244,,,148.79261,,
2013-11-27,216.2262,,193.580195,,165.720836,,,148.952435,,
2013-11-29,216.3868,,193.54154,,165.685743,,,148.780651,,
2013-12-02,215.139,,193.144507,,165.17126,,,148.872878,,
2013-12-03,215.0375,,192.372908,,164.828941,,,148.040677,,
2013-12-04,214.8653,,192.16795,,164.646816,,,147.837938,,
2013-12-05,213.8635,,190.240508,,164.068744,,,146.52444,,
2013-12-06,215.3701,,191.082945,,165.275859,,,147.218988,,
2013-12-09,216.0324,,191.151606,,165.60748,,,147.11498,,
2013-12-10,216.2071,,191.010067,,165.358993,,,146.666867,,
2013-12-11,214.0057,,188.718252,,164.133525,,,145.312759,,
2013-12-12,213.1651,,188.429393,,163.715124,,,145.291175,,
2013-12-13,213.3714,,188.754489,,163.736343,,,145.419972,,
2013-12-16,214.2429,,189.270651,,164.397614,,,145.810983,,
2013-12-17,213.6825,,188.686446,,164.196541,,,145.563886,,
2013-12-18,215.5653,,191.476923,,165.851178,,,147.901996,,
2013-12-19,215.029,,191.33747,,165.620604,,,147.956907,,
2013-12-20,216.5909,,192.656777,,166.314402,,,148.522356,,
2013-12-23,216.8808,,192.513203,,166.809462,,,148.654473,,
2013-12-24,217.057,,192.96407,,166.928877,,,148.988248,,
2013-12-26,217.8804,,193.476777,,167.408183,,,149.246876,,
2013-12-27,217.9617,,192.7619,,167.428219,,,148.657751,,
2013-12-30,217.6621,,191.770114,,167.470443,,,148.133801,,
2013-12-31,218.4065,,192.71227,,167.888237,,,148.724311,,
2014-01-02,217.3757,,193.298281,,166.967926,,,149.062341,,
2014-01-03,217.3548,,194.450261,,166.974292,,,149.97083,,
2014-01-06,217.1905,,193.755761,,166.77178,,,149.366859,,
2014-01-07,217.8722,,194.538065,,167.416282,,,150.078457,,
2014-01-08,217.3887,,194.678288,,167.240719,,,150.362821,,
2014-01-09,217.6695,,194.469912,,167.397584,,,150.148816,,
2014-01-10,218.5889,,194.436835,,168.007142,,,150.036205,,
2014-01-13,217.1792,,193.129197,,166.728217,,,148.852694,,
2014-01-14,217.9764,,193.727585,,167.7212,,,149.653831,,
2014-01-15,218.3871,,195.149751,,168.21022,,,150.907661,,
2014-01-16,218.7119,,195.22761,,168.233483,,,150.76452,,
2014-01-17,218.6753,,196.393243,,167.842437,,,151.337472,,
2014-01-21,218.9651,,196.295331,,168.167653,,,151.354529,,
2014-01-22,218.7627,,196.315107,,168.086316,,,151.436545,,
2014-01-23,218.9122,,194.319203,,167.43844,,,149.217174,,
2014-01-24,217.4126,,193.331094,,165.437806,,,147.696311,,
2014-01-27,216.2787,,192.297471,,164.81065,,,147.117041,,
2014-01-28,216.6716,,192.682036,,165.515083,,,147.772867,,
2014-01-29,217.011,,193.086964,,164.753449,,,147.171464,,
2014-01-30,217.153,,194.762757,,165.812211,,,149.305043,,
2014-01-31,217.5312,,196.056592,,165.357379,,,149.624035,,
2014-02-03,216.4636,,194.533371,,163.342173,,,147.375555,,
2014-02-04,216.6106,,194.803723,,163.870591,,,147.95732,,
2014-02-05,216.2854,,194.297101,,163.582353,,,147.534454,,
2014-02-06,216.4744,,193.654086,,164.853086,,,148.059094,,
2014-02-07,217.6174,,194.065395,,166.184709,,,148.786467,,
2014-02-10,217.9888,,194.234174,,166.431231,,,148.882678,,
2014-02-11,219.0661,,195.278522,,167.391572,,,149.806542,,
2014-02-12,218.6432,,195.548209,,167.333724,,,150.251644,,
2014-02-13,219.7389,,195.289733,,167.993349,,,149.893375,,
2014-02-14,220.9289,,196.176666,,168.552191,,,150.261288,,
2014-02-18,221.2776,,195.535116,,168.712096,,,149.675742,,
2014-02-19,220.8484,,195.508278,,167.992635,,,149.306606,,
2014-02-20,221.4435,,196.242302,,168.55018,,,149.960473,,
2014-02-21,221.4226,,195.963796,,168.496691,,,149.714258,,
2014-02-24,222.5222,,196.965644,,168.999344,,,150.182747,,
2014-02-25,222.9009,,197.158736,,169.145323,,,150.204203,,
2014-02-26,222.977,,198.063296,,169.294088,,,150.974505,,
2014-02-27,223.7641,,198.420305,,169.895341,,,151.249888,,
2014-02-28,224.2284,,197.541004,,170.108867,,,150.456681,,
2014-03-03,224.8431,,199.021439,,169.568272,,,150.689426,,
2014-03-04,224.6563,,198.734545,,170.749701,,,151.646574,,
2014-03-05,224.5431,,198.774706,,170.880096,,,151.869574,,
2014-03-06,224.6228,,197.018978,,170.964508,,,150.549069,,
2014-03-07,224.2895,,196.470071,,170.816588,,,150.22264,,
2014-03-10,224.3754,,196.579311,,170.762696,,,150.201219,,
2014-03-11,224.0539,,196.528497,,170.248362,,,149.924931,,
2014-03-12,224.885,,196.655884,,170.427674,,,149.625102,,
2014-03-13,224.7218,,197.017682,,169.458076,,,149.155805,,
2014-03-14,224.9984,,196.708356,,169.137223,,,148.456926,,
2014-03-17,224.7953,,196.30351,,170.019828,,,149.059032,,
2014-03-18,225.3459,,196.616259,,170.831703,,,149.642903,,
2014-03-19,223.7714,,196.666663,,169.980129,,,149.983061,,
2014-03-20,224.1555,,197.78637,,170.530385,,,151.065962,,
2014-03-21,224.6527,,198.101428,,170.229018,,,150.704925,,
2014-03-24,224.1685,,196.930244,,169.910677,,,149.856778,,
2014-03-25,224.575,,197.462859,,170.326994,,,150.357599,,
2014-03-26,224.1352,,197.754105,,169.805211,,,150.412643,,
2014-03-27,224.1168,,198.291924,,169.641434,,,150.688613,,
2014-03-28,224.4717,,198.436959,,170.037617,,,150.912031,,
2014-03-31,224.6068,,198.318444,,170.879947,,,151.477871,,
2014-04-01,224.6311,,198.004825,,171.454658,,,151.730562,,
2014-04-02,225.0052,,198.694747,,171.690005,,,152.214748,,
2014-04-03,225.1666,,199.52279,,171.600755,,,152.660128,,
2014-04-04,224.76,,199.415407,,170.600041,,,151.962597,,
2014-04-07,223.6584,,197.871944,,169.577511,,,150.62087,,
2014-04-08,224.4833,,197.801401,,170.072077,,,150.451398,,
2014-04-09,225.2586,,197.656504,,171.181192,,,150.800806,,
2014-04-10,224.1058,,196.207366,,169.175778,,,148.702504,,
2014-04-11,223.8372,,195.994787,,168.322648,,,147.969668,,
2014-04-14,224.972,,197.929317,,169.144052,,,149.401953,,
2014-04-15,225.8267,,198.735931,,169.849932,,,150.066713,,
2014-04-16,226.9612,,199.729996,,170.955362,,,151.040109,,
2014-04-17,226.4233,,199.278272,,170.875678,,,150.986102,,
2014-04-21,226.5878,,199.719454,,171.234822,,,151.528325,,
2014-04-22,227.0938,,199.98566,,171.683866,,,151.789228,,
2014-04-23,227.3254,,200.024436,,171.512401,,,151.512515,,
2014-04-24,227.9417,,200.349208,,171.784645,,,151.588438,,
2014-04-25,227.2925,,199.743935,,170.957531,,,150.832393,,
2014-04-28,227.132,,199.357903,,171.238613,,,150.894955,,
2014-04-29,227.4856,,200.232062,,171.739474,,,151.763636,,
2014-04-30,227.8363,,199.766949,,172.193615,,,151.577817,,
2014-05-01,228.3306,,200.146942,,172.298821,,,151.629965,,
2014-05-02,228.8211,,200.527738,,172.237289,,,151.538665,,
2014-05-05,229.0194,,200.681266,,172.406817,,,151.672512,,
2014-05-06,228.462,,199.419525,,171.560949,,,150.345361,,
2014-05-07,228.3591,,199.584783,,172.165181,,,151.067942,,
2014-05-08,227.6086,,199.940786,,172.101417,,,151.780179,,
2014-05-09,227.3678,,200.867167,,172.188142,,,152.721831,,
2014-05-12,228.2595,,201.712103,,173.134621,,,153.604841,,
2014-05-13,228.9342,,203.112983,,173.345791,,,154.403876,,
2014-05-14,229.3141,,203.276467,,173.050928,,,154.009731,,
2014-05-15,228.3541,,202.508161,,172.289518,,,153.394737,,
2014-05-16,228.2169,,202.609663,,172.569774,,,153.813682,,
2014-05-19,228.1577,,202.335466,,172.922909,,,153.959788,,
2014-05-20,227.5061,,201.866582,,172.301726,,,153.48958,,
2014-05-21,228.0946,,202.607615,,173.144265,,,154.40692,,
2014-05-22,228.3006,,203.250965,,173.365669,,,154.955341,,
2014-05-23,228.8642,,204.145906,,173.849573,,,155.687708,,
2014-05-27,228.9935,,204.184835,,174.553687,,,156.259793,,
2014-05-28,229.5411,,205.329721,,174.677478,,,156.872262,,
2014-05-29,229.8978,,205.482483,,175.172315,,,157.189433,,
2014-05-30,229.9,,205.038242,,175.410371,,,157.061251,,
2014-06-02,229.3253,,205.049175,,175.317495,,,157.379877,,
2014-06-03,228.7201,,204.045815,,175.074048,,,156.806124,,
2014-06-04,228.7452,,204.500402,,175.261699,,,157.30665,,
2014-06-05,229.5259,,204.271515,,176.036255,,,157.288192,,
2014-06-06,229.8544,,204.848797,,176.508476,,,157.929787,,
2014-06-09,230.0301,,205.726272,,176.551504,,,158.523772,,
2014-06-10,229.7598,,206.179211,,176.455332,,,158.973048,,
2014-06-11,229.8045,,206.469266,,176.136742,,,158.878354,,
2014-06-12,230.3097,,206.623868,,175.525327,,,158.09784,,
2014-06-13,230.7888,,207.208139,,175.828979,,,158.489473,,
2014-06-16,231.1063,,206.996368,,175.879688,,,158.155578,,
2014-06-17,230.557,,206.905284,,176.03778,,,158.605061,,
2014-06-18,231.5812,,207.086068,,177.003897,,,158.908928,,
2014-06-19,232.2919,,207.544508,,177.023361,,,158.790914,,
2014-06-20,233.2305,,208.522571,,177.35546,,,159.195277,,
2014-06-23,233.0244,,208.238761,,177.26474,,,159.037822,,
2014-06-24,232.7751,,207.989987,,176.747232,,,158.553712,,
2014-06-25,233.3253,,208.132824,,177.319209,,,158.800702,,
2014-06-26,233.5936,,208.655392,,177.382842,,,159.073621,,
2014-06-27,233.6154,,208.098432,,177.589812,,,158.819299,,
2014-06-30,234.0332,,207.802173,,177.545571,,,158.270635,,
2014-07-01,233.9675,,207.939753,,178.161647,,,158.969605,,
2014-07-02,233.254,,207.607655,,178.027156,,,159.081034,,
2014-07-03,233.4002,,208.487235,,178.505737,,,160.084142,,
2014-07-07,233.4323,,208.598675,,178.153175,,,159.83138,,
2014-07-08,233.6178,,208.654012,,177.610393,,,159.260133,,
2014-07-09,234.3563,,208.856347,,178.153864,,,159.398482,,
2014-07-10,234.0791,,209.110571,,177.755901,,,159.424574,,
2014-07-11,234.3993,,209.415082,,178.003107,,,159.660365,,
2014-07-14,233.8884,,208.785258,,178.478507,,,159.953946,,
2014-07-15,233.188,,208.942484,,178.187319,,,160.293251,,
2014-07-16,234.2232,,210.554424,,178.643704,,,161.22785,,
2014-07-17,234.6801,,210.943316,,177.640396,,,160.305759,,
2014-07-18,234.8683,,211.149949,,178.646668,,,161.242448,,
2014-07-21,235.222,,211.460111,,178.474805,,,161.081372,,
2014-07-22,235.6253,,212.731915,,179.059704,,,162.302975,,
2014-07-23,235.9911,,213.11282,,179.308136,,,162.566792,,
2014-07-24,234.9645,,212.165256,,179.087449,,,162.351032,,
2014-07-25,235.8495,,213.494014,,178.72823,,,162.428332,,
2014-07-28,235.6422,,213.153998,,178.777304,,,162.356875,,
2014-07-29,235.304,,213.343346,,178.391951,,,162.383888,,
2014-07-30,234.2094,,212.534773,,178.149124,,,162.303264,,
2014-07-31,231.7416,,210.402148,,175.948389,,,160.379683,,
2014-08-01,232.4559,,210.456559,,175.898649,,,159.882998,,
2014-08-04,232.8772,,210.938525,,176.640155,,,160.63355,,
2014-08-05,232.1646,,211.00997,,175.614761,,,160.245514,,
2014-08-06,233.0289,,211.698972,,175.657419,,,160.211376,,
2014-08-07,233.3388,,212.297794,,175.220851,,,160.052402,,
2014-08-08,234.3217,,212.446386,,176.462334,,,160.622634,,
2014-08-11,234.1475,,212.680218,,176.780387,,,161.209094,,
2014-08-12,233.3557,,212.205178,,176.596546,,,161.226956,,
2014-08-13,234.0885,,212.949611,,177.459579,,,162.074282,,
2014-08-14,234.6394,,213.437986,,177.998376,,,162.556635,,
2014-08-15,235.274,,213.481728,,178.151168,,,162.290589,,
2014-08-18,234.9995,,213.791143,,178.896364,,,163.396282,,
2014-08-19,235.3458,,214.805431,,179.355949,,,164.351049,,
2014-08-20,235.4355,,215.866185,,179.575164,,,165.301512,,
2014-08-21,235.5791,,215.648172,,180.006839,,,165.430627,,
2014-08-22,235.724,,216.453936,,179.8317,,,165.785225,,
2014-08-25,236.4114,,217.866799,,180.431453,,,166.937064,,
2014-08-26,236.7199,,218.557004,,180.513601,,,167.323822,,
2014-08-27,237.1919,,218.574477,,180.55943,,,167.046606,,
2014-08-28,237.8463,,219.357087,,180.647148,,,167.264689,,
2014-08-29,238.2142,,220.532893,,180.931622,,,168.165961,,
2014-09-02,236.2241,,218.67552,,180.650731,,,167.893382,,
2014-09-03,236.5617,,218.698279,,180.664958,,,167.684433,,
2014-09-04,235.1164,,220.834995,,180.420275,,,170.132859,,
2014-09-05,235.6827,,221.236991,,180.867309,,,170.454316,,
2014-09-08,234.7022,,221.280245,,180.515448,,,170.866823,,
2014-09-09,234.1067,,219.986903,,179.725325,,,169.554823,,
2014-09-10,233.899,,220.176351,,180.037816,,,170.146856,,
2014-09-11,233.4828,,219.69441,,180.089665,,,170.12604,,
2014-09-12,231.7389,,217.417404,,179.313279,,,168.898466,,
2014-09-15,232.1434,,218.204422,,179.217934,,,169.124514,,
2014-09-16,232.7052,,218.357689,,180.032913,,,169.60248,,
2014-09-17,232.0704,,219.404697,,180.094808,,,170.940611,,
2014-09-18,232.6997,,219.021974,,180.678231,,,170.732258,,
2014-09-19,233.1425,,221.009528,,180.700519,,,171.975601,,
2014-09-22,232.1988,,219.731144,,179.95626,,,170.968654,,
2014-09-23,232.3834,,219.914391,,179.399055,,,170.445911,,
2014-09-24,232.5604,,221.237473,,180.195536,,,172.101573,,
2014-09-25,231.7462,,220.957416,,178.588881,,,170.949669,,
2014-09-26,232.5358,,222.930626,,179.441419,,,172.711197,,
2014-09-29,233.1196,,223.421598,,179.322493,,,172.543665,,
2014-09-30,232.036,,223.402803,,178.990742,,,173.014183,,
2014-10-01,231.5774,,223.074332,,177.937614,,,172.08344,,
2014-10-02,230.8773,,221.581769,,177.839812,,,171.356139,,
2014-10-03,231.0695,,224.491942,,178.975839,,,174.570328,,
2014-10-06,231.5538,,222.443517,,178.922279,,,172.56398,,
2014-10-07,231.0719,,221.740526,,177.540923,,,171.046542,,
2014-10-08,232.8327,,222.301925,,179.6028,,,172.159201,,
2014-10-09,230.3232,,220.638907,,177.323683,,,170.541093,,
2014-10-10,230.1984,,221.626553,,176.158449,,,170.271066,,
2014-10-13,229.3372,,218.653706,,174.631077,,,167.155918,,
2014-10-14,229.4166,,220.379954,,174.953922,,,168.728646,,
2014-10-15,229.6338,,217.491786,,174.361007,,,165.796097,,
2014-10-16,229.9224,,218.25483,,174.219241,,,166.033829,,
2014-10-17,230.4863,,219.613214,,175.362175,,,167.75179,,
2014-10-20,231.2959,,219.718183,,176.463829,,,168.295169,,
2014-10-21,233.0198,,222.793766,,178.49272,,,171.335992,,
2014-10-22,231.648,,222.694146,,177.695637,,,171.504254,,
2014-10-23,232.2844,,223.313011,,178.76752,,,172.544248,,
2014-10-24,232.8151,,223.402749,,179.620643,,,173.041991,,
2014-10-27,232.2455,,222.348976,,179.500624,,,172.532803,,
2014-10-28,233.3658,,222.793417,,180.624454,,,173.124918,,
2014-10-29,232.9268,,224.18944,,180.299665,,,174.224208,,
2014-10-30,233.1004,,224.674928,,181.111783,,,175.257328,,
2014-10-31,233.5203,,226.760625,,182.348904,,,177.772282,,
2014-11-03,232.9164,,226.880972,,182.269756,,,178.250396,,
2014-11-04,232.2978,,225.091667,,181.901977,,,176.957767,,
2014-11-05,231.7688,,225.681736,,182.618629,,,178.527206,,
2014-11-06,232.039,,227.980873,,182.931545,,,180.444611,,
2014-11-07,234.5371,,228.962345,,183.281769,,,179.634467,,
2014-11-10,232.7166,,227.78691,,183.454979,,,180.280515,,
2014-11-11,233.7664,,227.820296,,183.597645,,,179.636803,,
2014-11-12,233.2353,,227.966077,,183.488459,,,180.053922,,
2014-11-13,233.2811,,227.31454,,183.641581,,,179.653868,,
2014-11-14,235.0653,,228.218975,,183.7332,,,179.088935,,
2014-11-17,234.646,,229.133055,,183.715174,,,180.109868,,
2014-11-18,235.6866,,228.60675,,184.418989,,,179.588153,,
2014-11-19,234.9107,,227.489335,,184.073149,,,178.964368,,
2014-11-20,235.931,,228.750729,,184.401262,,,179.497851,,
2014-11-21,237.2161,,232.805904,,185.076627,,,182.355678,,
2014-11-24,237.341,,231.915627,,185.412956,,,181.892675,,
2014-11-25,237.5421,,231.499957,,185.494148,,,181.492392,,
2014-11-26,237.5629,,230.948153,,185.84183,,,181.383273,,
2014-11-28,235.365,,229.827778,,185.83133,,,182.178642,,
2014-12-01,235.7292,,229.840035,,184.887839,,,180.983312,,
2014-12-02,235.6402,,231.350816,,185.464953,,,182.810609,,
2014-12-03,236.749,,233.808389,,185.822689,,,184.241968,,
2014-12-04,236.8281,,232.612899,,185.924231,,,183.338825,,
2014-12-05,236.1106,,233.633418,,185.788571,,,184.567981,,
2014-12-08,235.7461,,232.75744,,185.231426,,,183.608005,,
2014-12-09,236.7918,,232.652431,,185.271661,,,182.75439,,
2014-12-10,234.9907,,229.50837,,183.615555,,,180.042573,,
2014-12-11,235.5665,,230.773393,,184.150307,,,181.118387,,
2014-12-12,234.5583,,228.847053,,182.592971,,,178.853096,,
2014-12-15,232.4403,,227.234711,,181.638914,,,178.27483,,
2014-12-16,232.8612,,226.304981,,180.948781,,,176.551141,,
2014-12-17,234.3954,,230.906288,,182.986712,,,180.977305,,
2014-12-18,236.265,,233.791907,,185.508948,,,184.294694,,
2014-12-19,237.9746,,236.561895,,186.103685,,,185.732133,,
2014-12-22,237.3145,,235.925005,,186.734675,,,186.377102,,
2014-12-23,236.4268,,236.135445,,186.537654,,,187.046194,,
2014-12-24,236.6994,,235.843874,,186.629089,,,186.691553,,
2014-12-26,238.0475,,237.642863,,187.0331,,,187.455208,,
2014-12-29,238.2352,,238.352836,,187.33446,,,188.169814,,
2014-12-30,238.393,,238.36555,,186.81159,,,187.530406,,
2014-12-31,236.8938,,238.027441,,185.722957,,,187.351343,,
2015-01-02,237.9577,,241.083008,,185.86932,,,189.056858,,
2015-01-05,238.0591,,242.539978,,184.021144,,,188.227971,,
2015-01-06,238.4345,,243.809208,,183.16245,,,188.033548,,
2015-01-07,238.6877,,245.092677,,184.51921,,,190.221574,,
2015-01-08,238.9629,,246.415922,,186.367812,,,192.942135,,
2015-01-09,239.8622,,246.263333,,185.657862,,,191.367936,,
2015-01-12,239.8732,,246.439043,,184.846331,,,190.658647,,
2015-01-13,239.2924,,247.114127,,184.552592,,,191.340412,,
2015-01-14,239.5671,,247.078786,,184.064928,,,190.58873,,
2015-01-15,241.5886,,252.548843,,183.389282,,,192.468997,,
2015-01-16,242.8832,,255.470653,,184.557277,,,194.891368,,
2015-01-20,245.138,,258.083464,,184.909774,,,195.446229,,
2015-01-21,244.9903,,256.58585,,185.341109,,,194.882776,,
2015-01-22,247.1502,,264.382667,,186.959078,,,200.787401,,
2015-01-23,246.9386,,267.940349,,186.530675,,,203.196997,,
2015-01-26,247.1669,,267.400484,,186.752111,,,202.840786,,
2015-01-27,246.1757,,262.98848,,185.238942,,,198.674315,,
2015-01-28,244.7043,,263.600929,,184.127815,,,199.132718,,
2015-01-29,244.8936,,263.021767,,185.082375,,,199.570896,,
2015-01-30,245.5581,,264.720041,,183.953416,,,199.094059,,
2015-02-02,246.9169,,264.757446,,185.31678,,,199.494074,,
2015-02-03,247.4432,,262.090116,,186.644215,,,198.475791,,
2015-02-04,246.7679,,264.469386,,186.330421,,,200.488006,,
2015-02-05,247.6093,,262.325472,,187.297581,,,199.215702,,
2015-02-06,244.9655,,263.219912,,186.550623,,,201.246532,,
2015-02-09,244.5135,,262.52076,,186.045653,,,200.538715,,
2015-02-10,245.1643,,263.277616,,187.147296,,,201.770723,,
2015-02-11,244.8646,,262.614767,,187.185191,,,201.549866,,
2015-02-12,246.3003,,262.648449,,188.274825,,,201.567282,,
2015-02-13,246.9031,,263.693725,,188.65622,,,202.284344,,
2015-02-17,245.4796,,261.541567,,188.522102,,,201.653365,,
2015-02-18,245.7313,,262.129055,,188.752622,,,202.146192,,
2015-02-19,245.0228,,262.037763,,188.608058,,,202.50489,,
2015-02-20,245.8031,,262.638899,,189.300616,,,203.068054,,
2015-02-23,246.4218,,264.312829,,189.420174,,,203.977956,,
2015-02-24,247.6461,,265.511231,,190.071328,,,204.590705,,
2015-02-25,248.203,,265.607032,,190.030024,,,204.160939,,
2015-02-26,246.6193,,267.754007,,189.625381,,,206.691812,,
2015-02-27,246.7305,,268.0423,,189.438578,,,206.617361,,
2015-03-02,245.9707,,267.396083,,189.76596,,,207.11324,,
2015-03-03,245.0356,,266.560686,,189.192253,,,206.627513,,
2015-03-04,244.4519,,268.29769,,188.763237,,,207.997837,,
2015-03-05,244.5574,,269.650163,,188.915802,,,209.125047,,
2015-03-06,239.9733,,269.163221,,186.82953,,,210.385692,,
2015-03-09,241.0114,,270.041077,,187.492575,,,210.908561,,
2015-03-10,239.4957,,272.185956,,185.840408,,,212.044021,,
2015-03-11,239.4755,,276.036333,,185.725307,,,214.928562,,
2015-03-12,240.9321,,275.422497,,187.20557,,,214.852989,,
2015-03-13,239.9728,,278.139112,,186.380712,,,216.879697,,
2015-03-16,242.4688,,278.965556,,188.02946,,,217.189342,,
2015-03-17,242.2642,,277.946294,,187.685279,,,216.182106,,
2015-03-18,245.4767,,274.7859,,189.582854,,,213.059603,,
2015-03-19,244.4114,,278.760292,,188.801403,,,216.188485,,
2015-03-20,246.0705,,276.61202,,190.040343,,,214.474265,,
2015-03-23,245.713,,272.914422,,189.827156,,,211.677443,,
2015-03-24,245.6074,,273.32153,,189.392123,,,211.59831,,
2015-03-25,243.8828,,270.320984,,187.588121,,,208.747753,,
2015-03-26,242.9973,,271.435625,,187.047538,,,209.76609,,
2015-03-27,243.7854,,272.253418,,187.407509,,,210.121516,,
2015-03-30,244.8112,,274.764512,,188.818273,,,212.760629,,
2015-03-31,244.0639,,276.488551,,187.956999,,,213.771594,,
2015-04-01,244.8741,,276.602208,,187.803147,,,212.977411,,
2015-04-02,244.4782,,273.192754,,188.104829,,,211.031297,,
2015-04-06,245.1699,,272.892117,,188.910996,,,211.105217,,
2015-04-07,245.1493,,275.58158,,188.623806,,,212.879539,,
2015-04-08,245.1129,,276.435307,,189.015743,,,214.014505,,
2015-04-09,244.453,,278.818202,,189.329603,,,216.80144,,
2015-04-10,245.5994,,281.698285,,189.947197,,,218.72966,,
2015-04-13,244.776,,281.62004,,189.520537,,,218.911657,,
2015-04-14,245.2822,,279.882134,,189.812409,,,217.446105,,
2015-04-15,246.4545,,280.464294,,190.421402,,,217.557707,,
2015-04-16,245.6782,,277.564653,,190.350992,,,215.908912,,
2015-04-17,245.5437,,276.398085,,189.095477,,,213.700364,,
2015-04-20,245.5647,,278.035876,,190.08377,,,216.071668,,
2015-04-21,245.3117,,277.816694,,189.867933,,,215.878598,,
2015-04-22,244.6706,,277.385222,,190.200776,,,216.486942,,
2015-04-23,245.0283,,275.213979,,190.602011,,,214.931272,,
2015-04-24,245.0224,,274.115822,,190.995902,,,214.521216,,
2015-04-27,245.0817,,273.61061,,190.553199,,,213.577836,,
2015-04-28,244.786,,271.020635,,190.621734,,,211.887866,,
2015-04-29,243.4792,,266.005336,,189.980951,,,208.38019,,
2015-04-30,241.6918,,261.794022,,188.836356,,,205.353121,,
2015-05-01,241.9989,,262.824495,,189.848453,,,207.003361,,
2015-05-04,241.907,,263.877432,,190.023565,,,208.103394,,
2015-05-05,240.482,,261.380204,,188.653343,,,205.860257,,
2015-05-06,238.5385,,255.577565,,187.933815,,,202.156198,,
2015-05-07,239.5008,,258.455921,,188.567714,,,204.298294,,
2015-05-08,241.7973,,262.247099,,190.30532,,,207.218279,,
2015-05-11,239.3323,,260.830177,,189.273521,,,207.092452,,
2015-05-12,239.2278,,259.386235,,188.925235,,,205.65683,,
2015-05-13,239.3628,,256.300369,,188.951325,,,203.123609,,
2015-05-14,240.8914,,256.6869,,190.24565,,,203.52372,,
2015-05-15,242.2351,,257.333782,,190.693439,,,203.382401,,
2015-05-18,241.6678,,259.697131,,190.749696,,,205.792766,,
2015-05-19,240.7111,,262.471649,,190.449565,,,208.489484,,
2015-05-20,240.6143,,263.714331,,190.489838,,,209.605173,,
2015-05-21,241.5506,,264.287818,,191.056724,,,209.869456,,
2015-05-22,241.2013,,266.350718,,190.701259,,,211.419808,,
2015-05-26,240.2312,,268.651892,,189.656062,,,212.934048,,
2015-05-27,241.3291,,269.092527,,190.80858,,,213.603188,,
2015-05-28,240.9842,,267.632783,,190.649923,,,212.57161,,
2015-05-29,240.2072,,265.687364,,189.969417,,,210.953364,,
2015-06-01,239.6959,,266.74054,,189.995497,,,212.270487,,
2015-06-02,239.1874,,260.79617,,189.583344,,,207.530045,,
2015-06-03,238.1904,,256.877635,,189.593487,,,205.278442,,
2015-06-04,237.3659,,256.790299,,188.78674,,,205.045224,,
2015-06-05,236.6372,,258.97718,,188.258522,,,206.84785,,
2015-06-08,235.7451,,253.830674,,187.676691,,,202.875523,,
2015-06-09,235.4574,,253.729893,,187.445575,,,202.792726,,
2015-06-10,237.3534,,254.878371,,188.607989,,,203.336572,,
2015-06-11,238.496,,257.549919,,189.379761,,,205.320243,,
2015-06-12,237.4082,,256.272773,,188.424387,,,204.202828,,
2015-06-15,237.1289,,255.517519,,188.022345,,,203.4059,,
2015-06-16,238.0108,,257.270481,,188.76507,,,204.848513,,
2015-06-17,237.7777,,255.014139,,188.956825,,,203.457456,,
2015-06-18,239.3641,,256.218263,,190.115089,,,204.30808,,
2015-06-19,239.1992,,256.296753,,189.833546,,,204.208695,,
2015-06-22,238.6442,,255.850911,,190.045933,,,204.556155,,
2015-06-23,238.058,,259.164942,,189.957175,,,207.618984,,
2015-06-24,237.4716,,257.748711,,189.245377,,,206.218674,,
2015-06-25,236.5635,,256.767656,,188.818573,,,205.757265,,
2015-06-26,236.2104,,257.351722,,188.617474,,,206.313609,,
2015-06-29,234.5685,,253.827224,,186.684127,,,202.812067,,
2015-06-30,234.533,,255.911783,,186.873065,,,204.715592,,
2015-07-01,234.2784,,257.711116,,187.581628,,,207.161521,,
2015-07-02,234.1266,,256.819108,,187.581714,,,206.578425,,
2015-07-06,234.4817,,257.848425,,187.536791,,,207.042688,,
2015-07-07,235.419,,259.946624,,188.34754,,,208.795199,,
2015-07-08,233.6965,,256.523229,,186.633142,,,205.674829,,
2015-07-09,233.222,,256.986212,,186.556323,,,206.380266,,
2015-07-10,234.2419,,255.284823,,187.651955,,,205.320066,,
2015-07-13,235.351,,260.188207,,188.784383,,,209.534487,,
2015-07-14,236.1114,,260.770375,,189.402118,,,210.011954,,
2015-07-15,235.8964,,262.109267,,189.564314,,,211.463558,,
2015-07-16,237.0973,,265.174067,,190.540308,,,213.948473,,
2015-07-17,236.6821,,265.726657,,190.647035,,,214.890715,,
2015-07-20,235.4072,,264.390532,,190.570832,,,214.882216,,
2015-07-21,235.2836,,261.600521,,190.249614,,,212.367776,,
2015-07-22,235.1832,,261.651614,,190.08054,,,212.311084,,
2015-07-23,235.045,,260.20011,,189.648841,,,210.777641,,
2015-07-24,234.0378,,259.198409,,188.461064,,,209.549125,,
2015-07-27,232.6331,,255.139414,,187.895524,,,206.890413,,
2015-07-28,234.0822,,257.316013,,189.20328,,,208.80696,,
2015-07-29,235.3812,,260.610261,,189.919282,,,211.108969,,
2015-07-30,235.4243,,261.862335,,189.954829,,,212.124081,,
2015-07-31,235.4094,,260.605882,,190.081727,,,211.260678,,
2015-08-03,234.6171,,260.485447,,189.783005,,,211.543171,,
2015-08-04,234.5318,,262.049221,,189.333373,,,212.386152,,
2015-08-05,234.3168,,261.22319,,189.57228,,,212.178328,,
2015-08-06,234.5851,,261.098504,,188.727006,,,210.889957,,
2015-08-07,234.9758,,260.562449,,188.643945,,,210.014581,,
2015-08-10,236.9995,,261.499407,,189.969593,,,210.43853,,
2015-08-11,237.4114,,261.405837,,189.18894,,,209.1353,,
2015-08-12,238.5808,,260.036816,,189.279011,,,207.118883,,
2015-08-13,237.5484,,259.020715,,188.980782,,,206.879719,,
2015-08-14,237.9257,,260.394354,,189.363993,,,208.068099,,
2015-08-17,238.9527,,262.250216,,190.129718,,,209.494104,,
2015-08-18,238.3131,,262.822377,,189.654753,,,209.988756,,
2015-08-19,238.327,,260.575512,,188.993325,,,207.455383,,
2015-08-20,237.3671,,256.720777,,186.743896,,,202.770512,,
2015-08-21,234.2212,,250.18456,,183.499292,,,196.78255,,
2015-08-24,227.9442,,238.574688,,178.834465,,,187.916505,,
2015-08-25,224.9818,,237.560255,,177.405502,,,188.066468,,
2015-08-26,227.8527,,244.890336,,181.164342,,,195.482586,,
2015-08-27,230.5776,,249.324463,,183.952791,,,199.697234,,
2015-08-28,231.2064,,251.413178,,183.885667,,,200.74926,,
2015-08-31,230.2627,,249.734742,,182.947499,,,199.20477,,
2015-09-01,227.6184,,244.571489,,179.880447,,,194.044039,,
2015-09-02,228.7745,,247.79352,,181.840799,,,197.738643,,
2015-09-03,229.2395,,250.574314,,182.024051,,,199.753207,,
2015-09-04,227.7917,,248.477925,,180.526948,,,197.701445,,
2015-09-08,229.7003,,249.289357,,183.080915,,,199.481735,,
2015-09-09,228.0153,,247.361288,,181.627467,,,197.818616,,
2015-09-10,228.3114,,246.120961,,182.146696,,,197.13339,,
2015-09-11,228.8038,,245.370242,,182.725367,,,196.732173,,
2015-09-14,228.3841,,245.363858,,182.341624,,,196.674671,,
2015-09-15,228.9947,,247.100776,,183.375483,,,198.658813,,
2015-09-16,230.2092,,247.913992,,184.273436,,,199.23195,,
2015-09-17,230.5841,,245.280212,,184.491232,,,197.027467,,
2015-09-18,229.493,,247.015799,,182.73398,,,197.466073,,
2015-09-21,229.6104,,249.472401,,183.112657,,,199.740993,,
2015-09-22,228.5878,,249.927129,,181.862065,,,199.627496,,
2015-09-23,228.2721,,248.113684,,181.632533,,,198.202629,,
2015-09-24,228.4986,,247.377871,,181.326092,,,197.085872,,
2015-09-25,227.7404,,247.398631,,181.17232,,,197.590903,,
2015-09-28,224.6713,,242.909871,,178.613808,,,193.878871,,
2015-09-29,224.521,,242.699884,,178.788976,,,194.031046,,
2015-09-30,226.2708,,246.143092,,180.814251,,,197.473892,,
2015-10-01,226.8295,,246.373879,,181.161735,,,197.551114,,
2015-10-02,230.1856,,249.724641,,183.002317,,,199.323141,,
2015-10-05,231.6555,,251.791172,,184.683139,,,201.531537,,
2015-10-06,232.0686,,250.368831,,184.477257,,,199.813395,,
2015-10-07,232.5446,,251.578934,,185.335117,,,201.299927,,
2015-10-08,232.9333,,251.1613,,186.241021,,,201.611069,,
2015-10-09,233.8728,,250.448361,,186.242536,,,200.23281,,
2015-10-12,234.305,,250.80294,,186.543685,,,200.470054,,
2015-10-13,233.6647,,249.653744,,185.839454,,,199.342906,,
2015-10-14,234.6552,,248.633971,,185.577083,,,197.411531,,
2015-10-15,236.1338,,252.118969,,187.186952,,,200.650768,,
2015-10-16,236.1466,,252.996971,,187.623924,,,201.808627,,
2015-10-19,235.6469,,252.996708,,187.758056,,,202.38094,,
2015-10-20,235.4936,,252.361871,,187.463307,,,201.687411,,
2015-10-21,234.9535,,251.925207,,186.938132,,,201.235915,,
2015-10-22,236.5535,,258.894901,,188.857732,,,207.5137,,
2015-10-23,237.1033,,261.77312,,189.968137,,,210.564959,,
2015-10-26,236.869,,260.445356,,189.72334,,,209.433929,,
2015-10-27,236.6942,,260.4416,,189.609821,,,209.460171,,
2015-10-28,237.6283,,264.509871,,190.675317,,,213.086574,,
2015-10-29,236.2487,,261.682754,,190.287608,,,211.608968,,
2015-10-30,236.0092,,260.813883,,189.996573,,,210.797486,,
2015-11-02,236.8046,,261.383997,,191.18963,,,211.870787,,
2015-11-03,236.0792,,261.893496,,191.379214,,,213.147205,,
2015-11-04,235.3159,,263.34646,,191.034191,,,214.637303,,
2015-11-05,235.1069,,262.614561,,190.888231,,,214.067367,,
2015-11-06,233.1914,,264.043661,,190.457371,,,216.510463,,
2015-11-09,232.0051,,262.353425,,189.342213,,,214.958461,,
2015-11-10,232.2407,,263.288424,,189.746224,,,215.965541,,
2015-11-11,231.6384,,262.221692,,189.206989,,,215.036964,,
2015-11-12,230.4269,,259.098658,,187.68509,,,211.874967,,
2015-11-13,229.4653,,259.187271,,186.563769,,,211.564036,,
2015-11-16,231.4601,,263.329239,,188.334848,,,215.115409,,
2015-11-17,230.6796,,263.55857,,188.305954,,,215.998081,,
2015-11-18,232.7527,,265.473074,,190.045128,,,217.620788,,
2015-11-19,233.7798,,264.803631,,189.985163,,,216.050127,,
2015-11-20,233.9152,,267.195076,,190.349535,,,218.292952,,
2015-11-23,233.4952,,266.895879,,190.238053,,,218.312795,,
2015-11-24,234.2161,,267.551356,,190.454908,,,218.424056,,
2015-11-25,233.7735,,267.508266,,190.479945,,,218.831114,,
2015-11-27,232.9564,,267.446786,,190.591526,,,219.67681,,
2015-11-30,233.2884,,268.497326,,190.143605,,,219.708284,,
2015-12-01,235.427,,269.220455,,191.501751,,,219.858076,,
2015-12-02,233.0744,,266.989747,,190.232125,,,218.777047,,
2015-12-03,230.3738,,256.050222,,188.074935,,,209.865417,,
2015-12-04,233.666,,261.206673,,190.519828,,,213.819254,,
2015-12-07,232.2925,,260.589015,,189.942842,,,213.925095,,
2015-12-08,231.9207,,258.879557,,189.2058,,,212.036476,,
2015-12-09,230.8714,,254.585313,,188.319975,,,208.486281,,
2015-12-10,231.1291,,256.840393,,188.597356,,,210.407969,,
2015-12-11,230.2404,,254.81634,,186.589932,,,207.325078,,
2015-12-14,229.6884,,254.059708,,186.800233,,,207.439776,,
2015-12-15,230.4072,,256.38503,,187.985766,,,210.009757,,
2015-12-16,231.9397,,258.475949,,189.505659,,,212.024046,,
2015-12-17,229.8705,,258.150689,,187.87768,,,211.827883,,
2015-12-18,228.9394,,256.156164,,186.030168,,,208.970767,,
2015-12-21,230.235,,256.465719,,186.887403,,,209.004624,,
2015-12-22,230.5561,,255.834168,,187.849465,,,209.271352,,
2015-12-23,231.4569,,257.921362,,189.22684,,,211.698512,,
2015-12-24,231.8537,,257.372702,,189.074726,,,210.717119,,
2015-12-28,231.4996,,256.707724,,188.818939,,,210.2094,,
2015-12-29,231.4693,,257.71785,,189.837718,,,212.202987,,
2015-12-30,230.2622,,256.083045,,189.018423,,,211.047493,,
2015-12-31,229.7344,,257.097731,,188.084782,,,211.321537,,
2016-01-04,229.2299,,257.386103,,186.476812,,,210.21154,,
2016-01-05,229.091,,259.123212,,186.706115,,,212.01897,,
2016-01-06,228.5181,,257.717505,,185.570883,,,210.112087,,
2016-01-07,226.2416,,251.655329,,182.900527,,,204.252092,,
2016-01-08,224.9032,,250.400276,,181.851904,,,203.270758,,
2016-01-11,223.5033,,250.228109,,181.751875,,,204.290863,,
2016-01-12,225.1355,,252.090298,,182.792672,,,205.489114,,
2016-01-13,222.9421,,249.186739,,180.231509,,,202.246701,,
2016-01-14,223.8213,,250.494166,,181.981988,,,204.476072,,
2016-01-15,222.3333,,247.820457,,179.716047,,,201.111722,,
2016-01-19,221.3438,,246.717526,,179.788033,,,201.192278,,
2016-01-20,222.0153,,248.002628,,178.472758,,,200.153505,,
2016-01-21,222.5164,,248.811579,,178.971968,,,200.914584,,
2016-01-22,224.8229,,253.251777,,181.227747,,,204.95312,,
2016-01-25,223.3568,,250.283058,,179.540338,,,201.981782,,
2016-01-26,225.6338,,252.394868,,181.097331,,,203.379091,,
2016-01-27,224.4505,,250.506507,,179.933288,,,201.61732,,
2016-01-28,225.1116,,250.167214,,180.562198,,,201.454622,,
2016-01-29,228.8637,,256.927463,,183.404422,,,206.709914,,
2016-02-01,228.9219,,255.630752,,183.289004,,,205.484967,,
2016-02-02,228.0832,,253.966374,,181.521553,,,202.921941,,
2016-02-03,228.9522,,250.690792,,182.166396,,,200.253315,,
2016-02-04,230.3058,,249.855044,,182.4082,,,198.676039,,
2016-02-05,228.4283,,249.009235,,180.259968,,,197.279848,,
2016-02-08,228.4249,,248.113394,,179.078355,,,195.284489,,
2016-02-09,228.1301,,245.607549,,179.076438,,,193.55993,,
2016-02-10,229.3449,,246.991973,,179.163035,,,193.713573,,
2016-02-11,230.4909,,247.496062,,177.815226,,,191.690833,,
2016-02-12,231.3801,,250.060985,,179.813975,,,195.101793,,
2016-02-16,230.9053,,251.964709,,181.458771,,,198.793265,,
2016-02-17,233.084,,254.636955,,183.203472,,,200.937298,,
2016-02-18,234.008,,256.159723,,182.96628,,,201.080098,,
2016-02-19,234.1725,,255.867494,,182.936703,,,200.677165,,
2016-02-22,234.7987,,258.859653,,184.545344,,,204.262976,,
2016-02-23,234.1318,,258.335258,,183.164269,,,202.899942,,
2016-02-24,235.0968,,259.581424,,183.685081,,,203.61917,,
2016-02-25,236.466,,260.929702,,185.210824,,,205.181909,,
2016-02-26,235.3165,,261.857429,,184.817923,,,206.478336,,
2016-02-29,235.2633,,263.059965,,184.036764,,,206.596542,,
2016-03-01,236.5004,,264.606289,,186.41831,,,209.399064,,
2016-03-02,237.5209,,265.696715,,186.839314,,,209.831414,,
2016-03-03,239.2665,,265.509266,,187.357481,,,208.730884,,
2016-03-04,239.033,,264.136278,,187.614934,,,208.139968,,
2016-03-07,239.412,,264.271633,,187.674035,,,207.982461,,
2016-03-08,238.4067,,263.257559,,186.639939,,,206.911612,,
2016-03-09,238.3164,,263.60319,,187.153613,,,207.832201,,
2016-03-10,238.841,,259.780081,,187.284175,,,204.510653,,
2016-03-11,239.1859,,260.920902,,188.96084,,,206.94884,,
2016-03-14,238.5051,,261.28486,,188.851771,,,207.709101,,
2016-03-15,238.5164,,261.026738,,188.600429,,,207.217922,,
2016-03-16,240.6862,,260.72569,,189.577741,,,206.175884,,
2016-03-17,241.6699,,259.623656,,190.460812,,,205.42118,,
2016-03-18,242.1145,,261.246333,,190.968282,,,206.875248,,
2016-03-21,241.2763,,260.948713,,190.968718,,,207.357914,,
2016-03-22,241.3649,,261.610088,,190.852973,,,207.681202,,
2016-03-23,240.3064,,261.327191,,190.266479,,,207.730101,,
2016-03-24,240.3269,,261.485148,,190.222622,,,207.790024,,
2016-03-28,240.5534,,261.245264,,190.344926,,,207.537279,,
2016-03-29,243.5854,,262.377026,,191.625211,,,207.226401,,
2016-03-30,242.5069,,260.058627,,192.101149,,,206.821182,,
2016-03-31,243.1626,,259.851801,,192.066695,,,206.062471,,
2016-04-01,243.7083,,260.112566,,192.784078,,,206.576095,,
2016-04-04,242.6367,,259.04616,,192.488764,,,206.32124,,
2016-04-05,243.0069,,259.598702,,191.439048,,,205.320505,,
2016-04-06,243.5705,,259.798988,,192.680804,,,206.333196,,
2016-04-07,243.9506,,260.696176,,191.464414,,,205.418108,,
2016-04-08,244.2351,,260.617625,,191.703414,,,205.373044,,
2016-04-11,244.2615,,260.408082,,191.486375,,,204.953437,,
2016-04-12,245.0409,,261.69799,,192.429079,,,206.324308,,
2016-04-13,245.7704,,265.064081,,193.633806,,,209.662313,,
2016-04-14,244.5732,,263.927429,,193.50893,,,209.649852,,
2016-04-15,245.421,,264.62152,,193.593109,,,209.566192,,
2016-04-18,246.244,,264.680241,,194.397165,,,209.779806,,
2016-04-19,247.3163,,264.751375,,194.757041,,,209.313163,,
2016-04-20,246.7688,,265.598925,,194.680238,,,210.366132,,
2016-04-21,245.7187,,264.670211,,193.951389,,,209.738248,,
2016-04-22,244.971,,265.464224,,193.960823,,,211.019812,,
2016-04-25,244.5115,,263.877243,,193.671691,,,209.839229,,
2016-04-26,244.9488,,263.635379,,193.805303,,,209.416993,,
2016-04-27,246.5456,,264.784359,,194.284963,,,209.484623,,
2016-04-28,246.065,,263.60452,,193.375423,,,207.980286,,
2016-04-29,245.9815,,261.27945,,192.737491,,,205.535525,,
2016-05-02,246.0725,,259.469529,,193.612411,,,204.962478,,
2016-05-03,245.4033,,259.517955,,192.742275,,,204.635926,,
2016-05-04,244.5488,,258.846226,,192.126582,,,204.165166,,
2016-05-05,245.3716,,261.582388,,192.301915,,,205.819113,,
2016-05-06,245.7562,,262.10272,,192.610022,,,206.235686,,
2016-05-09,245.1324,,261.839413,,192.749623,,,206.702499,,
2016-05-10,246.9852,,264.085328,,194.228846,,,208.499473,,
2016-05-11,246.9101,,262.713401,,193.137611,,,206.313722,,
2016-05-12,246.3333,,263.279461,,193.096179,,,207.197936,,
2016-05-13,246.2308,,264.834643,,192.236986,,,207.580835,,
2016-05-16,246.9161,,265.184611,,193.246622,,,208.366889,,
2016-05-17,246.3267,,264.764451,,192.0467,,,207.239684,,
2016-05-18,244.5487,,265.098754,,191.763922,,,208.702244,,
2016-05-19,244.1552,,264.965157,,191.411961,,,208.549786,,
2016-05-20,245.3968,,265.963576,,192.192984,,,209.126316,,
2016-05-23,245.4104,,265.92616,,192.021635,,,208.898898,,
2016-05-24,246.4776,,269.005551,,193.478719,,,211.99952,,
2016-05-25,246.7604,,268.944789,,194.274276,,,212.579242,,
2016-05-26,246.9622,,268.238882,,194.42988,,,212.017711,,
2016-05-27,247.1293,,270.425715,,194.912041,,,214.131375,,
2016-05-31,247.1282,,269.933714,,194.735576,,,213.549231,,
2016-06-01,247.5848,,269.054543,,194.941539,,,212.685866,,
2016-06-02,248.1017,,270.513384,,195.49541,,,213.99985,,
2016-06-03,249.5425,,267.016954,,195.565699,,,210.089761,,
2016-06-06,250.2485,,267.963433,,196.053516,,,210.764068,,
2016-06-07,250.8967,,268.610201,,196.31344,,,211.006325,,
2016-06-08,252.2246,,269.24702,,196.723576,,,210.832599,,
2016-06-09,252.3673,,271.180472,,196.622572,,,212.117544,,
2016-06-10,251.2823,,271.630393,,195.607898,,,212.285698,,
2016-06-13,250.882,,270.152753,,194.768199,,,210.55998,,
2016-06-14,250.5327,,271.859533,,194.498703,,,211.89209,,
2016-06-15,250.9117,,270.909405,,194.507495,,,210.842131,,
2016-06-16,251.0705,,271.950353,,194.899633,,,211.94484,,
2016-06-17,250.7871,,270.438619,,194.412117,,,210.477043,,
2016-06-20,250.7857,,269.485732,,194.94902,,,210.315825,,
2016-06-21,250.2091,,270.583368,,195.223965,,,211.95761,,
2016-06-22,249.8933,,268.99995,,195.079103,,,210.826998,,
2016-06-23,250.8763,,267.892407,,196.470312,,,210.627751,,
2016-06-24,249.9304,,274.154677,,192.645402,,,212.154921,,
2016-06-27,248.9138,,274.498363,,190.900085,,,211.356104,,
2016-06-28,251.3809,,276.229289,,193.066661,,,212.991672,,
2016-06-29,253.4306,,276.991922,,194.983879,,,213.956086,,
2016-06-30,255.4627,,279.630266,,196.734021,,,216.199176,,
2016-07-01,257.531,,281.147471,,197.154406,,,216.087199,,
2016-07-05,257.6537,,282.812831,,196.514105,,,216.558055,,
2016-07-06,258.793,,283.415974,,197.359352,,,216.993835,,
2016-07-07,258.5512,,284.170001,,197.2303,,,217.63222,,
2016-07-08,261.6946,,287.968521,,199.119527,,,219.97939,,
2016-07-11,261.152,,287.119355,,199.329303,,,220.017968,,
2016-07-12,260.7018,,286.55442,,199.954678,,,220.654373,,
2016-07-13,261.9376,,287.188326,,200.048866,,,220.202842,,
2016-07-14,261.1397,,285.592329,,200.652899,,,220.311397,,
2016-07-15,260.2708,,286.89517,,200.200481,,,221.554612,,
2016-07-18,260.5149,,285.961165,,200.569074,,,221.032608,,
2016-07-19,260.6778,,287.583699,,200.578351,,,222.158105,,
2016-07-20,260.5695,,287.644329,,201.006571,,,222.771884,,
2016-07-21,260.4703,,287.227063,,200.625385,,,222.111435,,
2016-07-22,261.1718,,289.370757,,201.178592,,,223.783473,,
2016-07-25,260.4702,,288.055224,,200.759107,,,222.900403,,
2016-07-26,261.6063,,289.490716,,200.817996,,,223.103795,,
2016-07-27,262.4665,,288.57761,,200.916335,,,221.779749,,
2016-07-28,262.6504,,288.31827,,201.060486,,,221.584161,,
2016-07-29,263.3766,,286.720663,,201.460149,,,220.185565,,
2016-08-01,261.2618,,284.612116,,201.171319,,,220.019625,,
2016-08-02,260.1528,,281.838189,,200.1698,,,217.714712,,
2016-08-03,260.8759,,284.472127,,200.602977,,,219.614505,,
2016-08-04,261.3873,,285.580518,,200.876922,,,220.339332,,
2016-08-05,261.4559,,286.7921,,201.59343,,,222.005125,,
2016-08-08,261.7944,,287.05721,,201.569603,,,221.896798,,
2016-08-09,262.4399,,287.027188,,201.852197,,,221.638163,,
2016-08-10,262.5168,,285.585184,,201.644351,,,220.233063,,
2016-08-11,262.446,,286.495184,,201.99032,,,221.373592,,
2016-08-12,262.8838,,286.43555,,202.077772,,,221.054585,,
2016-08-15,262.9549,,285.88782,,202.286891,,,220.80048,,
2016-08-16,262.0152,,282.466368,,201.613029,,,218.211051,,
2016-08-17,262.7764,,283.093683,,201.9948,,,218.475074,,
2016-08-18,263.7617,,282.463079,,202.377466,,,217.585523,,
2016-08-19,262.7029,,282.159365,,202.019196,,,217.841255,,
2016-08-22,263.1341,,282.615011,,202.137239,,,217.962766,,
2016-08-23,263.8689,,283.775254,,202.40458,,,218.536779,,
2016-08-24,262.378,,283.216627,,201.749264,,,218.63575,,
2016-08-25,261.8608,,282.237347,,201.584789,,,218.132128,,
2016-08-26,261.1198,,283.618744,,201.231693,,,219.436766,,
2016-08-29,262.9058,,285.67604,,202.046551,,,220.41593,,
2016-08-30,261.9087,,285.767518,,201.79617,,,221.051641,,
2016-08-31,261.2076,,284.632138,,201.440185,,,220.374899,,
2016-09-01,261.4357,,283.873095,,201.513557,,,219.675437,,
2016-09-02,262.0456,,285.665632,,201.95841,,,221.034952,,
2016-09-06,263.5958,,284.756169,,202.496472,,,219.619048,,
2016-09-07,263.6401,,285.186683,,202.521741,,,219.941566,,
2016-09-08,262.3376,,283.344093,,201.963219,,,218.999838,,
2016-09-09,256.7638,,277.956153,,198.710828,,,215.964276,,
2016-09-12,258.7828,,280.047034,,200.4876,,,217.821615,,
2016-09-13,255.664,,277.061633,,198.54046,,,216.009932,,
2016-09-14,255.5728,,276.246218,,198.589252,,,215.504001,,
2016-09-15,256.622,,277.503653,,199.82736,,,216.944007,,
2016-09-16,256.1262,,279.262758,,199.428691,,,218.305432,,
2016-09-19,256.1871,,278.751651,,199.388465,,,217.810147,,
2016-09-20,256.2262,,279.361769,,199.41698,,,218.284782,,
2016-09-21,258.7957,,281.285389,,200.962325,,,219.291931,,
2016-09-22,259.841,,281.857062,,201.890144,,,219.864062,,
2016-09-23,258.7855,,280.339428,,201.204843,,,218.826827,,
2016-09-26,258.2333,,278.983022,,200.325159,,,217.27958,,
2016-09-27,259.0898,,281.012125,,201.171904,,,219.058423,,
2016-09-28,259.9218,,281.705921,,201.787579,,,219.566251,,
2016-09-29,259.0099,,280.610023,,200.694713,,,218.293415,,
2016-09-30,259.4447,,280.765822,,201.515617,,,218.940463,,
2016-10-03,258.8444,,280.740952,,201.141699,,,219.021625,,
2016-10-04,256.3486,,278.220184,,200.249479,,,218.19609,,
2016-10-05,257.0944,,278.972333,,200.675485,,,218.615387,,
2016-10-06,256.7407,,280.010619,,200.760485,,,219.824403,,
2016-10-07,255.9139,,277.87243,,200.358245,,,218.412098,,
2016-10-10,256.383,,279.859012,,200.941921,,,220.210746,,
2016-10-11,254.4152,,279.826567,,199.305228,,,220.080959,,
2016-10-12,254.8119,,281.477615,,199.491227,,,221.241119,,
2016-10-13,254.5328,,279.885012,,199.211958,,,219.922254,,
2016-10-14,253.6983,,281.128768,,199.135285,,,221.540862,,
2016-10-17,253.7896,,280.529313,,198.864298,,,220.688213,,
2016-10-18,254.9086,,282.256389,,199.730835,,,222.035439,,
2016-10-19,255.8185,,283.423958,,200.100085,,,222.571612,,
2016-10-20,255.4745,,284.182363,,199.848481,,,223.186696,,
2016-10-21,255.7714,,285.717822,,199.948524,,,224.244315,,
2016-10-24,256.2825,,286.354544,,200.337039,,,224.731662,,
2016-10-25,255.4923,,285.293321,,199.9375,,,224.143388,,
2016-10-26,255.0264,,284.235267,,199.542536,,,223.278136,,
2016-10-27,253.7948,,283.239125,,199.021276,,,222.9913,,
2016-10-28,253.7909,,280.962477,,198.667072,,,220.808637,,
2016-10-31,253.8943,,281.117907,,198.768638,,,220.953716,,
2016-11-01,253.2953,,278.546928,,197.869976,,,218.458542,,
2016-11-02,252.9133,,277.074189,,197.236982,,,216.935506,,
2016-11-03,252.6819,,276.648666,,196.591657,,,216.091368,,
2016-11-04,253.2317,,276.384417,,196.625697,,,215.453546,,
2016-11-07,254.5427,,280.306626,,199.137794,,,220.162981,,
2016-11-08,254.8889,,281.090163,,199.542911,,,220.927061,,
2016-11-09,254.0916,,283.167442,,200.068737,,,223.846407,,
2016-11-10,252.7555,,282.172501,,200.039141,,,224.205851,,
2016-11-11,251.2024,,281.366222,,199.621557,,,224.477854,,
2016-11-14,250.5951,,283.755234,,199.392342,,,226.671891,,
2016-11-15,252.1931,,286.036248,,200.388515,,,228.180531,,
2016-11-16,252.3581,,286.98646,,200.338537,,,228.731798,,
2016-11-17,252.2186,,288.593361,,200.65029,,,230.497864,,
2016-11-18,251.8238,,289.257839,,200.125317,,,230.785375,,
2016-11-21,252.6041,,288.990938,,201.101223,,,230.981092,,
2016-11-22,252.8273,,289.246289,,201.407543,,,231.332925,,
2016-11-23,252.323,,290.710205,,201.196062,,,232.723801,,
2016-11-25,252.3989,,289.729543,,201.63453,,,232.374313,,
2016-11-28,252.2514,,288.957249,,201.352188,,,231.56571,,
2016-11-29,252.1444,,287.86093,,201.67816,,,231.158653,,
2016-11-30,251.7429,,289.082972,,201.064599,,,231.802854,,
2016-12-01,250.7762,,286.00885,,200.356208,,,229.410793,,
2016-12-02,251.0476,,286.345244,,200.670108,,,229.791771,,
2016-12-05,251.129,,283.651736,,201.464172,,,228.456905,,
2016-12-06,251.2073,,284.981968,,201.828705,,,229.871932,,
2016-12-07,252.0669,,285.007674,,203.616119,,,231.137694,,
2016-12-08,251.9577,,288.63713,,203.766216,,,234.35522,,
2016-12-09,251.6314,,289.852956,,204.254385,,,236.212119,,
2016-12-12,251.6236,,287.663463,,204.044789,,,234.19452,,
2016-12-13,252.0528,,288.438941,,204.962444,,,235.480281,,
2016-12-14,250.9497,,289.635783,,203.508129,,,235.81161,,
2016-12-15,250.9529,,293.00534,,203.907721,,,239.020349,,
2016-12-16,250.8148,,291.74574,,203.724407,,,237.90979,,
2016-12-19,251.3038,,293.702755,,204.201252,,,239.599138,,
2016-12-20,251.2311,,294.075776,,204.598788,,,240.440043,,
2016-12-21,251.3396,,293.147146,,204.429434,,,239.37901,,
2016-12-22,251.1953,,292.653153,,204.220736,,,238.868797,,
2016-12-23,251.3359,,292.424626,,204.41803,,,238.779205,,
2016-12-27,251.547,,292.440737,,204.661322,,,238.87593,,
2016-12-28,251.3093,,293.520126,,203.781512,,,238.952728,,
2016-12-29,251.6742,,291.71824,,204.000177,,,237.395957,,
2016-12-30,251.313,,290.493589,,203.725533,,,236.4204,,
2017-01-03,252.1245,,294.588288,,204.740939,,,240.172348,,
2017-01-04,252.3805,,292.592714,,205.501025,,,239.188112,,
2017-01-05,252.9231,,289.942519,,205.740837,,,236.789152,,
2017-01-06,252.8082,,291.822345,,205.905009,,,238.622937,,
2017-01-09,252.9318,,290.868579,,205.634253,,,237.414216,,
2017-01-10,252.8809,,291.308809,,205.61422,,,237.798234,,
2017-01-11,253.3658,,291.095069,,206.063183,,,237.686846,,
2017-01-12,253.1861,,290.066225,,205.789066,,,236.69958,,
2017-01-13,253.2202,,289.330936,,205.918075,,,236.215766,,
2017-01-17,253.4539,,287.635302,,205.761987,,,234.437046,,
2017-01-18,252.9851,,289.364189,,205.685357,,,236.195219,,
2017-01-19,252.531,,287.929155,,205.008485,,,234.671672,,
2017-01-20,252.8684,,287.349058,,205.494912,,,234.441331,,
2017-01-23,252.9603,,285.738784,,205.403158,,,232.938797,,
2017-01-24,253.5928,,287.326234,,206.059578,,,234.395385,,
2017-01-25,254.0385,,287.402655,,206.913209,,,235.01595,,
2017-01-26,253.9063,,289.028285,,206.841798,,,236.386713,,
2017-01-27,253.6712,,288.477044,,206.707233,,,236.000898,,
2017-01-30,252.7808,,287.442963,,205.907675,,,235.07044,,
2017-01-31,253.1604,,285.05106,,206.086366,,,232.966802,,
2017-02-01,252.7214,,285.333717,,206.026366,,,233.534886,,
2017-02-02,252.8332,,285.722645,,206.148813,,,233.888725,,
2017-02-03,254.0285,,286.352077,,207.032393,,,234.300968,,
2017-02-06,254.3202,,287.638373,,207.044171,,,235.096878,,
2017-02-07,254.2541,,289.329376,,207.131118,,,236.639807,,
2017-02-08,254.9604,,289.73986,,207.530847,,,236.775117,,
2017-02-09,255.1267,,291.213716,,208.069369,,,238.441559,,
2017-02-10,255.7628,,292.362526,,208.550807,,,239.339341,,
2017-02-13,256.0783,,293.93371,,209.114946,,,240.979212,,
2017-02-14,256.416,,294.844688,,209.417186,,,241.756631,,
2017-02-15,257.1818,,295.008149,,209.951723,,,241.785978,,
2017-02-16,257.209,,292.938697,,210.020033,,,240.142592,,
2017-02-17,257.4642,,295.056468,,210.404375,,,242.081133,,
2017-02-21,258.2603,,298.178116,,211.144241,,,244.745798,,
2017-02-22,257.9288,,297.02247,,211.093652,,,244.052089,,
2017-02-23,258.9009,,297.46847,,211.314467,,,243.755542,,
2017-02-24,259.6847,,298.970876,,211.794836,,,244.802459,,
2017-02-27,259.4022,,297.903672,,211.834853,,,244.240401,,
2017-02-28,259.2685,,298.026029,,211.46086,,,244.035114,,
2017-03-01,261.1845,,301.082494,,212.85135,,,246.338561,,
2017-03-02,259.0968,,299.841573,,211.879504,,,246.170854,,
2017-03-03,259.2072,,296.687585,,212.02228,,,243.641745,,
2017-03-06,258.3497,,296.818328,,211.612393,,,244.085365,,
2017-03-07,257.3266,,296.129837,,211.119578,,,243.918018,,
2017-03-08,255.9083,,295.134641,,210.67691,,,243.933049,,
2017-03-09,255.5338,,293.738591,,210.580737,,,243.024009,,
2017-03-10,256.1015,,291.781224,,211.145717,,,241.515708,,
2017-03-13,255.8244,,292.012846,,211.079346,,,241.893177,,
2017-03-14,255.1106,,292.475017,,210.620723,,,242.426034,,
2017-03-15,257.829,,292.06878,,212.199707,,,241.332627,,
2017-03-16,257.4845,,290.819504,,211.858365,,,240.234813,,
2017-03-17,257.5035,,291.53706,,211.811028,,,240.755983,,
2017-03-20,257.502,,291.500071,,211.798287,,,240.712359,,
2017-03-21,255.8815,,287.781765,,210.343871,,,237.504658,,
2017-03-22,256.5411,,288.862979,,210.750456,,,238.243655,,
2017-03-23,256.3955,,289.055106,,210.649777,,,238.423543,,
2017-03-24,256.2941,,288.60357,,210.484345,,,237.958256,,
2017-03-27,256.2829,,286.824227,,210.557338,,,236.583509,,
2017-03-28,257.0815,,289.045798,,211.28486,,,238.49655,,
2017-03-29,257.7002,,291.044202,,211.588151,,,239.912805,,
2017-03-30,257.6528,,293.47164,,211.84042,,,242.246767,,
2017-03-31,257.3627,,293.597838,,211.602869,,,242.352045,,
2017-04-03,257.774,,293.725272,,211.692298,,,242.17268,,
2017-04-04,257.7255,,293.612216,,211.702005,,,242.136125,,
2017-04-05,257.3961,,293.50374,,211.41281,,,242.025354,,
2017-04-06,257.7778,,294.449919,,211.759525,,,242.843659,,
2017-04-07,257.5742,,295.714962,,211.45025,,,243.723288,,
2017-04-10,258.0176,,296.059062,,211.637906,,,243.803744,,
2017-04-11,259.1149,,297.068602,,211.716978,,,243.69013,,
2017-04-12,258.724,,294.937694,,211.349581,,,241.887174,,
2017-04-13,257.7119,,295.251271,,210.632515,,,242.270538,,
2017-04-17,258.8297,,295.665355,,211.713381,,,242.802148,,
2017-04-18,258.7588,,293.193089,,211.672728,,,240.791635,,
2017-04-19,257.5178,,292.296384,,211.308067,,,240.796491,,
2017-04-20,258.8655,,293.697215,,212.208607,,,241.716633,,
2017-04-21,258.4488,,292.972904,,211.821426,,,241.068636,,
2017-04-24,259.4685,,290.325311,,213.099552,,,239.387066,,
2017-04-25,259.6891,,288.952522,,213.566315,,,238.574163,,
2017-04-26,259.9084,,289.782682,,213.588443,,,239.082479,,
2017-04-27,259.3395,,290.047492,,213.776712,,,240.037296,,
2017-04-28,258.9367,,288.863544,,213.65075,,,239.288284,,
2017-05-01,258.3288,,288.169519,,213.749328,,,239.385511,,
2017-05-02,258.2363,,287.191441,,213.922762,,,238.852114,,
2017-05-03,257.8788,,288.061375,,213.674357,,,239.629169,,
2017-05-04,256.7579,,284.221251,,213.751831,,,237.55297,,
2017-05-05,257.753,,284.918076,,214.276708,,,237.798509,,
2017-05-08,257.5381,,286.656208,,214.086577,,,239.236363,,
2017-05-09,256.9636,,287.318898,,213.978889,,,240.204644,,
2017-05-10,257.5009,,288.107807,,214.229496,,,240.643109,,
2017-05-11,257.2812,,287.991868,,213.958301,,,240.44691,,
2017-05-12,257.3404,,286.197705,,214.06724,,,239.015614,,
2017-05-15,258.3941,,286.238363,,214.746443,,,238.830129,,
2017-05-16,258.667,,283.758546,,214.731714,,,236.495021,,
2017-05-17,257.4957,,280.544615,,212.886711,,,232.861878,,
2017-05-18,257.4714,,281.963549,,213.350581,,,234.571742,,
2017-05-19,258.9509,,280.90157,,214.183974,,,233.260715,,
2017-05-22,259.598,,280.859217,,214.782723,,,233.294537,,
2017-05-23,259.5903,,282.255027,,214.905046,,,234.594446,,
2017-05-24,260.2429,,282.063991,,215.358497,,,234.341204,,
2017-05-25,260.4227,,282.450246,,216.011856,,,235.211524,,
2017-05-26,260.8299,,283.656133,,215.949772,,,235.779173,,
2017-05-30,260.4136,,283.05654,,216.003379,,,235.715404,,
2017-05-31,260.5268,,281.728697,,216.065185,,,234.574805,,
2017-06-01,261.5843,,283.667076,,217.056957,,,236.313676,,
2017-06-02,262.5368,,282.945881,,217.764816,,,235.623602,,
2017-06-05,262.1545,,283.204201,,217.537011,,,235.935568,,
2017-06-06,262.7484,,283.28443,,217.297944,,,235.210188,,
2017-06-07,262.0482,,283.023976,,217.430634,,,235.765724,,
2017-06-08,261.6453,,283.695267,,217.416025,,,236.672932,,
2017-06-09,261.3111,,283.765681,,217.14499,,,236.738948,,
2017-06-12,261.2097,,283.455543,,217.120176,,,236.544973,,
2017-06-13,262.2941,,284.490088,,217.773711,,,237.13844,,
2017-06-14,261.9581,,283.900229,,217.893266,,,237.080376,,
2017-06-15,261.6465,,285.41227,,217.587098,,,238.291602,,
2017-06-16,262.271,,284.79789,,217.663702,,,237.295987,,
2017-06-19,262.8724,,286.692927,,218.636227,,,239.393305,,
2017-06-20,261.7906,,285.879841,,217.887232,,,238.87965,,
2017-06-21,261.2867,,284.425152,,217.866568,,,238.09988,,
2017-06-22,261.4048,,284.992628,,217.845944,,,238.444569,,
2017-06-23,262.1421,,284.744393,,218.028063,,,237.765419,,
2017-06-26,261.6066,,284.432106,,218.181249,,,238.158032,,
2017-06-27,259.9211,,278.708616,,216.873453,,,233.471105,,
2017-06-28,261.2198,,279.163061,,218.067363,,,233.970131,,
2017-06-29,259.131,,275.407959,,216.748517,,,231.276304,,
2017-06-30,259.5414,,276.36117,,216.877205,,,231.847371,,
2017-07-03,259.4314,,277.564132,,216.945324,,,233.028471,,
2017-07-05,259.5246,,277.981878,,217.294737,,,233.671125,,
2017-07-06,257.8146,,274.392684,,215.939228,,,230.735518,,
2017-07-07,258.2112,,275.354764,,216.746858,,,232.05355,,
2017-07-10,258.7107,,275.91163,,216.930895,,,232.270958,,
2017-07-11,258.7294,,274.331196,,216.904518,,,230.89573,,
2017-07-12,260.5203,,277.561529,,218.153646,,,233.344767,,
2017-07-13,260.4029,,277.789447,,218.266123,,,233.762126,,
2017-07-14,261.6477,,277.437572,,218.971761,,,233.106484,,
2017-07-17,261.7956,,277.289663,,219.001208,,,232.881899,,
2017-07-18,262.3621,,276.095208,,219.267533,,,231.659433,,
2017-07-19,263.4634,,278.169153,,219.998735,,,233.199034,,
2017-07-20,263.674,,275.63383,,220.081306,,,230.97568,,
2017-07-21,263.697,,274.863742,,220.121193,,,230.352013,,
2017-07-24,263.2138,,274.935259,,220.006745,,,230.714913,,
2017-07-25,262.824,,274.377224,,220.01388,,,230.595594,,
2017-07-26,263.1309,,272.632712,,220.181749,,,229.036827,,
2017-07-27,262.7083,,273.556409,,219.932824,,,229.922269,,
2017-07-28,263.1869,,272.326345,,219.957106,,,228.497406,,
2017-07-31,263.3241,,270.346788,,219.841274,,,226.598862,,
2017-08-01,263.9154,,271.858422,,220.37784,,,227.910255,,
2017-08-02,263.7702,,270.478145,,220.376748,,,226.876811,,
2017-08-03,263.9509,,270.387479,,220.301978,,,226.568596,,
2017-08-04,263.4923,,272.088868,,220.396545,,,228.489114,,
2017-08-07,263.5809,,271.700331,,220.632667,,,228.330502,,
2017-08-08,263.0043,,272.063305,,220.232864,,,228.721576,,
2017-08-09,263.7491,,272.72701,,220.299963,,,228.701744,,
2017-08-10,262.413,,270.988166,,218.525818,,,226.561245,,
2017-08-11,262.8907,,270.367614,,218.790699,,,225.90518,,
2017-08-14,263.2549,,271.712171,,220.051733,,,228.021243,,
2017-08-15,262.6754,,272.151486,,219.914172,,,228.75069,,
2017-08-16,263.4773,,272.246813,,220.299229,,,228.533813,,
2017-08-17,261.8591,,271.53252,,218.362507,,,227.326539,,
2017-08-18,261.6525,,270.519927,,218.105688,,,226.391048,,
2017-08-21,261.8225,,269.467357,,218.273385,,,225.537036,,
2017-08-22,263.0311,,271.91981,,219.55884,,,227.878085,,
2017-08-23,263.0537,,270.869801,,219.296371,,,226.707301,,
2017-08-24,262.5855,,270.568737,,218.872103,,,226.420201,,
2017-08-25,263.3276,,268.576699,,219.244644,,,224.501285,,
2017-08-28,263.927,,267.8644,,219.275746,,,223.429062,,
2017-08-29,264.1264,,268.212319,,219.555247,,,223.83532,,
2017-08-30,265.1276,,271.234053,,220.165418,,,226.129001,,
2017-08-31,266.6965,,272.250298,,221.078699,,,226.577006,,
2017-09-01,266.7041,,273.357537,,221.066107,,,227.479053,,
2017-09-05,267.4282,,272.951396,,220.481121,,,225.926624,,
2017-09-06,267.4015,,272.798179,,220.823825,,,226.173357,,
2017-09-07,268.9867,,271.998188,,221.029929,,,224.390349,,
2017-09-08,268.703,,271.433613,,220.771151,,,223.89857,,
2017-09-11,269.2119,,273.847698,,221.944897,,,226.661571,,
2017-09-12,269.6704,,273.967945,,222.269148,,,226.706277,,
2017-09-13,269.2782,,275.440847,,222.236146,,,228.22317,,
2017-09-14,269.9783,,275.394629,,222.245669,,,227.602906,,
2017-09-15,270.2112,,275.11512,,222.403004,,,227.336752,,
2017-09-18,269.9733,,274.684265,,222.654173,,,227.437301,,
2017-09-19,270.4519,,274.122774,,222.736596,,,226.654605,,
2017-09-20,269.8193,,275.873629,,222.711895,,,228.611713,,
2017-09-21,269.1371,,273.99858,,222.339496,,,227.252802,,
2017-09-22,270.0873,,274.830155,,222.433387,,,227.236496,,
2017-09-25,270.5604,,277.616651,,222.367648,,,229.071346,,
2017-09-26,269.9134,,278.277449,,222.416113,,,230.217166,,
2017-09-27,269.3937,,278.86261,,222.676109,,,231.416523,,
2017-09-28,269.4087,,277.900871,,222.846101,,,230.781621,,
2017-09-29,269.8039,,277.691206,,223.244186,,,230.681065,,
2017-10-02,270.0474,,279.834745,,223.878424,,,232.911947,,
2017-10-03,270.3708,,279.883587,,224.239855,,,233.049586,,
2017-10-04,270.9033,,280.091383,,224.377396,,,232.906947,,
2017-10-05,271.1286,,281.466151,,225.134421,,,234.644636,,
2017-10-06,270.8794,,280.661015,,224.837465,,,233.879782,,
2017-10-09,271.5333,,281.18276,,224.746375,,,233.65559,,
2017-10-10,272.0767,,280.132429,,225.110493,,,232.694255,,
2017-10-11,272.5768,,279.454492,,225.334246,,,231.935535,,
2017-10-12,272.9651,,280.524453,,225.240208,,,232.395336,,
2017-10-13,273.7532,,281.620057,,225.628497,,,233.032351,,
2017-10-16,273.6283,,282.018974,,225.720026,,,233.563673,,
2017-10-17,273.2072,,282.293363,,225.785452,,,234.219134,,
2017-10-18,272.608,,281.158077,,225.769944,,,233.773877,,
2017-10-19,273.7505,,280.825953,,225.881242,,,232.63785,,
2017-10-20,273.9266,,282.762717,,226.31344,,,234.539595,,
2017-10-23,273.6098,,283.108782,,225.88273,,,234.651108,,
2017-10-24,273.7286,,282.930696,,225.9269,,,234.447562,,
2017-10-25,272.4659,,280.40966,,225.200137,,,232.684445,,
2017-10-26,272.5222,,284.386959,,225.279984,,,236.019718,,
2017-10-27,274.1087,,287.139338,,226.577449,,,238.289248,,
2017-10-30,274.1191,,286.038652,,226.322321,,,237.099534,,
2017-10-31,274.5287,,286.576752,,226.47513,,,237.351296,,
2017-11-01,275.2165,,287.997049,,226.699991,,,238.167754,,
2017-11-02,275.9638,,287.773371,,226.797492,,,237.440405,,
2017-11-03,276.4406,,289.537185,,227.338087,,,239.052126,,
2017-11-06,277.8896,,291.032267,,227.636081,,,239.346916,,
2017-11-07,277.8675,,291.576797,,227.560694,,,239.734394,,
2017-11-08,277.9824,,291.473456,,227.737167,,,239.736141,,
2017-11-09,277.0789,,289.350676,,227.17629,,,238.17816,,
2017-11-10,275.7341,,287.425362,,226.768628,,,237.320617,,
2017-11-13,275.8921,,287.488994,,226.895692,,,237.370146,,
2017-11-14,275.7853,,284.191521,,226.667355,,,234.502171,,
2017-11-15,275.3447,,283.910762,,226.161072,,,234.121272,,
2017-11-16,276.0941,,285.20113,,227.218591,,,235.643718,,
2017-11-17,276.919,,285.60671,,226.910158,,,234.956507,,
2017-11-20,276.7342,,286.759007,,227.10352,,,236.263149,,
2017-11-21,277.8714,,287.800029,,228.079584,,,237.165374,,
2017-11-22,278.0166,,285.887435,,228.120655,,,235.508636,,
2017-11-24,278.2859,,283.609513,,228.413572,,,233.705743,,
2017-11-27,277.8863,,283.937766,,228.347117,,,234.244523,,
2017-11-28,279.8868,,287.445876,,229.736899,,,236.87668,,
2017-11-29,278.2762,,285.565013,,229.424697,,,236.367079,,
2017-11-30,279.8362,,285.795614,,230.48618,,,236.327599,,
2017-12-01,280.5611,,286.752757,,230.461109,,,236.480689,,
2017-12-04,279.777,,286.676806,,230.288179,,,236.902739,,
2017-12-05,279.0496,,286.884161,,229.877038,,,237.267715,,
2017-12-06,279.1151,,287.671585,,229.998882,,,237.989198,,
2017-12-07,279.2615,,288.384794,,230.312633,,,238.779445,,
2017-12-08,280.3437,,289.581062,,231.036733,,,239.595291,,
2017-12-11,280.4847,,289.748865,,231.423403,,,240.014639,,
2017-12-12,280.4364,,290.35773,,231.624956,,,240.76993,,
2017-12-13,281.5739,,289.464646,,231.870136,,,239.31275,,
2017-12-14,280.861,,289.903571,,231.323372,,,239.717384,,
2017-12-15,282.348,,292.219988,,232.513385,,,241.596729,,
2017-12-18,283.7186,,292.756234,,233.277368,,,241.662262,,
2017-12-19,283.0274,,290.646743,,232.459645,,,239.663798,,
2017-12-20,283.283,,290.105445,,232.178885,,,238.712948,,
2017-12-21,284.4656,,291.245378,,232.54199,,,239.02788,,
2017-12-22,284.7944,,291.958208,,232.55039,,,239.344915,,
2017-12-26,285.5283,,292.730317,,232.46081,,,239.268858,,
2017-12-27,286.5841,,293.115677,,232.818682,,,239.068672,,
2017-12-28,287.162,,292.327035,,233.039116,,,238.170914,,
2017-12-29,286.7043,,290.3416,,232.607776,,,236.492394,,
2018-01-02,287.9769,,290.341262,,233.468294,,,236.318056,,
2018-01-03,289.7534,,293.202242,,234.360122,,,238.089558,,
2018-01-04,290.869,,293.014105,,234.898385,,,237.568583,,
2018-01-05,291.6795,,294.827339,,235.773829,,,239.262882,,
2018-01-08,292.4119,,297.059448,,236.011452,,,240.712859,,
2018-01-09,292.0579,,297.452968,,236.073163,,,241.386987,,
2018-01-10,291.5761,,296.686375,,235.855186,,,240.940051,,
2018-01-11,293.9677,,297.034038,,236.920392,,,240.340485,,
2018-01-12,296.1572,,295.040825,,237.837977,,,237.880536,,
2018-01-16,295.8843,,293.412865,,237.373918,,,236.324157,,
2018-01-17,297.6459,,296.976566,,238.628891,,,239.035931,,
2018-01-18,296.3076,,294.380113,,238.173746,,,237.562261,,
2018-01-19,296.9784,,295.58764,,238.629812,,,238.45366,,
2018-01-22,298.6476,,296.099948,,239.750353,,,238.647256,,
2018-01-23,299.3846,,295.949694,,240.292849,,,238.47737,,
2018-01-24,298.6268,,292.614261,,240.131753,,,236.22953,,
2018-01-25,298.7198,,293.033687,,240.447498,,,236.805447,,
2018-01-26,300.4709,,293.904815,,241.933468,,,237.584511,,
2018-01-29,298.914,,293.498909,,240.811984,,,237.38661,,
2018-01-30,296.5503,,290.689688,,239.167474,,,235.370084,,
2018-01-31,296.9064,,290.780846,,239.317279,,,235.308806,,
2018-02-01,296.1394,,287.829191,,238.857272,,,233.074628,,
2018-02-02,292.0366,,285.047061,,235.456065,,,230.731587,,
2018-02-05,290.4225,,285.500204,,229.931619,,,226.930436,,
2018-02-06,292.1207,,286.930642,,232.383279,,,229.159233,,
2018-02-07,291.5016,,288.986626,,231.414162,,,230.32688,,
2018-02-08,291.6709,,289.534597,,226.051731,,,225.285422,,
2018-02-09,290.6053,,288.415571,,227.969818,,,227.148782,,
2018-02-12,291.8662,,288.691263,,229.998658,,,228.398384,,
2018-02-13,292.5263,,287.959537,,230.376387,,,227.678698,,
2018-02-14,291.8839,,285.033035,,231.928554,,,227.382567,,
2018-02-15,292.4756,,284.313664,,233.82082,,,228.196594,,
2018-02-16,292.4351,,286.496422,,234.042666,,,230.198574,,
2018-02-20,292.2111,,287.957036,,233.071698,,,230.588908,,
2018-02-21,291.1778,,288.204977,,232.073639,,,230.614662,,
2018-02-22,291.5559,,287.479154,,232.26151,,,229.921538,,
2018-02-23,292.3028,,289.066669,,234.72224,,,233.043594,,
2018-02-26,292.6314,,288.832442,,236.423507,,,234.279124,,
2018-02-27,292.5397,,290.750774,,234.446158,,,233.936008,,
2018-02-28,292.4167,,291.550952,,233.284695,,,233.515884,,
2018-03-01,292.4546,,289.843952,,231.327744,,,230.17142,,
2018-03-02,291.4185,,287.660979,,231.899161,,,229.816338,,
2018-03-05,291.6949,,287.471653,,233.449211,,,230.981123,,
2018-03-06,292.7016,,286.898542,,233.824332,,,230.096936,,
2018-03-07,291.9649,,285.994286,,233.754782,,,229.882073,,
2018-03-08,291.849,,288.195909,,234.588025,,,232.569805,,
2018-03-09,292.6476,,289.170071,,236.858066,,,234.971095,,
2018-03-12,293.6026,,289.405693,,236.734891,,,234.275747,,
2018-03-13,293.465,,287.971858,,235.946343,,,232.447497,,
2018-03-14,293.3777,,288.405317,,235.375419,,,232.303181,,
2018-03-15,292.2385,,288.747057,,235.223116,,,233.333999,,
2018-03-16,292.166,,289.058357,,235.330189,,,233.749875,,
2018-03-19,291.8769,,287.667342,,233.31891,,,230.8653,,
2018-03-20,291.8396,,289.836959,,233.408112,,,232.725181,,
2018-03-21,293.3061,,289.01501,,233.126426,,,230.626229,,
2018-03-22,292.0339,,288.605888,,229.812181,,,228.014702,,
2018-03-23,291.021,,286.408163,,226.873979,,,224.16285,,
2018-03-26,293.5387,,286.787213,,230.566907,,,226.156606,,
2018-03-27,292.8711,,287.085514,,228.477633,,,224.851784,,
2018-03-28,291.7331,,288.170407,,228.114738,,,226.222035,,
2018-03-29,292.1255,,288.731619,,230.127281,,,228.355182,,
2018-04-02,292.0407,,288.614954,,227.061138,,,225.287008,,
2018-04-03,292.0401,,289.364742,,228.70835,,,227.511331,,
2018-04-04,292.5196,,289.648631,,230.207632,,,228.851685,,
2018-04-05,292.1921,,290.239203,,231.165813,,,230.530875,,
2018-04-06,291.6358,,288.74058,,228.288932,,,226.918411,,
2018-04-09,292.4136,,288.542506,,229.037366,,,226.901026,,
2018-04-10,293.713,,289.006023,,231.157287,,,228.354304,,
2018-04-11,293.987,,289.008964,,230.509079,,,227.504039,,
2018-04-12,293.5948,,289.576445,,231.438301,,,229.175397,,
2018-04-13,293.121,,289.031747,,231.050748,,,228.730395,,
2018-04-16,293.1895,,287.938578,,232.214661,,,228.959657,,
2018-04-17,293.2229,,288.208861,,233.724788,,,230.63866,,
2018-04-18,293.2705,,288.146153,,233.573063,,,230.401388,,
2018-04-19,292.7778,,288.328513,,232.570139,,,229.943581,,
2018-04-20,292.2319,,289.180037,,231.125741,,,229.618508,,
2018-04-23,291.998,,290.775781,,231.063271,,,231.008074,,
2018-04-24,291.617,,289.843194,,229.071092,,,228.580113,,
2018-04-25,291.7927,,291.72551,,229.287801,,,230.143558,,
2018-04-26,291.9635,,293.266144,,230.844285,,,232.79325,,
2018-04-27,292.034,,292.778161,,231.086251,,,232.593331,,
2018-04-30,291.6222,,293.544214,,230.043745,,,232.477679,,
2018-05-01,291.2869,,295.309509,,230.209177,,,234.313331,,
2018-05-02,290.8564,,295.882244,,229.284309,,,234.170672,,
2018-05-03,291.3967,,295.509541,,229.081039,,,233.2351,,
2018-05-04,291.8359,,296.657738,,230.927302,,,235.673165,,
2018-05-07,292.0008,,297.761508,,231.350638,,,236.849844,,
2018-05-08,292.1491,,299.371687,,231.249966,,,237.906187,,
2018-05-09,292.2272,,299.790327,,232.48007,,,239.442146,,
2018-05-10,292.8214,,298.761187,,233.995061,,,239.687807,,
2018-05-11,292.7789,,298.147322,,234.468839,,,239.714419,,
2018-05-14,292.3354,,297.990231,,234.442696,,,239.924839,,
2018-05-15,291.7024,,299.575526,,233.05605,,,240.294924,,
2018-05-16,291.5302,,300.182252,,233.54078,,,241.424908,,
2018-05-17,291.2168,,300.2079,,233.298733,,,241.454864,,
2018-05-18,291.5545,,301.184291,,233.186195,,,241.842872,,
2018-05-21,291.855,,300.909181,,234.253197,,,242.47765,,
2018-05-22,291.5986,,300.979211,,233.86141,,,242.341346,,
2018-05-23,291.9862,,303.512957,,234.497717,,,244.7211,,
2018-05-24,292.2506,,303.170845,,234.472187,,,244.197517,,
2018-05-25,292.1711,,304.943662,,234.341782,,,245.555673,,
2018-05-29,293.1712,,308.867227,,233.341398,,,246.808554,,
2018-05-30,293.4047,,305.889792,,234.977156,,,245.946954,,
2018-05-31,293.0362,,304.745114,,234.033523,,,244.34949,,
2018-06-01,293.0039,,305.571515,,235.289141,,,246.353785,,
2018-06-04,292.6496,,304.137533,,235.743046,,,245.968143,,
2018-06-05,293.0484,,304.060725,,235.9166,,,245.752169,,
2018-06-06,292.907,,302.452961,,236.882699,,,245.572267,,
2018-06-07,293.6977,,302.637083,,237.071177,,,245.255209,,
2018-06-08,293.5888,,303.332178,,237.371274,,,246.220976,,
2018-06-11,293.525,,302.869867,,237.454495,,,245.985356,,
2018-06-12,293.3411,,303.64398,,237.663588,,,246.985976,,
2018-06-13,293.0915,,302.18404,,237.118206,,,245.443248,,
2018-06-14,293.4819,,308.470121,,237.725437,,,250.85648,,
2018-06-15,292.2292,,306.110704,,237.573582,,,249.84516,,
2018-06-18,291.8333,,305.264632,,237.293831,,,249.198819,,
2018-06-19,291.9852,,306.335503,,236.848828,,,249.47419,,
2018-06-20,291.0517,,305.823267,,236.911682,,,249.922149,,
2018-06-21,290.9871,,304.896296,,236.053648,,,248.317322,,
2018-06-22,290.9609,,303.492957,,236.390629,,,247.549543,,
2018-06-25,291.0322,,302.324836,,234.416067,,,244.477022,,
2018-06-26,290.6628,,303.413708,,234.874423,,,246.149728,,
2018-06-27,291.1962,,306.425341,,233.874854,,,247.081592,,
2018-06-28,291.5285,,306.395768,,234.665879,,,247.610797,,
2018-06-29,291.3975,,303.261443,,234.950791,,,245.485686,,
2018-07-02,290.5387,,303.474386,,235.16063,,,246.604249,,
2018-07-03,290.995,,303.458227,,234.864528,,,245.894439,,
2018-07-05,291.4954,,303.147935,,236.091915,,,246.50283,,
2018-07-06,291.8149,,302.125915,,237.391793,,,246.753945,,
2018-07-09,292.2004,,302.321638,,238.583311,,,247.82572,,
2018-07-10,292.2023,,302.47806,,239.03384,,,248.420553,,
2018-07-11,290.9876,,303.065757,,238.014341,,,248.876218,,
2018-07-12,291.9509,,304.128967,,239.425014,,,250.400608,,
2018-07-13,292.0682,,303.891811,,239.63314,,,250.322271,,
2018-07-16,291.4694,,302.566999,,239.396089,,,249.495967,,
2018-07-17,291.0648,,303.460733,,239.943945,,,251.154231,,
2018-07-18,291.1659,,304.14519,,240.211705,,,251.914111,,
2018-07-19,291.001,,303.899825,,239.821301,,,251.444194,,
2018-07-20,290.5961,,301.467385,,239.457556,,,249.400308,,
2018-07-23,289.4971,,301.018252,,239.392309,,,249.906006,,
2018-07-24,289.9345,,301.692391,,240.256018,,,250.990119,,
2018-07-25,291.3409,,302.008105,,241.49632,,,251.330703,,
2018-07-26,290.6404,,303.486743,,241.09751,,,252.751857,,
2018-07-27,290.571,,303.130477,,240.184281,,,251.558968,,
2018-07-30,289.9696,,301.161818,,239.338248,,,249.561412,,
2018-07-31,290.4722,,302.057993,,240.127371,,,250.694792,,
2018-08-01,288.983,,301.326451,,239.785844,,,251.018882,,
2018-08-02,289.0681,,303.369285,,240.603438,,,253.507701,,
2018-08-03,289.6837,,304.499006,,241.442471,,,254.796451,,
2018-08-06,289.386,,304.507291,,242.032454,,,255.688781,,
2018-08-07,289.4508,,303.396387,,242.33796,,,255.020437,,
2018-08-08,289.406,,303.051559,,242.274546,,,254.703356,,
2018-08-09,289.7958,,305.647504,,242.21806,,,256.479806,,
2018-08-10,290.5088,,309.503508,,241.451514,,,258.258191,,
2018-08-13,289.286,,308.238574,,240.964717,,,257.769134,,
2018-08-14,289.2951,,310.036272,,241.795265,,,260.157954,,
2018-08-15,287.6932,,308.286911,,240.852077,,,259.115727,,
2018-08-16,288.0358,,307.799413,,242.0653,,,259.699877,,
2018-08-17,288.4123,,306.595533,,242.638358,,,258.958035,,
2018-08-20,289.5674,,306.606266,,243.147486,,,258.475289,,
2018-08-21,290.1979,,304.912958,,243.407576,,,256.763682,,
2018-08-22,290.9,,304.954849,,243.402173,,,256.173476,,
2018-08-23,290.1934,,305.772397,,243.147744,,,257.216532,,
2018-08-24,292.1521,,305.674378,,244.130605,,,256.442581,,
2018-08-27,293.0344,,305.074675,,245.162263,,,256.24716,,
2018-08-28,291.9518,,303.516126,,245.05593,,,255.772423,,
2018-08-29,293.2492,,304.534182,,245.824972,,,256.296748,,
2018-08-30,292.7934,,304.993543,,245.270342,,,256.502904,,
2018-08-31,292.181,,306.200046,,245.264372,,,258.051052,,
2018-09-04,291.6659,,306.185475,,244.906426,,,258.11723,,
2018-09-05,290.5993,,303.790867,,244.463462,,,256.573616,,
2018-09-06,290.8718,,304.243174,,244.18468,,,256.422142,,
2018-09-07,289.8297,,305.026979,,243.552834,,,257.339493,,
2018-09-10,289.9052,,304.056189,,243.899335,,,256.818525,,
2018-09-11,289.7188,,303.525515,,244.219,,,256.871465,,
2018-09-12,290.2668,,303.539849,,244.311992,,,256.496251,,
2018-09-13,290.2495,,301.849648,,245.249109,,,256.061638,,
2018-09-14,289.6877,,303.048966,,245.089846,,,257.410322,,
2018-09-17,289.5769,,301.340923,,244.311359,,,255.24412,,
2018-09-18,289.6278,,301.874513,,244.891984,,,256.258724,,
2018-09-19,288.7404,,300.745893,,244.863718,,,256.055718,,
2018-09-20,290.0061,,299.371065,,246.181619,,,255.138619,,
2018-09-21,289.6617,,299.786852,,246.127803,,,255.740829,,
2018-09-24,289.7959,,299.905317,,245.542871,,,255.115677,,
2018-09-25,290.2386,,299.893732,,245.35866,,,254.525616,,
2018-09-26,289.9232,,300.305478,,245.143617,,,254.928718,,
2018-09-27,289.7132,,302.570538,,245.626061,,,257.543555,,
2018-09-28,289.6392,,303.478735,,245.537103,,,258.289018,,
2018-10-01,290.0391,,304.551326,,246.02187,,,259.355552,,
2018-10-02,290.652,,306.016908,,246.054554,,,260.088651,,
2018-10-03,289.2937,,306.428554,,245.662017,,,261.243899,,
2018-10-04,288.0068,,304.100981,,244.227165,,,258.896951,,
2018-10-05,286.9781,,302.870118,,243.192749,,,257.677311,,
2018-10-08,285.3331,,301.878288,,243.157379,,,258.276603,,
2018-10-09,286.567,,303.196929,,243.087479,,,258.213592,,
2018-10-10,282.4043,,298.087025,,238.435818,,,252.674347,,
2018-10-11,282.2975,,296.033722,,235.572482,,,248.01423,,
2018-10-12,283.2798,,297.984015,,237.556227,,,250.877474,,
2018-10-15,282.3387,,296.437469,,236.70123,,,249.506055,,
2018-10-16,284.6075,,298.964154,,239.862052,,,252.960209,,
2018-10-17,284.1098,,300.335752,,239.688301,,,254.381512,,
2018-10-18,282.9333,,300.345644,,237.543602,,,253.161988,,
2018-10-19,281.7849,,297.557237,,237.387527,,,251.66834,,
2018-10-22,281.7131,,298.752962,,236.736739,,,252.051174,,
2018-10-23,281.2042,,298.062477,,236.129566,,,251.277591,,
2018-10-24,278.9791,,297.731343,,232.07387,,,248.654898,,
2018-10-25,280.7539,,300.083808,,234.491864,,,251.630009,,
2018-10-26,280.4148,,298.951248,,232.235029,,,248.567906,,
2018-10-29,278.1771,,297.366198,,231.364707,,,248.304862,,
2018-10-30,278.2555,,298.220955,,233.293694,,,251.024024,,
2018-10-31,278.8685,,299.712882,,234.745285,,,253.291558,,
2018-11-01,280.3802,,298.788591,,236.247092,,,252.755741,,
2018-11-02,278.8529,,297.711653,,235.131716,,,252.028567,,
2018-11-05,279.272,,297.651988,,235.966623,,,252.493299,,
2018-11-06,278.953,,296.814977,,236.877017,,,253.043734,,
2018-11-07,280.4858,,298.443313,,239.996945,,,256.374351,,
2018-11-08,280.3215,,299.906409,,239.56271,,,257.315793,,
2018-11-09,279.2638,,299.518125,,238.275331,,,256.56974,,
2018-11-12,276.7646,,299.941603,,235.762374,,,256.518417,,
2018-11-13,275.8948,,297.115785,,235.533336,,,254.655161,,
2018-11-14,276.1851,,296.960172,,234.578624,,,253.223661,,
2018-11-15,277.4404,,297.827856,,236.159919,,,254.518698,,
2018-11-16,278.8886,,296.993395,,236.688122,,,253.052353,,
2018-11-19,277.6158,,294.703467,,234.273184,,,249.678722,,
2018-11-20,275.7455,,294.85242,,231.642698,,,248.675366,,
2018-11-21,276.5887,,295.379928,,232.173072,,,248.929452,,
2018-11-23,275.319,,295.271588,,231.214573,,,248.95369,,
2018-11-26,276.4001,,296.637769,,233.437696,,,251.522665,,
2018-11-27,275.9189,,297.191759,,233.937712,,,252.972573,,
2018-11-28,278.1029,,297.467359,,237.343146,,,254.875671,,
2018-11-29,278.7282,,297.4453,,237.073149,,,253.995754,,
2018-11-30,279.4267,,300.142988,,237.922325,,,256.574435,,
2018-12-03,282.3403,,302.36694,,239.968038,,,258.007732,,
2018-12-04,280.9872,,301.177867,,235.555478,,,253.482284,,
2018-12-06,280.8456,,300.126409,,235.568911,,,252.739109,,
2018-12-07,279.1007,,297.8219,,232.421237,,,248.994297,,
2018-12-10,279.4253,,299.16348,,232.739097,,,250.167036,,
2018-12-11,279.4834,,300.24103,,232.808158,,,251.090398,,
2018-12-12,280.1816,,299.624895,,233.433874,,,250.622495,,
2018-12-13,279.5538,,299.266795,,233.419708,,,250.869892,,
2018-12-14,277.0523,,297.984846,,230.85426,,,249.280438,,
2018-12-17,275.7719,,295.457568,,228.293019,,,245.55887,,
2018-12-18,276.4731,,295.867249,,228.413546,,,245.405197,,
2018-12-19,275.4824,,294.405363,,226.447275,,,242.961156,,
2018-12-20,274.4258,,291.492743,,224.148815,,,239.032605,,
2018-12-21,271.7323,,290.558582,,221.352445,,,237.626382,,
2018-12-24,270.409,,288.380127,,217.903385,,,233.306076,,
2018-12-26,274.6758,,294.161381,,224.346644,,,241.214118,,
2018-12-27,276.4689,,294.097167,,225.514707,,,240.844823,,
2018-12-28,277.0461,,294.407191,,225.67539,,,240.767832,,
2018-12-31,278.5433,,295.879242,,227.092261,,,242.182079,,
2019-01-02,279.1365,,299.180994,,227.303169,,,244.591156,,
2019-01-03,278.0328,,296.679764,,224.422107,,,240.42267,,
2019-01-04,280.1654,,298.855713,,228.669419,,,244.89112,,
2019-01-07,281.3207,,298.06382,,229.586194,,,244.214378,,
2019-01-08,282.1505,,299.831458,,230.81991,,,246.256401,,
2019-01-09,283.6912,,298.809763,,231.542904,,,244.848971,,
2019-01-10,283.2605,,299.45357,,231.933466,,,246.164138,,
2019-01-11,283.8201,,300.869303,,232.108124,,,247.026168,,
2019-01-14,283.0877,,300.108608,,231.138057,,,246.006623,,
2019-01-15,283.7052,,302.202093,,232.736917,,,248.893375,,
2019-01-16,284.3684,,303.485561,,233.150422,,,249.81056,,
2019-01-17,285.1884,,304.435518,,234.147677,,,250.940757,,
2019-01-18,285.7571,,305.764825,,235.949362,,,253.470364,,
2019-01-22,285.0061,,305.022991,,234.116119,,,251.551912,,
2019-01-23,284.6396,,304.039229,,234.49795,,,251.472929,,
2019-01-24,285.3491,,306.854211,,234.741607,,,253.43322,,
2019-01-25,287.2429,,306.166273,,235.889189,,,252.425933,,
2019-01-28,286.3596,,304.690504,,234.753518,,,250.770918,,
2019-01-29,287.0063,,305.242353,,234.811322,,,250.720754,,
2019-01-30,289.406,,306.496767,,237.250709,,,252.257317,,
2019-01-31,291.4747,,309.569482,,238.79192,,,254.621335,,
2019-02-01,291.748,,309.659558,,238.662375,,,254.31879,,
2019-02-04,291.7656,,310.160245,,239.588322,,,255.702856,,
2019-02-05,293.1552,,312.49821,,240.39471,,,257.27212,,
2019-02-06,292.4225,,312.877637,,240.160328,,,257.978131,,
2019-02-07,292.0375,,313.085689,,238.831706,,,257.059976,,
2019-02-08,293.0571,,314.72275,,239.216392,,,257.919818,,
2019-02-11,292.5524,,315.426259,,239.19915,,,258.923638,,
2019-02-12,294.0307,,315.65679,,241.063861,,,259.819925,,
2019-02-13,293.8617,,317.268439,,241.350835,,,261.607733,,
2019-02-14,294.9898,,317.524813,,241.17901,,,260.632198,,
2019-02-15,297.0062,,319.794352,,242.835956,,,262.504138,,
2019-02-19,298.6164,,320.133107,,243.134442,,,261.686493,,
2019-02-20,298.5734,,320.194305,,243.439975,,,262.103169,,
2019-02-21,296.1848,,317.685983,,242.700862,,,261.351196,,
2019-02-22,298.4859,,320.258674,,243.856501,,,262.68139,,
2019-02-25,298.2101,,319.221795,,244.022085,,,262.251033,,
2019-02-26,298.751,,318.916247,,244.030309,,,261.534468,,
2019-02-27,297.6108,,318.227209,,243.749559,,,261.66784,,
2019-02-28,296.7593,,317.286026,,243.308718,,,261.169324,,
2019-03-01,296.2885,,317.002906,,244.059215,,,262.157053,,
2019-03-04,296.1584,,317.520397,,243.652527,,,262.262612,,
2019-03-05,296.0876,,318.34006,,243.510199,,,262.848872,,
2019-03-06,295.6371,,317.892251,,242.77222,,,262.082417,,
2019-03-07,295.2446,,320.669525,,241.826002,,,263.69179,,
2019-03-08,295.7425,,320.114958,,241.66021,,,262.612421,,
2019-03-11,297.0693,,321.187918,,243.77319,,,264.609393,,
2019-03-12,298.8315,,321.893695,,244.508006,,,264.421684,,
2019-03-13,300.0291,,322.053716,,245.433171,,,264.494157,,
2019-03-14,298.7702,,321.340788,,245.19109,,,264.759254,,
2019-03-15,300.4939,,322.601059,,246.169171,,,265.327142,,
2019-03-18,301.1112,,322.935818,,246.679414,,,265.607359,,
2019-03-19,301.0932,,322.469884,,246.674555,,,265.234769,,
2019-03-20,302.3858,,322.094979,,246.625258,,,263.741215,,
2019-03-21,304.2904,,325.280835,,248.307939,,,266.488651,,
2019-03-22,302.8551,,325.832292,,245.946674,,,265.655049,,
2019-03-25,303.5329,,326.229507,,246.021616,,,265.465827,,
2019-03-26,304.5535,,328.663005,,247.130717,,,267.751458,,
2019-03-27,304.3536,,329.075326,,246.569534,,,267.654272,,
2019-03-28,304.5969,,330.072287,,247.130277,,,268.860763,,
2019-03-29,305.4614,,331.059256,,248.067366,,,269.921153,,
2019-04-01,305.6502,,331.408648,,249.376317,,,271.464002,,
2019-04-02,306.1571,,332.198256,,249.555567,,,271.855524,,
2019-04-03,305.2362,,330.382219,,249.605619,,,271.239461,,
2019-04-04,305.5107,,331.044809,,250.082827,,,272.058384,,
2019-04-05,306.5522,,332.318494,,250.88061,,,273.045522,,
2019-04-08,306.8334,,331.214534,,250.945025,,,271.958872,,
2019-04-09,306.8753,,331.28918,,250.2349,,,271.213364,,
2019-04-10,307.8811,,332.015303,,250.943659,,,271.687205,,
2019-04-11,306.4422,,331.083287,,250.770318,,,272.008644,,
2019-04-12,306.6346,,329.936496,,251.593711,,,271.785866,,
2019-04-15,306.6549,,329.81822,,251.483444,,,271.551384,,
2019-04-16,305.6744,,329.431071,,251.408388,,,272.021443,,
2019-04-17,305.0469,,328.379275,,251.031363,,,271.30325,,
2019-04-18,305.8496,,331.146394,,251.454884,,,273.331746,,
2019-04-22,306.2427,,330.73254,,251.466684,,,272.652524,,
2019-04-23,307.3935,,332.865422,,252.997814,,,275.048107,,
2019-04-24,308.1382,,335.879755,,252.895482,,,276.756127,,
2019-04-25,307.8752,,336.262406,,252.791167,,,277.193724,,
2019-04-26,308.5483,,336.746464,,253.701426,,,277.984565,,
2019-04-29,307.4659,,334.182106,,253.769999,,,276.913674,,
2019-04-30,308.7971,,334.737158,,253.903448,,,276.323103,,
2019-05-01,306.7642,,333.178156,,252.828755,,,275.686944,,
2019-05-02,305.1871,,332.150731,,252.271914,,,275.648624,,
2019-05-03,307.4099,,333.658869,,253.924903,,,276.699266,,
2019-05-06,307.6974,,334.015649,,253.428766,,,276.195619,,
2019-05-07,306.1673,,332.616035,,251.013138,,,273.778109,,
2019-05-08,305.6053,,331.97582,,250.780045,,,273.499435,,
2019-05-09,305.6741,,331.384318,,250.382051,,,272.517496,,
2019-05-10,306.6241,,331.878548,,251.165128,,,272.929276,,
2019-05-13,304.3257,,329.690243,,247.538465,,,269.232848,,
2019-05-14,305.7803,,331.81606,,248.956971,,,271.225226,,
2019-05-15,307.2681,,333.51985,,250.00374,,,272.438578,,
2019-05-16,308.3949,,335.548821,,251.281243,,,274.489976,,
2019-05-17,307.0907,,334.632936,,250.327742,,,273.86018,,
2019-05-20,306.1329,,333.311386,,249.199888,,,272.39923,,
2019-05-21,307.1664,,334.649434,,250.545274,,,274.044121,,
2019-05-22,307.2414,,334.986316,,250.243058,,,273.922217,,
2019-05-23,305.7896,,332.467156,,248.704078,,,271.473118,,
2019-05-24,307.119,,333.250897,,249.080278,,,271.34503,,
2019-05-28,306.7609,,334.159739,,247.835909,,,271.041779,,
2019-05-29,306.0449,,334.260343,,246.863475,,,270.691384,,
2019-05-30,307.659,,336.077601,,247.536217,,,271.472962,,
2019-05-31,307.9737,,335.231548,,245.994251,,,268.82775,,
2019-06-03,308.3176,,333.465112,,245.850113,,,266.95643,,
2019-06-04,310.6695,,335.67437,,248.962584,,,270.067009,,
2019-06-05,311.9482,,337.978171,,250.201744,,,272.153791,,
2019-06-06,313.8962,,338.43587,,251.155914,,,271.863952,,
2019-06-07,317.077,,340.175862,,252.944021,,,272.446391,,
2019-06-10,316.2397,,339.88345,,253.383339,,,273.406963,,
2019-06-11,315.6494,,338.814692,,253.319437,,,272.98807,,
2019-06-12,315.4497,,339.764293,,253.18075,,,273.776512,,
2019-06-13,316.7181,,341.454153,,254.031417,,,274.957034,,
2019-06-14,316.4535,,343.284659,,253.832789,,,276.445867,,
2019-06-17,316.7808,,343.302745,,253.862873,,,276.207523,,
2019-06-18,318.9909,,346.460732,,255.733867,,,278.857197,,
2019-06-19,320.1127,,346.657115,,256.434255,,,278.798954,,
2019-06-20,324.1885,,349.034425,,258.076183,,,278.956491,,
2019-06-21,323.0324,,345.42807,,257.584044,,,276.533905,,
2019-06-24,324.3254,,345.910104,,257.581312,,,275.812868,,
2019-06-25,322.8605,,345.329302,,256.073371,,,274.979819,,
2019-06-26,322.2841,,344.636985,,255.692538,,,274.510489,,
2019-06-27,323.2134,,345.627699,,256.523499,,,275.400184,,
2019-06-28,324.3716,,346.899783,,257.269256,,,276.227545,,
2019-07-01,324.1249,,349.173134,,258.753443,,,279.854601,,
2019-07-02,326.4487,,351.688982,,259.340113,,,280.499055,,
2019-07-03,328.627,,354.258595,,260.74882,,,282.200249,,
2019-07-05,326.2888,,353.408312,,260.140383,,,282.878705,,
2019-07-08,325.064,,352.401958,,259.22302,,,282.13755,,
2019-07-09,325.7093,,353.300011,,259.386163,,,282.473807,,
2019-07-10,326.8482,,353.180358,,260.205603,,,282.283163,,
2019-07-11,325.67,,351.813426,,260.188599,,,282.189472,,
2019-07-12,327.055,,352.804871,,260.994122,,,282.658724,,
2019-07-15,327.4303,,353.589357,,261.197811,,,283.183365,,
2019-07-16,325.7344,,353.267349,,260.589522,,,283.736175,,
2019-07-17,326.5926,,353.737362,,259.791709,,,282.499555,,
2019-07-18,328.2937,,353.924405,,260.523444,,,281.976334,,
2019-07-19,326.3822,,353.641804,,259.542129,,,282.333806,,
2019-07-22,327.174,,354.853957,,260.047485,,,283.166201,,
2019-07-23,327.0802,,356.571855,,261.059981,,,285.726812,,
2019-07-24,329.0206,,359.060712,,261.947298,,,286.996505,,
2019-07-25,327.3548,,357.028093,,261.049061,,,285.840458,,
2019-07-26,328.8346,,359.357734,,262.109944,,,287.574832,,
2019-07-29,328.6338,,358.490567,,261.867533,,,286.790689,,
2019-07-30,328.1344,,357.6249,,261.468141,,,286.096572,,
2019-07-31,326.7804,,358.718701,,259.800083,,,286.322312,,
2019-08-01,327.7828,,359.504193,,259.264834,,,285.482375,,
2019-08-02,326.1054,,356.968842,,258.127524,,,283.67726,,
2019-08-05,321.6127,,349.015207,,253.922845,,,276.650094,,
2019-08-06,325.0893,,352.926643,,256.330355,,,279.382819,,
2019-08-07,326.106,,354.020918,,256.363201,,,279.411134,,
2019-08-08,331.0043,,359.939567,,259.483181,,,283.284659,,
2019-08-09,328.9925,,357.173642,,258.28705,,,281.523027,,
2019-08-12,328.6217,,356.281101,,256.772667,,,279.48804,,
2019-08-13,330.7703,,359.9749,,259.025884,,,283.013248,,
2019-08-14,327.0734,,356.993413,,254.759604,,,279.166582,,
2019-08-15,328.4711,,359.539014,,255.626876,,,280.913919,,
2019-08-16,329.9786,,361.749314,,257.799592,,,283.740973,,
2019-08-19,330.9923,,363.2373,,259.397751,,,285.796327,,
2019-08-20,331.2519,,362.824571,,258.486191,,,284.245466,,
2019-08-21,332.3717,,364.547053,,259.69446,,,285.963186,,
2019-08-22,331.5379,,363.796645,,259.376148,,,285.741573,,
2019-08-23,328.8356,,358.945819,,255.793183,,,280.321833,,
2019-08-26,330.2135,,361.664388,,257.4478,,,283.085741,,
2019-08-27,331.7684,,363.69176,,257.16465,,,283.026825,,
2019-08-28,332.8075,,365.252416,,258.262732,,,284.56378,,
2019-08-29,334.8349,,368.162126,,260.184146,,,287.214994,,
2019-08-30,334.5523,,370.164802,,260.209142,,,289.049046,,
2019-09-03,334.0975,,370.166937,,259.273777,,,288.403736,,
2019-09-04,336.8249,,371.058311,,261.217828,,,288.907407,,
2019-09-05,337.3411,,371.66739,,262.778536,,,290.66516,,
2019-09-06,338.0115,,372.723526,,263.016033,,,291.17591,,
2019-09-09,335.4065,,369.107762,,262.647733,,,290.183857,,
2019-09-10,331.8122,,365.284576,,262.040744,,,289.618097,,
2019-09-11,332.4973,,367.129227,,263.182118,,,291.746129,,
2019-09-12,332.7917,,365.687348,,263.558257,,,290.758194,,
2019-09-13,330.3324,,362.706288,,262.829415,,,289.731535,,
2019-09-16,332.6864,,367.698698,,262.619105,,,291.407851,,
2019-09-17,333.8138,,366.525569,,263.177185,,,290.112282,,
2019-09-18,333.5129,,367.609563,,263.403376,,,291.483106,,
2019-09-19,334.0727,,367.853055,,263.541923,,,291.340578,,
2019-09-20,334.546,,369.163317,,263.170609,,,291.553306,,
2019-09-23,334.9474,,370.42328,,263.181446,,,292.209828,,
2019-09-24,334.5445,,369.071212,,262.22773,,,290.43756,,
2019-09-25,333.4905,,370.507412,,262.728735,,,293.04809,,
2019-09-26,333.4273,,371.214058,,262.573077,,,293.488671,,
2019-09-27,331.555,,368.427781,,261.860406,,,292.13562,,
2019-09-30,331.7128,,370.064391,,262.61216,,,294.135732,,
2019-10-01,329.6781,,366.613579,,260.928755,,,291.311935,,
2019-10-02,326.8703,,362.605614,,258.235179,,,287.6023,,
2019-10-03,330.0964,,366.017416,,259.905279,,,289.330322,,
2019-10-04,333.3201,,369.171028,,262.186769,,,291.537729,,
2019-10-07,331.4093,,367.262153,,261.224308,,,290.631685,,
2019-10-08,328.7945,,364.826733,,258.823038,,,288.325417,,
2019-10-09,330.5656,,366.29379,,260.242304,,,289.512741,,
2019-10-10,330.2989,,364.874173,,260.936159,,,289.393084,,
2019-10-11,331.0834,,364.73988,,262.224507,,,290.026052,,
2019-10-14,331.8067,,365.87157,,262.231446,,,290.299421,,
2019-10-15,332.0902,,365.935244,,263.445996,,,291.445712,,
2019-10-16,331.3035,,363.788988,,263.372952,,,290.343818,,
2019-10-17,331.2264,,361.981308,,263.806747,,,289.444291,,
2019-10-18,329.5242,,358.657307,,263.191695,,,287.595732,,
2019-10-21,330.4285,,360.299602,,263.97681,,,288.981437,,
2019-10-22,329.1847,,359.724163,,263.613292,,,289.211236,,
2019-10-23,330.1523,,360.603255,,264.161362,,,289.669318,,
2019-10-24,331.891,,363.367442,,264.447278,,,290.674896,,
2019-10-25,332.3998,,364.7457,,264.94544,,,291.879614,,
2019-10-28,332.0275,,363.66099,,265.622773,,,292.082713,,
2019-10-29,332.0595,,363.293455,,265.587933,,,291.721133,,
2019-10-30,333.5629,,363.681473,,266.377956,,,291.581259,,
2019-10-31,334.9958,,365.214277,,266.354887,,,291.532475,,
2019-11-01,337.0796,,367.044982,,267.874539,,,292.843875,,
2019-11-04,336.9015,,368.057623,,268.250951,,,294.219891,,
2019-11-05,333.9933,,366.656428,,267.674302,,,295.01637,,
2019-11-06,334.3629,,367.330852,,267.872814,,,295.451263,,
2019-11-07,333.5385,,366.9657,,267.925234,,,295.945001,,
2019-11-08,332.9968,,367.430467,,268.276039,,,297.190469,,
2019-11-11,332.8549,,366.77123,,267.982602,,,296.459106,,
2019-11-12,333.6328,,368.426498,,268.434447,,,297.603648,,
2019-11-13,334.6536,,369.641053,,268.674527,,,297.940181,,
2019-11-14,335.8188,,370.426604,,269.216476,,,298.137556,,
2019-11-15,336.9844,,370.773726,,270.328552,,,298.613171,,
2019-11-18,337.203,,370.253578,,270.661686,,,298.36818,,
2019-11-19,338.3867,,371.342001,,270.68066,,,298.219407,,
2019-11-20,339.303,,372.552678,,270.341424,,,298.009751,,
2019-11-21,338.5959,,372.236871,,269.923428,,,297.917601,,
2019-11-22,338.2008,,373.162428,,270.345588,,,299.474917,,
2019-11-25,339.8185,,375.11418,,271.708192,,,301.118254,,
2019-11-26,340.7911,,375.945435,,272.229572,,,301.501697,,
2019-11-27,340.9974,,376.89121,,272.829696,,,302.74325,,
2019-11-29,340.3097,,375.581373,,272.079649,,,301.469696,,
2019-12-02,337.3161,,370.147088,,270.57217,,,298.083734,,
2019-12-03,337.9845,,370.796871,,269.978542,,,297.362645,,
2019-12-04,338.69,,371.691615,,270.792001,,,298.355541,,
2019-12-05,338.4848,,370.579921,,270.968529,,,297.837553,,
2019-12-06,339.8383,,373.545284,,272.283769,,,300.476545,,
2019-12-09,339.3477,,372.888022,,271.832617,,,299.883781,,
2019-12-10,339.1376,,371.696302,,271.613373,,,298.869319,,
2019-12-11,340.509,,371.951944,,272.374109,,,298.704626,,
2019-12-12,340.9144,,372.471754,,273.308887,,,299.791724,,
2019-12-13,342.5266,,374.526023,,273.846674,,100.0,300.616665,,100.0
2019-12-16,343.4396,,374.668386,,274.748306,,100.884434,300.918987,,100.654489
2019-12-17,343.0259,,374.029111,,274.800173,,100.353774,300.824624,,100.074748
2019-12-18,342.5961,,374.770552,,274.596494,,99.941038,301.575404,,99.986002
2019-12-19,343.7996,,375.860479,,275.388472,,100.176887,302.262967,,100.161572
2019-12-20,345.199,,378.892991,,276.140893,,100.294811,304.295587,,100.67875
2019-12-23,345.4933,,378.774865,,276.306773,,100.235849,304.124173,,100.502508
2019-12-24,346.2598,,379.759039,,276.456829,,100.471698,304.404631,,100.777155
2019-12-26,347.7372,,380.99098,,277.438973,,100.648585,305.174961,,100.851769
2019-12-27,347.6691,,378.253999,,277.538276,,100.648585,303.150445,,100.146878
2019-12-30,346.165,,375.796984,,276.624967,,100.589623,301.494503,,99.870131
2019-12-31,346.0916,,374.920488,,276.770857,,100.176887,301.013768,,99.249414
2020-01-02,349.9789,,380.838568,,278.626643,,101.591981,304.396456,,101.104572
2020-01-03,351.4561,,382.994528,,277.685175,,102.063679,303.803005,,101.719685
2020-01-06,352.2683,,382.473962,,278.237681,,101.945755,303.29283,,101.230122
2020-01-07,351.6173,,383.293881,,277.652047,,101.474057,303.864817,,101.164696
2020-01-08,351.0114,,384.252768,,278.405357,,101.356132,305.978745,,101.47478
2020-01-09,351.9965,,385.324219,,279.658624,,101.415094,307.3506,,101.531983
2020-01-10,352.4441,,385.401229,,279.372294,,102.122642,306.707271,,102.130909
2020-01-13,352.8082,,385.227642,,280.448781,,102.181604,307.432812,,102.038436
2020-01-14,352.0697,,384.670035,,280.291951,,102.358491,307.459716,,102.281217
2020-01-15,353.3634,,385.297474,,280.840115,,102.59434,307.43381,,102.308167
2020-01-16,354.4105,,386.89378,,282.240551,,102.417453,309.330302,,102.251913
2020-01-17,354.6294,,388.812088,,282.635545,,102.417453,311.106932,,102.695472
2020-01-21,354.7437,,389.158512,,282.633971,,102.417453,311.282059,,102.753854
2020-01-22,354.9885,,389.058435,,282.711778,,102.59434,311.073017,,102.833888
2020-01-23,355.485,,391.062129,,283.055016,,102.771226,312.617455,,103.397092
2020-01-24,355.4995,,392.043013,,281.752994,,102.889151,311.947243,,103.771146
2020-01-27,354.934,,391.596995,,279.395082,,102.535377,309.47701,,103.461266
2020-01-28,354.9141,,391.461355,,281.042777,,102.358491,311.21173,,103.252796
2020-01-29,355.8016,,392.878675,,281.165934,,103.007075,311.695941,,104.023131
2020-01-30,356.9957,,393.436051,,281.728983,,102.830189,311.717068,,103.643986
2020-01-31,354.8901,,388.86996,,278.98481,,102.712264,306.908528,,102.930746
2020-02-03,355.0937,,390.334972,,280.190843,,102.476415,309.219107,,103.022178
2020-02-04,355.5498,,391.37778,,282.381806,,102.653302,312.068782,,103.342974
2020-02-05,356.3082,,393.835128,,284.172034,,102.712264,315.346384,,103.830092
2020-02-06,357.2632,,395.498411,,284.814095,,102.948113,316.545267,,104.22866
2020-02-07,357.6175,,397.265274,,284.237347,,103.125,317.001174,,104.770281
2020-02-10,358.882,,399.868423,,285.641236,,103.419811,319.524545,,105.38565
2020-02-11,358.9597,,399.804763,,285.793551,,103.537736,319.574842,,105.466186
2020-02-12,359.4022,,401.869733,,286.774068,,103.596698,321.930654,,105.940687
2020-02-13,360.3443,,404.164747,,286.680409,,103.478774,322.817207,,106.146175
2020-02-14,361.7352,,406.080705,,287.077886,,103.714623,323.548365,,106.481431
2020-02-18,363.0632,,409.014264,,286.781587,,104.245283,324.358567,,107.405109
2020-02-19,365.0113,,410.736958,,287.57767,,104.481132,324.885644,,107.524554
2020-02-20,364.8658,,411.311816,,287.128371,,104.658019,324.961584,,107.900347
2020-02-21,364.474,,408.476319,,285.583473,,104.95283,321.33001,,107.573869
2020-02-24,361.8449,,405.324301,,280.26201,,104.245283,315.182652,,106.794504
2020-02-25,355.8703,,397.595032,,275.369834,,103.242925,308.875496,,105.492554
2020-02-26,353.7375,,395.226696,,274.64907,,103.066038,308.078358,,105.315685
2020-02-27,349.9632,,386.776147,,267.259906,,102.181604,296.543906,,103.281449
2020-02-28,349.8007,,385.719917,,267.375001,,102.181604,295.998887,,103.047251
2020-03-02,355.4929,,388.176471,,274.285528,,103.183962,300.690049,,103.044017
2020-03-03,356.1413,,387.634555,,270.325691,,104.540094,295.396506,,104.062759
2020-03-04,359.3534,,392.377803,,277.05036,,104.834906,303.710131,,104.68896
2020-03-05,360.6939,,390.21409,,271.874871,,105.424528,295.291608,,104.308121
2020-03-06,362.6456,,390.653389,,269.978951,,105.837264,291.982604,,104.270173
2020-03-09,358.9412,,381.530961,,257.184565,,103.242925,274.45381,,100.364258
2020-03-10,359.4772,,387.432536,,264.008964,,102.240566,285.667806,,100.776736
2020-03-11,357.516,,385.681255,,254.787714,,99.115566,275.949377,,97.788373
2020-03-12,356.5961,,387.605565,,236.074156,,93.21934,257.620103,,92.668417
2020-03-13,359.5313,,393.639775,,249.661267,,94.28066,274.429837,,94.405477
2020-03-16,366.5476,,398.579246,,234.945672,,91.92217,256.489527,,91.414876
2020-03-17,367.9428,,406.787564,,240.130721,,90.153302,266.534218,,91.155169
2020-03-18,370.1643,,412.511061,,229.18037,,85.790094,256.410833,,87.436047
2020-03-19,364.9851,,415.036981,,231.511112,,84.846698,264.302571,,88.238661
2020-03-20,363.3097,,412.873081,,226.447939,,87.676887,258.360332,,91.124886
2020-03-23,354.4142,,401.682643,,225.127827,,90.09434,256.164544,,93.385998
2020-03-24,359.1057,,404.735911,,238.102203,,94.339623,269.420565,,97.242448
2020-03-25,364.0221,,406.672708,,241.210808,,95.754717,270.540275,,97.833988
2020-03-26,363.7701,,400.931025,,249.958645,,97.936321,276.585057,,98.718547
2020-03-27,365.9328,,399.630043,,245.917838,,96.698113,269.627826,,96.579977
2020-03-30,366.8854,,403.917817,,250.798265,,96.34434,277.207513,,97.006557
2020-03-31,361.5346,,398.506899,,248.295827,,96.049528,274.772513,,96.826341
2020-04-01,362.4008,,401.954489,,241.255584,,94.988208,268.647621,,96.353997
2020-04-02,362.1504,,405.59924,,244.7356,,96.698113,275.184012,,99.046348
2020-04-03,358.8826,,403.74334,,242.674609,,96.403302,274.091265,,99.187555
2020-04-06,363.1896,,409.133914,,252.92837,,99.056604,286.05366,,102.053479
2020-04-07,363.087,,405.285408,,253.233832,,98.643868,283.785292,,100.700741
2020-04-08,364.1788,,407.807128,,258.429884,,99.292453,290.536548,,101.687764
2020-04-09,365.3012,,406.361527,,262.065766,,100.353774,292.677721,,102.095711
2020-04-13,364.2019,,405.974484,,260.143574,,100.707547,291.130376,,102.666996
2020-04-14,364.1923,,403.242519,,264.797576,,101.238208,294.352313,,102.516156
2020-04-15,365.9858,,407.824634,,261.854271,,100.766509,292.945457,,102.692267
2020-04-16,367.0274,,411.725135,,262.749802,,100.471698,295.916498,,103.077753
2020-04-17,366.8467,,410.261809,,266.88084,,100.294811,299.648258,,102.581075
2020-04-20,370.2164,,414.426787,,263.904162,,100.117925,296.589855,,102.498217
2020-04-21,370.4571,,414.860492,,259.150951,,99.764151,291.363301,,102.176488
2020-04-22,372.8351,,418.792719,,262.600485,,100.707547,296.139094,,103.456231
2020-04-23,373.9845,,421.896438,,262.838547,,101.238208,297.686542,,104.450136
2020-04-24,372.7674,,418.770843,,264.98378,,101.591981,298.865436,,104.378307
2020-04-27,369.4835,,414.828675,,266.792769,,101.591981,300.722319,,104.314686
2020-04-28,369.8762,,415.63038,,266.482534,,102.240566,300.633611,,105.071867
2020-04-29,372.9484,,417.070278,,270.733657,,103.242925,303.962936,,105.592506
2020-04-30,369.5733,,410.239186,,268.984043,,101.474057,299.765024,,103.01581
2020-05-01,370.3911,,410.143335,,264.713427,,100.707547,294.285574,,101.988085
2020-05-04,372.2701,,415.036575,,265.248235,,100.884434,296.892075,,102.864302
2020-05-05,373.0167,,418.463137,,266.633062,,101.120283,300.303794,,103.747947
2020-05-06,369.4133,,416.121791,,265.113926,,99.941038,299.818454,,102.958947
2020-05-07,373.819,,419.568385,,267.366354,,101.356132,301.277034,,104.040809
2020-05-08,374.3497,,420.02831,,269.741139,,101.709906,303.854833,,104.370228
2020-05-11,372.975,,419.589541,,269.451916,,100.943396,304.32953,,103.856851
2020-05-12,372.0815,,417.025326,,266.500751,,100.766509,299.875288,,103.288715
2020-05-13,371.242,,417.195981,,263.848516,,100.589623,297.684044,,103.382849
2020-05-14,374.0437,,420.87749,,266.070733,,101.238208,300.57188,,104.18138
2020-05-15,374.6397,,421.049292,,266.871915,,101.415094,301.12021,,104.239915
2020-05-18,376.3123,,419.11267,,271.591275,,102.476415,303.679921,,104.380316
2020-05-19,376.3144,,418.861749,,270.030876,,102.240566,301.752708,,104.077156
2020-05-20,379.092,,419.823946,,273.065168,,103.242925,303.603504,,104.567131
2020-05-21,376.9912,,418.614736,,272.021227,,102.830189,303.252216,,104.427826
2020-05-22,378.0848,,421.743593,,272.380849,,102.59434,305.037851,,104.663434
2020-05-26,377.0206,,417.377899,,274.226279,,102.535377,304.783412,,103.812681
2020-05-27,377.9948,,417.64631,,276.833098,,102.948113,307.085085,,104.028783
2020-05-28,377.6606,,414.508115,,276.441986,,103.066038,304.616378,,103.456848
2020-05-29,379.3716,,415.463335,,277.481127,,103.596698,305.083854,,103.759078
2020-06-01,379.9801,,414.870277,,278.082493,,104.186321,304.819682,,104.033803
2020-06-02,380.1663,,413.791473,,279.570845,,104.599057,305.504554,,104.123317
2020-06-03,378.6464,,409.79268,,281.526966,,104.481132,305.892093,,103.414286
2020-06-04,377.5299,,404.811229,,280.746206,,103.773585,302.226805,,101.765442
2020-06-05,379.1109,,408.260102,,285.122442,,104.481132,308.261976,,102.901296
2020-06-08,383.025,,412.299846,,287.319862,,105.424528,310.505708,,103.786298
2020-06-09,383.6811,,411.348881,,286.185415,,105.483491,308.038711,,103.427663
2020-06-10,385.6402,,412.256773,,285.686358,,106.132075,306.614642,,103.763464
2020-06-11,377.9591,,406.663118,,275.616155,,103.950472,297.723104,,102.288957
2020-06-12,378.9011,,409.277692,,277.714612,,104.481132,301.168001,,103.214897
2020-06-15,379.563,,407.534011,,279.631373,,104.481132,301.428125,,102.595937
2020-06-16,380.5174,,410.727973,,282.645754,,104.658019,306.295146,,103.315284
2020-06-17,380.2189,,411.132188,,281.847786,,104.540094,305.97102,,103.381534
2020-06-18,381.7793,,414.193591,,282.02895,,104.834906,307.186819,,104.018171
2020-06-19,381.8502,,415.4718,,281.096413,,105.011792,307.058921,,104.495817
2020-06-22,383.6817,,414.24648,,282.144446,,105.542453,305.827923,,104.214279
2020-06-23,384.2231,,413.099383,,282.915986,,105.955189,305.384119,,104.185099
2020-06-24,381.2318,,411.96362,,278.558102,,105.011792,302.20624,,103.781543
2020-06-25,383.0624,,415.152166,,280.490425,,105.542453,305.192397,,104.61098
2020-06-26,381.7902,,413.81766,,276.617431,,105.483491,301.010521,,104.563724
2020-06-29,383.0031,,414.209069,,279.146859,,105.601415,303.087445,,104.447815
2020-06-30,384.9172,,416.579296,,281.399664,,105.837264,305.753774,,104.756571
2020-07-01,384.4009,,415.373418,,282.637401,,105.778302,306.620949,,104.535356
2020-07-02,385.5841,,417.078277,,283.709505,,106.485849,308.098957,,105.342266
2020-07-06,387.1699,,416.201395,,286.327089,,107.488208,309.016928,,105.675685
2020-07-07,387.7347,,418.1396,,284.727097,,107.606132,308.271459,,106.12946
2020-07-08,388.696,,417.089557,,285.990474,,107.724057,308.097873,,105.716859
2020-07-09,388.7566,,418.818101,,285.319143,,108.313679,308.600388,,106.719377
2020-07-10,389.4166,,419.057514,,286.922518,,108.195755,309.985724,,106.483348
2020-07-13,388.5246,,416.380086,,285.435486,,108.254717,307.112349,,106.103708
2020-07-14,391.4775,,417.494725,,287.830533,,108.903302,308.176087,,106.217858
2020-07-15,392.6412,,418.295433,,289.427932,,109.375,309.560531,,106.565745
2020-07-16,391.4084,,418.007736,,288.934759,,109.021226,309.793182,,106.48233
2020-07-17,392.2086,,417.337194,,289.558176,,109.375,309.33118,,106.438893
2020-07-20,393.7582,,418.17718,,291.080762,,109.964623,310.357403,,106.806089
2020-07-21,396.8007,,418.505525,,291.520938,,110.67217,308.685626,,106.752855
2020-07-22,399.5328,,419.820928,,292.623284,,111.084906,308.701267,,106.752733
2020-07-23,400.7577,,420.152936,,290.660326,,111.438679,305.935005,,106.849819
2020-07-24,400.5044,,417.790481,,289.50229,,111.497642,303.194375,,106.372468
2020-07-27,403.217,,417.14458,,290.6872,,112.205189,301.919781,,106.16296
2020-07-28,403.1503,,418.357221,,289.659435,,112.441038,301.7768,,106.713025
2020-07-29,406.4048,,419.009091,,291.926773,,113.03066,302.173539,,106.579379
2020-07-30,404.9276,,415.530251,,291.399548,,112.912736,300.214752,,105.969407
2020-07-31,406.8401,,420.027836,,292.827266,,112.558962,303.517489,,106.278816
2020-08-03,407.8198,,421.518967,,294.092937,,112.912736,305.176646,,106.734311
2020-08-04,411.7698,,424.148398,,295.002075,,114.150943,305.074774,,107.536315
2020-08-05,413.0971,,423.341911,,295.873726,,114.917453,304.413149,,107.705385
2020-08-06,416.6062,,426.456323,,297.228018,,115.330189,305.461487,,107.970258
2020-08-07,413.4852,,426.605754,,297.211975,,114.091981,307.858346,,107.65499
2020-08-10,413.1217,,427.886605,,297.637816,,114.445755,309.497169,,108.408336
2020-08-11,404.9607,,419.358904,,295.841668,,112.441038,307.574425,,106.490322
2020-08-12,405.8103,,418.669552,,298.075386,,112.735849,308.739584,,106.370857
2020-08-13,406.3644,,418.197818,,297.316702,,112.676887,307.187333,,106.05063
2020-08-14,405.6053,,416.450673,,297.201336,,112.205189,306.357553,,105.362288
2020-08-17,408.1195,,417.99774,,297.935789,,113.266509,306.356536,,106.096342
2020-08-18,409.5481,,417.298803,,298.491502,,113.856132,305.345892,,106.098918
2020-08-19,406.6858,,417.697645,,297.566742,,112.558962,306.835281,,105.729311
2020-08-20,409.1704,,419.402679,,298.326049,,112.794811,306.998359,,105.737349
2020-08-21,409.707,,422.324165,,299.080957,,112.853774,309.513215,,106.390032
2020-08-24,411.1885,,424.085016,,300.850731,,112.971698,311.516408,,106.559931
2020-08-25,411.0469,,422.255312,,301.230076,,113.207547,310.670463,,106.358311
2020-08-26,413.5549,,424.996896,,303.024504,,113.561321,312.642651,,106.732167
2020-08-27,411.4863,,423.178704,,303.003539,,112.323113,312.848454,,105.645222
2020-08-28,414.0998,,422.943373,,304.340619,,113.03066,312.072149,,105.581001
2020-08-31,414.0191,,421.684771,,303.95048,,113.207547,310.805189,,105.452098
2020-09-01,416.4632,,425.057279,,305.920105,,114.209906,313.47054,,106.60729
2020-09-02,417.8987,,428.558824,,308.820788,,114.504717,317.953666,,107.392785
2020-09-03,411.8028,,422.425015,,302.468109,,113.443396,311.499828,,106.427009
2020-09-04,408.541,,419.63853,,300.385705,,112.912736,309.768219,,106.07058
2020-09-08,404.2878,,417.438888,,295.594901,,111.851415,306.419991,,105.622406
2020-09-09,408.151,,420.406561,,299.088405,,112.676887,309.290147,,106.144077
2020-09-10,405.4782,,417.232833,,295.984557,,112.028302,305.772136,,105.4268
2020-09-11,405.7068,,416.445856,,296.215981,,112.146226,305.261919,,105.279358
2020-09-14,408.9636,,419.095302,,298.573658,,112.912736,307.183238,,105.823805
2020-09-15,409.2251,,419.968636,,299.478252,,113.502358,308.558683,,106.529965
2020-09-16,409.0222,,420.847513,,298.704362,,113.266509,308.558373,,106.583924
2020-09-17,407.3042,,417.930274,,297.163073,,113.089623,306.124206,,106.125562
2020-09-18,404.3079,,415.227294,,294.966427,,112.441038,304.133416,,105.611404
2020-09-21,401.6001,,414.787061,,293.023096,,111.20283,303.844324,,105.041166
2020-09-22,402.8239,,418.286293,,294.896374,,111.084906,307.429631,,105.493514
2020-09-23,396.7374,,413.672766,,290.550175,,110.082547,304.153499,,104.974681
2020-09-24,398.4515,,415.164491,,291.018852,,110.200472,304.427405,,105.012378
2020-09-25,400.9692,,419.2178,,293.88704,,110.377358,308.480008,,105.540951
2020-09-28,404.2746,,421.369074,,296.91403,,111.379717,310.69539,,106.170684
2020-09-29,403.3947,,417.637616,,295.967208,,111.379717,307.631571,,105.460017
2020-09-30,403.025,,418.088013,,297.118439,,111.143868,309.444823,,105.446833
2020-10-01,404.3945,,418.612113,,298.424457,,111.497642,310.140762,,105.556392
2020-10-02,401.8734,,417.081998,,296.59802,,111.20283,309.042579,,105.550509
2020-10-05,402.4309,,415.278219,,299.379093,,111.025943,310.161,,104.7815
2020-10-06,399.7823,,414.218675,,296.926124,,110.67217,308.86764,,104.871346
2020-10-07,401.9064,,415.47051,,299.944,,110.849057,311.295862,,104.799591
2020-10-08,405.2197,,418.981137,,301.695245,,111.674528,313.177298,,105.601565
2020-10-09,407.6742,,418.978284,,303.335539,,112.382075,312.982078,,105.630087
2020-10-12,410.904,,422.966286,,306.513134,,112.794811,316.761477,,106.18589
2020-10-13,410.2046,,424.659026,,305.338642,,112.676887,317.350722,,106.680975
2020-10-14,410.1381,,424.532341,,304.261593,,112.676887,316.188222,,106.666442
2020-10-15,410.1063,,425.862778,,303.934979,,112.323113,316.863208,,106.673042
2020-10-16,408.6378,,424.120495,,303.764976,,112.087264,316.523755,,106.394529
2020-10-19,404.5247,,417.853843,,300.845367,,111.674528,311.989926,,105.498379
2020-10-20,404.0731,,415.551342,,301.468193,,111.615566,311.26059,,104.978853
2020-10-21,402.5752,,412.781762,,300.977789,,111.379717,309.831678,,104.446021
2020-10-22,401.3389,,412.865206,,301.750356,,110.731132,311.646825,,104.178733
2020-10-23,402.7273,,412.909858,,302.550942,,111.320755,311.430095,,104.383686
2020-10-26,399.8539,,411.65803,,299.353487,,111.025943,309.412221,,104.537481
2020-10-27,400.2692,,412.567737,,299.00275,,110.966981,309.411293,,104.604211
2020-10-28,392.6087,,406.342751,,292.701435,,109.198113,304.141257,,103.361794
2020-10-29,393.5557,,409.880664,,294.282099,,109.316038,307.703869,,104.123177
2020-10-30,390.3252,,407.490124,,292.118149,,108.608491,306.173024,,103.697092
2020-11-02,394.7346,,412.235032,,294.300738,,109.846698,308.566616,,104.915345
2020-11-03,396.6634,,411.766226,,297.366138,,110.377358,309.911714,,104.790254
2020-11-04,402.8715,,417.857463,,302.146902,,111.792453,314.628204,,106.044075
2020-11-05,407.1977,,418.771786,,305.793411,,113.620283,315.731643,,106.866176
2020-11-06,405.3445,,415.040185,,305.480345,,113.03066,314.027024,,105.845996
2020-11-09,406.3474,,418.198024,,307.206672,,112.028302,317.419075,,105.44465
2020-11-10,405.1242,,416.925033,,306.747604,,112.5,316.934014,,105.885042
2020-11-11,406.671,,419.79265,,308.180112,,112.441038,319.384711,,106.152146
2020-11-12,406.6735,,418.877598,,306.904436,,113.03066,317.3674,,106.475535
2020-11-13,409.9215,,421.08855,,309.47876,,113.738208,319.169564,,106.854157
2020-11-16,412.6592,,423.360661,,311.782454,,114.799528,321.135655,,107.713807
2020-11-17,412.3591,,422.635486,,311.029758,,114.917453,320.04438,,107.718097
2020-11-18,410.4483,,421.007157,,308.874,,114.622642,318.075529,,107.526061
2020-11-19,412.283,,422.158874,,309.87837,,114.799528,318.558828,,107.50605
2020-11-20,411.7884,,422.264161,,308.730749,,115.566038,317.839514,,108.380873
2020-11-23,411.7697,,422.822753,,309.819223,,115.683962,319.396544,,108.639917
2020-11-24,413.0581,,422.344247,,312.637291,,115.978774,320.932801,,108.45417
2020-11-25,412.5445,,421.040039,,312.308027,,115.860849,320.002691,,108.143796
2020-11-27,413.9907,,420.728812,,313.050331,,116.509434,319.406481,,108.28918
2020-11-30,412.2346,,420.321496,,312.381001,,115.212264,319.771431,,107.435591
2020-12-01,412.3773,,415.442604,,314.037461,,115.978774,317.625693,,106.858014
2020-12-02,411.9338,,413.419882,,314.2934,,115.978774,316.677407,,106.452226
2020-12-03,413.9195,,414.526435,,314.460558,,116.627358,316.169821,,106.819143
2020-12-04,414.7672,,415.995638,,315.744825,,116.745283,317.935117,,107.086819
2020-12-07,416.0654,,417.821632,,315.548908,,117.158019,318.136786,,107.60034
2020-12-08,417.9998,,419.930698,,316.112339,,117.865566,318.831253,,108.293104
2020-12-09,415.1896,,417.898337,,314.219631,,117.099057,317.523138,,107.792831
2020-12-10,416.5775,,417.373996,,314.478154,,117.688679,316.328227,,107.839179
2020-12-11,416.9534,,418.585446,,314.395492,,117.688679,316.877062,,108.054684
2020-12-14,414.339,,414.816699,,313.475846,,117.334906,315.081126,,107.433556
2020-12-15,417.3746,,417.615061,,316.096679,,118.160377,317.532336,,108.127039
2020-12-16,417.4958,,416.147107,,316.327449,,118.278302,316.555261,,107.823185
2020-12-17,419.2835,,415.564405,,317.389255,,118.75,315.820762,,107.640695
2020-12-18,418.1093,,414.857217,,316.564935,,118.691038,315.347591,,107.705791
2020-12-21,417.3981,,414.54402,,315.887276,,118.278302,314.970737,,107.432968
2020-12-22,417.5512,,417.417292,,315.749784,,117.865566,316.89957,,107.760588
2020-12-23,417.207,,416.316637,,315.827247,,118.278302,316.402322,,107.941778
2020-12-24,418.8325,,418.065634,,316.695661,,118.514151,317.368702,,108.189873
2020-12-28,419.8932,,417.947356,,318.337425,,118.808962,318.118062,,108.154414
2020-12-29,419.203,,416.146197,,317.997538,,118.691038,316.929885,,107.75856
2020-12-30,420.9217,,416.278539,,318.35213,,119.398585,316.088251,,107.992648
2020-12-31,422.1809,,420.155654,,319.412513,,119.516509,319.14015,,108.780697
2021-01-04,420.1301,,417.172138,,316.645354,,120.459906,315.662147,,109.392191
2021-01-05,421.4092,,416.767442,,317.824088,,120.990566,315.569099,,109.434331
2021-01-06,418.9263,,413.262975,,318.334585,,120.518868,315.275761,,108.731711
2021-01-07,420.6858,,416.825133,,321.042234,,120.636792,319.356751,,109.317107
2021-01-08,419.3182,,417.197398,,321.99528,,120.04717,321.636458,,109.235075
2021-01-11,418.3458,,418.600601,,320.482766,,119.28066,321.948942,,109.155789
2021-01-12,419.0621,,417.390081,,320.631527,,120.224057,320.617963,,109.51344
2021-01-13,420.3122,,420.322572,,321.553325,,120.400943,322.835741,,110.11663
2021-01-14,418.1097,,418.302385,,320.629751,,120.695755,322.048888,,110.434406
2021-01-15,415.3741,,418.20869,,319.355775,,119.575472,322.809496,,110.105255
2021-01-19,418.0763,,419.062158,,321.028343,,120.341981,323.060724,,110.319519
2021-01-20,421.9023,,423.739173,,323.710555,,121.34434,326.408508,,111.459875
2021-01-21,418.9994,,418.847807,,323.700746,,121.108491,324.866128,,110.720934
2021-01-22,417.1739,,416.718006,,323.013143,,120.695755,323.938986,,110.262907
2021-01-25,419.1135,,419.814509,,324.107635,,121.285377,325.93646,,111.10831
2021-01-26,417.5635,,417.477649,,323.767671,,120.636792,324.984067,,110.306927
2021-01-27,412.5943,,414.274283,,319.018945,,119.221698,321.587465,,109.479388
2021-01-28,414.6169,,415.87234,,320.585809,,119.457547,322.83099,,109.581927
2021-01-29,411.9567,,412.785184,,316.592746,,118.042453,318.486756,,108.174043
2021-02-01,413.4689,,416.818645,,319.867638,,118.926887,323.737106,,109.646972
2021-02-02,414.1444,,418.057749,,322.38733,,119.162736,326.723473,,110.011289
2021-02-03,414.0307,,418.238161,,322.382759,,119.044811,326.949597,,109.980044
2021-02-04,414.5579,,421.340466,,324.528587,,118.75,331.145472,,110.380892
2021-02-05,414.5404,,418.259532,,325.13698,,118.985849,329.354225,,109.796022
2021-02-08,415.8517,,419.725419,,326.676948,,120.283019,331.026809,,111.030786
2021-02-09,415.9765,,417.356577,,326.600301,,120.400943,328.982604,,110.479236
2021-02-10,416.5866,,417.951455,,326.633648,,120.695755,329.002617,,110.745183
2021-02-11,416.6662,,417.662508,,326.793689,,120.400943,328.873415,,110.377211
2021-02-12,416.5783,,417.894845,,327.46428,,120.106132,329.80117,,110.19144
2021-02-16,415.7592,,417.521037,,326.679831,,119.811321,329.364436,,110.039005
2021-02-17,415.4182,,419.657196,,326.978413,,119.870283,331.62413,,110.74726
2021-02-18,414.5453,,416.877077,,326.074588,,118.455189,329.208364,,108.943773
2021-02-19,414.3084,,415.77559,,325.332025,,118.573113,327.778115,,108.826278
2021-02-22,413.987,,414.109627,,323.427646,,118.21934,324.805707,,108.150731
2021-02-23,413.969,,414.224545,,323.687158,,118.042453,325.17067,,108.023573
2021-02-24,415.3344,,415.180719,,325.789778,,118.278302,326.959993,,108.132604
2021-02-25,411.674,,411.305226,,319.877365,,115.801887,320.857493,,105.812927
2021-02-26,412.418,,415.397548,,319.932324,,115.919811,323.520888,,106.781567
2021-03-01,413.8344,,417.567991,,324.519198,,116.037736,328.744801,,107.080937
2021-03-02,413.2123,,415.505645,,323.010992,,116.450472,326.091049,,107.092053
2021-03-03,411.6239,,414.872691,,319.976936,,115.507075,323.780604,,106.471938
2021-03-04,410.0211,,416.652806,,317.243061,,113.974057,323.651872,,105.922059
2021-03-05,411.8874,,420.517679,,320.652786,,114.799528,328.668935,,107.19096
2021-03-08,410.8344,,421.620186,,319.186173,,113.79717,328.864164,,106.806667
2021-03-09,412.7943,,421.72337,,322.402748,,115.566038,330.682033,,107.978305
2021-03-10,413.6238,,421.543496,,323.820849,,116.037736,331.32909,,108.155454
2021-03-11,414.1285,,420.117291,,325.778015,,116.686321,331.799019,,108.259917
2021-03-12,413.0116,,420.172832,,325.307928,,115.153302,332.260147,,107.140685
2021-03-15,413.7163,,421.793349,,326.604624,,115.742925,334.30072,,107.920476
2021-03-16,413.2042,,422.081837,,326.304444,,115.507075,334.636118,,107.907798
2021-03-17,413.1451,,419.333119,,326.971806,,115.389151,333.184471,,107.110942
2021-03-18,410.9194,,419.296993,,323.612869,,113.620283,331.519268,,106.031102
2021-03-19,411.001,,419.841885,,323.349313,,114.091981,331.613891,,106.58849
2021-03-22,412.028,,419.818598,,325.156458,,114.799528,332.617592,,106.976246
2021-03-23,411.5647,,422.280541,,323.943469,,114.504717,333.695282,,107.448074
2021-03-24,412.0476,,424.082414,,323.117925,,114.445755,333.873394,,107.724594
2021-03-25,411.9549,,425.742295,,324.143342,,114.445755,336.319554,,108.17057
2021-03-26,413.8823,,426.660605,,327.063011,,115.271226,338.497144,,108.677317
2021-03-29,413.0232,,426.824579,,326.742687,,114.268868,338.99925,,107.997873
2021-03-30,412.1172,,427.684258,,326.31619,,114.033019,339.984435,,108.22945
2021-03-31,412.8435,,427.879156,,327.138836,,114.268868,340.396959,,108.311834
2021-04-01,416.6912,,430.1873,,329.698376,,115.330189,341.725944,,108.892649
2021-04-05,417.7205,,429.986528,,332.274426,,115.683962,343.387012,,108.90668
2021-04-06,417.8973,,427.864414,,332.616874,,115.683962,341.899738,,108.323345
2021-04-07,417.3173,,427.695614,,332.641597,,115.566038,342.265286,,108.32057
2021-04-08,418.8092,,427.405044,,333.920388,,116.391509,342.124562,,108.631815
2021-04-09,419.0843,,428.224999,,335.224045,,115.742925,343.893269,,108.162666
2021-04-12,418.6934,,427.369381,,335.255759,,115.507075,343.559074,,107.827164
2021-04-13,419.7028,,427.072971,,336.241428,,116.15566,343.502047,,108.096816
2021-04-14,419.2811,,425.568129,,335.454707,,116.273585,341.83426,,107.933728
2021-04-15,422.7235,,429.528343,,338.134712,,118.042453,344.939619,,109.694781
2021-04-16,422.4463,,428.630488,,338.461528,,118.21934,344.777365,,109.701454
2021-04-19,421.1235,,425.350025,,337.367976,,117.806604,342.104454,,108.822557
2021-04-20,420.1666,,424.45405,,336.09379,,117.275943,340.869019,,108.350369
2021-04-21,422.3551,,426.664882,,338.130553,,118.101415,342.934721,,109.113016
2021-04-22,421.0853,,426.083158,,336.315169,,117.924528,341.655669,,109.129142
2021-04-23,422.5756,,424.68205,,338.478401,,118.278302,341.513862,,108.711847
2021-04-26,423.1065,,425.623741,,338.776807,,118.691038,342.143036,,109.195912
2021-04-27,421.5205,,423.87398,,338.406152,,118.160377,341.644312,,108.66814
2021-04-28,421.9458,,423.069847,,338.419007,,118.867925,340.665411,,109.001479
2021-04-29,422.898,,424.259024,,339.641641,,118.21934,342.085192,,108.466666
2021-04-30,420.8477,,425.786035,,338.44653,,117.570755,343.775094,,108.787267
2021-05-03,422.6728,,425.962887,,338.96559,,118.21934,342.958019,,108.960301
2021-05-04,421.5418,,426.616093,,337.883822,,118.21934,343.306379,,109.420179
2021-05-05,422.8258,,428.21142,,338.04496,,118.926887,343.707587,,110.151172
2021-05-06,424.4984,,427.749509,,339.689942,,119.752358,343.648171,,110.35953
2021-05-07,426.3558,,426.152488,,341.148131,,120.695755,342.336919,,110.330898
2021-05-10,423.9352,,424.927867,,338.891958,,120.165094,341.031807,,110.155547
2021-05-11,421.8002,,422.206532,,336.784879,,119.457547,338.445418,,109.356365
2021-05-12,417.8429,,420.934878,,332.02799,,117.570755,335.810653,,108.321208
2021-05-13,419.5753,,422.319643,,334.723248,,117.924528,338.247919,,108.554497
2021-05-14,423.224,,423.652632,,338.116977,,119.221698,339.80087,,109.145851
2021-05-17,423.2403,,423.55386,,337.471638,,119.693396,339.060187,,109.547918
2021-05-18,421.5754,,419.347087,,335.562118,,119.516509,335.111386,,108.727293
2021-05-19,421.0599,,420.623952,,334.849131,,118.573113,335.828214,,108.329975
2021-05-20,423.7326,,421.313627,,337.472971,,119.162736,336.876341,,108.359352
2021-05-21,423.7939,,422.972803,,337.366451,,119.044811,338.047339,,108.662707
2021-05-24,425.6446,,423.672103,,339.555706,,119.752358,339.321721,,109.013208
2021-05-25,426.1665,,422.98984,,339.439103,,120.459906,338.244222,,109.346642
2021-05-26,426.121,,424.89773,,339.786349,,120.341981,340.153769,,109.744038
2021-05-27,425.8276,,424.549457,,339.74139,,120.636792,340.064134,,109.998451
2021-05-28,426.47,,425.266656,,340.102372,,121.049528,340.48689,,110.394707
2021-06-01,426.7084,,424.762273,,339.854069,,121.992925,339.644906,,111.061029
2021-06-02,427.7375,,425.919204,,340.356417,,122.051887,340.252815,,111.149291
2021-06-03,426.6874,,427.764103,,339.273808,,121.049528,341.478008,,110.986441
2021-06-04,428.5742,,428.246598,,341.699973,,122.287736,342.792041,,111.754008
2021-06-07,428.168,,427.036925,,341.402606,,122.051887,341.850282,,111.328928
2021-06-08,428.6125,,428.056176,,341.704084,,122.641509,342.613122,,112.017462
2021-06-09,428.7343,,428.002017,,341.664198,,122.936321,342.432476,,112.240632
2021-06-10,429.431,,429.074529,,342.898291,,123.70283,343.971572,,113.039775
2021-06-11,429.4201,,431.161472,,343.181543,,123.349057,345.938889,,113.267604
2021-06-14,429.2062,,430.559101,,343.307089,,123.113208,345.754186,,112.949351
2021-06-15,429.1649,,430.269143,,342.98329,,122.641509,345.228671,,112.451641
2021-06-16,428.0786,,433.881725,,341.396735,,121.521226,347.396222,,112.645096
2021-06-17,427.4747,,436.519561,,341.7529,,121.816038,350.367157,,113.765366
2021-06-18,426.5902,,437.188067,,339.353421,,121.992925,349.162459,,114.341628
2021-06-21,428.2182,,436.867802,,341.920146,,121.580189,350.209154,,113.438385
2021-06-22,428.8248,,436.73899,,343.159225,,122.169811,350.877595,,113.793716
2021-06-23,428.6234,,436.940183,,342.837953,,122.346698,350.875376,,114.064544
2021-06-24,429.3537,,437.479224,,344.096845,,122.582547,351.998491,,114.230787
2021-06-25,429.5256,,437.515033,,344.561747,,122.523585,352.361845,,114.13949
2021-06-28,429.7733,,438.255715,,345.376196,,122.995283,353.588757,,114.706735
2021-06-29,429.7402,,439.212989,,345.561733,,122.818396,354.578767,,114.800802
2021-06-30,430.2401,,441.162939,,345.818695,,123.17217,356.003683,,115.508258
2021-07-01,431.2542,,442.493897,,346.896542,,123.408019,357.34837,,115.805619
2021-07-02,432.6062,,443.293732,,348.788767,,123.820755,358.822137,,116.039167
2021-07-06,432.8351,,445.051305,,348.850021,,124.292453,360.117517,,116.881202
2021-07-07,433.7494,,447.254863,,349.834452,,124.587264,362.156803,,117.490334
2021-07-08,432.7053,,444.219017,,348.281729,,124.056604,358.966162,,116.476182
2021-07-09,433.6384,,443.865066,,350.057973,,124.174528,359.733674,,116.243334
2021-07-12,433.9782,,444.879619,,350.721951,,124.882075,360.95697,,117.081158
2021-07-13,432.4707,,446.466504,,349.702211,,123.879717,362.450295,,116.961977
2021-07-14,433.4325,,445.243797,,350.491498,,124.646226,361.469602,,117.102953
2021-07-15,433.5977,,446.318612,,350.074172,,125.117925,361.772862,,117.784967
2021-07-16,430.4444,,443.429478,,348.31185,,124.233491,360.241412,,117.046516
2021-07-19,428.4871,,441.570287,,345.951375,,124.410377,357.927477,,117.254901
2021-07-20,431.5078,,445.453528,,348.800417,,124.292453,361.500279,,117.346683
2021-07-21,432.7723,,446.235985,,350.03836,,124.115566,362.358674,,117.042527
2021-07-22,434.1984,,448.46338,,350.807872,,124.941038,363.769251,,118.020155
2021-07-23,435.5935,,450.030487,,352.874908,,124.941038,366.015275,,118.053253
2021-07-26,435.7342,,448.84082,,353.266736,,125.707547,365.335043,,118.425263
2021-07-27,435.3204,,447.8757,,352.629283,,125.589623,364.237572,,118.171988
2021-07-28,435.8936,,447.465703,,352.670653,,126.29717,363.468242,,118.57283
2021-07-29,437.6652,,447.696585,,353.320305,,126.533019,362.850938,,118.374441
2021-07-30,437.009,,447.680779,,352.495035,,126.120283,362.534181,,118.161313
2021-08-02,437.4033,,448.114917,,352.351395,,126.709906,362.410881,,118.721731
2021-08-03,440.0258,,450.923238,,354.11471,,127.063679,364.322783,,119.085314
2021-08-04,438.7938,,450.675034,,353.051679,,126.709906,364.04845,,119.021629
2021-08-05,439.862,,451.947796,,354.082041,,126.179245,365.252852,,118.569246
2021-08-06,436.6548,,451.449231,,353.798834,,125.294811,367.235759,,118.472096
2021-08-09,434.1479,,449.725582,,353.378041,,124.882075,367.508455,,118.310231
2021-08-10,434.0471,,450.334887,,353.452266,,124.941038,368.169147,,118.553982
2021-08-11,435.9419,,451.568562,,354.111945,,125.294811,368.259154,,118.697201
2021-08-12,436.2669,,452.17105,,354.76321,,125.0,369.153468,,118.487574
2021-08-13,438.9841,,452.464506,,355.671002,,125.884434,368.045974,,118.664295
2021-08-16,440.2448,,454.472896,,356.246615,,126.002358,369.217593,,118.961034
2021-08-17,437.226,,453.985652,,354.730075,,125.0,369.787346,,118.702117
2021-08-18,434.6819,,451.324758,,352.415619,,124.823113,367.35896,,118.529081
2021-08-19,435.1448,,453.140561,,352.98549,,124.351415,369.040374,,118.430122
2021-08-20,436.5122,,453.585407,,354.688667,,124.351415,370.022291,,118.175031
2021-08-23,440.1167,,455.621262,,356.557527,,125.294811,370.581412,,118.626448
2021-08-24,439.9078,,454.998181,,356.683367,,125.648585,370.381036,,118.855123
2021-08-25,439.2593,,453.686694,,356.867184,,125.294811,370.049293,,118.353327
2021-08-26,438.0287,,453.147148,,355.618118,,124.882075,369.350296,,118.154182
2021-08-27,442.6692,,456.227957,,357.918337,,126.709906,370.343243,,119.433308
2021-08-30,443.2753,,456.829384,,359.025245,,126.768868,371.469682,,119.482807
2021-08-31,441.682,,454.736346,,358.484097,,126.415094,370.542263,,119.031308
2021-09-01,441.2707,,453.127125,,358.645461,,126.709906,369.741497,,118.997501
2021-09-02,442.7618,,453.291408,,359.45067,,127.063679,369.457535,,118.97099
2021-09-03,442.1028,,452.483369,,359.165409,,126.768868,369.055555,,118.659981
2021-09-07,438.911,,450.726865,,357.999504,,126.002358,369.09426,,118.339017
2021-09-08,438.9219,,451.711047,,357.973537,,125.943396,369.864179,,118.538975
2021-09-09,439.692,,452.082613,,357.521705,,126.886792,369.053681,,119.315802
2021-09-10,437.2769,,450.189611,,355.539556,,126.356132,367.489341,,118.972767
2021-09-13,438.6489,,451.533297,,356.272557,,126.533019,368.190853,,119.121159
2021-09-14,438.8723,,452.065651,,355.43665,,126.945755,367.572857,,119.589714
2021-09-15,440.9059,,453.645329,,357.0885,,127.181604,368.862313,,119.676019
2021-09-16,438.2303,,452.816249,,356.502913,,126.533019,369.828666,,119.57373
2021-09-17,434.5375,,450.5553,,354.289124,,125.412736,368.804787,,118.925446
2021-09-20,431.4625,,447.378397,,351.021221,,124.587264,365.412343,,118.145697
2021-09-21,431.365,,447.376509,,350.876051,,124.764151,365.342239,,118.339681
2021-09-22,434.8856,,452.366905,,352.974413,,125.707547,368.618315,,119.58851
2021-09-23,435.594,,451.127471,,354.86049,,125.707547,368.971584,,119.066899
2021-09-24,434.7557,,450.954619,,354.963162,,124.351415,369.648312,,117.964299
2021-09-27,434.5839,,451.736132,,354.163784,,124.46934,369.601081,,118.327554
2021-09-28,427.0109,,444.327734,,349.287709,,122.818396,364.8931,,116.879996
2021-09-29,427.0289,,447.660824,,349.739682,,122.464623,368.09051,,117.412619
2021-09-30,424.8001,,446.143777,,347.144335,,122.346698,366.03128,,117.515401
2021-10-01,428.8324,,449.706574,,350.04823,,123.408019,368.542366,,118.357922
2021-10-04,425.7626,,445.499721,,347.243147,,123.231132,364.780403,,117.926842
2021-10-05,427.0993,,447.730764,,349.082245,,123.466981,367.395409,,118.372607
2021-10-06,428.0336,,450.399647,,350.008347,,123.525943,369.757055,,118.875037
2021-10-07,428.8051,,451.344284,,351.436855,,123.525943,371.375455,,118.91003
2021-10-08,428.4957,,450.200076,,350.746942,,123.525943,369.97372,,118.694223
2021-10-11,426.8106,,449.268286,,349.003246,,123.231132,368.822936,,118.632398
2021-10-12,428.1284,,451.421514,,348.994003,,124.233491,369.440129,,119.800659
2021-10-13,431.546,,452.634256,,350.078978,,125.294811,368.641517,,120.189275
2021-10-14,436.7423,,457.855371,,353.873284,,126.474057,372.450637,,121.25979
2021-10-15,437.1983,,458.396662,,355.140331,,126.238208,373.835779,,121.050366
2021-10-18,438.8892,,459.590843,,355.686156,,126.415094,373.939483,,121.067538
2021-10-19,439.7943,,459.647806,,356.918644,,126.061321,374.509396,,120.495202
2021-10-20,440.5517,,459.814821,,357.658797,,126.179245,374.776959,,120.444317
2021-10-21,440.6989,,460.969722,,357.920788,,126.061321,375.867906,,120.593692
2021-10-22,443.6027,,463.122484,,357.965085,,126.415094,375.197763,,120.701571
2021-10-25,445.7344,,466.879565,,359.268634,,126.886792,377.803436,,121.550693
2021-10-26,446.3701,,467.976849,,359.713283,,127.59434,378.620074,,122.341271
2021-10-27,446.2828,,467.611107,,359.2465,,128.183962,377.907145,,122.834586
2021-10-28,449.6179,,468.067869,,361.209799,,127.358491,377.522334,,121.256616
2021-10-29,450.0024,,473.201008,,361.605052,,126.82783,381.753659,,121.971313
2021-11-01,449.0258,,470.347368,,361.884467,,126.82783,380.570616,,121.499444
2021-11-02,450.6715,,473.171992,,363.06061,,126.768868,382.697791,,121.726141
2021-11-03,448.4438,,469.519276,,364.093324,,126.533019,382.71546,,121.160645
2021-11-04,453.0781,,476.715662,,365.618489,,127.535377,386.21789,,122.72395
2021-11-05,456.7999,,480.074869,,366.952308,,128.596698,387.177832,,123.601885
2021-11-08,457.4448,,480.026428,,366.868134,,129.658019,386.504302,,124.433736
2021-11-09,459.7746,,482.159099,,366.546173,,130.71934,385.915275,,125.371131
2021-11-10,455.1661,,482.083566,,363.787044,,129.481132,386.827671,,125.421275
2021-11-11,455.7734,,483.936801,,363.588208,,129.775943,387.585349,,126.021944
2021-11-12,457.5533,,486.094153,,365.207834,,129.893868,389.526203,,126.2059
2021-11-15,456.3931,,488.098999,,364.756262,,128.891509,391.642208,,126.068174
2021-11-16,458.5463,,492.455232,,365.561919,,128.301887,394.150788,,126.016934
2021-11-17,458.4006,,492.329202,,365.375133,,128.419811,393.973756,,126.140559
2021-11-18,458.7785,,490.455957,,366.25688,,128.537736,393.097821,,125.6724
2021-11-19,459.5872,,495.283847,,366.133627,,128.773585,396.135483,,126.918617
2021-11-22,455.7215,,493.137498,,364.824198,,127.417453,396.341942,,126.098446
2021-11-23,454.8583,,491.634542,,364.541105,,126.238208,395.576659,,124.787013
2021-11-24,457.4771,,496.695143,,365.458507,,127.181604,398.360728,,126.286567
2021-11-26,452.9467,,487.030976,,361.593987,,127.063679,390.344956,,124.952001
2021-11-29,456.5403,,491.577603,,364.346679,,126.945755,393.86344,,125.009626
2021-11-30,451.5324,,484.165619,,360.330404,,127.004717,387.903613,,124.548122
2021-12-01,450.5271,,483.881493,,357.945191,,127.063679,385.969077,,124.810701
2021-12-02,454.319,,488.735644,,361.223161,,128.007075,390.127523,,125.938755
2021-12-03,453.3578,,487.477323,,359.911794,,128.007075,388.532445,,125.880832
2021-12-06,453.5521,,488.654375,,361.972789,,128.125,391.533044,,126.24692
2021-12-07,458.9643,,495.213974,,366.239268,,128.714623,396.731588,,127.014756
2021-12-08,457.6632,,490.55778,,366.429994,,128.007075,394.323879,,125.484607
2021-12-09,455.5929,,490.46627,,364.963183,,127.417453,394.456522,,125.450796
2021-12-10,458.3408,,492.412883,,367.051551,,127.299528,395.900307,,125.077729
2021-12-13,457.4131,,492.86224,,365.614783,,127.181604,395.511015,,125.32957
2021-12-14,452.0749,,488.157371,,363.836609,,126.415094,394.433452,,124.841994
2021-12-15,454.9894,,490.072619,,367.127029,,126.650943,397.002651,,124.761301
2021-12-16,454.18,,487.344144,,365.381705,,126.886792,393.615716,,124.519242
2021-12-17,452.2634,,489.3345,,363.225292,,126.82783,394.555737,,125.499288
2021-12-20,447.8166,,482.851547,,360.699017,,125.53066,390.459762,,123.787148
2021-12-21,452.1088,,487.060524,,364.426935,,126.768868,394.156168,,124.900705
2021-12-22,456.0185,,489.472418,,366.745259,,128.125,395.210212,,125.774311
2021-12-23,456.4035,,489.993817,,367.937882,,127.830189,396.582938,,125.512612
2021-12-27,461.0332,,494.841894,,371.137284,,128.360849,399.932532,,126.002495
2021-12-28,459.5851,,494.085886,,370.892295,,128.360849,400.315316,,126.206405
2021-12-29,458.4358,,491.221332,,370.733107,,127.889151,398.820939,,125.327017
2021-12-30,458.8935,,492.693182,,370.438958,,128.950472,399.299887,,126.619294
2021-12-31,459.7774,,491.022957,,369.83619,,128.596698,396.53495,,125.601926
2022-01-03,454.6813,,489.424215,,370.09965,,127.948113,399.958492,,125.957651
2022-01-04,455.7381,,490.887748,,370.01001,,126.650943,400.12733,,124.763512
2022-01-05,451.2609,,484.969536,,365.300374,,125.176887,394.143853,,123.033451
2022-01-06,450.8023,,485.214446,,364.928758,,124.823113,394.342491,,122.872562
2022-01-07,448.2028,,479.613962,,363.635663,,124.823113,390.662395,,122.158746
2022-01-10,447.9045,,480.818356,,363.244805,,124.705189,391.483005,,122.431295
2022-01-11,452.6309,,484.130803,,365.503487,,126.356132,392.489397,,123.602469
2022-01-12,452.0189,,480.290082,,366.095376,,126.650943,390.534275,,123.074409
2022-01-13,450.0804,,477.679244,,363.329312,,126.591981,387.136923,,122.875351
2022-01-14,448.0177,,477.147937,,362.601903,,125.353774,387.708966,,122.097732
2022-01-18,444.0179,,476.679826,,357.865211,,124.115566,385.712455,,121.861032
2022-01-19,444.8708,,476.824905,,355.951926,,124.115566,383.031301,,121.664419
2022-01-20,443.8956,,477.138416,,353.664461,,123.997642,381.656667,,121.895949
2022-01-21,442.6131,,474.350672,,350.049738,,123.525943,376.63693,,121.072564
2022-01-24,443.9141,,476.551557,,350.777475,,123.231132,378.059833,,120.98839
2022-01-25,442.5019,,476.052835,,348.075658,,123.054245,375.95127,,121.073451
2022-01-26,439.6606,,475.491316,,346.764518,,121.639151,376.510925,,120.312493
2022-01-27,439.8934,,479.832399,,346.204728,,122.169811,379.134237,,121.876039
2022-01-28,444.1534,,484.370525,,351.449758,,122.877358,384.791839,,122.554394
2022-01-31,447.7948,,484.629013,,355.252238,,123.643868,385.998017,,122.381353
2022-02-01,449.0611,,484.386735,,356.631047,,123.879717,386.210291,,122.20791
2022-02-02,451.8449,,486.044014,,358.874699,,124.174528,387.567136,,122.160567
2022-02-03,448.3968,,476.712264,,353.225598,,122.759434,377.019556,,119.360603
2022-02-04,447.5969,,475.21355,,353.327756,,121.933962,376.614804,,118.396465
2022-02-07,447.8244,,475.808288,,352.783171,,122.464623,376.313672,,119.000066
2022-02-08,447.6413,,476.772123,,354.08889,,122.641509,378.626402,,119.462197
2022-02-09,448.9432,,477.874056,,357.291391,,123.879717,381.82336,,120.596461
2022-02-10,447.086,,475.630646,,352.116353,,122.110849,376.082255,,118.807899
2022-02-11,448.208,,480.279012,,348.87493,,122.641509,375.319954,,120.188744
2022-02-14,447.3185,,481.00478,,347.38329,,121.698113,375.024244,,119.681957
2022-02-15,447.113,,478.565733,,350.523625,,121.285377,376.668656,,118.725785
2022-02-16,447.6535,,478.562805,,350.925273,,122.051887,376.642645,,119.331132
2022-02-17,447.0964,,478.560605,,346.710621,,121.403302,372.581087,,118.84436
2022-02-18,446.8541,,479.945046,,345.663591,,121.521226,372.732525,,119.368632
2022-02-22,446.1037,,478.948663,,343.287121,,121.285377,370.022845,,119.089614
2022-02-23,445.0748,,478.731849,,339.018011,,120.518868,366.100207,,118.556854
2022-02-24,445.8461,,484.30927,,342.326675,,120.04717,373.333051,,119.261987
2022-02-25,447.0795,,482.22358,,346.990759,,121.521226,375.750427,,119.874866
2022-02-28,448.2821,,485.831096,,347.469324,,123.584906,378.066561,,122.493106
2022-03-01,448.946,,490.81226,,345.078013,,123.761792,378.753341,,123.742872
2022-03-02,448.9446,,490.876945,,347.221284,,123.466981,381.157183,,123.46476
2022-03-03,449.1719,,493.4644,,346.662767,,123.113208,382.356374,,123.697294
2022-03-04,450.3165,,500.89599,,345.516214,,123.584906,385.847788,,125.720885
2022-03-07,448.3279,,502.208381,,338.61611,,123.408019,380.814691,,126.428177
2022-03-08,448.2714,,500.177159,,336.581083,,124.410377,377.042594,,126.955563
2022-03-09,448.2803,,492.124656,,341.723962,,123.466981,376.633365,,123.962009
2022-03-10,446.6895,,494.423304,,340.035258,,122.110849,377.863574,,123.611747
2022-03-11,445.0372,,495.876685,,337.410648,,122.287736,377.445321,,124.615649
2022-03-14,442.2157,,491.431175,,334.61929,,120.04717,373.333883,,122.009256
2022-03-15,442.5147,,491.06319,,339.337446,,118.514151,378.058802,,120.27966
2022-03-16,444.4603,,489.722057,,343.955776,,119.752358,380.484689,,120.673823
2022-03-17,446.5572,,489.516919,,346.764565,,121.462264,381.630617,,121.771117
2022-03-18,447.9227,,492.777798,,349.34251,,122.169811,385.849004,,122.920486
2022-03-21,447.9691,,494.408195,,347.919418,,121.403302,385.508678,,122.540714
2022-03-22,447.7314,,493.59021,,349.983387,,120.872642,387.35958,,121.867893
2022-03-23,447.929,,494.934574,,347.863577,,122.110849,385.891717,,123.397161
2022-03-24,449.1993,,496.608995,,350.691108,,122.051887,389.240617,,123.404874
2022-03-25,449.1675,,497.234014,,350.611651,,121.875,389.669788,,123.389851
2022-03-28,449.0413,,497.085256,,352.447813,,121.34434,391.703366,,122.850357
2022-03-29,450.8411,,494.435855,,355.731474,,121.875,391.675707,,122.240014
2022-03-30,451.0917,,491.465345,,354.789535,,122.40566,388.075971,,121.966868
2022-03-31,450.0549,,494.407665,,351.449682,,122.051887,387.61515,,122.624289
2022-04-01,450.1703,,495.389445,,351.79872,,122.40566,388.670923,,123.192343
2022-04-04,450.0901,,498.841312,,353.718326,,122.641509,393.584876,,124.311912
2022-04-05,446.952,,498.320799,,349.608666,,120.518868,391.334562,,122.889698
2022-04-06,445.8614,,497.675379,,347.158468,,119.28066,389.037917,,121.766724
2022-04-07,446.1825,,498.656463,,347.900867,,118.632075,390.357312,,121.256032
2022-04-08,446.1467,,498.708145,,346.646662,,118.632075,389.021574,,121.278331
2022-04-11,444.7154,,496.75652,,342.499543,,116.981132,384.095564,,119.505951
2022-04-12,444.9961,,499.687072,,342.170721,,117.216981,385.747075,,120.377341
2022-04-13,445.9055,,497.848022,,344.799424,,117.747642,386.490102,,120.231559
2022-04-14,444.486,,499.00827,,341.098489,,116.391509,384.456617,,119.504226
2022-04-18,445.0316,,501.863907,,340.768421,,116.509434,385.80899,,120.162377
2022-04-19,444.8091,,501.315377,,343.235026,,115.919811,388.371051,,119.483334
2022-04-20,445.6691,,499.34507,,343.862123,,116.92217,386.803567,,119.811199
2022-04-21,443.727,,498.031991,,340.032049,,115.448113,383.159083,,118.506052
2022-04-22,441.0209,,496.622377,,334.298437,,113.738208,377.936943,,117.134762
2022-04-25,439.9735,,499.342013,,336.355046,,113.148585,383.254641,,117.444591
2022-04-26,439.1497,,501.883602,,330.922547,,112.205189,379.694811,,117.27776
2022-04-27,439.2531,,505.915934,,330.958668,,112.264151,382.697098,,118.254295
2022-04-28,441.3694,,511.098912,,335.91288,,113.502358,390.523597,,120.204279
2022-04-29,439.2294,,506.555713,,327.662293,,111.792453,379.385011,,117.912706
2022-05-02,439.0149,,508.125599,,328.127777,,109.669811,381.287615,,116.089039
2022-05-03,439.8027,,508.301841,,329.330974,,110.966981,382.132748,,117.292399
2022-05-04,442.0741,,506.129777,,336.190754,,112.794811,386.429675,,118.104989
2022-05-05,439.6354,,507.110539,,327.694205,,109.551887,379.486761,,115.569211
2022-05-06,439.4618,,506.621881,,325.963148,,108.431604,377.267335,,114.322312
2022-05-09,436.7044,,502.875619,,320.350731,,105.896226,370.353642,,111.523349
2022-05-10,436.6633,,504.318691,,321.187475,,106.014151,372.421599,,111.978467
2022-05-11,436.5928,,504.913607,,318.594503,,107.429245,369.91051,,113.625377
2022-05-12,436.0997,,510.860249,,318.629768,,106.839623,374.731807,,114.461906
2022-05-13,437.0693,,510.451629,,322.664707,,107.606132,378.332495,,114.935349
2022-05-16,436.9948,,509.356614,,322.155783,,107.783019,376.989713,,114.896905
2022-05-17,437.7581,,504.638675,,325.444194,,108.372642,376.652414,,114.255813
2022-05-18,436.1331,,506.821556,,318.092014,,107.841981,371.113441,,114.61361
2022-05-19,435.9179,,500.817213,,317.2415,,108.018868,365.916865,,113.497546
2022-05-20,435.9545,,501.88849,,317.699138,,108.018868,367.197736,,113.730775
2022-05-23,436.7019,,496.704745,,320.851792,,108.490566,366.383228,,112.854143
2022-05-24,436.6126,,494.617947,,320.374818,,108.903302,364.376086,,112.830616
2022-05-25,437.0713,,497.692974,,322.604111,,109.492925,368.805174,,114.026969
2022-05-26,438.2083,,496.865492,,326.372635,,110.259434,371.526557,,114.33687
2022-05-27,439.6503,,497.896828,,331.400813,,110.966981,376.793536,,114.931232
2022-05-31,438.4427,,496.686553,,329.434692,,109.728774,374.67678,,113.684797
2022-06-01,438.4314,,500.709664,,327.302911,,109.846698,375.277113,,114.731755
2022-06-02,439.7501,,497.537104,,331.203891,,110.908019,376.212174,,114.761121
2022-06-03,438.4429,,497.28919,,327.717351,,110.966981,373.175652,,115.107084
2022-06-06,438.2477,,498.122732,,327.515143,,110.141509,373.736907,,114.493293
2022-06-07,439.7217,,499.639289,,329.908673,,111.025943,376.348599,,115.375995
2022-06-08,438.844,,497.846308,,327.214612,,110.023585,372.679671,,114.151921
2022-06-09,437.4695,,501.037284,,322.395016,,109.021226,370.705023,,114.194617
2022-06-10,435.8225,,503.787935,,315.784157,,107.54717,366.476676,,113.697105
2022-06-13,430.5591,,503.012688,,306.527782,,103.301887,359.528976,,110.373986
2022-06-14,429.7601,,501.645368,,305.243828,,101.82783,357.713634,,108.704997
2022-06-15,430.4079,,501.184054,,309.21605,,103.950472,361.490532,,110.70208
2022-06-16,428.9398,,494.473117,,303.366856,,102.830189,351.101236,,108.41248
2022-06-17,428.1436,,496.029329,,303.742943,,102.712264,353.298655,,108.830972
2022-06-21,429.5371,,495.876388,,307.851462,,102.771226,356.80576,,108.506709
2022-06-22,429.2159,,493.938965,,308.566576,,103.419811,356.503875,,108.846265
2022-06-23,428.8181,,495.68179,,310.895125,,103.419811,360.795952,,109.33165
2022-06-24,430.2805,,495.497117,,316.622226,,104.186321,366.057031,,109.726739
2022-06-27,430.1835,,494.215066,,315.340859,,103.537736,363.714292,,108.786048
2022-06-28,429.5612,,496.554923,,311.522755,,102.830189,361.534634,,108.711424
2022-06-29,428.873,,499.478086,,312.088586,,102.830189,364.908103,,109.526869
2022-06-30,428.2976,,496.666866,,311.128873,,102.122642,362.224441,,108.306343
2022-07-01,428.5221,,499.643798,,314.14327,,103.419811,367.733271,,110.281667
2022-07-05,427.6781,,506.529765,,314.727387,,103.242925,374.231537,,111.830576
2022-07-06,426.776,,509.636905,,314.522367,,101.650943,377.077227,,111.015751
2022-07-07,428.832,,513.297118,,317.062558,,101.945755,381.017117,,111.599716
2022-07-08,428.4721,,511.391057,,316.442677,,101.474057,379.178337,,110.763816
2022-07-11,427.3741,,517.575477,,314.854799,,101.179245,382.819187,,112.064803
2022-07-12,426.5634,,516.809901,,313.358616,,101.474057,381.159514,,112.438376
2022-07-13,426.4527,,515.724941,,312.824859,,102.122642,379.810015,,112.948798
2022-07-14,424.7638,,515.662515,,311.927445,,101.238208,380.18024,,112.402202
2022-07-15,426.1742,,513.666161,,315.989253,,102.004717,382.370169,,112.441431
2022-07-18,425.8541,,510.466464,,314.019475,,101.591981,377.903448,,111.372538
2022-07-19,430.4197,,511.796181,,318.939053,,102.417453,380.741739,,111.375887
2022-07-20,430.7663,,514.624364,,320.074273,,102.653302,383.899263,,112.158928
2022-07-21,433.1283,,514.865803,,323.09835,,103.832547,385.593865,,112.881637
2022-07-22,432.3885,,514.630492,,322.310657,,104.775943,385.135839,,114.049994
2022-07-25,433.0778,,515.259209,,322.064702,,104.599057,384.698823,,113.815108
2022-07-26,431.5135,,518.625893,,319.752105,,104.540094,385.82566,,114.909253
2022-07-27,438.7146,,523.37935,,325.18305,,105.896226,389.475625,,115.538649
2022-07-28,442.7106,,527.809849,,328.564404,,107.252358,393.274664,,116.943672
2022-07-29,447.4294,,531.922937,,331.454261,,108.608491,395.608574,,118.086509
2022-08-01,448.6487,,531.568715,,331.326673,,108.903302,394.118922,,118.006615
2022-08-02,446.3498,,533.776562,,328.652949,,106.957547,394.584097,,116.978998
2022-08-03,448.7766,,536.815995,,332.321954,,107.959906,399.091212,,118.105479
2022-08-04,448.7895,,532.555596,,332.512323,,108.136792,396.139271,,117.356745
2022-08-05,447.2593,,534.123383,,330.689181,,106.78066,396.478905,,116.623781
2022-08-08,449.6034,,536.343194,,331.059005,,107.959906,396.493873,,117.784458
2022-08-09,449.2105,,534.720158,,329.982342,,107.724057,394.353087,,117.273979
2022-08-10,452.1429,,533.716521,,334.468582,,107.959906,396.376727,,116.549317
2022-08-11,452.2338,,532.685935,,333.76111,,107.075472,394.695186,,115.348118
2022-08-12,457.3779,,542.117314,,337.743701,,107.959906,401.904851,,117.028841
2022-08-15,454.9245,,544.459252,,338.743996,,107.841981,407.019812,,118.039189
2022-08-16,454.7048,,543.500745,,338.962077,,107.900943,406.761279,,117.952772
2022-08-17,452.1155,,540.023516,,336.706207,,107.193396,403.768362,,117.096418
2022-08-18,454.1693,,547.495399,,337.582037,,107.841981,408.563831,,118.8948
2022-08-19,450.0707,,545.046122,,333.917165,,106.485849,405.984213,,117.938803
2022-08-22,445.8813,,545.274019,,329.168351,,105.601415,404.139692,,118.107531
2022-08-23,447.2254,,545.447277,,328.643148,,105.837264,402.41002,,118.053054
2022-08-24,447.7846,,546.414342,,328.914402,,105.71934,402.952369,,117.983067
2022-08-25,451.709,,550.611776,,332.438833,,107.193396,406.833202,,119.499775
2022-08-26,446.2513,,544.472268,,325.427951,,107.075472,398.62911,,119.480924
2022-08-29,445.1673,,541.51925,,323.514155,,105.660377,395.095259,,117.547963
2022-08-30,441.7286,,536.364875,,321.546465,,105.070755,391.982283,,116.680684
2022-08-31,438.9632,,530.912444,,319.397392,,103.301887,387.832362,,114.26556
2022-09-01,436.9966,,534.204604,,319.442796,,102.004717,392.049185,,114.041292
2022-09-02,437.1956,,534.066582,,317.787936,,102.59434,389.739942,,114.61866
2022-09-06,436.1298,,535.416966,,315.87925,,100.884434,389.327744,,113.269461
2022-09-07,437.6496,,531.975199,,320.168878,,102.181604,390.716589,,113.592555
2022-09-08,437.6791,,532.39965,,321.010195,,101.709906,392.029425,,113.150769
2022-09-09,439.4468,,531.915399,,323.986709,,102.59434,393.714436,,113.57218
2022-09-12,440.3078,,528.86616,,325.884264,,102.417453,392.980209,,112.505998
2022-09-13,437.4734,,533.61238,,316.653157,,100.884434,387.771562,,112.540985
2022-09-14,438.0997,,533.669525,,317.541936,,101.29717,388.345631,,112.851949
2022-09-15,436.5705,,530.913015,,314.991137,,100.471698,384.578683,,111.744211
2022-09-16,435.9435,,529.335084,,313.457772,,99.351415,382.117918,,110.328277
2022-09-19,436.1031,,529.005797,,314.725738,,99.351415,383.284631,,110.219293
2022-09-20,434.9476,,530.409111,,311.998698,,98.70283,381.98359,,110.081908
2022-09-21,434.5871,,537.091851,,309.131451,,98.584906,383.559561,,111.428033
2022-09-22,433.3583,,535.731156,,306.250184,,96.875,380.09664,,109.527659
2022-09-23,431.0361,,540.957692,,302.789363,,95.518868,381.51196,,109.635481
2022-09-26,429.4185,,543.313661,,299.450073,,92.924528,380.375193,,107.525766
2022-09-27,429.512,,544.32703,,298.466999,,91.686321,379.750895,,106.267741
2022-09-28,432.3873,,540.166435,,303.917464,,94.693396,381.178335,,108.189886
2022-09-29,431.5888,,534.5547,,299.469169,,93.101415,372.384839,,105.460682
2022-09-30,431.053,,534.702763,,296.406502,,91.981132,369.136823,,104.350086
2022-10-03,433.763,,536.739052,,302.069828,,94.516509,375.263157,,106.962285
2022-10-04,436.3161,,531.214732,,308.005249,,96.285377,376.482572,,107.211535
2022-10-05,436.3312,,536.873207,,306.92757,,95.165094,379.14842,,107.089145
2022-10-06,436.5304,,542.0614,,304.544898,,94.221698,379.66731,,107.003312
2022-10-07,435.0371,,543.008022,,298.801033,,93.160377,374.438013,,106.346572
2022-10-10,433.9766,,544.024678,,296.898201,,92.099057,373.660974,,105.589267
2022-10-11,433.5433,,543.050327,,295.84454,,91.92217,372.039495,,105.302862
2022-10-12,433.7164,,543.45753,,295.359634,,92.275943,371.559864,,105.745176
2022-10-13,434.6072,,540.446098,,299.662211,,92.629717,374.115185,,105.346015
2022-10-14,432.2975,,540.7711,,294.913887,,91.745283,370.376874,,104.96072
2022-10-17,433.4137,,535.652576,,299.702953,,92.511792,371.868569,,104.565872
2022-10-18,433.8356,,535.265266,,302.019277,,92.688679,374.10751,,104.588245
2022-10-19,433.0247,,538.660041,,299.694903,,91.686321,374.282339,,104.308318
2022-10-20,432.2738,,537.258684,,297.46283,,91.332547,371.171928,,103.815549
2022-10-21,434.3113,,535.683651,,301.975848,,91.686321,373.93607,,103.424663
2022-10-24,434.4158,,534.884573,,304.029842,,91.509434,375.827506,,103.046355
2022-10-25,435.5065,,531.45852,,308.147132,,92.747642,377.529376,,103.511812
2022-10-26,436.3072,,526.192439,,307.293463,,93.573113,372.068953,,103.208534
2022-10-27,436.8301,,532.956044,,306.925927,,94.044811,375.950182,,104.936356
2022-10-28,437.3622,,533.514213,,311.008034,,94.221698,380.885328,,105.115795
2022-10-31,436.6116,,537.370503,,309.236134,,93.455189,382.10848,,105.194801
2022-11-01,437.8193,,539.064293,,308.652626,,94.575472,381.534247,,106.496782
2022-11-02,435.9149,,539.945901,,303.790929,,93.278302,377.781967,,105.667509
2022-11-03,434.7219,,542.286096,,301.472422,,92.334906,377.556915,,105.340449
2022-11-04,439.6321,,536.730141,,304.061092,,93.514151,372.687931,,104.413398
2022-11-07,439.7196,,533.600362,,305.420467,,93.691038,372.097127,,103.980199
2022-11-08,441.7459,,533.285908,,306.930525,,94.457547,372.002236,,104.288531
2022-11-09,440.1467,,534.641646,,303.272562,,93.691038,369.842097,,104.082015
2022-11-10,445.1726,,530.214732,,315.877091,,97.818396,377.710782,,106.550676
2022-11-11,447.3289,,525.325506,,317.622415,,98.525943,374.481667,,105.819191
2022-11-14,446.1755,,525.269953,,315.651271,,98.054245,373.08026,,105.573652
2022-11-15,448.1251,,526.47413,,318.190027,,99.115566,375.303156,,106.495667
2022-11-16,446.3364,,522.067065,,317.519361,,99.528302,372.865404,,106.46893
2022-11-17,444.9192,,522.056907,,316.415159,,98.525943,372.745035,,105.730334
2022-11-18,444.8827,,523.920477,,317.09192,,97.936321,374.906456,,105.481414
2022-11-21,443.8676,,526.987656,,316.31327,,98.054245,377.035547,,106.46962
2022-11-22,446.66,,527.039725,,319.528997,,99.351415,378.5249,,107.214285
2022-11-23,447.6296,,523.504133,,321.492423,,100.707547,377.476524,,107.714865
2022-11-25,447.3797,,523.730813,,321.482307,,100.53066,377.839029,,107.632318
2022-11-28,444.1876,,522.23176,,318.190286,,100.058962,375.579306,,107.588326
2022-11-29,445.0429,,523.814834,,317.415183,,99.528302,375.077921,,107.135849
2022-11-30,449.4084,,525.054092,,324.390179,,101.709906,380.494556,,108.677195
2022-12-01,452.0679,,522.114997,,325.325787,,103.832547,377.223616,,109.675169
2022-12-02,451.4373,,520.684269,,325.644058,,105.424528,377.083963,,111.206709
2022-12-05,446.6719,,517.495445,,321.102346,,103.183962,373.490248,,109.33077
2022-12-06,445.988,,518.219249,,318.704862,,103.65566,371.789349,,110.152839
2022-12-07,447.9517,,518.365612,,319.521244,,104.658019,371.212524,,110.76175
2022-12-08,448.264,,516.323714,,320.637165,,105.011792,370.783122,,110.621256
2022-12-09,446.1345,,514.929576,,318.44263,,103.007075,369.004038,,108.733005
2022-12-12,446.6797,,515.343568,,321.215488,,103.478774,372.061737,,109.185313
2022-12-13,450.4925,,515.137316,,323.538813,,103.832547,371.432346,,108.587856
2022-12-14,449.8977,,512.048994,,322.582254,,103.301887,368.600657,,107.527192
2022-12-15,445.5329,,509.710534,,318.02961,,102.948113,365.282843,,107.714588
2022-12-16,444.7406,,510.827919,,315.452846,,101.82783,363.764392,,106.966219
2022-12-19,441.7622,,506.287625,,313.074795,,101.002358,360.225749,,105.865044
2022-12-20,443.4558,,507.549168,,312.474578,,100.648585,359.054487,,105.353207
2022-12-21,445.0104,,510.140116,,315.630634,,101.82783,363.258974,,106.75743
2022-12-22,441.2106,,506.409746,,312.882466,,100.412736,360.541474,,105.404032
2022-12-23,441.6424,,505.854664,,313.538916,,99.941038,360.549035,,104.691436
2022-12-27,441.2397,,504.205807,,311.885727,,99.46934,357.805201,,103.952467
2022-12-28,438.2779,,502.105059,,309.339705,,98.879717,355.793967,,103.601143
2022-12-29,441.8035,,503.80352,,313.135923,,99.705189,358.494772,,103.982944
2022-12-30,441.4802,,501.62803,,312.047157,,99.233491,355.966135,,103.119581
2023-01-03,443.3061,,510.995533,,312.000853,,99.764151,361.066391,,105.172019
2023-01-04,446.7237,,512.253907,,314.134348,,101.061321,361.642614,,105.984794
2023-01-05,445.2352,,514.45329,,311.87902,,100.825472,361.793288,,106.54646
2023-01-06,452.2833,,516.810785,,317.530503,,103.478774,364.270796,,108.139559
2023-01-09,453.1419,,513.515482,,317.746278,,103.891509,361.507807,,107.674207
2023-01-10,452.5449,,512.595254,,318.601261,,103.773585,362.308301,,107.500883
2023-01-11,454.7081,,513.905923,,321.80187,,104.834906,365.138295,,108.360037
2023-01-12,459.4961,,514.747244,,323.438375,,106.308962,363.765606,,108.916677
2023-01-13,460.6199,,516.977989,,323.702929,,105.660377,364.748801,,108.456059
2023-01-17,458.9587,,517.2337,,323.122003,,104.95283,365.592793,,108.173197
2023-01-18,459.7459,,517.804047,,321.340954,,105.778302,363.355336,,108.957335
2023-01-19,461.7554,,518.2907,,319.648593,,106.191038,360.206975,,109.008811
2023-01-20,460.6581,,515.934865,,322.692458,,105.483491,362.846441,,108.047062
2023-01-23,461.072,,515.752232,,324.689388,,105.778302,364.634998,,108.213455
2023-01-24,462.4102,,516.574197,,325.063037,,106.721698,364.57827,,109.036107
2023-01-25,462.5501,,515.319351,,325.288585,,107.193396,363.834923,,109.218953
2023-01-26,466.0256,,520.326202,,327.206828,,107.429245,366.780441,,109.698516
2023-01-27,465.1032,,520.38121,,327.464455,,106.957547,367.836086,,109.445024
2023-01-30,460.6753,,516.239486,,324.651002,,106.073113,365.250592,,108.711106
2023-01-31,465.7187,,521.314551,,328.054004,,105.955189,368.67136,,108.470266
2023-02-01,470.6625,,520.730518,,331.062857,,107.429245,367.732301,,108.702182
2023-02-02,470.1385,,523.912695,,334.108223,,107.016509,373.799018,,109.067709
2023-02-03,465.348,,524.186442,,330.684022,,105.365566,373.971951,,108.547279
2023-02-06,463.0612,,524.878681,,328.744613,,104.304245,374.108067,,108.127169
2023-02-07,466.0478,,528.372365,,331.095399,,104.893868,376.860541,,108.760711
2023-02-08,464.4181,,527.178592,,329.107052,,104.834906,375.062552,,108.834564
2023-02-09,461.2163,,522.208088,,326.876273,,104.186321,371.569649,,107.88522
2023-02-10,461.5968,,525.615231,,326.77521,,103.596698,373.570129,,107.885573
2023-02-13,464.3361,,526.642945,,329.472997,,104.186321,375.164327,,108.070417
2023-02-14,464.3568,,525.793273,,328.923809,,103.832547,373.918036,,107.524895
2023-02-15,462.0686,,525.655189,,329.305155,,103.242925,376.106567,,107.415537
2023-02-16,457.3391,,520.981744,,326.02979,,102.358491,372.871633,,106.640053
2023-02-17,456.1137,,518.512064,,325.84817,,102.476415,371.893786,,106.542278
2023-02-21,449.7359,,513.69233,,320.703512,,101.002358,367.762234,,105.508961
2023-02-22,448.2872,,513.949803,,320.788834,,101.061321,369.233839,,105.964804
2023-02-23,450.7783,,517.264323,,322.264643,,101.591981,371.261633,,106.615724
2023-02-24,447.2931,,515.674438,,319.459563,,100.235849,369.757665,,105.686322
2023-02-27,449.036,,514.560803,,320.369787,,100.825472,368.57424,,105.666691
2023-02-28,449.1313,,516.456601,,319.640273,,100.766509,369.011492,,105.971488
2023-03-01,449.0096,,511.785654,,318.166941,,100.884434,364.087209,,105.164448
2023-03-02,450.1654,,516.448908,,319.396335,,100.766509,367.877365,,105.72648
2023-03-03,456.4566,,521.85908,,323.472597,,102.948113,371.286482,,107.642667
2023-03-06,455.0634,,518.054412,,323.288628,,102.181604,369.497739,,106.386982
2023-03-07,451.317,,520.11128,,320.144278,,101.002358,370.406169,,106.453121
2023-03-08,451.8592,,521.091784,,320.321582,,100.766509,370.864433,,106.277081
2023-03-09,448.7133,,515.658908,,317.245626,,100.235849,366.021936,,105.348647
2023-03-10,449.7391,,513.913264,,315.979344,,102.240566,362.498122,,106.84759
2023-03-13,449.9045,,509.694716,,316.71287,,102.59434,360.224621,,106.298099
2023-03-14,451.9461,,511.931306,,319.104118,,102.004717,362.890285,,105.671435
2023-03-15,449.8039,,517.029518,,319.186584,,102.181604,368.344881,,107.41802
2023-03-16,452.5323,,518.557518,,322.044509,,101.82783,370.493965,,106.715167
2023-03-17,454.0491,,517.617081,,320.588004,,101.945755,366.91962,,106.288733
2023-03-20,455.881,,517.130492,,321.921818,,102.417453,366.620676,,106.251466
2023-03-21,456.8268,,515.888,,324.071868,,102.417453,367.420236,,105.776728
2023-03-22,456.1355,,510.869575,,322.002226,,103.478774,362.07032,,105.993624
2023-03-23,457.7736,,513.949506,,322.831887,,103.596698,363.884889,,106.372148
2023-03-24,457.233,,516.629859,,324.324233,,103.301887,367.907993,,106.748675
2023-03-27,455.1253,,512.448022,,323.28262,,102.181604,365.442529,,105.221348
2023-03-28,456.4449,,511.800769,,322.654389,,102.830189,363.218566,,105.44974
2023-03-29,458.7321,,514.289457,,325.634609,,103.242925,366.519372,,105.857368
2023-03-30,461.3842,,514.37869,,326.913842,,103.891509,365.907615,,105.928448
2023-03-31,466.0214,,522.529031,,330.30745,,104.658019,371.826913,,107.322153
2023-04-03,470.4723,,524.967995,,331.641764,,105.483491,371.523144,,107.645422
2023-04-04,469.7604,,521.521772,,331.039261,,105.660377,368.972017,,107.280429
2023-04-05,470.2231,,524.348228,,330.953336,,105.955189,370.510479,,108.056371
2023-04-06,468.797,,521.982343,,331.621654,,106.073113,370.707828,,108.016129
2023-04-10,467.7715,,523.954936,,330.911532,,105.542453,372.12596,,108.118414
2023-04-11,469.2246,,522.875091,,331.037794,,106.014151,370.350254,,108.042177
2023-04-12,469.0472,,518.806463,,330.394058,,106.073113,366.892594,,107.301662
2023-04-13,472.8617,,520.416702,,332.967164,,106.485849,367.905585,,107.18186
2023-04-14,469.5682,,519.288241,,331.824033,,105.424528,368.413499,,106.626163
2023-04-17,467.9138,,520.760465,,331.870114,,104.775943,370.81576,,106.64636
2023-04-18,469.2676,,520.001198,,332.199673,,105.011792,369.573533,,106.42267
2023-04-19,468.5831,,520.062774,,331.965662,,104.716981,369.896479,,106.291507
2023-04-20,468.3294,,519.236069,,331.477617,,104.834906,368.965303,,106.299604
2023-04-21,466.5968,,516.222922,,331.405721,,104.245283,368.106442,,105.478573
2023-04-24,469.0085,,516.208704,,332.130407,,104.95283,367.004285,,105.645516
2023-04-25,465.1291,,515.335422,,329.804517,,105.129717,366.852067,,106.525672
2023-04-26,461.2919,,508.060496,,328.469376,,104.42217,363.205464,,105.182773
2023-04-27,463.599,,511.087681,,331.928886,,104.42217,367.380296,,105.282925
2023-04-28,467.8443,,516.278157,,334.298227,,105.011792,370.368778,,105.982164
2023-05-01,464.5957,,514.725682,,332.734401,,103.242925,370.097578,,104.610013
2023-05-02,463.9482,,512.811938,,331.7794,,104.245283,368.176392,,105.379795
2023-05-03,463.3157,,509.302069,,331.003649,,104.481132,365.299512,,105.038521
2023-05-04,461.4557,,509.551945,,329.435067,,104.186321,365.212944,,105.21592
2023-05-05,464.1933,,512.202691,,332.674048,,104.540094,368.535898,,105.496531
2023-05-08,463.1607,,511.750731,,331.995671,,104.009434,368.279105,,105.1022
2023-05-09,462.9407,,513.486404,,331.001731,,103.419811,368.596951,,104.910663
2023-05-10,464.3722,,514.140713,,332.782054,,104.068396,369.907868,,105.377272
2023-05-11,463.2378,,515.938935,,332.843659,,104.186321,372.179534,,106.124906
2023-05-12,462.3784,,518.133677,,331.823165,,103.773585,373.309354,,106.351448
2023-05-15,462.8351,,517.443521,,332.176152,,103.832547,372.840433,,106.165273
2023-05-16,458.7509,,513.458227,,330.540747,,102.712264,371.424955,,105.138747
2023-05-17,461.3701,,517.485556,,332.751507,,103.125,374.702598,,105.785235
2023-05-18,463.6059,,523.339365,,334.046509,,102.417453,378.581401,,105.735476
2023-05-19,464.2084,,522.278485,,333.458208,,102.240566,376.659079,,105.202168
2023-05-22,463.2016,,520.808347,,333.414358,,102.004717,376.36573,,104.891536
2023-05-23,461.0673,,520.512343,,331.324026,,101.945755,375.523854,,105.256315
2023-05-24,458.6234,,518.682953,,329.547009,,101.002358,374.180393,,104.469517
2023-05-25,462.0018,,523.687619,,330.769847,,100.766509,376.419782,,104.461717
2023-05-26,468.1965,,530.843064,,333.447321,,101.533019,379.56233,,105.282839
2023-05-30,469.8257,,532.104676,,334.413004,,101.768868,380.243108,,105.411394
2023-05-31,467.7814,,532.044613,,333.775939,,101.474057,381.134283,,105.553449
2023-06-01,471.0288,,532.113945,,336.083604,,102.476415,381.173231,,105.874996
2023-06-02,472.3043,,536.290756,,338.303588,,102.535377,385.658496,,106.479119
2023-06-05,471.8642,,535.515937,,337.896563,,102.476415,384.996723,,106.36325
2023-06-06,472.4962,,537.216138,,338.494093,,103.007075,386.384514,,107.110018
2023-06-07,469.7145,,533.758894,,337.071009,,102.358491,384.547901,,106.376901
2023-06-08,473.8716,,534.317501,,339.014341,,103.419811,383.773228,,106.648503
2023-06-09,473.4315,,535.495026,,339.067441,,103.125,385.036825,,106.677924
2023-06-12,476.929,,539.034765,,341.151475,,103.301887,387.104469,,106.778448
2023-06-13,476.6622,,536.911306,,341.850277,,103.066038,386.585589,,106.174377
2023-06-14,477.6507,,536.48383,,342.2226,,103.773585,385.898235,,106.597089
2023-06-15,481.5246,,534.865525,,345.721368,,104.893868,385.540706,,106.558607
2023-06-16,478.8322,,532.074195,,344.586337,,104.540094,384.418952,,106.239017
2023-06-20,476.1519,,530.195941,,343.764192,,104.42217,384.29913,,106.339814
2023-06-21,475.4691,,526.158566,,342.930736,,104.540094,380.994448,,105.800943
2023-06-22,472.9346,,524.796519,,342.963161,,103.537736,382.080803,,105.075345
2023-06-23,471.9926,,526.838474,,341.821061,,103.478774,383.053115,,105.634522
2023-06-26,472.278,,526.470641,,341.141398,,103.537736,381.793698,,105.557091
2023-06-27,475.529,,527.449145,,343.115215,,103.537736,382.086285,,105.030287
2023-06-28,476.3179,,530.638376,,343.635465,,103.832547,384.3418,,105.790718
2023-06-29,476.1599,,532.899143,,343.386033,,102.830189,385.82709,,105.250736
2023-06-30,481.0487,,536.051143,,346.136945,,103.891509,387.242508,,105.87893
2023-07-03,480.7246,,535.719448,,346.215505,,104.304245,387.351701,,106.305407
2023-07-05,478.1353,,535.548716,,345.277656,,103.125,388.270627,,105.639039
2023-07-06,473.0208,,528.175279,,342.756996,,101.29717,384.239535,,103.444511
2023-07-07,474.0598,,525.445597,,342.268334,,101.415094,380.872167,,102.803886
2023-07-10,477.0145,,527.163335,,343.174783,,101.650943,380.756101,,102.739473
2023-07-11,479.6141,,529.660675,,344.790484,,102.240566,382.277684,,103.262192
2023-07-12,484.3447,,529.140894,,347.564025,,104.127358,381.214561,,104.038464
2023-07-13,487.0958,,527.486803,,350.086611,,105.188679,380.619122,,104.178601
2023-07-14,485.5723,,525.888501,,349.295328,,104.42217,379.796043,,103.429587
2023-07-17,486.9623,,527.09808,,350.184806,,104.599057,380.54961,,103.546677
2023-07-18,490.1338,,530.686903,,351.859475,,104.95283,382.481871,,103.927427
2023-07-19,490.8084,,532.883828,,352.750468,,105.660377,384.508584,,104.916795
2023-07-20,488.0694,,533.152591,,350.617624,,105.247642,384.522338,,105.146452
2023-07-21,488.814,,534.186766,,350.714838,,105.247642,384.787997,,105.18993
2023-07-24,489.6152,,537.99788,,351.395145,,105.365566,387.64958,,105.885547
2023-07-25,491.3551,,540.672063,,351.823636,,105.601415,388.670306,,106.272404
2023-07-26,490.8537,,538.293253,,352.313624,,105.483491,387.89501,,105.79464
2023-07-27,485.2579,,537.51447,,349.709704,,103.714623,388.904633,,105.067849
2023-07-28,488.4173,,539.157174,,352.29776,,104.540094,390.438036,,105.540596
2023-07-31,490.1597,,541.882609,,352.881872,,104.95283,391.665076,,106.114339
2023-08-01,488.067,,540.178193,,351.343719,,103.537736,390.39809,,104.801759
2023-08-02,482.7944,,536.614292,,348.068331,,102.299528,388.402851,,103.988652
2023-08-03,481.0583,,534.132838,,346.54226,,101.061321,386.300845,,102.623977
2023-08-04,482.6361,,533.017381,,346.743823,,102.122642,384.457369,,103.146837
2023-08-07,484.307,,535.139801,,348.576942,,102.004717,386.690097,,103.081105
2023-08-08,483.9168,,536.953618,,348.005958,,102.063679,387.67754,,103.573726
2023-08-09,482.26,,534.261882,,346.708722,,102.240566,385.616495,,103.587774
2023-08-10,480.5525,,532.03089,,345.8783,,101.179245,384.44765,,102.447119
2023-08-11,480.7876,,534.056643,,345.336116,,100.707547,385.118119,,102.307716
2023-08-14,482.0261,,537.342237,,346.369204,,100.294811,387.648032,,102.251855
2023-08-15,478.1578,,533.235382,,343.572117,,99.233491,384.665744,,101.208803
2023-08-16,474.0855,,529.772854,,341.737092,,98.466981,383.39199,,100.631966
2023-08-17,471.7243,,527.483397,,340.029086,,98.349057,381.728426,,100.578012
2023-08-18,472.707,,528.76707,,340.431976,,98.466981,382.314351,,100.733818
2023-08-21,473.6322,,528.469659,,341.070482,,98.054245,382.068172,,100.059319
2023-08-22,473.2927,,530.540113,,340.663533,,98.17217,383.382206,,100.644284
2023-08-23,479.5662,,536.701456,,344.247629,,100.117925,386.788054,,102.47274
2023-08-24,475.2806,,534.49338,,341.062244,,99.292453,385.073626,,102.122347
2023-08-25,477.0634,,537.278589,,342.424709,,99.587264,387.174207,,102.574532
2023-08-28,479.4051,,538.708151,,344.017085,,99.941038,388.104605,,102.708658
2023-08-29,485.2036,,542.167015,,347.889177,,101.179245,390.272439,,103.398162
2023-08-30,486.7217,,541.707425,,348.701227,,101.120283,389.63274,,102.928267
2023-08-31,487.4321,,546.490532,,348.587644,,101.238208,392.372347,,103.806672
2023-09-01,487.5502,,550.184862,,348.264037,,100.589623,394.562508,,103.813727
2023-09-05,483.9642,,548.741016,,346.607327,,99.705189,394.557055,,103.391361
2023-09-06,483.1323,,547.547538,,345.079723,,99.587264,392.638684,,103.221904
2023-09-07,482.3849,,548.295246,,344.870325,,99.528302,393.545082,,103.461716
2023-09-08,483.3358,,549.247692,,345.261166,,99.764151,393.899017,,103.682651
2023-09-11,483.3142,,546.566488,,346.458532,,99.764151,393.353115,,103.181126
2023-09-12,482.49,,545.451764,,345.369072,,99.941038,391.984925,,103.329468
2023-09-13,481.5121,,545.594336,,345.805709,,99.823113,393.380379,,103.444181
2023-09-14,483.6931,,552.509691,,347.416149,,100.117925,398.417033,,104.59096
2023-09-15,479.5614,,546.931958,,344.580143,,99.587264,394.54561,,103.873601
2023-09-18,481.8679,,547.922765,,344.895907,,99.882075,393.728885,,103.870258
2023-09-19,480.1428,,546.59001,,344.075857,,99.292453,393.245134,,103.376021
2023-09-20,477.8048,,544.882579,,342.0992,,99.056604,391.671851,,103.311378
2023-09-21,469.4028,,535.431631,,337.770526,,96.992925,386.810261,,101.183735
2023-09-22,470.9002,,537.780485,,337.890841,,97.582547,387.409682,,101.920283
2023-09-25,470.4315,,539.892645,,337.673632,,96.226415,389.068484,,100.999129
2023-09-26,466.2583,,536.15603,,334.533069,,95.400943,386.208262,,100.329718
2023-09-27,466.7715,,540.323723,,334.136588,,94.988208,388.321669,,100.561491
2023-09-28,468.7476,,539.365424,,335.698436,,95.813679,387.803077,,100.82863
2023-09-29,466.0496,,535.829882,,335.082652,,95.341981,386.780546,,100.25159
2023-10-02,462.2165,,536.332784,,334.069632,,93.808962,389.173972,,99.550979
2023-10-03,455.8133,,529.448599,,330.343134,,92.275943,385.229895,,98.025171
2023-10-04,457.2405,,529.220313,,332.716742,,92.924528,386.620036,,98.363616
2023-10-05,456.2824,,525.948227,,332.718992,,92.570755,385.039033,,97.587769
2023-10-06,459.3037,,527.550075,,334.575648,,92.334906,385.812203,,96.99335
2023-10-09,466.1132,,536.278312,,337.252216,,93.867925,389.557465,,98.77075
2023-10-10,467.346,,535.739602,,338.176256,,94.516509,389.203037,,99.091226
2023-10-11,470.1208,,538.199842,,339.625093,,95.754717,390.347818,,100.255125
2023-10-12,467.5152,,539.858381,,337.218437,,93.808962,390.942884,,99.069678
2023-10-13,469.73,,543.515527,,336.775456,,94.929245,391.220837,,100.456025
2023-10-16,470.7137,,541.894426,,338.159694,,94.516509,390.838714,,99.512543
2023-10-17,470.3665,,540.629528,,337.172115,,94.162736,389.074633,,98.981664
2023-10-18,469.0671,,541.213462,,333.855902,,93.21934,386.732405,,98.36757
2023-10-19,466.9045,,536.386674,,331.58889,,92.393868,382.443935,,97.074547
2023-10-20,464.0291,,532.544904,,329.616615,,92.099057,379.785168,,96.667059
2023-10-23,463.667,,528.363508,,329.790387,,92.099057,377.296266,,95.982955
2023-10-24,463.8508,,532.516225,,331.759515,,93.101415,382.380565,,97.751431
2023-10-25,461.9187,,531.482583,,327.908417,,91.686321,378.786022,,96.480677
2023-10-26,461.447,,531.130866,,326.449335,,92.334906,377.236225,,97.198134
2023-10-27,461.5605,,531.437611,,325.510825,,92.099057,376.276396,,96.982001
2023-10-30,461.9682,,529.080886,,327.53266,,92.158019,376.601886,,96.528471
2023-10-31,462.2132,,531.393941,,328.688687,,91.863208,379.382155,,96.58911
2023-11-01,463.4608,,533.060161,,332.245546,,93.278302,383.654481,,98.119687
2023-11-02,468.6415,,536.390146,,336.863901,,95.224057,387.090406,,99.677935
2023-11-03,470.0303,,532.658945,,339.529068,,96.049528,386.294228,,99.547627
2023-11-06,468.6012,,531.559703,,339.318049,,95.459906,386.432374,,99.033462
2023-11-07,468.2033,,531.977003,,340.612392,,95.872642,388.54088,,99.624324
2023-11-08,466.8807,,530.013573,,341.231937,,96.462264,388.90957,,100.149971
2023-11-09,465.9296,,531.001541,,338.487712,,94.811321,387.289993,,98.820713
2023-11-10,469.2136,,533.898341,,341.980571,,95.224057,390.667516,,99.09391
2023-11-13,470.877,,535.069895,,341.766305,,95.106132,389.897248,,98.837981
2023-11-14,478.4229,,534.644308,,347.472065,,97.346698,389.843926,,99.491624
2023-11-15,476.3956,,533.964168,,347.049049,,96.757075,390.528846,,99.183496
2023-11-16,476.0262,,533.279713,,348.059141,,97.287736,391.466982,,99.676919
2023-11-17,478.9556,,533.762753,,348.597402,,97.641509,390.027333,,99.517578
2023-11-20,481.0289,,534.539578,,350.433564,,98.408019,390.959959,,100.011857
2023-11-21,481.9445,,536.995223,,350.125546,,98.17217,391.665286,,100.040094
2023-11-22,481.6165,,537.743608,,351.068946,,98.408019,393.53576,,100.488576
2023-11-24,482.6154,,536.660661,,350.557626,,97.759434,391.359511,,99.419041
2023-11-27,483.7268,,536.88,,350.970495,,98.466981,391.079969,,99.949357
2023-11-28,486.0938,,537.588099,,351.784329,,98.820755,390.592536,,99.951666
2023-11-29,487.0619,,539.807846,,352.323119,,99.587264,392.025271,,100.941822
2023-11-30,487.0649,,543.981837,,352.700173,,98.820755,395.476904,,100.938777
2023-12-01,492.6087,,550.487019,,355.179835,,100.648585,398.48428,,102.864373
2023-12-04,486.3626,,545.668872,,353.523044,,99.528302,398.203089,,102.124021
2023-12-05,484.8681,,545.99759,,354.428207,,100.176887,400.694405,,103.16846
2023-12-06,483.9791,,546.611637,,353.931722,,100.825472,401.318927,,104.144139
2023-12-07,485.7825,,547.153975,,355.597607,,100.825472,402.109571,,103.860465
2023-12-08,486.369,,549.581419,,355.798027,,100.589623,403.633848,,103.95171
2023-12-11,488.5736,,551.780214,,356.646548,,100.117925,404.382208,,103.40946
2023-12-12,489.9497,,551.816965,,358.048486,,100.117925,404.858519,,103.125887
2023-12-13,497.3499,,556.040838,,362.801639,,102.535377,407.222515,,104.840889
2023-12-14,503.2855,,556.631382,,364.669996,,105.011792,404.921828,,106.219352
2023-12-15,501.9429,,560.155873,,363.981448,,104.658019,407.804219,,106.816758
2023-12-18,503.3292,,560.170588,,364.911487,,104.481132,407.730875,,106.345312
2023-12-19,506.1448,,560.369826,,366.408184,,104.95283,407.270558,,106.268958
2023-12-20,502.46,,558.400657,,363.908002,,104.716981,406.02607,,106.432398
2023-12-21,505.5703,,558.208715,,365.962311,,105.129717,405.666653,,106.158032
2023-12-22,505.2994,,557.742449,,366.206214,,104.834906,405.815391,,105.828619
2023-12-26,507.869,,559.162302,,367.43238,,105.188679,406.145357,,105.917443
2023-12-27,508.8116,,557.016975,,368.770635,,106.544811,405.308437,,106.673375
2023-12-28,506.7525,,556.959536,,368.522896,,106.073113,406.64001,,106.621642
2023-12-29,505.3498,,556.610469,,367.605469,,105.247642,406.498666,,106.01906
2024-01-02,502.3649,,558.300073,,365.67695,,104.716981,408.003483,,106.43337
2024-01-03,501.4528,,558.189594,,363.949882,,104.540094,406.734625,,106.425787
2024-01-04,499.094,,554.396373,,362.657669,,103.596698,404.438774,,105.243735
2024-01-05,498.2069,,553.588014,,362.611574,,103.007075,404.516732,,104.678214
2024-01-08,500.5372,,555.699916,,366.276992,,103.714623,408.254986,,105.306764
2024-01-09,498.4493,,554.374192,,365.90918,,103.007075,408.576333,,104.775894
2024-01-10,498.851,,552.712396,,366.872339,,102.653302,408.094943,,104.019218
2024-01-11,500.1489,,554.170634,,367.601912,,103.125,408.9214,,104.501003
2024-01-12,501.6179,,556.991275,,368.019481,,103.65566,410.264616,,105.2642
2024-01-16,499.0088,,557.83394,,366.120447,,101.945755,410.902328,,104.226506
2024-01-17,497.0086,,555.230351,,364.500142,,101.179245,408.813176,,103.374408
2024-01-18,498.6046,,557.330843,,366.314242,,101.179245,411.082027,,103.433337
2024-01-19,503.4375,,561.648515,,369.069952,,101.650943,413.376352,,103.715287
2024-01-22,504.4873,,563.574781,,369.807298,,101.886792,414.757911,,104.095393
2024-01-23,502.3586,,562.706618,,370.100033,,101.591981,416.202987,,104.073442
2024-01-24,502.8859,,561.677432,,370.009796,,101.29717,414.904959,,103.473022
2024-01-25,506.4082,,567.619248,,371.888011,,102.063679,418.491316,,104.626069
2024-01-26,505.6995,,566.459297,,371.436181,,101.82783,417.713275,,104.316974
2024-01-29,509.4336,,571.80113,,373.792008,,102.830189,421.216449,,105.557808
2024-01-30,510.9082,,572.700138,,373.904709,,103.007075,420.787895,,105.599966
2024-01-31,507.1948,,569.977621,,370.921458,,103.183962,418.487854,,106.04923
2024-02-01,513.2019,,573.890155,,374.683722,,104.95283,420.652265,,107.336388
2024-02-02,513.6756,,578.951795,,375.675538,,103.125,425.093312,,106.299136
2024-02-05,510.7854,,578.057696,,373.620583,,101.886792,424.503615,,105.453964
2024-02-06,510.7586,,577.387753,,375.054676,,102.653302,425.661482,,106.129742
2024-02-07,513.7585,,579.819296,,376.626698,,102.535377,426.739294,,105.832653
2024-02-08,514.969,,580.888855,,376.26459,,102.063679,426.11144,,105.292026
2024-02-09,515.3766,,581.052106,,377.518659,,101.945755,427.313578,,105.116728
2024-02-12,515.969,,582.31403,,377.450287,,102.240566,427.672467,,105.528361
2024-02-13,510.935,,580.052098,,372.942798,,100.53066,425.070984,,104.378773
2024-02-14,512.4947,,580.797707,,375.644257,,101.356132,427.395707,,105.050433
2024-02-15,515.5421,,581.810633,,377.541841,,101.82783,427.760319,,105.09845
2024-02-16,513.497,,579.40046,,375.949865,,101.886792,425.881472,,105.140762
2024-02-20,512.9911,,577.051501,,374.846738,,101.474057,423.32739,,104.393167
2024-02-21,514.0747,,577.661087,,374.585862,,101.415094,422.587019,,104.222572
2024-02-22,520.3273,,584.487186,,379.377274,,101.82783,427.846104,,104.610957
2024-02-23,520.2253,,584.648116,,380.090055,,102.59434,428.852039,,105.448108
2024-02-26,519.7344,,582.29316,,378.926184,,102.240566,426.218925,,104.760069
2024-02-27,518.5622,,581.349538,,379.158079,,101.886792,426.751127,,104.464005
2024-02-28,518.782,,581.912555,,379.151596,,102.181604,426.976137,,104.823305
2024-02-29,521.6001,,586.860454,,380.210609,,102.771226,429.476393,,105.750158
2024-03-01,528.9346,,593.344421,,383.080534,,103.891509,431.4325,,106.585284
2024-03-04,528.6805,,592.070536,,382.470388,,103.773585,430.027136,,106.286788
2024-03-05,528.5237,,591.840416,,380.993078,,104.42217,428.326679,,106.941229
2024-03-06,531.8397,,593.25856,,382.393282,,105.129717,428.244114,,107.250929
2024-03-07,536.2939,,595.522339,,384.998921,,105.542453,429.212736,,107.185167
2024-03-08,535.5583,,595.450629,,383.747508,,105.424528,428.353638,,107.199553
2024-03-11,535.207,,595.528435,,383.37962,,105.424528,428.279836,,107.283934
2024-03-12,535.4723,,595.774559,,385.471384,,105.070755,430.581112,,106.915114
2024-03-13,536.7098,,596.011392,,384.814857,,105.188679,429.027127,,106.830766
2024-03-14,535.5612,,598.260688,,383.382032,,104.363208,429.962919,,106.620591
2024-03-15,534.4187,,596.737688,,381.786847,,103.714623,427.996947,,105.914182
2024-03-18,535.0099,,598.238522,,382.990296,,103.65566,429.950258,,106.002934
2024-03-19,537.3859,,601.260319,,384.652296,,103.891509,432.078337,,106.308658
2024-03-20,540.673,,601.825315,,387.100429,,104.658019,432.590831,,106.541936
2024-03-21,541.7958,,606.523727,,387.973092,,104.834906,436.045345,,107.332285
2024-03-22,539.4726,,606.890451,,388.025285,,105.129717,438.246873,,108.162997
2024-03-25,539.1234,,604.7851,,387.10073,,104.658019,435.968166,,107.37365
2024-03-26,538.4167,,604.338073,,386.830706,,104.716981,435.913441,,107.495641
2024-03-27,542.4023,,608.991577,,389.291214,,105.837264,438.815797,,108.677759
2024-03-28,545.7269,,615.093175,,389.052097,,106.25,440.241718,,109.523368
2024-04-01,545.3008,,617.090177,,387.518685,,105.188679,440.273995,,108.866386
2024-04-02,546.0354,,616.406693,,385.93674,,105.129717,437.401792,,108.538633
2024-04-03,548.4066,,615.272739,,386.277299,,105.365566,435.092978,,108.112525
2024-04-04,545.5353,,612.000516,,383.821111,,105.601415,432.290485,,108.345524
2024-04-05,550.875,,618.036403,,385.457527,,105.247642,434.1656,,107.990529
2024-04-08,550.5279,,616.333097,,385.445463,,105.424528,433.228463,,107.941917
2024-04-09,551.5459,,617.60359,,386.244226,,106.25,434.218216,,108.810147
2024-04-10,546.3097,,618.260675,,382.078816,,104.540094,434.113767,,108.200161
2024-04-11,549.0757,,622.34108,,383.840086,,104.481132,436.781727,,108.30448
2024-04-12,545.638,,623.531333,,380.94617,,104.068396,437.054074,,108.763917
2024-04-15,544.1983,,622.723163,,377.153157,,103.242925,433.28482,,108.046435
2024-04-16,541.8943,,620.407888,,376.323594,,102.358491,432.555724,,107.176336
2024-04-17,539.4148,,614.438677,,375.682721,,102.771226,429.630194,,107.06303
2024-04-18,537.876,,614.38405,,374.785633,,102.59434,429.792257,,107.174995
2024-04-19,537.6796,,613.646573,,372.981276,,102.771226,427.365709,,107.270079
2024-04-22,536.2464,,611.907481,,375.146011,,102.712264,429.773461,,107.190422
2024-04-23,538.2878,,611.527657,,378.129077,,102.889151,431.280208,,106.901415
2024-04-24,537.8508,,611.168269,,377.6172,,102.59434,430.792997,,106.61902
2024-04-25,539.2564,,610.989392,,376.339759,,102.358491,428.091251,,106.065597
2024-04-26,541.3493,,615.592474,,378.80902,,103.183962,432.467943,,107.310008
2024-04-29,542.9413,,615.680889,,380.070307,,103.891509,432.697738,,107.744511
2024-04-30,534.7027,,609.488082,,375.843508,,102.417453,430.108259,,106.767511
2024-05-01,534.036,,606.080009,,375.634883,,102.59434,427.999467,,106.486642
2024-05-02,534.8819,,606.292913,,378.420969,,103.301887,430.643277,,107.08907
2024-05-03,536.6831,,606.462928,,382.017427,,104.481132,433.398497,,107.978307
2024-05-06,541.1521,,610.97915,,384.485227,,105.070755,435.817422,,108.49287
2024-05-07,541.7466,,612.406791,,385.076347,,105.306604,437.027268,,108.870875
2024-05-08,541.293,,612.252689,,384.765908,,105.011792,436.930904,,108.629722
2024-05-09,545.1214,,614.655751,,386.392753,,105.837264,437.406847,,109.141427
2024-05-10,545.3413,,615.731773,,386.373967,,105.71934,437.974596,,109.166635
2024-05-13,543.6996,,612.61508,,386.476639,,105.660377,437.189583,,108.881259
2024-05-14,545.8273,,613.329858,,387.963382,,106.426887,437.670705,,109.371084
2024-05-15,551.2288,,615.700301,,391.873108,,107.606132,439.441244,,109.922549
2024-05-16,548.5375,,613.663993,,391.211521,,107.488208,439.393716,,109.97588
2024-05-17,550.4655,,615.815232,,391.053718,,107.724057,439.212437,,110.216173
2024-05-20,551.4581,,617.51665,,391.180781,,107.606132,439.776025,,110.200985
2024-05-21,551.5822,,617.814955,,392.039768,,107.841981,440.855421,,110.471013
2024-05-22,548.9264,,616.618447,,391.164963,,107.370283,441.143851,,110.305914
2024-05-23,544.7418,,612.359153,,389.010357,,105.955189,439.03037,,108.930638
2024-05-24,546.4181,,612.476556,,390.731867,,106.367925,439.704705,,109.040387
2024-05-28,545.8804,,611.265174,,390.18451,,105.778302,438.651949,,108.328081
2024-05-29,541.6273,,609.641624,,387.935584,,104.599057,438.380845,,107.674816
2024-05-30,541.8208,,608.108425,,387.121653,,105.188679,436.205059,,107.970883
2024-05-31,544.1537,,609.848439,,389.735503,,105.896226,438.518771,,108.540825
2024-06-03,543.2707,,605.692873,,390.8635,,106.662736,437.501136,,108.757998
2024-06-04,542.3342,,606.054941,,391.6951,,106.839623,439.45158,,109.191707
2024-06-05,547.0587,,611.925152,,394.965427,,107.606132,443.548735,,110.081338
2024-06-06,546.938,,610.716873,,395.014154,,107.783019,442.825239,,110.06886
2024-06-07,541.6448,,609.842002,,393.336839,,105.778302,444.616182,,108.921008
2024-06-10,543.4692,,613.743431,,393.92666,,105.837264,446.627214,,109.310739
2024-06-11,545.5421,,617.501198,,395.048881,,106.014151,448.929616,,109.745236
2024-06-12,548.9285,,617.4195,,397.726747,,106.721698,449.125019,,109.78161
2024-06-13,548.6762,,621.239574,,399.013735,,107.429245,453.574598,,111.244314
2024-06-14,548.7853,,623.38355,,399.320029,,107.606132,455.398767,,111.789804
2024-06-17,550.4829,,623.465219,,400.656805,,107.311321,455.573873,,111.154294
2024-06-18,552.979,,625.971507,,401.843407,,108.07783,456.689116,,111.890921
2024-06-20,554.1579,,629.533524,,400.917411,,107.959906,457.254657,,112.165716
2024-06-21,551.8254,,627.499445,,400.613933,,107.370283,457.35728,,111.662684
2024-06-24,553.5769,,627.086259,,399.955932,,107.841981,454.861685,,111.724775
2024-06-25,552.8265,,627.300028,,400.863662,,108.018868,456.668475,,112.098133
2024-06-26,549.5631,,625.54713,,400.444349,,107.016509,457.617399,,111.405224
2024-06-27,551.2519,,626.11524,,401.094321,,107.488208,457.370949,,111.654775
2024-06-28,548.803,,622.908928,,399.356793,,106.485849,455.07926,,110.538173
2024-07-01,546.4244,,618.511394,,398.983864,,105.424528,453.409734,,109.136895
2024-07-02,549.1673,,621.338463,,401.135411,,106.132075,455.651137,,109.820276
2024-07-03,552.6525,,623.014596,,403.063544,,107.311321,456.181312,,110.637901
2024-07-05,554.9923,,622.529284,,405.274862,,108.254717,456.39448,,111.053426
2024-07-08,553.3762,,621.548066,,405.608245,,108.07783,457.381826,,111.020496
2024-07-09,552.2625,,620.882271,,405.701389,,107.54717,457.918391,,110.579595
2024-07-10,556.7777,,625.01636,,408.27391,,108.254717,460.128431,,111.139564
2024-07-11,559.027,,625.358602,,406.982276,,109.316038,457.077378,,111.838808
2024-07-12,561.3794,,625.876535,,408.975421,,109.669811,457.769964,,111.823118
2024-07-15,563.64,,629.002538,,409.086975,,109.080189,458.336169,,111.32912
2024-07-16,568.9879,,634.656011,,411.219293,,110.318396,460.496928,,112.537072
2024-07-17,564.3158,,627.160282,,407.868273,,109.964623,455.086705,,111.769068
2024-07-18,561.0564,,625.969931,,405.535738,,109.021226,454.248991,,111.242392
2024-07-19,556.676,,621.96175,,403.593624,,108.07783,452.713415,,110.435856
2024-07-22,559.1733,,624.195481,,406.020386,,108.018868,455.029886,,110.277299
2024-07-23,558.1981,,625.225278,,405.619163,,107.606132,456.125683,,110.229414
2024-07-24,552.0294,,619.120143,,399.615208,,106.308962,449.958667,,109.042277
2024-07-25,552.572,,619.391556,,398.811737,,106.662736,448.80969,,109.34563
2024-07-26,556.1971,,622.943826,,402.062636,,107.665094,452.09715,,110.282702
2024-07-29,555.3302,,623.921481,,402.453713,,107.841981,453.954653,,110.809963
2024-07-30,556.8683,,625.973519,,401.408617,,108.07783,453.010267,,111.109806
2024-07-31,562.8146,,632.038259,,406.179672,,109.610849,457.945805,,112.575494
2024-08-01,557.6596,,628.251385,,403.409275,,109.139151,456.276434,,112.449401
2024-08-02,557.1275,,620.896982,,400.705306,,109.669811,448.340461,,111.780064
2024-08-05,558.0404,,619.421583,,393.583078,,109.198113,438.606434,,110.853174
2024-08-06,552.8258,,614.913495,,394.820689,,108.136792,440.903464,,110.004768
2024-08-07,550.1316,,612.381756,,392.75454,,107.488208,438.929484,,109.42808
2024-08-08,554.9942,,617.947355,,397.959404,,108.254717,444.856246,,110.235675
2024-08-09,553.947,,617.013063,,399.571388,,108.84434,446.825977,,110.877723
2024-08-12,555.3095,,617.580079,,399.975747,,109.375,446.590748,,111.247061
2024-08-13,556.3852,,615.26984,,404.570785,,110.082547,449.161438,,111.332211
2024-08-14,555.5993,,613.36302,,405.619867,,110.082547,449.565531,,111.144167
2024-08-15,557.6426,,617.86304,,409.121081,,110.259434,455.099145,,111.728595
2024-08-16,559.8183,,617.219159,,410.064688,,110.790094,453.902493,,111.713471
2024-08-19,561.5888,,615.909138,,412.593459,,111.497642,454.295501,,111.834602
2024-08-20,561.7372,,613.603065,,412.678048,,111.851415,452.567738,,111.73986
2024-08-21,563.5638,,614.505079,,413.850371,,112.382075,453.047381,,112.070611
2024-08-22,561.3121,,614.104331,,411.220376,,111.143868,451.679386,,111.207882
2024-08-23,565.5344,,614.465837,,414.592373,,112.558962,452.249308,,111.848741
2024-08-26,565.5231,,616.000581,,413.854106,,112.441038,452.580594,,112.012869
2024-08-27,564.5882,,613.70653,,414.24862,,112.5,452.072309,,111.839129
2024-08-28,563.3326,,615.899164,,412.665446,,111.910377,452.960908,,111.899307
2024-08-29,564.3618,,619.369422,,412.469302,,111.851415,454.466285,,112.265403
2024-08-30,564.0189,,620.792026,,414.441291,,111.320755,457.966149,,112.057498
2024-09-03,562.4472,,619.185451,,410.02335,,110.790094,453.174497,,111.545543
2024-09-04,563.4726,,618.136866,,410.229856,,111.379717,451.811203,,111.745555
2024-09-05,562.8848,,615.924718,,410.057948,,111.556604,450.47556,,111.638939
2024-09-06,560.3085,,614.58262,,406.125678,,110.731132,447.230487,,111.079805
2024-09-09,562.7121,,619.943023,,409.100036,,111.438679,452.494108,,112.282942
2024-09-10,563.6688,,621.86489,,410.660339,,111.733491,454.854703,,112.737322
2024-09-11,563.1634,,621.730471,,413.150174,,112.087264,457.92416,,113.1713
2024-09-12,566.6485,,622.053085,,415.083629,,112.5,457.474823,,112.947997
2024-09-13,570.0689,,625.943571,,416.736923,,113.089623,459.396522,,113.564579
2024-09-16,572.882,,625.602623,,417.498007,,114.091981,457.726102,,113.946453
2024-09-17,573.2152,,627.059219,,417.43851,,113.856132,458.459797,,113.909407
2024-09-18,570.1971,,623.465891,,416.165313,,113.03066,456.847719,,113.03066
2024-09-19,576.1986,,627.617708,,420.441675,,113.974057,459.776357,,113.538016
2024-09-20,576.8375,,628.386814,,419.858094,,113.620283,459.191664,,113.198781
2024-09-23,577.6231,,632.017658,,420.416684,,114.150943,461.83037,,114.229025
2024-09-24,579.7227,,630.439556,,421.375467,,114.976415,460.055559,,114.352119
2024-09-25,576.1614,,629.206424,,420.165637,,114.091981,460.667324,,113.950547
2024-09-26,577.002,,627.632423,,421.201641,,115.035377,459.976871,,114.438401
2024-09-27,578.5088,,630.235708,,421.323571,,115.566038,460.815077,,115.142476
2024-09-30,577.8871,,630.960642,,421.940839,,115.389151,462.518085,,115.222303
2024-10-01,581.7975,,639.075707,,420.126967,,116.037736,463.317714,,116.571399
2024-10-02,580.6264,,639.129072,,419.889935,,115.625,464.029025,,116.400768
2024-10-03,580.9161,,640.288593,,418.744072,,114.622642,463.371065,,115.54338
2024-10-04,579.782,,642.422574,,419.94921,,114.091981,467.165455,,115.617478
2024-10-07,579.3132,,641.774438,,417.086253,,113.561321,463.887589,,115.056652
2024-10-08,577.3679,,639.281519,,419.743574,,113.03066,466.59648,,114.458509
2024-10-09,577.2002,,641.485405,,421.050795,,112.735849,469.799648,,114.586816
2024-10-10,577.3778,,641.835341,,420.502038,,112.676887,469.298902,,114.554114
2024-10-11,580.3423,,645.172089,,422.066813,,112.853774,471.075413,,114.741292
2024-10-14,581.5648,,648.14923,,423.989641,,112.794811,474.405844,,114.968357
2024-10-15,580.3326,,647.833087,,422.695078,,112.617925,473.730379,,114.975679
2024-10-16,582.3073,,651.761074,,424.020491,,113.148585,476.475875,,115.823748
2024-10-17,581.3916,,652.586681,,423.216379,,112.676887,476.924692,,115.668898
2024-10-18,584.0467,,653.491343,,424.303883,,112.912736,476.636348,,115.544027
2024-10-21,580.7139,,652.802411,,422.703889,,111.320755,477.06072,,114.447939
2024-10-22,580.8632,,654.083104,,422.603096,,111.733491,477.759828,,115.068046
2024-10-23,578.9069,,652.769009,,419.860404,,110.849057,475.306342,,114.312865
2024-10-24,579.1396,,650.275051,,420.740678,,111.379717,474.29246,,114.3753
2024-10-25,579.1455,,652.305974,,420.30123,,110.966981,475.271988,,114.306189
2024-10-28,578.0865,,650.023159,,420.804165,,111.025943,475.044091,,114.175463
2024-10-29,577.8383,,649.371689,,421.416895,,110.849057,475.463143,,113.928226
2024-10-30,578.6756,,648.072106,,420.466968,,111.20283,472.756958,,113.898054
2024-10-31,575.5704,,642.947957,,415.486022,,110.554245,465.963259,,112.944503
2024-11-01,573.2914,,643.447033,,415.877651,,109.728774,468.620028,,112.634181
2024-11-04,575.7263,,643.494613,,416.039053,,110.495283,466.85373,,112.94965
2024-11-05,579.6974,,644.820735,,419.45792,,111.20283,468.429167,,113.126874
2024-11-06,581.4817,,658.94213,,424.392748,,109.433962,482.833134,,113.416347
2024-11-07,585.4447,,658.863749,,427.657865,,111.143868,483.19684,,114.395133
2024-11-08,589.0015,,668.123811,,429.068844,,111.143868,488.635952,,115.302404
2024-11-11,587.6241,,670.842797,,428.920695,,110.436321,491.604728,,115.304272
2024-11-12,583.306,,667.555576,,427.122239,,108.667453,490.750845,,113.737264
2024-11-13,582.1757,,670.084661,,427.226366,,107.841981,493.686824,,113.520884
2024-11-14,581.489,,671.391931,,425.504074,,108.018868,493.237655,,114.06346
2024-11-15,578.7635,,667.680677,,422.252139,,107.606132,489.05468,,113.531663
2024-11-18,580.7319,,666.196346,,423.441297,,108.431604,487.683051,,113.761353
2024-11-19,583.2292,,669.250621,,424.612387,,108.726415,489.170289,,114.102957
2024-11-20,584.4325,,673.894486,,424.527822,,108.726415,491.452547,,114.658147
2024-11-21,586.8959,,681.22556,,425.802252,,108.962264,496.198789,,115.669347
2024-11-22,588.4046,,686.865644,,426.72635,,109.257075,500.107173,,116.642713
2024-11-25,588.4286,,681.631411,,429.11776,,110.436321,499.057054,,116.998436
2024-11-26,588.917,,682.652497,,430.199648,,109.90566,500.649204,,116.513959
2024-11-27,588.7139,,677.404902,,429.888041,,110.318396,496.612099,,116.092534
2024-11-29,591.7377,,680.324036,,432.167986,,111.320755,498.835159,,117.050972
2024-12-02,591.0059,,684.466932,,432.672279,,111.261792,503.080651,,117.84713
2024-12-03,589.5252,,682.258114,,432.452355,,111.20283,502.461152,,117.699463
2024-12-04,590.6851,,683.262241,,434.630949,,111.733491,504.742577,,118.202613
2024-12-05,589.8311,,677.388899,,434.21955,,111.556604,500.653974,,117.170423
2024-12-06,588.6814,,677.3034,,435.220824,,111.556604,502.725016,,117.38444
2024-12-09,586.222,,675.349387,,433.366935,,111.497642,501.233463,,117.47471
2024-12-10,583.9574,,674.395686,,432.331579,,111.143868,501.266249,,117.390088
2024-12-11,586.0915,,678.911193,,433.944358,,110.908019,504.660693,,117.495923
2024-12-12,581.8715,,675.884046,,431.902677,,109.492925,503.673257,,116.317074
2024-12-13,578.3086,,669.691517,,431.188474,,108.84434,501.302855,,115.274514
2024-12-16,578.6896,,669.36123,,432.462906,,108.490566,502.205687,,114.767562
2024-12-17,575.68,,667.162308,,431.395402,,108.195755,501.930701,,114.676093
2024-12-18,564.0821,,662.474279,,422.357321,,106.073113,497.994581,,113.931633
2024-12-19,562.771,,660.519726,,421.848079,,105.247642,497.08201,,112.974066
2024-12-20,563.9711,,657.409299,,425.336765,,105.778302,497.771245,,112.768522
2024-12-23,562.4091,,657.144857,,426.337562,,105.542453,500.126952,,112.7842
2024-12-24,564.5708,,660.51502,,429.387753,,106.073113,504.349769,,113.496353
2024-12-26,564.7669,,658.899233,,429.519377,,106.191038,503.09548,,113.305225
2024-12-27,561.6955,,655.303331,,426.444317,,105.424528,499.484079,,112.485205
2024-12-30,560.5373,,654.84447,,424.205212,,105.424528,497.539465,,112.638697
2024-12-31,560.5688,,658.131991,,423.072442,,105.306604,498.673976,,113.071198
2025-01-02,562.2313,,666.124368,,422.468444,,105.660377,502.518974,,114.489264
2025-01-03,563.1928,,664.227553,,425.451372,,105.365566,503.764556,,113.650356
2025-01-06,563.6523,,659.561027,,426.754838,,105.306604,501.348873,,112.696808
2025-01-07,563.1493,,662.15277,,423.255035,,104.658019,499.637092,,112.543254
2025-01-08,564.135,,664.687498,,423.831716,,104.893868,501.355526,,113.030818
2025-01-10,563.143,,668.585887,,418.987065,,103.891509,499.409751,,112.805656
2025-01-13,563.3078,,668.500821,,419.225858,,103.950472,499.484631,,112.8223
2025-01-14,564.6066,,665.940207,,419.630632,,104.127358,496.906133,,112.322418
2025-01-15,569.2077,,672.587348,,425.657249,,105.896226,504.958688,,114.438121
2025-01-16,570.3164,,673.393437,,425.542658,,106.191038,504.445218,,114.670892
2025-01-17,572.3719,,677.749119,,428.103703,,106.662736,508.929387,,115.508962
2025-01-21,576.1489,,671.926843,,431.006557,,107.54717,504.648537,,114.709278
2025-01-22,577.5067,,674.552195,,432.059134,,107.311321,506.663491,,114.634774
2025-01-23,576.9375,,673.453824,,433.189297,,107.311321,507.662005,,114.561027
2025-01-24,575.7528,,667.138562,,432.716342,,107.724057,503.386044,,114.157642
2025-01-27,571.3535,,662.066229,,430.001819,,108.07783,500.247266,,114.536911
2025-01-28,571.8811,,666.58508,,432.180558,,107.959906,505.746584,,115.08657
2025-01-29,569.7672,,664.707441,,430.903106,,107.841981,504.696866,,115.062355
2025-01-30,574.7501,,672.560129,,432.538197,,108.549528,508.152909,,116.16955
2025-01-31,571.1812,,670.520178,,430.795062,,107.900943,507.722666,,115.84452
2025-02-03,571.8477,,672.133351,,429.227124,,108.018868,506.500773,,116.114644
2025-02-04,573.727,,672.093942,,431.274498,,108.962264,507.219986,,116.738233
2025-02-05,577.5968,,675.033604,,433.250088,,109.964623,508.343367,,117.534647
2025-02-06,576.4674,,674.991989,,433.964617,,109.964623,510.147867,,117.757658
2025-02-07,574.3951,,676.291347,,431.032387,,109.492925,509.507869,,117.90208
2025-02-10,577.9686,,681.759901,,432.844882,,109.787736,512.598562,,118.438621
2025-02-11,577.2217,,677.303843,,432.643447,,109.669811,509.669809,,117.690198
2025-02-12,573.0471,,671.038828,,430.914811,,108.490566,506.601697,,116.18809
2025-02-13,577.8907,,671.426868,,434.673402,,110.082547,507.030359,,116.972504
2025-02-14,577.207,,669.129705,,435.309155,,110.377358,506.634091,,117.022945
2025-02-18,578.8977,,673.755898,,435.369079,,110.023585,508.716969,,117.111314
2025-02-19,580.2154,,676.805696,,436.236186,,110.200472,510.874621,,117.56296
2025-02-20,579.5921,,671.018039,,435.415445,,110.554245,506.096642,,117.05756
2025-02-21,575.6447,,669.290671,,431.70907,,110.436321,503.928965,,117.43147
2025-02-24,575.4797,,668.389279,,430.830358,,110.613208,502.369948,,117.49483
2025-02-25,574.0987,,663.912039,,430.614765,,111.143868,499.954849,,117.549772
2025-02-26,574.1405,,665.778007,,431.022711,,111.497642,501.798437,,118.24676
2025-02-27,570.4736,,667.016552,,426.632796,,110.259434,500.810223,,117.904159
2025-02-28,575.5534,,674.493458,,431.386738,,111.025943,507.54762,,118.99505
2025-03-03,571.8365,,662.948181,,427.223155,,110.908019,497.2564,,117.593404
2025-03-04,568.4004,,650.374643,,423.746967,,110.259434,486.781109,,115.381795
2025-03-05,568.7227,,640.934677,,425.895316,,110.554245,481.874515,,113.946486
2025-03-06,567.1008,,639.302411,,421.193682,100.0,109.846698,476.700732,100.0,113.251873
2025-03-07,567.175,,636.59978,,422.41055,99.874477,109.964623,475.994624,99.43925,112.879401
2025-03-10,564.4072,,633.329466,,416.466788,98.828452,109.90566,469.175591,98.372353,112.789719
2025-03-11,562.2385,,626.042047,,413.797127,98.995816,109.375,462.581521,97.780821,111.381559
2025-03-12,561.7386,,627.254906,,414.629805,98.702929,109.080189,464.823637,97.76733,111.395587
2025-03-13,563.1041,,630.900574,,411.815579,98.74477,109.375,463.225963,98.138689,112.073415
2025-03-14,565.1803,,631.805999,,416.580793,99.623431,110.731132,467.534712,98.789808,113.208432
2025-03-17,568.0295,,632.281736,,418.726629,100.460251,110.849057,467.937892,99.194575,112.84545
2025-03-18,568.8274,,631.885487,,416.193242,100.334728,110.966981,464.163285,98.869666,112.736345
2025-03-19,573.0624,,639.101075,,419.397874,101.087866,111.733491,469.582329,100.004739,113.962851
2025-03-20,572.3734,,641.486883,,418.777968,100.794979,111.615566,471.205174,100.207714,114.405106
2025-03-21,569.6072,,640.50055,,418.642959,100.376569,110.908019,472.613057,100.122181,114.056303
2025-03-24,570.856,,642.570436,,422.511365,100.334728,110.613208,477.474798,100.18423,113.871086
2025-03-25,572.8835,,645.456247,,423.268304,100.502092,111.025943,478.777938,100.445275,114.402963
2025-03-26,569.6278,,644.02036,,419.83247,99.874477,110.318396,476.543262,100.165199,114.069271
2025-03-27,568.7382,,640.168803,,419.070339,100.125523,110.259434,473.572982,99.972562,113.50374
2025-03-28,569.5958,,639.884039,,414.972235,100.167364,110.554245,468.027559,99.819332,113.585326
2025-03-31,575.3718,,646.791174,,416.966372,100.669456,111.438679,470.581046,100.384614,114.568117
2025-04-01,577.5415,,650.565649,,418.299674,101.171548,111.733491,473.056861,101.092804,115.107495
2025-04-02,579.0972,,648.926856,,419.69417,101.67364,111.733491,472.166431,101.066348,114.509088
2025-04-03,570.7326,,627.840461,,408.165941,100.920502,110.849057,450.786883,98.480431,111.522097
2025-04-04,566.015,,627.6945,,393.984198,96.276151,107.900943,438.648929,94.709385,109.435425
2025-04-07,563.5229,,628.197171,,391.563986,94.100418,104.95283,438.232957,93.052893,107.001747
2025-04-08,565.0255,,627.12347,,387.071879,92.719665,103.007075,431.314953,91.287388,104.55971
2025-04-09,571.1175,,634.371494,,411.816046,97.280335,106.544811,459.239614,95.851114,108.233774
2025-04-10,570.6506,,619.515316,,399.683809,94.1841,103.773585,435.628428,90.701252,103.034079
2025-04-11,573.0644,,613.366544,,403.806808,96.276151,105.188679,433.918512,91.40907,102.966977
2025-04-14,570.0748,,610.618274,,407.109014,96.569038,106.308962,437.790728,91.755007,104.140615
2025-04-15,570.3963,,614.808612,,406.746093,96.778243,106.426887,440.153866,92.532627,104.91242
2025-04-16,573.065,,611.225425,,401.848807,97.447699,106.662736,430.306689,92.198325,104.04532
2025-04-17,572.081,,612.163076,,401.776499,97.866109,106.78066,431.630399,92.89575,104.499573
2025-04-21,572.3762,,604.392796,,395.060058,97.447699,105.837264,418.81162,91.277391,102.208878
2025-04-22,572.5739,,609.567851,,401.519701,98.117155,107.075472,429.156064,92.659376,104.254019
2025-04-23,572.8911,,615.620057,,405.656803,98.284519,107.606132,437.640329,93.687083,105.752346
2025-04-24,574.5449,,613.352752,,411.681117,99.916318,109.316038,441.230148,94.618636,106.729022
2025-04-25,574.2617,,614.453297,,414.068333,100.083682,109.375,444.804254,94.994009,107.030954
2025-04-28,575.0009,,612.258891,,414.610467,100.753138,110.082547,443.225487,95.1654,107.200633
2025-04-29,575.3709,,614.369418,,416.585596,100.920502,110.495283,446.584693,95.590562,107.904049
2025-04-30,574.7725,,616.862068,,416.525809,100.878661,110.200472,448.799008,96.038487,108.165271
2025-05-01,573.9924,,618.279065,,417.847714,100.0,109.375,451.870841,95.550358,107.747889
2025-05-02,575.0883,,618.812541,,420.763224,100.334728,109.551887,454.548508,95.770062,107.809428
2025-05-05,576.4086,,619.361587,,419.023235,100.460251,109.610849,452.032653,95.755117,107.715862
2025-05-06,578.6455,,618.893345,,417.322232,100.962343,110.141509,448.118261,95.789205,107.737418
2025-05-07,577.2463,,621.057657,,418.62681,100.962343,109.846698,452.184518,96.357184,108.086157
2025-05-08,575.2959,,623.083894,,419.512331,100.251046,109.198113,456.160699,96.31592,108.163987
2025-05-09,576.8665,,623.607157,,419.372631,100.585774,109.551887,455.149158,96.455334,108.309846
2025-05-12,577.7936,,633.852911,,427.104734,100.376569,109.257075,470.400782,97.679185,109.616931
2025-05-13,579.669,,630.099337,,428.631376,100.711297,110.082547,467.768307,97.109352,109.435877
2025-05-14,574.9055,,625.491874,,428.476419,99.958159,109.492925,468.026045,96.471132,108.949081
2025-05-15,580.1601,,630.638801,,430.702421,100.669456,110.436321,470.032655,97.069875,109.788554
2025-05-16,579.7368,,631.454679,,432.433162,100.711297,110.554245,472.877004,97.306852,110.128328
2025-05-19,580.4788,,627.791264,,432.661036,101.004184,110.613208,469.780059,96.899645,109.407778
2025-05-20,580.766,,625.82481,,431.486899,100.920502,110.200472,466.806715,96.468364,108.604383
2025-05-21,574.5197,,616.552655,,426.002944,100.083682,108.84434,458.982086,95.275764,106.827583
2025-05-22,573.9654,,618.688523,,426.585223,100.167364,108.726415,461.647025,95.778164,107.184928
2025-05-23,577.3326,,617.978442,,425.082129,100.627615,109.375,456.812499,95.547283,107.072419
2025-05-27,581.7879,,624.457346,,431.160416,101.380753,110.436321,464.616752,96.526715,108.408249
2025-05-28,578.9265,,623.361884,,429.347989,100.585774,109.551887,464.134802,96.074314,107.881998
2025-05-29,582.6034,,623.164915,,430.997657,101.213389,110.318396,462.831359,96.033303,107.91709
2025-05-30,581.2443,,622.77968,,431.136814,101.171548,110.377358,463.776482,96.15858,108.160336
2025-06-02,584.656,,621.358638,,432.130811,101.715481,110.318396,461.078689,95.892116,107.226511
2025-06-03,584.7156,,625.215137,,433.495075,101.506276,110.141509,465.357651,96.27901,107.708042
2025-06-04,587.6441,,625.748729,,434.456232,102.677824,111.733491,464.46128,96.987591,108.813121
2025-06-05,586.8258,,623.375823,,432.749043,102.217573,111.674528,461.524498,96.320835,108.494366
2025-06-06,585.387,,624.66389,,434.537609,101.757322,110.67217,465.530978,96.321428,108.007536
2025-06-09,586.2587,,624.235222,,434.979357,102.008368,110.966981,464.992024,96.349327,108.06002
2025-06-10,588.5931,,626.572667,,436.857187,102.426778,111.615566,466.889011,96.721653,108.665917
2025-06-11,590.7257,,625.169658,,436.6913,102.719665,111.910377,463.985548,96.431637,108.316518
2025-06-12,594.3796,,623.979503,,438.371715,103.514644,112.794811,462.026452,96.396694,108.294863
2025-06-13,592.07,,623.136888,,434.814557,103.096234,111.910377,459.443771,96.251415,107.719188
2025-06-16,591.4097,,621.995005,,436.937708,103.221757,111.674528,461.355676,96.299409,107.414988
2025-06-17,591.9522,,626.904262,,435.246884,103.34728,112.323113,462.773137,97.088447,108.791764
2025-06-18,591.9741,,626.938378,,435.319242,103.556485,112.146226,462.858136,97.286677,108.622331
2025-06-20,592.1572,,624.846091,,434.874346,103.472803,111.96934,460.699477,96.853691,108.055646
2025-06-23,594.4403,,624.280423,,437.81044,103.682008,112.264151,461.61028,96.589249,107.826342
2025-06-24,595.6942,,623.81893,,441.425031,103.556485,112.735849,464.098347,96.198079,107.971597
2025-06-25,596.6182,,622.133818,,441.552188,103.263598,112.853774,462.260985,95.518718,107.625629
2025-06-26,600.8119,,624.289981,,444.097919,104.058577,113.738208,463.280974,95.913478,108.085273
2025-06-27,598.3151,,620.825389,,444.930479,103.556485,113.325472,463.499799,95.317079,107.542306
2025-06-30,602.9381,,621.880305,,446.928532,104.309623,114.209906,462.796476,95.436031,107.733347
2025-07-01,605.3296,,623.321008,,446.669493,104.309623,114.622642,461.768212,95.27921,107.94501
2025-07-02,607.2017,,625.6515,,447.674218,104.100418,115.035377,463.105014,95.149367,108.403483
2025-07-03,607.0505,,627.730265,,449.431183,104.351464,114.858491,466.583456,95.719564,108.623466
2025-07-07,602.9102,,626.036863,,446.768067,103.472803,113.443396,465.744019,95.307572,107.730531
2025-07-08,601.5436,,623.680298,,446.566163,103.389121,113.384434,464.834779,95.087554,107.51292
2025-07-09,605.0884,,627.558923,,448.919543,104.225941,113.738208,467.435919,95.888257,107.883336
2025-07-10,607.4896,,631.190863,,449.618884,104.100418,114.32783,469.012359,95.946304,108.639091
2025-07-11,605.6456,,629.786258,,447.921854,103.723849,113.502358,467.621805,95.676914,107.942334
2025-07-14,605.0493,,630.541493,,448.418091,103.807531,113.325472,469.16318,95.963414,108.009697
2025-07-15,601.0615,,629.797694,,446.727296,103.221757,112.5,469.940129,95.94168,107.807005
2025-07-16,602.4645,,629.136739,,447.872348,103.682008,113.089623,469.554193,96.044147,108.00619
2025-07-17,604.5574,,633.722905,,449.59436,103.891213,113.384434,473.151919,96.603887,108.699515
2025-07-18,604.6104,,632.257459,,449.726652,104.309623,113.325472,472.155292,96.760175,108.382257
2025-07-21,607.156,,631.113941,,450.737745,105.020921,114.268868,470.380487,96.836084,108.629483
2025-07-22,610.1042,,631.006072,,451.123777,105.523013,115.153302,468.428305,96.812319,108.922656
2025-07-23,610.9776,,630.911049,,453.02315,105.355649,114.917453,469.657355,96.50606,108.527836
2025-07-24,611.0283,,632.252289,,453.017526,104.937238,114.799528,470.610895,96.319148,108.637933
2025-07-25,612.5549,,634.225979,,454.454691,105.020921,114.799528,472.397387,96.455889,108.705475
2025-07-28,610.9626,,640.928959,,454.132941,104.225941,114.091981,478.295353,96.989565,109.461828
2025-07-29,613.1131,,645.597144,,454.403762,105.104603,115.153302,480.375458,98.174038,110.894423
2025-07-30,609.0635,,649.199586,,453.54253,104.476987,113.856132,485.346124,98.784821,110.990138
2025-07-31,608.5887,,648.164986,,452.617636,104.016736,113.738208,483.961754,98.269517,110.784848
2025-08-01,608.5659,,638.48633,,449.73019,104.435146,114.209906,473.711492,97.195148,109.58726
2025-08-04,613.5995,,644.590713,,453.982341,105.188285,115.09434,478.801932,98.021273,110.577131
2025-08-05,612.5118,,643.303546,,452.65758,105.146444,115.330189,477.297512,97.960274,110.778835
2025-08-06,610.9028,,636.936453,,454.663435,105.271967,115.035377,475.917754,97.362259,109.690172
2025-08-07,610.6718,,636.488181,,454.282558,105.606695,115.212264,475.364153,97.640017,109.823049
2025-08-08,612.3121,,639.425803,,456.060521,105.523013,115.448113,478.142868,97.750371,110.259612
2025-08-11,609.5494,,637.943613,,455.65599,105.355649,115.153302,478.771574,97.810421,110.220426
2025-08-12,612.8455,,638.250354,,458.56689,105.39749,115.212264,479.469122,97.369793,109.736494
2025-08-13,615.4822,,639.260366,,460.16846,106.108787,116.037736,479.840629,97.76143,110.223407
2025-08-14,613.4124,,640.178893,,459.666136,105.690377,115.271226,481.625195,97.844893,110.022629
2025-08-15,609.7576,,633.309194,,458.752437,105.355649,114.917453,478.359985,97.066711,109.158326
2025-08-18,609.4634,,635.381221,,458.477976,105.230126,114.799528,479.86946,97.315216,109.455894
2025-08-19,608.5596,,635.239764,,457.35206,105.020921,114.799528,479.295206,97.244332,109.594048
2025-08-20,610.666,,637.247007,,456.722842,105.020921,114.858491,478.492003,97.215117,109.617394
2025-08-21,608.817,,637.704125,,455.196533,105.104603,114.504717,478.684415,97.658063,109.690278
2025-08-22,617.8047,,640.741989,,460.41409,106.778243,116.391509,479.400487,98.235546,110.399113
2025-08-25,616.1911,,644.650513,,458.92737,106.066946,116.037736,482.026326,98.433492,111.024918
2025-08-26,619.0434,,646.499598,,460.291742,106.401674,116.037736,482.612129,98.571085,110.830352
2025-08-27,620.8449,,648.559285,,461.115025,106.443515,116.214623,483.608277,98.636962,111.029822
2025-08-28,624.1148,,649.46938,,462.308856,107.112971,116.863208,482.996852,98.875839,111.220363
2025-08-29,623.2015,,648.33584,,460.420291,106.987448,116.450472,480.887937,98.73208,110.796259
2025-09-02,623.1713,,650.721141,,457.871304,106.65272,115.919811,480.008344,98.790077,110.702504
2025-09-03,625.0331,,651.613033,,460.0358,107.364017,116.745283,481.499968,99.288606,111.311079
2025-09-04,629.5952,,656.960681,,463.079487,107.866109,117.393868,485.122481,99.842834,112.030348
2025-09-05,630.4746,,654.099911,,463.146244,108.661088,118.867925,482.40581,100.001027,112.785555
2025-09-08,634.4683,,655.708396,,464.467308,109.748954,119.575472,481.918785,100.613237,113.019979
2025-09-09,635.0728,,659.264242,,464.744621,109.414226,119.221698,484.359996,100.75433,113.188842
2025-09-10,639.027,,664.316388,,465.920959,109.916318,119.752358,486.279424,101.361224,113.855008
2025-09-11,642.1742,,665.250095,,468.58972,110.627615,120.754717,487.351982,101.659872,114.405921
2025-09-12,640.5676,,663.597073,,468.323653,110.251046,120.518868,487.083563,101.315555,114.184418
2025-09-15,643.0839,,664.748045,,470.149125,111.046025,120.990566,487.913632,101.823112,114.380831
2025-09-16,644.6258,,660.395415,,469.818262,111.171548,121.226415,483.219162,101.028507,113.581064
2025-09-17,644.0335,,662.815948,,469.136431,110.627615,120.931604,484.73183,100.995485,113.824725
2025-09-18,644.4666,,664.752963,,469.926098,110.251046,119.988208,486.639458,100.878009,113.190698
2025-09-19,645.6207,,668.148615,,471.324289,110.167364,120.283019,489.703644,101.135238,113.844552
2025-09-22,647.7101,,667.170215,,472.443469,110.292887,120.341981,488.566536,100.776066,113.366684
2025-09-23,650.4645,,669.309846,,471.19643,110.585774,120.813679,486.769652,100.938488,113.692556
2025-09-24,647.3857,,670.500315,,469.942723,110.292887,120.400943,488.650897,101.329828,114.04548
2025-09-25,647.674,,674.938932,,468.390207,110.292887,120.459906,490.042459,101.955214,114.805539
2025-09-26,650.4904,,675.89245,,470.117774,110.502092,120.400943,490.412197,101.850021,114.413929
2025-09-29,653.1811,,677.154524,,471.263709,111.380753,121.34434,490.496665,102.427894,115.049835
2025-09-30,653.6577,,677.250121,,472.327406,111.548117,121.521226,491.314683,102.521481,115.149792
2025-10-01,653.7735,,677.508679,,473.762936,112.175732,121.757075,492.90874,103.119401,115.396879
2025-10-02,652.6251,,677.167124,,474.310518,112.259414,121.992925,494.09759,103.325801,115.76547
2025-10-03,654.2073,,677.282747,,474.089617,112.677824,122.051887,492.757177,103.477755,115.561037
2025-10-06,656.4406,,681.306369,,474.694092,112.677824,121.992925,494.628037,103.738362,115.796108
2025-10-07,656.9626,,685.058972,,473.955946,112.970711,122.641509,496.184479,104.497787,116.959931
2025-10-08,659.3226,,689.323253,,475.668227,113.682008,123.17217,499.28325,105.431557,117.774119
2025-10-09,654.5886,,688.113851,,474.627777,112.677824,122.523585,500.91369,105.071331,117.794188
2025-10-10,648.5188,,678.354548,,467.699803,112.09205,122.228774,491.155765,104.007079,116.928379
2025-10-13,657.5964,,690.923211,,472.353432,113.556485,123.231132,498.25919,105.836682,118.414013
2025-10-14,660.4897,,691.739189,,472.320533,113.974895,123.70283,496.627821,105.886221,118.486337
2025-10-15,664.3062,,693.424425,,473.501232,114.435146,124.174528,496.214933,105.960543,118.542929
2025-10-16,665.5104,,692.238549,,472.232493,115.523013,124.882075,493.14506,106.591692,118.799154
2025-10-17,664.0285,,692.866843,,473.588006,114.769874,124.46934,496.114182,106.229438,118.778476
2025-10-20,674.3523,,704.231344,,476.853184,116.569038,125.825472,499.955191,107.985548,120.173685
2025-10-21,664.9914,,696.928185,,477.045212,115.313808,124.941038,501.937253,107.203072,119.753831
2025-10-22,663.9262,,695.212507,,475.538663,115.104603,125.058962,499.921126,106.916412,119.763615
2025-10-23,667.34,,698.29999,,476.899073,115.857741,125.058962,501.001752,107.540946,119.680117
2025-10-24,668.6732,,699.255678,,479.413862,115.899582,125.294811,503.327384,107.51223,119.830529
2025-10-27,669.1156,,698.540598,,482.943645,115.523013,125.471698,506.179835,106.982544,119.797727
2025-10-28,668.1345,,697.085351,,483.836521,115.690377,125.648585,506.802319,107.071333,119.892486
2025-10-29,668.7414,,700.822033,,483.058133,114.811715,124.941038,508.237637,106.730774,119.747637
2025-10-30,667.9875,,702.168628,,479.490994,114.811715,124.292453,506.024364,107.056542,119.489612
2025-10-31,668.1519,,704.10699,,480.337112,114.560669,124.115566,508.191595,107.090984,119.619506
2025-11-03,668.019,,705.024202,,480.640842,114.811715,123.466981,509.276657,107.48685,119.17313
2025-11-04,663.374,,702.341286,,477.319324,113.974895,122.877358,507.360505,107.041669,118.979989
2025-11-05,666.4006,,704.937893,,477.799638,113.891213,122.700472,507.433553,106.870936,118.706367
2025-11-06,667.1454,,702.388768,,475.415371,114.058577,123.17217,502.514004,106.521906,118.599255
2025-11-07,668.6723,,702.821623,,475.620534,114.225941,123.231132,501.891991,106.500205,118.458035
2025-11-10,673.9423,,708.930782,,480.01527,115.188285,124.292453,506.93708,107.483883,119.574392
2025-11-11,676.3497,,709.902952,,481.230062,116.276151,124.764151,507.105495,108.261052,119.764967
2025-11-12,678.7033,,711.715824,,481.328525,116.485356,125.353774,506.741121,108.355736,120.219904
2025-11-13,671.3966,,701.554481,,475.963086,115.355649,124.233491,499.313633,106.923963,118.722561
2025-11-14,669.5448,,700.371975,,475.679089,114.225941,123.584906,499.552418,105.990705,118.229772
2025-11-17,663.3398,,695.659039,,473.05663,113.682008,122.818396,498.071164,105.756247,117.797508
2025-11-18,662.8182,,695.808296,,470.790983,113.598326,122.523585,496.182224,105.784254,117.63246
2025-11-19,663.7762,,699.368512,,471.885376,113.179916,122.40566,499.158883,105.781004,117.950071
2025-11-20,658.2585,,694.150532,,467.781638,112.635983,121.816038,495.242883,105.363031,117.482711
2025-11-21,663.1674,,700.268601,,471.042261,113.221757,122.169811,499.366317,106.05357,117.982527
2025-11-24,669.3589,,706.278909,,475.573532,114.016736,123.17217,503.793732,106.718502,118.861743
2025-11-25,672.8853,,707.048055,,478.550431,114.560669,123.879717,504.839689,106.781828,119.047533
2025-11-26,677.7876,,710.56558,,480.847825,115.648536,124.528302,506.099712,107.548561,119.396314
2025-11-28,681.0108,,713.809234,,482.145781,116.066946,124.46934,507.369575,107.917192,119.317145
2025-12-01,677.6907,,709.674535,,479.994286,115.439331,123.643868,504.639976,107.234718,118.416599
2025-12-02,677.2619,,708.237191,,480.7829,115.271967,123.70283,504.76471,106.930034,118.307976
2025-12-03,681.8411,,710.215607,,482.141367,115.8159,124.587264,504.19591,107.011176,118.684223
2025-12-04,682.6569,,712.683509,,481.89387,115.439331,124.587264,505.083888,106.905966,118.954309
2025-12-05,682.3667,,712.447844,,482.225778,115.439331,123.938679,505.479517,106.916066,118.346228
2025-12-08,679.9473,,710.336626,,481.056525,114.769874,123.408019,504.548538,106.358151,117.908371
2025-12-09,681.6364,,712.738193,,480.629666,114.309623,123.643868,504.551753,106.026389,118.23938
2025-12-10,687.3804,,714.49172,,483.159269,115.188285,124.587264,504.20629,106.209236,118.436621
2025-12-11,690.8096,,715.438075,,483.872567,115.439331,124.823113,503.109564,106.05262,118.228179
2025-12-12,683.471,,707.735347,,480.151532,114.60251,123.879717,499.168304,105.268599,117.317636
2025-12-15,683.0853,,706.517522,,479.914858,114.686192,123.70283,498.344973,105.223574,117.014569
2025-12-16,679.7813,,703.453289,,479.485788,114.351464,123.408019,498.149476,104.969155,116.794324
2025-12-17,678.2872,,702.379479,,476.260754,113.933054,123.408019,495.131864,104.65545,116.872916
2025-12-18,679.62,,704.750103,,478.892946,114.686192,124.115566,498.569061,105.495528,117.708427
2025-12-19,682.4372,,708.517565,,481.222605,114.644351,123.997642,501.593426,105.583124,117.737188
2025-12-22,687.7179,,710.825231,,482.943128,115.39749,124.410377,501.148442,105.80417,117.603817
2025-12-23,690.8397,,712.144701,,484.265053,116.066946,124.882075,501.177975,106.133731,117.7344
2025-12-24,692.8481,,715.209615,,485.726769,116.736402,125.707547,503.390761,106.894543,118.677659
2025-12-26,692.616,,715.334464,,485.737032,116.820084,125.766509,503.657994,107.025696,118.793846
2025-12-29,688.639,,711.130352,,484.919024,115.774059,125.53066,502.74147,106.052956,118.554958
2025-12-30,688.043,,712.002686,,484.485352,116.066946,125.176887,503.343645,106.543884,118.468394
2025-12-31,682.7919,,706.695052,,481.872965,115.020921,124.115566,500.719078,105.60256,117.484953
2026-01-02,688.4751,,714.176306,,482.343142,115.606695,125.117925,502.332406,106.378559,118.69954
2026-01-05,698.2598,,724.202687,,484.647041,116.987448,126.238208,504.645663,107.630727,119.74192
2026-01-06,697.4873,,725.431426,,486.337216,117.531381,126.886792,507.826609,108.434584,120.694863
2026-01-07,693.4668,,722.046715,,485.578178,117.364017,126.709906,507.594223,108.399806,120.659771
2026-01-08,695.5944,,725.318056,,485.208422,117.280335,126.356132,507.947269,108.480462,120.498333
2026-01-09,700.1317,,731.460855,,487.552135,118.033473,127.240566,511.387723,109.388193,121.57639
2026-01-12,700.8212,,730.273375,,487.914785,119.079498,127.712264,510.434596,110.070046,121.709127
2026-01-13,701.701,,732.697395,,487.50995,118.702929,127.948113,511.062392,109.948144,122.185239
2026-01-14,703.445,,734.354441,,486.370395,119.330544,128.714623,509.753948,110.504793,122.889781
2026-01-15,705.0717,,738.33507,,486.907278,119.079498,128.891509,511.899102,110.614262,123.44026
2026-01-16,703.8885,,737.769673,,486.34009,118.953975,128.301887,511.770075,110.598645,122.987869
2026-01-20,699.2278,,724.885074,,479.658668,118.200837,127.240566,499.229977,108.698847,120.639178
2026-01-21,707.0253,,735.427057,,483.615351,119.790795,129.009434,505.036323,110.530469,122.726521
2026-01-22,709.4828,,733.739396,,485.169904,120.0,129.481132,503.746112,110.08677,122.46691
2026-01-23,708.7516,,728.490245,,485.436348,120.753138,130.306604,500.933261,110.09866,122.492196
2026-01-26,712.7082,,729.332059,,487.214107,121.589958,131.426887,500.554408,110.373592,123.001406
2026-01-27,715.7547,,722.662049,,488.239174,122.426778,132.075472,494.904667,109.648167,121.956658
2026-01-28,717.9775,,730.188247,,488.12909,122.301255,132.724057,498.398334,110.333866,123.448539
2026-01-29,721.5467,,732.782159,,487.547597,123.472803,132.959906,497.101816,111.233517,123.493314
2026-01-30,712.6377,,731.069126,,486.636643,120.543933,130.011792,501.20148,109.695528,121.978897
2026-02-02,710.3684,,732.461975,,487.866347,118.953975,129.186321,505.033515,108.80136,121.823279
2026-02-03,716.4551,,737.012718,,485.413225,120.167364,131.073113,501.320536,109.654499,123.313869
2026-02-04,717.4445,,738.811955,,483.884142,120.251046,130.71934,500.270484,109.847046,123.111254
2026-02-05,714.4924,,737.414727,,481.093624,119.58159,130.188679,498.496005,109.479406,122.885239
2026-02-06,724.2097,,745.065478,,486.750369,121.087866,131.544811,502.752549,110.505692,123.770211
2026-02-09,727.8705,,742.653814,,488.216725,122.008368,132.783019,500.10689,110.427142,123.904518
2026-02-10,729.615,,745.704217,,488.007588,122.175732,132.959906,500.745791,110.767336,124.281317
2026-02-11,731.7081,,749.317565,,487.500128,122.635983,134.198113,501.211091,111.403769,125.68596
2026-02-12,725.1522,,742.6164,,483.839631,122.301255,133.903302,497.456023,111.101571,125.411961
2026-02-13,730.3638,,748.167795,,484.677853,122.635983,133.962264,498.460597,111.437563,125.503129
2026-02-17,728.7337,,747.392224,,485.166161,122.050209,133.372642,499.560522,111.038137,125.100423
2026-02-18,732.0383,,755.241422,,486.354855,123.012552,134.080189,503.759374,112.578471,126.511182
2026-02-19,732.214,,756.192771,,485.627417,123.34728,134.198113,503.518669,112.999882,126.751529
2026-02-20,733.9911,,757.371811,,487.773464,124.142259,136.143868,505.305936,113.629712,128.47799
2026-02-23,731.8537,,754.935651,,485.160456,124.60251,135.141509,502.445482,114.01615,127.493115
2026-02-24,733.4691,,757.347432,,487.260253,124.518828,135.377358,505.11726,114.051835,127.841446
2026-02-25,734.9034,,756.496061,,489.626013,125.188285,135.966981,506.009634,114.312578,128.003597
2026-02-26,735.871,,758.294681,,488.31298,125.355649,136.084906,505.187363,114.586683,128.250357
2026-02-27,733.6854,,754.78851,,487.304506,126.108787,137.087264,503.307867,115.083926,128.980726
2026-03-02,733.3593,,762.662305,,486.677779,125.439331,136.320755,508.130055,115.718587,129.655148
2026-03-03,726.5193,,760.597963,,483.88738,123.640167,133.962264,508.592774,114.821047,128.263411
2026-03-04,727.2159,,759.822302,,485.855761,123.891213,134.021226,509.652214,114.826756,128.066212
2026-03-05,725.2241,,759.490542,,483.676133,122.887029,132.54717,508.537153,114.158987,126.950059
2026-03-06,723.8258,,757.491102,,479.635445,123.640167,131.898585,503.932809,114.777557,126.23969
2026-03-09,724.8775,,757.261906,,482.786923,124.309623,133.018868,506.354736,115.196732,127.088731
2026-03-10,724.346,,758.584022,,481.672257,124.058577,132.311321,506.439003,115.249311,126.726352
2026-03-11,723.0138,,759.898943,,480.459031,123.891213,131.839623,506.971449,115.505769,126.72652
2026-03-12,720.5547,,761.005268,,475.350983,123.096234,130.660377,504.02606,115.323919,126.205105
2026-03-13,719.4913,,766.172146,,473.599666,122.133891,129.775943,506.325835,115.369477,126.388428
2026-03-16,721.1497,,761.984513,,477.235637,122.803347,130.71934,506.257502,115.102522,126.320218
2026-03-17,722.0868,,760.693706,,478.359125,123.598326,131.367925,505.932255,115.501314,126.567459
2026-03-18,720.1225,,764.487167,,473.552227,121.966527,129.893868,504.718926,114.857245,126.114428
2026-03-19,719.5272,,754.792359,,473.065623,121.087866,129.186321,498.218163,112.676882,123.939321
2026-03-20,716.1039,,752.369846,,467.416688,117.322176,125.943396,493.034652,109.342593,121.016071
2026-03-23,717.7453,,751.49006,,471.062072,117.866109,126.945755,495.163825,109.470158,121.557951
2026-03-24,718.9157,,752.948935,,469.60615,117.573222,126.415094,493.786507,109.232002,121.087355
2026-03-25,720.4288,,757.693003,,471.837955,119.246862,128.242925,498.21061,111.250786,123.352493
2026-03-26,718.0117,,757.102715,,465.709703,116.987448,126.650943,493.010826,109.424977,122.136091
2026-03-27,717.7032,,757.960767,,460.927526,117.029289,125.943396,488.711294,109.635279,121.64368
2026-03-30,717.2727,,760.784165,,460.941594,118.368201,126.886792,490.841133,111.369463,123.085215
2026-03-31,720.5412,,758.204776,,469.401409,120.711297,128.832547,495.895279,112.67551,123.983986
2026-04-01,720.9574,,756.181731,,471.656746,121.213389,129.599057,496.661522,112.777143,124.317058
2026-04-02,720.9084,,759.458883,,472.360247,121.757322,129.068396,499.591924,113.781901,124.353038
2026-04-06,721.4926,,759.857033,,473.348193,121.882845,129.245283,500.493703,113.86664,124.487863
2026-04-07,722.1588,,756.997719,,473.70796,121.799163,129.186321,498.529007,113.255704,123.848485
2026-04-08,724.7396,,755.494829,,481.436662,123.096234,131.191038,503.856135,113.82776,125.073694
2026-04-09,725.0303,,753.420451,,483.221625,123.514644,130.955189,504.13343,113.855396,124.456122
2026-04-10,724.7336,,751.442119,,482.691639,123.096234,131.721698,502.463827,113.21809,124.906996
2026-04-13,725.3859,,749.956537,,485.920269,123.723849,132.016509,504.370744,113.468242,124.826713
2026-04-14,727.0352,,749.291254,,489.967808,125.062762,132.841981,506.968131,114.334463,125.211112
2026-04-15,725.8826,,747.887804,,491.990144,124.560669,132.900943,508.91395,113.842629,125.230592
2026-04-16,725.2744,,748.326635,,492.432689,124.518828,132.075472,510.097996,113.966654,124.630211
2026-04-17,728.6158,,752.975666,,496.728033,125.523013,133.195755,515.369739,115.069342,125.888206
2026-04-20,729.0578,,751.936726,,496.112955,125.104603,133.195755,513.70973,114.458102,125.638292
2026-04-21,726.1666,,751.722609,,493.43227,123.76569,132.075472,512.822154,113.651593,125.041973
2026-04-22,727.5485,,755.539979,,496.716481,124.853556,133.018868,517.871436,115.013901,126.334234
2026-04-23,726.7795,,756.291873,,495.232508,124.435146,132.370283,517.384957,114.863949,125.976508
2026-04-24,727.4891,,754.711121,,497.818829,124.979079,132.54717,518.493678,115.01262,125.758406
2026-04-27,726.4458,,753.487325,,498.02991,124.60251,132.134434,518.616162,114.644558,125.343278
2026-04-28,725.2062,,752.721772,,496.495096,124.309623,131.544811,517.375453,114.454175,124.870255
2026-04-29,724.6195,,754.496238,,495.571871,123.598326,130.660377,518.049903,114.159897,124.423747
2026-04-30,727.8196,,754.268734,,498.814796,125.271967,131.957547,518.990697,115.162258,125.068776
2026-05-01,727.1403,,754.181939,,499.910719,125.020921,131.78066,520.55695,115.025604,125.003421
2026-05-04,724.573,,753.408921,,498.172898,124.476987,131.132075,520.05179,114.813141,124.700976
2026-05-05,728.4862,,757.400118,,500.940508,125.146444,131.957547,522.887282,115.418777,125.473086
2026-05-06,730.5905,,756.006075,,505.964714,126.610879,133.549528,525.641181,116.218751,126.388025
2026-05-07,726.4534,,753.308821,,504.539315,125.564854,132.193396,525.264674,115.501415,125.368191
2026-05-08,727.9768,,750.949221,,507.516079,126.485356,133.490566,525.606498,115.740991,125.937745
2026-05-11,730.2611,,753.484623,,507.688412,126.527197,133.431604,525.909923,115.806792,125.912033
2026-05-12,729.809,,755.718422,,506.618965,126.317992,132.900943,526.684001,116.029902,125.860996
2026-05-13,730.1718,,757.817545,,508.403606,126.569038,132.900943,529.744077,116.525505,126.147884
2026-05-14,731.8156,,762.374285,,510.748627,126.317992,133.018868,534.184979,116.730865,126.733704
2026-05-15,727.9868,,761.295146,,505.778807,123.723849,130.71934,531.016568,114.77225,125.020637
2026-05-18,727.8917,,759.164759,,505.54324,124.393305,130.837264,529.353109,115.085391,124.799554
2026-05-19,725.3711,,759.775386,,502.744218,123.430962,129.127358,528.676424,114.684045,123.695968
2026-05-20,729.3467,,762.697584,,507.054455,124.769874,130.837264,532.342131,115.739607,125.130191
2026-05-21,728.8313,,762.683451,,507.908807,124.728033,130.955189,533.606289,115.780468,125.329216
2026-05-22,730.5056,,765.436994,,509.293889,124.895397,131.191038,535.762425,116.087712,125.719421
2026-05-26,731.0091,,764.028537,,511.914066,125.857741,132.311321,537.157628,116.686508,126.472501
2026-05-27,729.2221,,762.547609,,512.029408,125.271967,132.370283,537.551322,116.202361,126.593074
2026-05-28,730.4055,,762.218143,,514.125266,125.941423,132.665094,538.644317,116.58368,126.614727
2026-05-29,729.7826,,760.758358,,515.020389,126.066946,132.665094,539.008406,116.575792,126.480101
2026-06-01,731.6931,,764.717135,,515.777408,126.108787,132.959906,541.192869,116.91524,127.088094
2026-06-02,735.3868,,768.650234,,516.23805,126.569038,134.080189,541.727438,117.353036,128.171023
2026-06-03,734.8744,,770.260339,,513.641564,125.606695,133.431604,540.508422,116.786091,127.907329
2026-06-04,736.9389,,771.599337,,515.146263,125.648536,133.608491,541.512899,116.70023,127.940112
2026-06-05,732.3875,,772.716928,,506.131889,122.594142,130.778302,536.118868,114.736907,126.190744
2026-06-08,733.0713,,772.78113,,506.818843,122.719665,130.070755,536.390321,114.756785,125.401363
2026-06-09,733.1532,,772.09085,,506.344555,122.552301,130.247642,535.349871,114.485124,125.445719
2026-06-10,730.2231,,769.558436,,501.430179,121.129707,128.832547,530.53543,113.237591,124.172074
2026-06-11,734.0871,,770.724254,,507.69898,123.221757,131.014151,535.150102,114.760584,125.800378
2026-06-12,735.1317,,772.641727,,509.096621,123.34728,131.721698,537.193947,114.999646,126.614264
2026-06-15,735.4847,,771.511989,,514.673762,124.351464,132.783019,542.024544,115.71079,127.386639
2026-06-16,736.344,,771.142494,,513.08508,124.393305,132.429245,539.462372,115.559275,126.838207
2026-06-17,735.3568,,777.239276,,508.50588,123.221757,131.662736,539.598201,115.530843,127.271689
2026-06-18,735.676,,780.56945,,512.265733,123.891213,132.193396,545.680149,116.605594,128.276478
2026-06-22,736.4834,,783.443207,,510.749874,123.138075,131.25,545.469802,116.195908,127.68979
2026-06-23,734.041,,784.042053,,506.447924,121.882845,130.011792,543.089895,115.482331,127.003032
2026-06-24,733.7094,,785.288552,,507.305586,121.882845,130.011792,545.120752,115.718204,127.262437
2026-06-25,735.3373,735.3373,786.227955,786.227955,507.871163,122.426778,130.542453,545.17173,116.116042,127.651511
2026-06-26,733.6482,733.949673,783.402243,783.724161,505.853058,122.259414,130.424528,542.299522,115.806566,127.370406
2026-06-29,734.4376,734.774355,781.554187,781.912546,510.915248,122.635983,131.426887,545.847019,115.764667,127.908886
2026-06-30,733.9617,733.91778,781.211874,781.165127,512.490861,122.468619,130.601415,547.645408,115.630972,127.132219
2026-07-01,731.9521,732.042233,782.058223,782.154526,511.758953,121.924686,129.775943,548.958815,115.558525,126.812751
2026-07-02,731.8404,732.230533,778.143289,778.558106,511.585468,122.343096,130.011792,546.108937,115.392234,126.426538
2026-07-06,734.9752,,780.991452,,514.371752,123.514644,130.542453,548.742494,116.424924,126.863786
2026-07-07,733.1265,,781.034069,,511.978417,122.259414,128.832547,547.596421,115.53865,125.524633
2026-07-08,730.6469,,778.065155,,510.668818,121.799163,128.537736,545.966063,115.055303,125.184734
2026-07-09,732.8865,,779.494188,,513.559673,122.343096,129.009434,548.384235,115.427568,125.490236
2026-07-10,734.4937,734.774788,782.243834,782.543195,514.675549,122.552301,129.304245,550.307583,115.778911,125.944487
2026-07-13,734.1942,734.620228,784.302161,784.757265,511.52473,121.464435,128.125,548.601492,115.100051,125.175301
2026-07-14,735.8075,736.12334,783.238218,783.574417,513.230854,122.552301,128.950472,548.47938,115.7191,125.535021
2026-07-15,735.9898,736.297095,780.514114,780.839999,514.746699,123.096234,129.009434,548.050304,115.799758,125.124611
2026-07-16,735.5423,735.923421,781.436962,781.841863,513.051926,122.050209,128.066038,547.224465,115.021424,124.432141
2026-07-17,735.3195,735.802553,781.534918,782.048331,510.153854,122.343096,128.360849,544.366464,115.346836,124.772015
2026-07-20,734.0055,734.57634,781.806082,782.414097,509.133501,121.841004,127.771226,544.439082,115.119029,124.464386
2026-07-21,735.6632,736.258033,784.65793,785.292379,511.238467,122.635983,128.596698,547.447841,116.030769,125.442141
2026-07-22,736.5782,737.115685,784.67007,785.242648,510.546759,123.138075,128.714623,546.036454,116.362892,125.403142
2026-07-23,735.2453,735.75259,785.625193,786.167243,506.276212,121.966527,127.653302,543.110945,115.605293,124.746251
2026-07-24,735.5251,736.123453,786.401086,787.040827,506.816857,122.050209,127.948113,544.020852,115.754812,125.110223
2026-07-27,735.5464,736.084021,786.582967,787.157891,507.366349,121.966527,128.066038,544.720864,115.698849,125.250867
2026-07-28,735.4064,735.990387,785.183126,785.806641,508.575921,122.133891,128.183962,545.151529,115.673443,125.166915
2026-07-29,732.4487,733.226085,776.542025,777.366208,503.104411,121.548117,127.063679,535.505289,114.311495,123.203057
2026-07-30,734.9919,735.680855,775.101494,775.828047,508.311465,122.594142,128.125,538.175365,114.683162,123.572606
2026-07-31,735.0383,735.709425,774.97564,775.68323,509.982438,122.133891,127.417453,539.822759,114.226848,122.862488
2026-08-03,736.5041,736.6545,778.019012,778.177889,514.826126,122.301255,127.771226,546.001086,114.604025,123.441278
2026-08-04,739.2789,739.329992,779.32499,779.37885,521.249675,122.845188,129.42217,551.663152,114.874163,124.776062
2026-08-05,739.3862,739.402028,778.021359,778.038014,520.7312,124.016736,130.070755,550.112694,115.758901,125.173428
2026-08-06,738.9909,739.113509,779.575699,779.705042,519.629661,123.682008,129.540094,550.339929,115.738979,124.978618
2026-08-07,739.7316,739.810754,778.075016,778.158273,521.902187,124.728033,130.542453,551.130319,116.3765,125.577367
2026-08-10,741.1467,741.444515,780.610314,780.923986,521.033392,125.020921,130.424528,550.951729,116.806421,125.632409
2026-08-11,742.3344,742.523561,781.827388,782.026612,520.20874,125.146444,130.188679,550.055898,116.918631,125.399793
2026-08-12,742.7843,742.99994,783.523038,783.750505,521.225243,125.355649,130.837264,551.991491,117.296993,126.221348
2026-08-13,743.4647,743.725211,783.948263,784.222959,523.968995,125.39749,130.660377,554.690242,117.292383,126.00369
2026-08-14,743.8854,744.090238,781.605579,781.820804,522.891354,125.188285,130.424528,551.583116,116.680753,125.329468
2026-08-17,743.5625,743.754123,780.64559,780.846769,520.911624,125.062762,130.365566,549.058182,116.47115,125.17328
2026-08-18,743.2449,743.613881,780.608765,780.996295,519.018737,124.560669,130.011792,547.270967,116.047646,124.881049
2026-08-19,743.9654,744.679006,774.527015,775.269935,520.678954,126.150628,132.075472,544.216548,116.500333,125.752986
2026-08-20,741.773,742.588928,772.171815,773.021181,517.348853,126.066946,132.134434,540.684977,116.412086,125.797276
2026-08-21,743.0326,743.010347,773.608895,773.585726,518.318634,126.443515,132.134434,541.786645,116.778815,125.817746
2026-08-24,743.2254,743.20291,774.645534,774.622093,517.835551,126.569038,132.665094,541.866408,117.021018,126.459498
2026-08-25,743.731,743.689898,774.475321,774.43252,519.81052,127.364017,133.785377,543.443817,117.650117,127.412681
2026-08-26,743.6461,743.587856,775.78904,775.728279,519.559476,126.903766,133.254717,544.16486,117.43722,127.13708
2026-08-27,743.1002,743.136791,775.306034,775.344211,521.539074,127.112971,133.254717,546.29915,117.643943,127.151264
2026-08-28,742.3326,742.344193,779.186128,779.198296,520.097034,126.192469,132.075472,548.081248,117.49788,126.787709
2026-08-31,741.9648,742.114022,776.447016,776.603173,518.993954,126.025105,131.839623,545.266365,116.987513,126.178912
2026-09-01,740.4031,740.581717,776.477017,776.664337,516.209423,125.062762,131.367925,543.505812,116.343549,125.997527
2026-09-02,741.6589,741.836108,778.04905,778.234953,517.7329,125.648536,131.898585,545.288596,116.926813,126.547977
2026-09-03,743.6409,743.718426,777.638727,777.719797,521.220821,126.359833,132.606132,547.210291,117.213483,126.820811
2026-09-04,743.3605,743.363989,778.135316,778.138968,520.124424,126.23431,132.370283,546.614039,117.21602,126.723876
2026-09-08,742.9688,742.99064,777.109696,777.13254,518.195025,125.523013,132.252358,544.155318,116.463281,126.510765
2026-09-09,742.2682,742.361367,775.696174,775.793537,516.278175,124.937238,131.485849,541.667088,115.818148,125.667251
2026-09-10,740.0364,740.070395,774.909261,774.944858,513.070372,123.76569,129.540094,539.377212,114.961377,124.055003
2026-09-11,741.5743,741.596617,777.235947,777.259337,515.546879,123.807531,129.775943,542.480657,115.106325,124.395511
2026-09-14,739.4903,739.609339,778.333004,778.458295,513.973341,123.179916,129.127358,543.11456,115.007665,124.297827
2026-09-15,739.8511,739.992417,779.319997,779.468852,512.469278,123.179916,128.950472,541.947502,115.097348,124.224351
2026-09-16,736.9417,737.126335,781.509965,781.705767,511.028166,122.719665,128.125,544.081694,115.443495,124.264642
2026-09-17,739.5033,739.74997,783.399609,783.660921,515.61869,124.142259,129.599057,548.390311,116.65861,125.561756
2026-09-18,739.3262,739.524291,782.502855,782.712515,515.222249,123.054393,128.950472,547.472527,115.531623,124.820258
2026-09-21,740.4766,740.26805,785.244947,785.023788,520.554183,124.393305,129.95283,554.214188,117.015862,126.035201
2026-09-22,739.3061,739.15734,785.058277,784.900311,520.592605,124.644351,130.011792,555.000647,117.40974,126.261998
2026-09-23,737.7382,737.544751,787.838815,787.632229,516.519189,122.426778,127.948113,553.782783,115.975283,124.962957
2026-09-24,736.7522,736.535152,787.048573,786.816708,515.265222,121.924686,126.768868,552.622817,115.538216,123.852567
2026-09-25,737.5299,737.216272,787.125453,786.790735,517.315995,122.008368,126.768868,554.291373,115.506882,123.734054
2026-09-28,734.9877,734.633639,785.77123,785.392706,514.001946,119.916318,125.943396,551.694563,113.722986,123.141307
2026-09-29,734.1392,733.761606,786.912454,786.507717,513.324983,119.916318,125.176887,552.40588,114.019782,122.711271
2026-09-30,732.7453,732.415348,786.271052,785.916998,512.56154,119.539749,124.587264,552.183149,113.785128,122.265858
2026-10-01,734.7353,732.815345,794.500428,792.4243,513.566984,119.707113,124.587264,557.542803,114.825172,123.210915
2026-10-02,735.4982,733.509013,794.632715,792.483597,515.475936,119.58159,124.646226,559.127831,114.604869,123.161868
2026-10-05,735.9502,733.994278,797.189766,795.071088,517.299052,119.58159,124.823113,562.565192,114.903042,123.65754
2026-10-06,736.8675,734.921176,795.574768,793.473377,519.511106,120.502092,125.353774,563.12437,115.409113,123.777389
2026-10-07,735.1361,733.258828,798.249634,796.211193,518.652823,119.790795,124.528302,565.412769,115.384731,123.666295
2026-10-08,737.3216,735.521959,798.46185,796.512979,518.039467,120.083682,125.117925,563.219846,115.354656,123.916475
