date,nav_theo_usd_bt,nav_theo_usd_live,nav_ucits_eur_bt,nav_ucits_eur_live,bench_6040_usd,bench_allw_usd,bench_rpar_usd,bench_6040_eur,bench_allw_eur,bench_rpar_eur
2006-01-31,100.0,,100.0,,100.0,,,100.0,,
2006-02-01,99.5877,,100.347086,,100.304705,,,101.069559,,
2006-02-02,99.1699,,99.719472,,99.637342,,,100.189504,,
2006-02-03,98.777,,99.902818,,99.448198,,,100.581667,,
2006-02-06,99.4301,,101.025622,,99.599294,,,101.197531,,
2006-02-07,97.2318,,98.668351,,99.045901,,,100.509255,,
2006-02-08,97.5425,,99.140876,,99.562544,,,101.19402,,
2006-02-09,97.6462,,99.105419,,99.488911,,,100.975667,,
2006-02-10,96.9186,,99.053317,,99.508841,,,101.700611,,
2006-02-13,96.3553,,98.47761,,99.436018,,,101.626183,,
2006-02-14,96.6538,,98.616874,,99.994665,,,102.025593,,
2006-02-15,96.3891,,98.570161,,100.25313,,,102.521624,,
2006-02-16,97.4381,,99.500611,,100.666936,,,102.797794,,
2006-02-17,97.8893,,99.726811,,100.664798,,,102.554409,,
2006-02-21,98.2806,,100.31039,,100.36847,,,102.44138,,
2006-02-22,98.279,,100.300336,,100.892297,,,102.967381,,
2006-02-23,97.8582,,99.828979,,100.780363,,,102.809991,,
2006-02-24,98.5944,,100.995271,,100.968391,,,103.427072,,
2006-02-27,98.0088,,100.590352,,100.904322,,,103.562143,,
2006-02-28,98.0275,,99.968134,,100.415479,,,102.403387,,
2006-03-01,98.5635,,100.497884,,100.95054,,,102.931772,,
2006-03-02,99.0413,,100.012043,,100.850608,,,101.839085,,
2006-03-03,98.5838,,99.574872,,100.485942,,,101.496136,,
2006-03-06,97.0299,,98.168474,,99.982757,,,101.155981,,
2006-03-07,96.5374,,98.721816,,99.987074,,,102.249548,,
2006-03-08,96.193,,98.064412,,100.140136,,,102.088339,,
2006-03-09,95.974,,97.980829,,99.68281,,,101.767191,,
2006-03-10,96.1147,,98.058595,,100.267082,,,102.294958,,
2006-03-13,96.7904,,98.360005,,100.453331,,,102.082336,,
2006-03-14,97.8901,,99.071747,,101.219397,,,102.441233,,
2006-03-15,98.1298,,98.845298,,101.383614,,,102.122837,,
2006-03-16,98.8432,,98.640355,,101.676642,,,101.467982,,
2006-03-17,98.4152,,98.12463,,101.631191,,,101.331126,,
2006-03-20,97.9123,,97.864,,101.520611,,,101.470531,,
2006-03-21,97.4374,,97.944966,,101.039349,,,101.565678,,
2006-03-22,97.7751,,98.422773,,101.476378,,,102.148568,,
2006-03-23,97.9623,,99.484381,,101.316297,,,102.890491,,
2006-03-24,98.7255,,99.717996,,101.433678,,,102.4534,,
2006-03-27,98.9858,,100.147325,,101.376331,,,102.565907,,
2006-03-28,98.634,,99.932778,,100.901505,,,102.230141,,
2006-03-29,99.3857,,100.493375,,101.19805,,,102.325924,,
2006-03-30,99.793,,99.719177,,100.910809,,,100.83616,,
2006-03-31,99.2558,,99.575238,,101.05659,,,101.381823,,
2006-04-03,99.5275,,99.683292,,100.970235,,,101.128285,,
2006-04-04,99.9329,,99.117594,,101.411667,,,100.584296,,
2006-04-05,100.596,,99.531674,,101.645127,,,100.569701,,
2006-04-06,100.6829,,100.09012,,101.552997,,,100.955094,,
2006-04-07,99.4128,,99.87285,,100.797543,,,101.264001,,
2006-04-10,100.329,,100.718383,,100.853757,,,101.245176,,
2006-04-11,99.7562,,99.871211,,100.416086,,,100.531858,,
2006-04-12,99.6843,,100.129058,,100.500951,,,100.949353,,
2006-04-13,99.5859,,99.988912,,100.334137,,,100.740177,,
2006-04-17,100.6988,,99.934317,,100.38345,,,99.621361,,
2006-04-18,102.1005,,100.496797,,101.30551,,,99.714294,,
2006-04-19,103.0998,,101.234509,,101.459545,,,99.62393,,
2006-04-20,101.8243,,100.509755,,101.484883,,,100.17472,,
2006-04-21,103.3352,,101.745054,,101.483803,,,99.922147,,
2006-04-24,102.4128,,100.511229,,101.525702,,,99.640603,,
2006-04-25,102.1295,,99.886449,,101.134807,,,98.913602,,
2006-04-26,102.0551,,99.637335,,101.078112,,,98.683493,,
2006-04-27,101.7104,,98.659031,,101.469453,,,98.425312,,
2006-04-28,102.8866,,99.15123,,101.766043,,,98.071356,,
2006-05-01,102.8749,,99.352599,,101.10968,,,97.647818,,
2006-05-02,104.2268,,100.4587,,101.608777,,,97.935326,,
2006-05-03,103.6483,,99.750853,,101.355836,,,97.544591,,
2006-05-04,103.971,,99.59624,,101.548562,,,97.27573,,
2006-05-05,104.8636,,100.159275,,102.158777,,,97.575794,,
2006-05-08,104.5669,,100.01733,,102.116302,,,97.673354,,
2006-05-09,105.5266,,100.547643,,102.213862,,,97.391206,,
2006-05-10,106.0277,,100.82754,,102.140835,,,97.131307,,
2006-05-11,105.4338,,99.848817,,101.369721,,,96.000019,,
2006-05-12,104.0067,,97.803997,,100.493354,,,94.500179,,
2006-05-15,102.4066,,97.307921,,100.639795,,,95.629083,,
2006-05-16,103.0525,,97.434267,,100.746229,,,95.253729,,
2006-05-17,101.5415,,96.879649,,99.481056,,,94.913801,,
2006-05-18,101.1802,,95.768315,,99.348915,,,94.034981,,
2006-05-19,100.9469,,96.078599,,99.760241,,,94.949169,,
2006-05-22,100.5418,,95.001338,,99.315907,,,93.843,,
2006-05-23,100.6812,,95.519109,,98.75562,,,93.692257,,
2006-05-24,99.8272,,95.169365,,99.231311,,,94.601279,,
2006-05-25,101.1601,,96.078425,,99.964812,,,94.943181,,
2006-05-26,101.5158,,96.992143,,100.434749,,,95.959266,,
2006-05-30,100.5906,,95.017908,,99.285089,,,93.784723,,
2006-05-31,101.0441,,95.893336,,99.859787,,,94.769394,,
2006-06-01,100.8949,,95.796611,,100.402942,,,95.329512,,
2006-06-02,101.9632,,95.93431,,100.835252,,,94.873056,,
2006-06-05,100.655,,94.81353,,99.824228,,,94.030971,,
2006-06-06,100.3988,,95.110164,,99.780836,,,94.524752,,
2006-06-07,99.1745,,94.30308,,99.204635,,,94.331735,,
2006-06-08,99.009,,95.142898,,99.293723,,,95.416503,,
2006-06-09,98.6244,,94.855792,,99.154061,,,95.365213,,
2006-06-12,97.7037,,94.36595,,98.390869,,,95.029644,,
2006-06-13,95.149,,92.294477,,97.818691,,,94.884075,,
2006-06-14,95.5917,,92.260133,,98.129167,,,94.709164,,
2006-06-15,97.611,,93.918266,,99.309207,,,95.552229,,
2006-06-16,97.4166,,93.701557,,98.846599,,,95.077022,,
2006-06-19,95.7876,,92.610957,,98.278541,,,95.01929,,
2006-06-20,96.1116,,92.879892,,98.501483,,,95.189417,,
2006-06-21,97.242,,93.378466,,98.951089,,,95.019651,,
2006-06-22,96.8426,,93.601194,,98.521976,,,95.224359,,
2006-06-23,97.3949,,94.646689,,98.530353,,,95.750102,,
2006-06-26,97.844,,94.531498,,98.677354,,,95.336639,,
2006-06-27,97.5112,,94.247415,,98.277867,,,94.988421,,
2006-06-28,97.9145,,94.803033,,98.631871,,,95.497608,,
2006-06-29,100.0203,,96.016044,,99.97218,,,95.969851,,
2006-06-30,101.0062,,96.007261,,99.971287,,,95.023567,,
2006-07-03,101.7149,,96.590263,,100.278668,,,95.226393,,
2006-07-05,101.5911,,97.05646,,99.814173,,,95.358849,,
2006-07-06,101.9597,,96.989403,,100.023348,,,95.147443,,
2006-07-07,101.438,,96.229597,,99.781518,,,94.658168,,
2006-07-10,101.3611,,96.806297,,99.929455,,,95.438984,,
2006-07-11,102.6727,,97.698224,,100.265514,,,95.407666,,
2006-07-12,102.6869,,98.273249,,99.645993,,,95.363045,,
2006-07-13,102.287,,97.998541,,98.708267,,,94.569849,,
2006-07-14,102.5623,,98.596416,,98.526133,,,94.716319,,
2006-07-17,101.0998,,98.145058,,98.360009,,,95.48534,,
2006-07-18,100.6796,,97.885651,,98.627711,,,95.890704,,
2006-07-19,101.9853,,98.509109,,99.609201,,,96.213999,,
2006-07-20,100.7332,,96.976076,,99.241092,,,95.53962,,
2006-07-21,99.8368,,95.605861,,98.797073,,,94.610196,,
2006-07-24,100.8539,,97.06153,,99.937666,,,96.179749,,
2006-07-25,101.4624,,98.08976,,100.112773,,,96.784995,,
2006-07-26,102.2461,,97.759047,,100.225762,,,95.827372,,
2006-07-27,102.3187,,97.959432,,100.23205,,,95.961684,,
2006-07-28,102.8571,,98.08866,,100.913906,,,96.235552,,
2006-07-31,103.2316,,98.314693,,100.806201,,,96.004815,,
2006-08-01,103.5505,,98.149382,,100.611449,,,95.363629,,
2006-08-02,104.056,,98.929327,,101.032065,,,96.054376,,
2006-08-03,103.7015,,98.476774,,101.204202,,,96.105295,,
2006-08-04,103.6608,,97.879994,,101.232125,,,95.586758,,
2006-08-07,103.9423,,98.405661,,101.09574,,,95.710727,,
2006-08-08,103.42,,97.972219,,100.862284,,,95.549233,,
2006-08-09,103.679,,97.996126,,100.686498,,,95.16765,,
2006-08-10,103.0284,,97.906415,,100.849651,,,95.835981,,
2006-08-11,102.6456,,98.025375,,100.609033,,,96.080476,,
2006-08-14,101.9608,,97.501604,,100.611464,,,96.21128,,
2006-08-15,102.5573,,97.512091,,101.432692,,,96.442807,,
2006-08-16,103.0556,,97.588992,,102.070112,,,96.655779,,
2006-08-17,102.4032,,97.054357,,102.235052,,,96.894992,,
2006-08-18,103.015,,97.61898,,102.580076,,,97.206838,,
2006-08-21,103.6675,,97.772412,,102.414659,,,96.590814,,
2006-08-22,103.6852,,98.468987,,102.384725,,,97.233937,,
2006-08-23,103.0268,,97.97382,,102.229239,,,97.215376,,
2006-08-24,103.3226,,98.409068,,102.173644,,,97.31475,,
2006-08-25,103.5861,,98.721912,,102.29505,,,97.491486,,
2006-08-28,103.1114,,98.092636,,102.550987,,,97.5595,,
2006-08-29,103.0068,,97.649267,,102.634707,,,97.296527,,
2006-08-30,102.881,,97.469207,,102.737386,,,97.333147,,
2006-08-31,103.0982,,97.819819,,102.777697,,,97.515725,,
2006-09-01,103.5973,,98.109599,,103.154456,,,97.690214,,
2006-09-05,104.2997,,98.936641,,103.216264,,,97.908915,,
2006-09-06,102.9685,,97.757796,,102.679212,,,97.483147,,
2006-09-07,102.2759,,97.672316,,102.391289,,,97.782511,,
2006-09-08,101.5537,,97.388085,,102.616233,,,98.407034,,
2006-09-11,99.9982,,95.715184,,102.647059,,,98.250589,,
2006-09-12,100.2023,,96.016377,,103.355693,,,99.038038,,
2006-09-13,100.9231,,96.684204,,103.632056,,,99.279381,,
2006-09-14,99.7889,,95.334704,,103.584638,,,98.961014,,
2006-09-15,100.0133,,96.070013,,103.718843,,,99.629455,,
2006-09-18,100.9178,,96.549786,,103.792647,,,99.300201,,
2006-09-19,100.2086,,96.090579,,103.729677,,,99.466959,,
2006-09-20,99.9192,,95.760199,,104.109698,,,99.776274,,
2006-09-21,100.5538,,95.652037,,103.982655,,,98.913744,,
2006-09-22,100.6833,,95.730281,,103.829427,,,98.721637,,
2006-09-25,101.1317,,96.465951,,104.384647,,,99.568822,,
2006-09-26,101.8979,,97.625754,,104.902538,,,100.504421,,
2006-09-27,102.6767,,98.286699,,104.961698,,,100.474001,,
2006-09-28,102.5644,,98.163742,,104.894633,,,100.393993,,
2006-09-29,102.4725,,98.253695,,104.86371,,,100.546459,,
2006-10-02,102.0277,,97.381739,,104.664981,,,99.898928,,
2006-10-03,100.3712,,95.830765,,104.793268,,,100.052795,,
2006-10-04,100.9454,,96.515428,,105.690392,,,101.052187,,
2006-10-05,101.5102,,97.223661,,105.679644,,,101.217039,,
2006-10-06,101.2871,,97.780324,,105.441916,,,101.791292,,
2006-10-09,101.1033,,97.595138,,105.576537,,,101.913159,,
2006-10-10,101.3151,,98.244235,,105.493141,,,102.29564,,
2006-10-11,100.8009,,97.92527,,105.371798,,,102.36577,,
2006-10-12,101.8578,,98.628881,,105.95745,,,102.598571,,
2006-10-13,102.5831,,99.704432,,106.022943,,,103.047747,,
2006-10-16,103.5518,,100.453203,,106.180242,,,103.002994,,
2006-10-17,102.9946,,99.817097,,106.042254,,,102.770728,,
2006-10-18,102.9062,,99.834888,,106.184932,,,103.015764,,
2006-10-19,103.736,,99.898522,,106.262094,,,102.331169,,
2006-10-20,103.1489,,99.380374,,106.267623,,,102.385155,,
2006-10-23,102.8375,,99.609259,,106.436621,,,103.095397,,
2006-10-24,103.5229,,100.21725,,106.671782,,,103.265583,,
2006-10-25,104.4836,,100.79412,,106.995989,,,103.217792,,
2006-10-26,104.9086,,100.486471,,107.339893,,,102.81528,,
2006-10-27,104.664,,99.921527,,107.026066,,,102.176564,,
2006-10-30,104.4782,,99.822536,,106.987003,,,102.219544,,
2006-10-31,105.0492,,100.061398,,107.13184,,,102.045153,,
2006-11-01,105.1696,,100.231054,,106.780422,,,101.766235,,
2006-11-02,105.3674,,100.238829,,106.69281,,,101.499727,,
2006-11-03,105.6846,,101.038703,,106.350281,,,101.675121,,
2006-11-06,106.1621,,101.439371,,107.07111,,,102.307943,,
2006-11-07,106.2721,,101.123234,,107.43023,,,102.225252,,
2006-11-08,106.4756,,101.475727,,107.68999,,,102.633091,,
2006-11-09,107.2328,,101.623769,,107.355976,,,101.740502,,
2006-11-10,106.9398,,101.204089,,107.477702,,,101.71314,,
2006-11-13,106.866,,101.450141,,107.591713,,,102.139076,,
2006-11-14,107.1247,,101.671912,,108.130559,,,102.626572,,
2006-11-15,107.4406,,101.8207,,108.238688,,,102.577042,,
2006-11-16,106.5179,,101.198706,,108.366003,,,102.95452,,
2006-11-17,107.0489,,101.473219,,108.49777,,,102.846624,,
2006-11-20,107.0345,,101.538741,,108.563063,,,102.988819,,
2006-11-21,107.7868,,102.021543,,108.685677,,,102.872342,,
2006-11-22,107.8437,,101.286814,,108.868442,,,102.249251,,
2006-11-24,108.1108,,100.36684,,108.623795,,,100.843089,,
2006-11-27,107.7021,,99.690516,,107.71097,,,99.698725,,
2006-11-28,108.256,,99.702201,,108.104035,,,99.562243,,
2006-11-29,109.1763,,100.901407,,108.713371,,,100.473566,,
2006-11-30,110.0463,,101.029585,,108.875317,,,99.954547,,
2006-12-01,110.0055,,100.280282,,108.821924,,,99.201342,,
2006-12-04,110.2757,,100.481387,,109.358196,,,99.645373,,
2006-12-05,110.2843,,100.685431,,109.615495,,,100.074836,,
2006-12-06,109.6804,,100.352642,,109.522178,,,100.207876,,
2006-12-07,109.3782,,100.083675,,109.203004,,,99.923366,,
2006-12-08,108.949,,100.317644,,109.227958,,,100.574502,,
2006-12-11,109.3082,,100.397452,,109.438923,,,100.517519,,
2006-12-12,109.3768,,100.097462,,109.480061,,,100.191963,,
2006-12-13,109.4269,,100.681427,,109.411317,,,100.66709,,
2006-12-14,109.8442,,101.603649,,109.935658,,,101.688246,,
2006-12-15,109.1807,,101.453072,,109.93426,,,102.153296,,
2006-12-18,108.3789,,100.600371,,109.779041,,,101.900022,,
2006-12-19,109.1518,,100.550071,,109.937526,,,101.273878,,
2006-12-20,108.7046,,100.32817,,109.88157,,,101.414447,,
2006-12-21,108.4932,,100.095065,,109.722538,,,101.229244,,
2006-12-22,107.9736,,99.888583,,109.284052,,,101.100909,,
2006-12-26,108.395,,100.615316,,109.655411,,,101.785266,,
2006-12-27,108.8384,,100.903624,,109.968245,,,101.951099,,
2006-12-28,108.9248,,100.707249,,109.772493,,,101.49099,,
2006-12-29,108.6445,,100.044845,,109.500302,,,100.832907,,
2007-01-03,107.5175,,99.247614,,109.475594,,,101.055098,,
2007-01-04,107.037,,99.4611,,109.704944,,,101.940211,,
2007-01-05,106.2383,,99.326287,,109.153399,,,102.051725,,
2007-01-08,106.5547,,99.469108,,109.477907,,,102.19793,,
2007-01-09,106.4562,,99.552978,,109.424557,,,102.32885,,
2007-01-10,105.8807,,99.496971,,109.590067,,,102.982694,,
2007-01-11,105.7539,,99.724695,,109.802938,,,103.54289,,
2007-01-12,107.1282,,100.832933,,110.236783,,,103.758843,,
2007-01-16,106.7823,,100.491798,,110.169108,,,103.679091,,
2007-01-17,107.2582,,100.791419,,110.169965,,,103.527628,,
2007-01-18,106.8959,,100.249489,,110.009338,,,103.169344,,
2007-01-19,107.8689,,101.177601,,110.117933,,,103.287122,,
2007-01-22,107.5375,,100.952436,,109.936571,,,103.204599,,
2007-01-23,108.7268,,101.473394,,110.04867,,,102.707079,,
2007-01-24,109.1257,,102.293301,,110.569405,,,103.646614,,
2007-01-25,107.9433,,101.482279,,109.733139,,,103.164986,,
2007-01-26,107.9987,,101.668021,,109.665375,,,103.236999,,
2007-01-29,107.6432,,101.004866,,109.569157,,,102.812049,,
2007-01-30,108.5107,,101.716806,,109.986666,,,103.100361,,
2007-01-31,109.3579,,102.015402,,110.462812,,,103.046129,,
2007-02-01,109.757,,102.474201,,110.883651,,,103.526095,,
2007-02-02,109.627,,102.794919,,111.032908,,,104.113209,,
2007-02-05,109.6462,,103.107171,,111.119304,,,104.492423,,
2007-02-06,109.9108,,102.91022,,111.228497,,,104.143989,,
2007-02-07,109.8382,,102.636719,,111.422463,,,104.117111,,
2007-02-08,110.4347,,102.948807,,111.369166,,,103.81993,,
2007-02-09,110.1595,,102.968611,,110.768314,,,103.537684,,
2007-02-12,109.4665,,102.644421,,110.494754,,,103.608593,,
2007-02-13,110.1252,,102.683909,,111.051202,,,103.547339,,
2007-02-14,110.7912,,102.581069,,111.65746,,,103.383136,,
2007-02-15,110.7432,,102.450796,,111.80672,,,103.43468,,
2007-02-16,110.7975,,102.516633,,111.806277,,,103.450015,,
2007-02-20,110.2276,,102.004853,,111.96922,,,103.616552,,
2007-02-21,111.2573,,102.949903,,111.942843,,,103.584258,,
2007-02-22,111.2404,,103.028368,,111.800624,,,103.547236,,
2007-02-23,111.5737,,103.03094,,111.649334,,,103.100783,,
2007-02-26,112.0232,,103.273445,,111.687156,,,102.963648,,
2007-02-27,108.9536,,100.026417,,109.245059,,,100.293995,,
2007-02-28,109.708,,100.817979,,109.894926,,,100.989757,,
2007-03-01,109.2557,,100.729743,,109.692505,,,101.132462,,
2007-03-02,107.8283,,99.368518,,108.921498,,,100.375948,,
2007-03-05,106.9655,,99.349098,,108.268589,,,100.559402,,
2007-03-06,108.4137,,100.410342,,109.349192,,,101.276774,,
2007-03-07,108.8403,,100.422918,,109.321334,,,100.866751,,
2007-03-08,109.3963,,101.2664,,109.841101,,,101.678145,,
2007-03-09,108.9303,,100.981123,,109.727678,,,101.720313,,
2007-03-12,109.0836,,100.548198,,109.963258,,,101.359026,,
2007-03-13,107.9969,,99.493723,,108.801097,,,100.234601,,
2007-03-14,108.5053,,99.765528,,109.233606,,,100.435171,,
2007-03-15,108.5601,,99.702804,,109.274062,,,100.358515,,
2007-03-16,108.4415,,99.025333,,109.09327,,,99.620509,,
2007-03-19,109.2365,,99.83379,,109.851155,,,100.395537,,
2007-03-20,109.812,,100.24671,,110.253276,,,100.649549,,
2007-03-21,111.055,,100.866392,,111.409028,,,101.187939,,
2007-03-22,111.3208,,101.524977,,111.267498,,,101.476366,,
2007-03-23,111.1823,,101.726813,,111.303136,,,101.837372,,
2007-03-26,111.6242,,101.801679,,111.185915,,,101.401962,,
2007-03-27,111.4948,,101.523727,,111.04096,,,101.110475,,
2007-03-28,111.3162,,101.658054,,110.578971,,,100.984789,,
2007-03-29,111.3251,,101.528899,,110.613812,,,100.880202,,
2007-03-30,110.9698,,100.992728,,110.587179,,,100.644507,,
2007-04-02,111.3418,,101.278209,,110.731257,,,100.72285,,
2007-04-03,111.8343,,101.993291,,111.397217,,,101.59467,,
2007-04-04,112.3298,,102.161622,,111.518618,,,101.423868,,
2007-04-05,112.5122,,101.855081,,111.657645,,,101.081469,,
2007-04-09,112.1519,,102.09912,,111.580914,,,101.579315,,
2007-04-10,112.9096,,102.138781,,111.725133,,,101.067305,,
2007-04-11,112.572,,101.894042,,111.429466,,,100.859882,,
2007-04-12,113.0887,,101.982081,,111.784304,,,100.805792,,
2007-04-13,113.5109,,101.984566,,112.015933,,,100.641404,,
2007-04-16,114.3561,,102.721167,,112.745866,,,101.274762,,
2007-04-17,114.2907,,102.420259,,113.054251,,,101.312229,,
2007-04-18,114.5197,,102.308731,,113.198566,,,101.128466,,
2007-04-19,114.0753,,101.881769,,113.169073,,,101.072409,,
2007-04-20,114.6986,,102.58163,,113.783302,,,101.763025,,
2007-04-23,114.6866,,102.699337,,113.576777,,,101.705514,,
2007-04-24,114.7638,,102.293773,,113.627624,,,101.281051,,
2007-04-25,115.1254,,102.631131,,114.268325,,,101.867072,,
2007-04-26,114.553,,102.398679,,114.256386,,,102.133537,,
2007-04-27,114.6583,,102.124859,,114.195815,,,101.712929,,
2007-04-30,114.7131,,102.188643,,113.783237,,,101.360303,,
2007-05-01,114.8145,,102.602257,,113.936162,,,101.817343,,
2007-05-02,115.0642,,102.916178,,114.338264,,,102.266883,,
2007-05-03,115.3941,,103.538804,,114.662276,,,102.882166,,
2007-05-04,115.897,,103.630557,,114.989691,,,102.819277,,
2007-05-07,116.0908,,103.773315,,115.044101,,,102.837673,,
2007-05-08,115.8422,,103.994595,,114.903087,,,103.151529,,
2007-05-09,115.6347,,103.915747,,115.034587,,,103.376452,,
2007-05-10,114.9067,,103.598478,,114.393798,,,103.136052,,
2007-05-11,115.355,,103.63375,,114.892978,,,103.218674,,
2007-05-14,115.0996,,103.305058,,114.751197,,,102.992357,,
2007-05-15,115.1932,,103.046722,,114.754256,,,102.654062,,
2007-05-16,115.2321,,103.661225,,115.232598,,,103.661673,,
2007-05-17,114.9877,,103.59468,,115.012835,,,103.617324,,
2007-05-18,115.2072,,103.661837,,115.47912,,,103.906507,,
2007-05-21,115.4736,,104.23327,,115.538658,,,104.291995,,
2007-05-22,114.9617,,103.925527,,115.388448,,,104.311308,,
2007-05-23,114.9044,,103.788833,,115.36801,,,104.207594,,
2007-05-24,114.2784,,103.461691,,114.755856,,,103.893955,,
2007-05-25,114.4926,,103.516855,,115.017275,,,103.991232,,
2007-05-29,114.589,,103.588606,,115.228942,,,104.167114,,
2007-05-30,115.1267,,104.229698,,115.836689,,,104.872485,,
2007-05-31,115.111,,104.029552,,115.664873,,,104.530106,,
2007-06-01,115.2952,,104.242515,,115.957028,,,104.840897,,
2007-06-04,115.7355,,104.307037,,116.028913,,,104.571476,,
2007-06-05,115.1722,,103.538386,,115.616807,,,103.938083,,
2007-06-06,114.6354,,103.20845,,114.891541,,,103.439058,,
2007-06-07,112.5847,,101.890365,,113.329326,,,102.564259,,
2007-06-08,112.8274,,102.606502,,114.165039,,,103.822967,,
2007-06-11,112.9106,,102.766727,,114.315087,,,104.045036,,
2007-06-12,111.5943,,101.996306,,113.28776,,,103.544115,,
2007-06-13,112.9436,,103.152004,,114.381146,,,104.464923,,
2007-06-14,113.1888,,103.375946,,114.904045,,,104.942489,,
2007-06-15,113.8019,,103.399906,,115.465744,,,104.911667,,
2007-06-18,113.7156,,103.05961,,115.415914,,,104.600593,,
2007-06-19,114.2595,,103.452284,,115.733336,,,104.786718,,
2007-06-20,113.1835,,102.653899,,114.623686,,,103.960103,,
2007-06-21,113.2793,,102.855889,,114.95505,,,104.377444,,
2007-06-22,113.2471,,102.246275,,114.404428,,,103.29118,,
2007-06-25,113.1991,,102.225714,,114.122113,,,103.05925,,
2007-06-26,112.6388,,101.780212,,113.363927,,,102.435435,,
2007-06-27,113.1936,,102.289131,,114.418486,,,103.396018,,
2007-06-28,113.2843,,102.401541,,114.372112,,,103.384851,,
2007-06-29,113.7302,,102.1514,,114.489929,,,102.833782,,
2007-07-02,114.44,,102.124959,,115.238329,,,102.837378,,
2007-07-03,114.3207,,102.13095,,115.434163,,,103.125687,,
2007-07-05,113.8151,,101.754036,,115.1699,,,102.965267,,
2007-07-06,113.9964,,101.721628,,115.447278,,,103.01628,,
2007-07-09,114.2801,,101.959813,,115.589715,,,103.128241,,
2007-07-10,114.4891,,101.247204,,114.792167,,,101.515218,,
2007-07-11,114.2289,,101.031798,,115.185074,,,101.877502,,
2007-07-12,114.9819,,101.373292,,116.220704,,,102.465478,,
2007-07-13,115.3265,,101.691856,,116.492001,,,102.719564,,
2007-07-16,115.5417,,101.992579,,116.572581,,,102.902573,,
2007-07-17,115.2341,,101.65462,,116.455656,,,102.732225,,
2007-07-18,115.8363,,102.030378,,116.446104,,,102.567503,,
2007-07-19,116.1894,,102.33398,,116.716186,,,102.797947,,
2007-07-20,116.2701,,102.234703,,116.120227,,,102.102923,,
2007-07-23,116.3224,,102.428857,,116.307907,,,102.416096,,
2007-07-24,115.5433,,101.625039,,115.189345,,,101.313721,,
2007-07-25,115.7569,,102.562346,,115.298852,,,102.156509,,
2007-07-26,114.5677,,101.331455,,113.824725,,,100.674317,,
2007-07-27,113.6279,,101.288724,,112.437191,,,100.227318,,
2007-07-30,114.3179,,101.472254,,113.471832,,,100.721257,,
2007-07-31,114.178,,101.444363,,112.849459,,,100.263986,,
2007-08-01,114.2439,,101.621742,,113.073979,,,100.581079,,
2007-08-02,114.5568,,101.632366,,113.589584,,,100.774273,,
2007-08-03,113.8262,,100.368932,,112.033953,,,98.788576,,
2007-08-06,114.065,,100.535747,,113.084469,,,99.671517,,
2007-08-07,114.6585,,101.478211,,113.785752,,,100.705787,,
2007-08-08,114.5706,,100.952102,,114.680695,,,101.04911,,
2007-08-09,113.2027,,100.621955,,112.695132,,,100.170796,,
2007-08-10,113.5224,,100.766143,,112.229867,,,99.618849,,
2007-08-13,113.624,,101.471254,,112.549273,,,100.511476,,
2007-08-14,113.421,,101.896264,,111.639989,,,100.296223,,
2007-08-15,112.4775,,101.732761,,110.778742,,,100.196282,,
2007-08-16,112.8069,,102.152294,,111.249376,,,100.741878,,
2007-08-17,113.5983,,102.3657,,112.582342,,,101.4502,,
2007-08-20,113.6242,,102.52583,,112.508715,,,101.519301,,
2007-08-21,113.7655,,102.714318,,112.843698,,,101.882059,,
2007-08-22,114.2507,,102.565864,,113.615036,,,101.995211,,
2007-08-23,114.4268,,102.557343,,113.612538,,,101.827544,,
2007-08-24,115.4313,,102.677953,,114.338745,,,101.706109,,
2007-08-27,115.3653,,102.777166,,113.840349,,,101.418611,,
2007-08-28,114.4736,,102.312658,,112.519363,,,100.566026,,
2007-08-29,115.3952,,102.570792,,113.753508,,,101.111549,,
2007-08-30,115.6007,,103.145611,,113.672149,,,101.424847,,
2007-08-31,116.2519,,103.749493,,114.366529,,,102.066886,,
2007-09-04,117.0285,,104.580764,,115.011746,,,102.778522,,
2007-09-05,117.1445,,104.362228,,114.560416,,,102.060107,,
2007-09-06,117.6319,,104.459629,,114.710977,,,101.865787,,
2007-09-07,117.8681,,104.0764,,114.038374,,,100.694789,,
2007-09-10,118.25,,104.156402,,114.024568,,,100.434577,,
2007-09-11,118.9953,,104.540201,,114.738146,,,100.80019,,
2007-09-12,118.9308,,103.995054,,114.852554,,,100.428968,,
2007-09-13,118.6199,,103.857659,,115.198252,,,100.861835,,
2007-09-14,118.6751,,103.96589,,115.22431,,,100.942809,,
2007-09-17,119.0652,,104.382859,,114.879123,,,100.712981,,
2007-09-18,120.202,,104.505277,,116.999936,,,101.721358,,
2007-09-19,119.911,,104.446484,,117.404072,,,102.262866,,
2007-09-20,119.0733,,102.927739,,116.575943,,,100.769007,,
2007-09-21,119.5462,,103.145101,,116.899818,,,100.861789,,
2007-09-24,119.598,,103.21983,,116.775723,,,100.784045,,
2007-09-25,119.187,,102.494025,,116.673356,,,100.332434,,
2007-09-26,119.3481,,102.703757,,116.996723,,,100.680304,,
2007-09-27,120.2664,,103.312629,,117.497472,,,100.934032,,
2007-09-28,120.4264,,102.673786,,117.329472,,,100.033391,,
2007-10-01,121.4102,,103.716223,,117.961746,,,100.770337,,
2007-10-02,120.8909,,103.83442,,118.048567,,,101.393111,,
2007-10-03,120.4602,,103.933706,,117.922156,,,101.743867,,
2007-10-04,121.0556,,104.093551,,118.016173,,,101.480002,,
2007-10-05,121.1097,,104.162173,,118.486485,,,101.906038,,
2007-10-08,120.5023,,104.281612,,118.485626,,,102.5364,,
2007-10-09,121.1479,,104.409237,,119.053516,,,102.604228,,
2007-10-10,121.3497,,104.294804,,118.996282,,,102.272143,,
2007-10-11,121.2455,,103.830888,,118.687201,,,101.64004,,
2007-10-12,121.4808,,104.16961,,118.990258,,,102.033974,,
2007-10-15,121.4489,,103.946496,,118.399673,,,101.336703,,
2007-10-16,121.2095,,103.975107,,117.910921,,,101.145542,,
2007-10-17,121.5068,,103.974092,,118.290678,,,101.222037,,
2007-10-18,122.5295,,104.218356,,118.171961,,,100.512019,,
2007-10-19,122.1875,,103.912925,,116.533819,,,99.104818,,
2007-10-22,121.68,,104.29555,,116.920764,,,100.216267,,
2007-10-23,122.2199,,104.177327,,117.478126,,,100.135552,,
2007-10-24,122.7976,,104.644066,,117.552242,,,100.174145,,
2007-10-25,122.9942,,104.394495,,117.602273,,,99.817958,,
2007-10-26,124.0623,,104.810793,,118.389783,,,100.018515,,
2007-10-29,124.603,,105.012175,,118.625341,,,99.97436,,
2007-10-30,123.7168,,104.214737,,118.186767,,,99.55643,,
2007-10-31,124.3103,,104.317134,,118.795568,,,99.689351,,
2007-11-01,123.9192,,104.443127,,117.250759,,,98.822748,,
2007-11-02,125.2061,,104.866179,,117.378992,,,98.310597,,
2007-11-05,124.9045,,104.946161,,116.804153,,,98.140158,,
2007-11-06,125.9936,,105.232853,,117.677386,,,98.286953,,
2007-11-07,125.4837,,104.226247,,115.760463,,,96.150166,,
2007-11-08,125.4436,,103.919591,,115.45686,,,95.646408,,
2007-11-09,125.4203,,103.942786,,114.665622,,,95.029786,,
2007-11-12,123.7082,,103.490408,,113.917604,,,95.299902,,
2007-11-13,125.0817,,104.137811,,116.01207,,,96.586816,,
2007-11-14,125.2899,,103.969382,,115.794925,,,96.090162,,
2007-11-15,124.501,,103.590497,,114.991492,,,95.678153,,
2007-11-16,124.7019,,103.495571,,115.080311,,,95.510192,,
2007-11-19,124.3865,,103.121168,,114.211191,,,94.685448,,
2007-11-20,125.1959,,102.561241,,114.542314,,,93.833759,,
2007-11-21,124.7375,,102.061923,,113.479106,,,92.850152,,
2007-11-23,125.9022,,103.164177,,114.428727,,,93.762822,,
2007-11-26,125.9326,,102.949695,,113.331024,,,92.647928,,
2007-11-27,125.5276,,102.916192,,113.922466,,,93.401502,,
2007-11-28,126.1581,,103.344607,,115.997089,,,95.021037,,
2007-11-29,126.3484,,104.181428,,116.160167,,,95.780651,,
2007-11-30,126.2385,,104.899766,,116.951823,,,97.182863,,
2007-12-03,126.6619,,104.986083,,116.741717,,,96.763555,,
2007-12-04,126.777,,104.430712,,115.933826,,,95.498805,,
2007-12-05,126.4173,,105.184946,,117.009724,,,97.357414,,
2007-12-06,126.7724,,105.293039,,117.969505,,,97.981641,,
2007-12-07,125.8718,,104.423749,,117.688075,,,97.634498,,
2007-12-10,126.2659,,104.344826,,118.133161,,,97.624015,,
2007-12-11,126.1996,,104.695693,,116.431961,,,96.592421,,
2007-12-12,126.6341,,104.688242,,117.072074,,,96.783328,,
2007-12-13,125.3999,,104.182268,,116.739497,,,96.987203,,
2007-12-14,124.6821,,105.09341,,115.718825,,,97.538347,,
2007-12-17,124.6071,,105.197948,,114.803265,,,96.921186,,
2007-12-18,125.4991,,105.847366,,115.425622,,,97.351281,,
2007-12-19,126.4038,,106.847606,,115.521395,,,97.64884,,
2007-12-20,126.4638,,107.297456,,115.918568,,,98.350418,,
2007-12-21,126.6084,,107.201678,,116.717384,,,98.826772,,
2007-12-24,126.6117,,106.831698,,117.252664,,,98.934784,,
2007-12-26,126.7062,,106.99312,,117.258962,,,99.015693,,
2007-12-27,127.0265,,105.589209,,116.639179,,,96.954877,,
2007-12-28,128.5811,,106.224146,,116.709166,,,96.416437,,
2007-12-31,128.4864,,107.039863,,116.201909,,,96.805859,,
2008-01-02,129.5045,,106.993534,,115.814896,,,95.68351,,
2008-01-03,129.6478,,106.856311,,115.908006,,,95.53191,,
2008-01-04,128.4866,,105.879145,,114.299991,,,94.188697,,
2008-01-07,128.6384,,106.426975,,114.183997,,,94.46835,,
2008-01-08,128.3192,,106.072657,,113.303324,,,93.660065,,
2008-01-09,128.7627,,106.781974,,113.912124,,,94.466499,,
2008-01-10,128.557,,105.57862,,114.264624,,,93.840874,,
2008-01-11,128.7016,,105.881198,,113.906103,,,93.709127,,
2008-01-14,129.5091,,105.885582,,114.500798,,,93.614917,,
2008-01-15,128.806,,105.778111,,113.151215,,,92.922083,,
2008-01-16,127.6407,,105.906412,,112.433312,,,93.288494,,
2008-01-17,127.1812,,105.59434,,110.953072,,,92.120663,,
2008-01-18,126.7012,,105.382216,,110.264356,,,91.711066,,
2008-01-22,126.886,,105.445744,,109.65428,,,91.125713,,
2008-01-23,127.5334,,105.976507,,111.108526,,,92.327919,,
2008-01-24,127.3935,,104.962726,,111.55683,,,91.914493,,
2008-01-25,127.7721,,105.875975,,110.66971,,,91.704397,,
2008-01-28,128.561,,105.73333,,111.855003,,,91.993699,,
2008-01-29,128.3187,,105.571906,,112.047562,,,92.185119,,
2008-01-30,127.8051,,104.538807,,111.621378,,,91.301252,,
2008-01-31,128.5761,,105.186435,,113.040234,,,92.476746,,
2008-02-01,129.309,,106.228499,,114.078174,,,93.71624,,
2008-02-04,128.187,,105.085213,,113.192306,,,92.792853,,
2008-02-05,127.0294,,105.438062,,111.512142,,,92.558291,,
2008-02-06,126.7295,,105.302012,,110.941545,,,92.183493,,
2008-02-07,126.0029,,105.756488,,110.990196,,,93.156057,,
2008-02-08,126.842,,106.259751,,110.774448,,,92.799429,,
2008-02-11,127.5408,,106.787026,,111.208636,,,93.112474,,
2008-02-12,127.1158,,105.96775,,111.811619,,,93.209701,,
2008-02-13,127.0647,,105.997109,,112.23365,,,93.625078,,
2008-02-14,126.003,,104.62398,,111.498375,,,92.580365,,
2008-02-15,126.3219,,104.629365,,111.454744,,,92.315261,,
2008-02-19,126.5619,,104.489998,,111.430637,,,91.997569,,
2008-02-20,127.4486,,105.300723,,111.563525,,,92.176139,,
2008-02-21,127.5729,,104.698983,,111.37535,,,91.405666,,
2008-02-22,127.5701,,104.573144,,111.552761,,,91.443237,,
2008-02-25,127.502,,104.527892,,112.233491,,,92.010558,,
2008-02-26,128.0676,,103.978377,,112.952537,,,91.706422,,
2008-02-27,128.1788,,103.062374,,112.975949,,,90.838497,,
2008-02-28,129.1992,,103.385042,,112.582111,,,90.088068,,
2008-02-29,129.1149,,103.402662,,111.256527,,,89.100646,,
2008-03-03,129.1832,,103.298807,,111.087539,,,88.828967,,
2008-03-04,128.0338,,102.294261,,110.647488,,,88.403242,,
2008-03-05,128.2251,,102.124944,,110.777681,,,88.228939,,
2008-03-06,127.5345,,100.810127,,109.347052,,,86.43379,,
2008-03-07,126.9895,,100.597139,,108.79732,,,86.185858,,
2008-03-10,127.2664,,100.839488,,108.169717,,,85.708238,,
2008-03-11,128.2787,,101.681347,,110.24045,,,87.383154,,
2008-03-12,129.21,,101.016642,,110.072426,,,86.054848,,
2008-03-13,129.2022,,100.456904,,110.035769,,,85.554679,,
2008-03-14,129.3523,,100.353466,,109.198233,,,84.717636,,
2008-03-17,129.2571,,100.279608,,108.720301,,,,,
2008-03-18,130.2873,,101.3745,,111.323436,,,86.99979,,
2008-03-19,129.1774,,100.506401,,109.804609,,,85.808975,,
2008-03-20,129.37,,101.948132,,111.183113,,,88.00138,,
2008-03-24,129.0481,,101.725455,,112.186439,,,88.822573,,
2008-03-25,129.9973,,100.984043,,112.339427,,,87.65074,,
2008-03-26,129.7308,,99.534266,,111.385118,,,85.834455,,
2008-03-27,129.0632,,99.443801,,111.189293,,,86.048482,,
2008-03-28,128.9787,,99.213317,,110.653671,,,85.491466,,
2008-03-31,129.1082,,99.415465,,110.820152,,,85.708486,,
2008-04-01,128.7553,,100.248561,,112.850498,,,88.251374,,
2008-04-02,129.5542,,100.410782,,112.922021,,,87.904773,,
2008-04-03,129.8296,,100.633854,,113.080985,,,88.036938,,
2008-04-04,130.5636,,100.906844,,113.387445,,,88.01738,,
2008-04-07,130.4835,,100.972035,,113.414641,,,88.149447,,
2008-04-08,130.1682,,100.719712,,113.345047,,,88.088068,,
2008-04-09,130.9941,,100.592394,,113.055541,,,87.198743,,
2008-04-10,130.6845,,100.923291,,113.002883,,,87.651996,,
2008-04-11,130.2104,,100.015849,,111.788787,,,86.243497,,
2008-04-14,129.9058,,99.754782,,111.511042,,,86.005854,,
2008-04-15,129.345,,99.595281,,111.427085,,,86.175705,,
2008-04-16,130.3374,,99.36256,,113.082678,,,86.587413,,
2008-04-17,130.1113,,99.433369,,113.164607,,,86.862579,,
2008-04-18,130.157,,100.088661,,113.994815,,,88.045549,,
2008-04-21,130.4502,,99.663543,,114.037091,,,87.506974,,
2008-04-22,130.5292,,99.233112,,113.794253,,,86.890886,,
2008-04-23,129.9592,,99.435895,,113.651949,,,87.340969,,
2008-04-24,128.8734,,99.90351,,113.774729,,,88.586641,,
2008-04-25,128.9751,,100.553002,,114.364544,,,89.554112,,
2008-04-28,129.2829,,100.38675,,114.486716,,,89.288467,,
2008-04-29,128.7571,,100.522932,,114.28758,,,89.61856,,
2008-04-30,129.2713,,100.599419,,114.157632,,,89.228433,,
2008-05-01,129.197,,101.499942,,115.496656,,,91.135532,,
2008-05-02,128.7986,,101.5907,,115.611692,,,91.59031,,
2008-05-05,129.157,,101.321195,,115.305453,,,90.852559,,
2008-05-06,129.3313,,101.228652,,115.749023,,,90.995959,,
2008-05-07,128.4669,,101.45743,,114.642319,,,90.937401,,
2008-05-08,129.5753,,102.336119,,114.586152,,,90.8958,,
2008-05-09,129.7389,,101.876952,,114.476962,,,90.287741,,
2008-05-12,129.9287,,101.558277,,115.161317,,,90.411114,,
2008-05-13,129.088,,101.416275,,114.919786,,,90.682097,,
2008-05-14,129.036,,101.382629,,115.119386,,,90.846057,,
2008-05-15,130.5998,,102.774027,,116.233887,,,91.87103,,
2008-05-16,131.0177,,102.142857,,116.178574,,,90.97227,,
2008-05-19,131.2151,,102.848132,,116.448364,,,91.675005,,
2008-05-20,131.6037,,102.259365,,115.982213,,,90.517248,,
2008-05-21,131.3701,,101.116176,,114.745328,,,88.708264,,
2008-05-22,130.7225,,101.014238,,114.475051,,,88.848082,,
2008-05-23,130.4623,,100.541568,,113.735622,,,88.036362,,
2008-05-27,130.1563,,100.840794,,113.990148,,,88.704028,,
2008-05-28,130.1047,,101.145029,,114.085191,,,89.081145,,
2008-05-29,129.5187,,101.460905,,114.305312,,,89.936842,,
2008-05-30,129.9288,,101.532896,,114.6404,,,89.979588,,
2008-06-02,129.9764,,101.700838,,114.104557,,,89.674297,,
2008-06-03,129.8653,,102.225136,,113.789044,,,89.964253,,
2008-06-04,129.5825,,102.031594,,113.593097,,,89.834928,,
2008-06-05,130.0048,,101.357089,,114.786349,,,89.885563,,
2008-06-06,129.9125,,100.152779,,112.85123,,,87.38227,,
2008-06-09,130.0153,,101.023201,,112.782324,,,88.018237,,
2008-06-10,129.5903,,101.856977,,112.211681,,,88.58523,,
2008-06-11,129.5259,,101.24994,,111.28108,,,87.370426,,
2008-06-12,129.1585,,101.7096,,111.251476,,,87.993318,,
2008-06-13,129.4429,,102.435851,,111.992903,,,89.016233,,
2008-06-16,129.585,,101.788318,,112.073719,,,88.420294,,
2008-06-17,129.6034,,101.580275,,111.9029,,,88.092573,,
2008-06-18,129.7847,,101.571107,,111.44255,,,87.599714,,
2008-06-19,129.5684,,101.598039,,111.29813,,,87.655477,,
2008-06-20,129.4791,,100.73727,,110.350039,,,86.231901,,
2008-06-23,129.5105,,101.465596,,110.22656,,,86.73713,,
2008-06-24,129.5826,,101.196009,,110.176353,,,86.419162,,
2008-06-25,129.6271,,100.591695,,110.507946,,,86.132051,,
2008-06-26,129.6544,,100.033097,,108.77347,,,84.291619,,
2008-06-27,129.978,,100.073182,,108.515596,,,83.916039,,
2008-06-30,130.0497,,100.350822,,108.77257,,,84.301622,,
2008-07-01,130.1943,,100.225752,,108.816203,,,84.136779,,
2008-07-02,129.9549,,99.478936,,107.644268,,,82.762641,,
2008-07-03,129.7453,,100.44299,,107.730323,,,83.766607,,
2008-07-07,129.4851,,100.082862,,107.221596,,,83.239057,,
2008-07-08,129.7826,,100.685372,,108.529822,,,84.567591,,
2008-07-09,129.5726,,100.060794,,107.450794,,,83.342277,,
2008-07-10,130.0052,,100.102999,,107.74629,,,83.328517,,
2008-07-11,129.6625,,98.997662,,106.751185,,,81.863105,,
2008-07-14,129.8238,,99.218022,,106.232547,,,81.545275,,
2008-07-15,129.4344,,98.893068,,105.500504,,,80.960957,,
2008-07-16,129.175,,99.225564,,106.733154,,,82.347309,,
2008-07-17,129.0129,,98.872397,,107.185205,,,82.505278,,
2008-07-18,129.192,,99.168444,,107.337108,,,82.754711,,
2008-07-21,129.4919,,98.871134,,107.542406,,,82.472968,,
2008-07-22,129.2562,,99.548343,,108.188926,,,83.689394,,
2008-07-23,128.963,,99.870439,,108.588615,,,84.461947,,
2008-07-24,128.8954,,99.944145,,107.532995,,,83.746495,,
2008-07-25,128.7318,,99.690125,,107.299135,,,83.457906,,
2008-07-28,128.7422,,99.429002,,106.553376,,,82.654086,,
2008-07-29,128.8377,,100.476166,,107.871896,,,84.495458,,
2008-07-30,129.296,,100.919033,,109.066046,,,85.50323,,
2008-07-31,129.1841,,100.646883,,108.423141,,,84.843428,,
2008-08-01,129.0829,,100.984165,,108.028579,,,84.88446,,
2008-08-04,128.6253,,100.392311,,107.302524,,,84.118002,,
2008-08-05,128.7387,,101.274055,,108.966853,,,86.097086,,
2008-08-06,128.8397,,101.661374,,109.213353,,,86.553965,,
2008-08-07,128.9173,,102.268222,,108.459344,,,86.417449,,
2008-08-08,129.0447,,104.465412,,109.599921,,,89.114331,,
2008-08-11,128.7046,,104.944813,,110.175757,,,90.231446,,
2008-08-12,128.6395,,104.773672,,109.67216,,,89.717917,,
2008-08-13,128.7579,,104.924937,,109.200696,,,89.37894,,
2008-08-14,128.7368,,105.570098,,109.802102,,,90.438601,,
2008-08-15,128.7873,,106.707019,,110.254729,,,91.753394,,
2008-08-18,128.6724,,106.461625,,109.422672,,,90.932674,,
2008-08-19,128.7854,,105.970935,,108.673052,,,89.814604,,
2008-08-20,129.2415,,106.548886,,109.039659,,,90.289317,,
2008-08-21,129.8601,,105.963045,,109.168719,,,89.470914,,
2008-08-22,129.911,,106.899305,,110.060073,,,90.962777,,
2008-08-25,129.6606,,106.843681,,108.859159,,,90.097087,,
2008-08-26,129.918,,107.767991,,108.994209,,,90.808989,,
2008-08-27,130.2951,,107.563377,,109.682406,,,90.944884,,
2008-08-28,130.6909,,108.044932,,110.525333,,,91.775307,,
2008-08-29,130.0012,,107.731889,,109.800535,,,91.391611,,
2008-09-02,129.4998,,108.437708,,109.527342,,,92.116779,,
2008-09-03,129.5291,,108.620103,,109.46275,,,92.196445,,
2008-09-04,129.0591,,109.533058,,107.648512,,,91.763416,,
2008-09-05,129.1647,,110.315024,,107.722299,,,92.406261,,
2008-09-08,129.6362,,111.572869,,109.336006,,,94.514943,,
2008-09-09,128.6781,,110.705164,,107.574212,,,92.955775,,
2008-09-10,128.5571,,111.659917,,107.808509,,,94.050094,,
2008-09-11,128.7023,,111.786032,,108.691161,,,94.820103,,
2008-09-12,128.9607,,110.281024,,108.814868,,,93.462331,,
2008-09-15,128.8613,,110.004123,,105.878659,,,90.782021,,
2008-09-16,129.3019,,111.269395,,106.518767,,,92.06656,,
2008-09-17,129.8319,,110.187399,,103.751764,,,88.440455,,
2008-09-18,129.6347,,109.846729,,105.478843,,,89.771025,,
2008-09-19,129.8339,,109.057749,,108.18975,,,91.27661,,
2008-09-22,129.7395,,106.750958,,106.039142,,,87.633615,,
2008-09-23,129.4414,,107.447427,,104.528199,,,87.148768,,
2008-09-24,129.2144,,107.440197,,104.775864,,,87.502829,,
2008-09-25,129.5389,,107.805132,,105.686181,,,88.341017,,
2008-09-26,129.747,,107.948758,,105.506867,,,88.16699,,
2008-09-29,129.4532,,109.058972,,100.347626,,,84.910358,,
2008-09-30,129.1114,,111.377455,,102.979823,,,89.225667,,
2008-10-01,129.3405,,112.253733,,102.727688,,,89.548586,,
2008-10-02,128.5315,,113.07896,,100.646447,,,88.9356,,
2008-10-03,128.494,,113.160616,,100.135153,,,88.573535,,
2008-10-06,128.0574,,115.296803,,97.093066,,,87.802274,,
2008-10-07,127.346,,113.944068,,93.679546,,,84.189156,,
2008-10-08,126.7607,,112.879521,,91.506395,,,81.844016,,
2008-10-09,125.233,,111.929048,,87.760004,,,78.781749,,
2008-10-10,124.3798,,112.737943,,84.081054,,,76.546152,,
2008-10-13,125.5613,,112.395997,,92.707471,,,83.351753,,
2008-10-14,125.505,,112.043652,,92.666589,,,83.091072,,
2008-10-15,124.7917,,112.402307,,87.787409,,,79.419421,,
2008-10-16,124.8271,,112.793538,,89.42497,,,81.159451,,
2008-10-17,124.4311,,112.855963,,89.236044,,,81.290695,,
2008-10-20,125.4162,,114.273733,,93.08908,,,85.191542,,
2008-10-21,125.0923,,116.433375,,91.747446,,,85.772063,,
2008-10-22,124.3843,,117.666239,,89.168865,,,84.723621,,
2008-10-23,124.7454,,117.264168,,89.164859,,,84.185923,,
2008-10-24,124.0589,,119.820805,,86.156699,,,83.579221,,
2008-10-27,123.4417,,120.123678,,83.974896,,,82.076941,,
2008-10-28,125.3689,,120.197968,,89.982218,,,86.650079,,
2008-10-29,125.1487,,117.39275,,90.267601,,,85.04559,,
2008-10-30,125.4585,,118.102532,,92.102257,,,87.083194,,
2008-10-31,125.1712,,119.454489,,92.288634,,,88.460877,,
2008-11-03,125.1422,,120.326031,,91.858795,,,88.711825,,
2008-11-04,126.055,,118.059786,,94.325639,,,88.731256,,
2008-11-05,125.4163,,117.714611,,92.519492,,,87.2197,,
2008-11-06,124.4221,,118.98806,,89.287599,,,85.763394,,
2008-11-07,124.856,,118.93335,,91.24618,,,87.299928,,
2008-11-10,124.888,,119.10008,,90.294124,,,86.487987,,
2008-11-11,124.2707,,120.653217,,88.894056,,,86.685777,,
2008-11-12,123.3014,,119.861462,,86.24177,,,84.204284,,
2008-11-13,124.3334,,118.378959,,89.58626,,,85.670849,,
2008-11-14,124.1285,,118.939317,,87.004104,,,83.733382,,
2008-11-17,123.8909,,119.070151,,86.407053,,,83.40991,,
2008-11-18,124.6434,,120.099094,,87.328544,,,84.514578,,
2008-11-19,124.1754,,120.888942,,84.078945,,,82.213517,,
2008-11-20,124.4086,,121.456386,,80.336765,,,78.775153,,
2008-11-21,125.4932,,121.298619,,82.685425,,,80.273018,,
2008-11-24,126.3496,,118.593345,,86.120241,,,81.188897,,
2008-11-25,127.1517,,118.325763,,87.358394,,,81.651984,,
2008-11-26,127.7864,,120.627401,,89.248963,,,84.619309,,
2008-11-28,127.9295,,122.453052,,89.857855,,,86.389293,,
2008-12-01,127.3085,,122.74875,,85.588753,,,82.88603,,
2008-12-02,128.6894,,123.078671,,87.598976,,,84.148041,,
2008-12-03,129.1332,,123.452619,,88.862997,,,85.327361,,
2008-12-04,128.9969,,122.747982,,87.74681,,,83.863191,,
2008-12-05,128.8954,,123.236909,,89.17845,,,85.638344,,
2008-12-08,130.1295,,122.043212,,90.99395,,,85.714707,,
2008-12-09,130.7228,,122.951542,,90.438573,,,85.436077,,
2008-12-10,131.7547,,123.020773,,90.74198,,,85.099213,,
2008-12-11,131.3678,,119.607822,,89.623557,,,81.959215,,
2008-12-12,131.636,,119.656654,,90.270881,,,82.416623,,
2008-12-15,132.2681,,117.478339,,89.6101,,,79.940085,,
2008-12-16,135.3713,,117.565038,,92.2824,,,80.49621,,
2008-12-17,136.9589,,115.487854,,91.942657,,,77.869622,,
2008-12-18,137.0614,,116.972211,,91.138508,,,78.12219,,
2008-12-19,136.8247,,119.510257,,90.788056,,,79.647905,,
2008-12-22,136.2321,,118.791225,,90.287713,,,79.074877,,
2008-12-23,135.7775,,118.547877,,90.075464,,,78.99097,,
2008-12-24,135.9574,,118.108638,,90.562696,,,79.019289,,
2008-12-26,136.6985,,118.207623,,90.751059,,,78.820357,,
2008-12-29,136.6706,,119.314793,,90.876624,,,79.684956,,
2008-12-30,137.8277,,119.217151,,92.181738,,,80.085166,,
2008-12-31,137.0886,,119.567232,,92.997243,,,81.467777,,
2009-01-02,136.5945,,119.891486,,94.442993,,,83.25874,,
2009-01-05,135.0539,,120.4198,,94.981852,,,85.062152,,
2009-01-06,134.8586,,121.125151,,95.145596,,,85.832021,,
2009-01-07,133.9685,,119.36884,,93.082542,,,83.30316,,
2009-01-08,134.2917,,119.155533,,93.03076,,,82.908026,,
2009-01-09,133.7671,,121.085002,,91.707824,,,83.378177,,
2009-01-12,133.0778,,121.094911,,90.582011,,,82.787963,,
2009-01-13,133.3599,,123.004237,,90.740748,,,84.062466,,
2009-01-14,133.1647,,122.742246,,88.978484,,,82.374902,,
2009-01-15,133.4201,,123.761168,,88.995879,,,82.915934,,
2009-01-16,133.2414,,121.897056,,89.59111,,,82.323516,,
2009-01-20,132.2474,,124.610134,,86.575339,,,81.934231,,
2009-01-21,131.5398,,122.812572,,88.633115,,,83.116381,,
2009-01-22,129.5756,,121.17505,,87.657611,,,82.335015,,
2009-01-23,130.3465,,122.037724,,87.827722,,,82.59073,,
2009-01-26,130.1408,,119.968662,,88.159445,,,81.625932,,
2009-01-27,131.6538,,121.625321,,88.882188,,,82.472717,,
2009-01-28,130.8372,,120.822263,,90.703153,,,84.128485,,
2009-01-29,129.1328,,121.213179,,88.607692,,,83.539074,,
2009-01-30,128.8309,,122.315254,,87.753482,,,83.681585,,
2009-02-02,129.259,,122.36049,,87.533424,,,83.226052,,
2009-02-03,128.2345,,119.568624,,88.113733,,,82.520322,,
2009-02-04,128.1419,,121.252025,,87.807251,,,83.451315,,
2009-02-05,128.7801,,122.418078,,88.483043,,,84.481537,,
2009-02-06,129.132,,121.457191,,90.091889,,,85.109886,,
2009-02-09,129.1729,,120.795669,,90.168769,,,84.69174,,
2009-02-10,129.5047,,121.936986,,87.909042,,,83.135868,,
2009-02-11,130.6287,,123.071559,,88.217379,,,83.479187,,
2009-02-12,130.2922,,123.175497,,88.436156,,,83.973204,,
2009-02-13,128.6997,,121.401867,,87.760511,,,83.148025,,
2009-02-17,129.5563,,125.183113,,85.532723,,,83.008864,,
2009-02-18,129.3002,,125.456157,,85.350265,,,83.176879,,
2009-02-19,128.1441,,122.931414,,84.74252,,,81.652709,,
2009-02-20,128.597,,121.795465,,84.070622,,,79.974126,,
2009-02-23,128.1754,,122.772524,,82.441202,,,79.313256,,
2009-02-24,128.543,,121.662808,,84.252907,,,80.093866,,
2009-02-25,127.5368,,121.877565,,83.816324,,,80.449217,,
2009-02-26,126.7369,,120.909767,,82.822529,,,79.361845,,
2009-02-27,125.9066,,120.753487,,81.716848,,,78.716859,,
2009-03-02,125.2818,,121.101988,,79.618018,,,77.300021,,
2009-03-03,124.6701,,120.679577,,79.222841,,,77.024138,,
2009-03-04,124.9478,,119.986327,,80.19619,,,77.350272,,
2009-03-05,126.0172,,122.178123,,78.337726,,,76.28507,,
2009-03-06,125.7885,,121.007753,,78.504586,,,75.852909,,
2009-03-09,124.9557,,120.462067,,77.739436,,,75.273236,,
2009-03-10,124.8982,,119.741961,,80.583068,,,77.595931,,
2009-03-11,125.7718,,119.133613,,80.984962,,,77.047825,,
2009-03-12,127.2847,,119.849498,,82.923929,,,78.423252,,
2009-03-13,127.1429,,119.695586,,83.351495,,,78.814183,,
2009-03-16,126.2897,,118.415527,,83.094142,,,78.255719,,
2009-03-17,126.6528,,118.299778,,84.522501,,,79.295115,,
2009-03-18,129.6131,,116.979912,,86.189788,,,78.130961,,
2009-03-19,129.7704,,115.459842,,85.633389,,,76.525012,,
2009-03-20,128.912,,115.525518,,84.3534,,,75.926282,,
2009-03-23,129.8882,,115.836781,,87.982052,,,78.809002,,
2009-03-24,129.725,,117.106987,,86.707424,,,78.617707,,
2009-03-25,129.4605,,115.882947,,87.100102,,,78.307953,,
2009-03-26,130.3222,,117.137261,,88.228484,,,79.650854,,
2009-03-27,130.0526,,118.892074,,87.309839,,,80.168178,,
2009-03-30,129.3506,,119.15349,,85.656998,,,79.251251,,
2009-03-31,129.8233,,119.128569,,86.307983,,,79.546158,,
2009-04-01,130.8013,,120.035062,,87.295556,,,80.462432,,
2009-04-02,130.5766,,117.941438,,88.722205,,,80.489337,,
2009-04-03,129.8087,,117.01051,,89.137618,,,80.702513,,
2009-04-06,128.9139,,116.821525,,88.707318,,,80.739775,,
2009-04-07,128.7281,,117.924209,,87.406608,,,80.422736,,
2009-04-08,129.3443,,118.403041,,88.091111,,,80.993956,,
2009-04-09,129.6041,,119.659009,,90.137039,,,83.586263,,
2009-04-13,130.2572,,118.476856,,90.413885,,,82.598445,,
2009-04-14,130.0363,,119.234024,,89.467784,,,82.396211,,
2009-04-15,130.1878,,119.670795,,90.139948,,,83.222385,,
2009-04-16,129.8088,,119.684393,,90.872293,,,84.153045,,
2009-04-17,129.3403,,120.718209,,91.032943,,,85.338001,,
2009-04-20,129.6523,,121.982431,,88.955207,,,84.060776,,
2009-04-21,129.4854,,121.57607,,89.884456,,,84.765056,,
2009-04-22,129.1119,,120.698703,,89.649286,,,84.175969,,
2009-04-23,130.0942,,120.343644,,90.225612,,,83.830107,,
2009-04-24,130.3993,,119.707717,,91.088791,,,83.987912,,
2009-04-27,130.0076,,121.22934,,90.622808,,,84.87533,,
2009-04-28,128.3824,,118.705045,,90.44681,,,83.996638,,
2009-04-29,128.7039,,117.887827,,91.445743,,,84.128997,,
2009-04-30,127.9089,,117.54844,,91.641196,,,84.588595,,
2009-05-01,127.7812,,117.11944,,91.799396,,,84.509748,,
2009-05-04,129.4909,,117.432812,,93.70225,,,85.350328,,
2009-05-05,129.063,,117.718292,,93.587099,,,85.735985,,
2009-05-06,129.9606,,118.49432,,94.645033,,,86.673954,,
2009-05-07,128.3594,,116.544909,,93.689259,,,85.439834,,
2009-05-08,129.3663,,115.412827,,95.073433,,,85.191656,,
2009-05-11,129.4422,,115.866566,,94.026342,,,84.535038,,
2009-05-12,129.9722,,115.77835,,94.070564,,,84.165788,,
2009-05-13,129.9899,,116.210508,,92.686601,,,83.225748,,
2009-05-14,130.2964,,116.143738,,93.181151,,,83.425038,,
2009-05-15,130.1656,,117.310477,,92.812807,,,84.014344,,
2009-05-18,129.7308,,116.305589,,94.276119,,,84.891488,,
2009-05-19,129.6838,,115.682498,,94.244799,,,84.439234,,
2009-05-20,130.5036,,115.13809,,93.987173,,,83.28563,,
2009-05-21,129.399,,113.259411,,93.05046,,,81.802554,,
2009-05-22,128.9498,,111.964205,,92.835191,,,80.961048,,
2009-05-26,128.6657,,111.846937,,94.186251,,,82.234447,,
2009-05-27,127.4811,,112.02999,,92.965785,,,82.057182,,
2009-05-28,128.7475,,112.226995,,93.758941,,,82.08734,,
2009-05-29,130.8128,,112.493141,,95.157052,,,82.190523,,
2009-06-01,130.2396,,111.830929,,96.067502,,,82.851493,,
2009-06-02,130.5307,,110.966384,,96.379692,,,82.294207,,
2009-06-03,129.8862,,111.502279,,95.75331,,,82.561864,,
2009-06-04,129.9452,,111.391679,,95.974597,,,82.633047,,
2009-06-05,129.0505,,112.353359,,95.791765,,,83.764405,,
2009-06-08,128.8142,,112.678595,,95.444866,,,83.856207,,
2009-06-09,129.0694,,111.585095,,95.910349,,,83.282418,,
2009-06-10,128.4875,,111.705609,,95.663009,,,83.533966,,
2009-06-11,129.1588,,111.295936,,96.043232,,,83.124114,,
2009-06-12,129.1502,,112.16224,,96.396779,,,84.085106,,
2009-06-15,128.4435,,113.132533,,95.212194,,,84.231185,,
2009-06-16,128.8142,,113.187605,,94.487026,,,83.389673,,
2009-06-17,128.5157,,112.075566,,94.509467,,,82.781831,,
2009-06-18,127.8624,,111.846825,,94.680418,,,83.185175,,
2009-06-19,128.4673,,112.00122,,95.025508,,,83.209961,,
2009-06-22,127.3408,,111.662928,,93.380243,,,82.243465,,
2009-06-23,127.9674,,110.51606,,93.543159,,,81.141502,,
2009-06-24,127.9352,,111.672663,,93.918402,,,82.340306,,
2009-06-25,129.5732,,112.633395,,95.324366,,,83.226356,,
2009-06-26,129.4976,,111.909131,,95.282624,,,82.70323,,
2009-06-29,129.8128,,112.084318,,95.792863,,,83.074062,,
2009-06-30,129.2746,,112.004635,,95.327809,,,82.955917,,
2009-07-01,129.6634,,111.484205,,95.545903,,,82.511212,,
2009-07-02,128.1881,,111.294094,,94.078654,,,82.03902,,
2009-07-06,127.8112,,111.125588,,94.040096,,,82.122694,,
2009-07-07,127.3032,,111.184865,,93.068782,,,81.642322,,
2009-07-08,127.7207,,111.854866,,93.2332,,,82.01044,,
2009-07-09,127.4187,,110.509291,,93.239074,,,81.221037,,
2009-07-10,127.712,,111.311597,,93.231583,,,81.616267,,
2009-07-13,128.4368,,111.723051,,94.571713,,,82.626533,,
2009-07-14,128.1573,,111.562143,,94.782699,,,82.871945,,
2009-07-15,128.5454,,110.789358,,96.196707,,,83.273472,,
2009-07-16,129.0713,,110.920206,,96.227332,,,83.058559,,
2009-07-17,128.6897,,110.957776,,96.858469,,,83.879632,,
2009-07-20,129.8671,,110.953113,,97.52171,,,83.684807,,
2009-07-21,130.8046,,111.801216,,98.061995,,,84.18393,,
2009-07-22,130.4745,,111.562213,,97.917249,,,84.092186,,
2009-07-23,131.1562,,112.753356,,99.111182,,,85.579209,,
2009-07-24,131.6487,,112.594722,,99.350834,,,85.344971,,
2009-07-27,131.5333,,112.373487,,99.412285,,,85.304739,,
2009-07-28,131.0338,,112.447747,,99.208549,,,85.510901,,
2009-07-29,130.5269,,112.957615,,99.129491,,,86.163499,,
2009-07-30,131.8919,,113.923977,,99.799889,,,86.582881,,
2009-07-31,133.3294,,113.729729,,100.093227,,,85.754661,,
2009-08-03,134.0372,,113.053987,,100.994516,,,85.558525,,
2009-08-04,134.0877,,113.150749,,101.028613,,,85.628402,,
2009-08-05,133.3323,,112.545329,,100.824982,,,85.480139,,
2009-08-06,133.0529,,112.763597,,100.525334,,,85.570695,,
2009-08-07,133.1531,,114.229351,,101.077635,,,87.093643,,
2009-08-10,133.3024,,114.613007,,101.263982,,,87.449212,,
2009-08-11,132.9016,,114.207821,,100.654016,,,86.876378,,
2009-08-12,133.2086,,114.197184,,101.275924,,,87.203579,,
2009-08-13,134.4177,,114.354753,,101.84471,,,87.024432,,
2009-08-14,133.8096,,114.646925,,101.449941,,,87.303549,,
2009-08-17,132.4032,,114.30877,,100.122525,,,86.819609,,
2009-08-18,132.8165,,114.235627,,100.463437,,,86.78857,,
2009-08-19,133.7687,,114.342729,,101.073957,,,86.77573,,
2009-08-20,134.5573,,114.77471,,101.763179,,,87.183554,,
2009-08-21,135.4825,,114.889984,,102.725281,,,87.494603,,
2009-08-24,135.886,,115.502862,,102.893603,,,87.843852,,
2009-08-25,136.097,,115.730762,,103.078562,,,88.03869,,
2009-08-26,136.3211,,116.262882,,103.144825,,,88.354853,,
2009-08-27,136.3718,,115.620727,,103.250952,,,87.924549,,
2009-08-28,136.6746,,116.192669,,103.208829,,,88.127759,,
2009-08-31,135.9194,,115.294255,,102.832261,,,87.611389,,
2009-09-01,134.6018,,115.062936,,101.396934,,,87.059139,,
2009-09-02,135.6038,,115.586255,,101.381707,,,86.795837,,
2009-09-03,136.2675,,116.249789,,101.810558,,,87.236386,,
2009-09-04,136.526,,116.034692,,102.591108,,,87.576416,,
2009-09-08,137.0381,,115.082091,,103.065536,,,86.933035,,
2009-09-09,137.3154,,114.690666,,103.6157,,,86.923931,,
2009-09-10,139.0063,,115.9023,,104.463473,,,87.48367,,
2009-09-11,139.6012,,116.380763,,104.448871,,,87.458245,,
2009-09-14,139.3561,,115.907778,,104.690878,,,87.458173,,
2009-09-15,139.7613,,115.935458,,104.893029,,,87.393863,,
2009-09-16,141.1765,,116.707251,,105.879009,,,87.912424,,
2009-09-17,141.3589,,116.592441,,105.980206,,,87.796451,,
2009-09-18,140.7797,,116.410097,,105.915476,,,87.966032,,
2009-09-21,140.5273,,116.388217,,105.72174,,,87.9463,,
2009-09-22,141.4889,,116.305129,,106.065717,,,87.57023,,
2009-09-23,140.6515,,116.063312,,105.641345,,,87.556718,,
2009-09-24,139.6221,,115.748906,,104.99225,,,87.422845,,
2009-09-25,139.6567,,115.738128,,104.783553,,,87.219332,,
2009-09-28,141.0254,,117.255286,,105.899038,,,88.436606,,
2009-09-29,140.9085,,117.439206,,105.685675,,,88.470199,,
2009-09-30,140.9716,,117.06404,,105.521604,,,88.011257,,
2009-10-01,139.5974,,116.692077,,104.047937,,,87.357958,,
2009-10-02,139.2092,,116.121651,,103.678078,,,86.863467,,
2009-10-05,140.5514,,116.658526,,104.636418,,,87.230655,,
2009-10-06,141.8603,,117.149058,,105.468724,,,87.479558,,
2009-10-07,142.5388,,117.967394,,105.816151,,,87.960119,,
2009-10-08,143.1875,,117.663205,,106.276464,,,87.715759,,
2009-10-09,142.4957,,117.752162,,106.370168,,,88.28602,,
2009-10-12,143.084,,117.759638,,106.718112,,,88.216228,,
2009-10-13,143.35,,117.335148,,106.695083,,,87.716197,,
2009-10-14,143.8739,,117.197416,,107.692238,,,88.110037,,
2009-10-15,143.822,,116.973302,,107.857249,,,88.108078,,
2009-10-16,143.7198,,117.306906,,107.371214,,,88.023737,,
2009-10-19,144.9014,,117.73148,,107.993034,,,88.129382,,
2009-10-20,144.5156,,117.562589,,107.750265,,,88.039531,,
2009-10-21,143.8158,,116.438551,,107.14798,,,87.132292,,
2009-10-22,144.3101,,116.710505,,107.731798,,,87.510888,,
2009-10-23,143.018,,115.935462,,106.935887,,,87.067091,,
2009-10-26,141.2673,,115.452404,,106.127254,,,87.115057,,
2009-10-27,141.6145,,116.305354,,106.008673,,,87.445677,,
2009-10-28,140.1662,,115.883092,,104.864736,,,87.078553,,
2009-10-29,141.6489,,116.192316,,106.131857,,,87.440962,,
2009-10-30,140.1336,,115.793143,,104.448944,,,86.686122,,
2009-11-02,140.7104,,115.782626,,104.842407,,,86.648119,,
2009-11-03,141.1978,,116.602753,,104.987881,,,87.081321,,
2009-11-04,141.1573,,115.484391,,105.085687,,,86.35122,,
2009-11-05,142.2512,,116.310459,,106.348703,,,87.337346,,
2009-11-06,142.4865,,116.681775,,106.550892,,,87.637778,,
2009-11-09,144.1199,,116.833376,,108.06898,,,87.993175,,
2009-11-10,144.1013,,116.850244,,108.09027,,,88.034578,,
2009-11-11,144.7675,,117.435891,,108.439308,,,88.353034,,
2009-11-12,143.6147,,117.571601,,107.863774,,,88.691931,,
2009-11-13,144.4374,,117.680878,,108.254861,,,88.588757,,
2009-11-16,146.2965,,118.813375,,109.305505,,,89.161711,,
2009-11-17,146.5711,,119.786193,,109.41858,,,89.816154,,
2009-11-18,146.377,,118.936754,,109.291851,,,89.194071,,
2009-11-19,145.533,,118.556836,,108.472307,,,88.754209,,
2009-11-20,145.3591,,118.906788,,108.260056,,,88.948295,,
2009-11-23,146.3372,,118.921902,,109.079319,,,89.033713,,
2009-11-24,146.7299,,119.187651,,109.309747,,,89.181853,,
2009-11-25,147.4935,,118.491296,,109.581203,,,88.420831,,
2009-11-27,146.1186,,118.683167,,108.552814,,,88.558381,,
2009-11-30,146.4712,,118.669072,,108.842264,,,88.570243,,
2009-12-01,147.3098,,118.762805,,109.546863,,,88.706147,,
2009-12-02,147.6077,,119.28221,,109.428226,,,88.817999,,
2009-12-03,146.3943,,118.246638,,108.924699,,,88.368191,,
2009-12-04,145.1089,,118.822047,,109.206185,,,89.816303,,
2009-12-07,144.892,,118.813297,,109.150563,,,89.898322,,
2009-12-08,143.7617,,118.873474,,108.484312,,,90.09769,,
2009-12-09,143.8071,,118.740605,,108.678624,,,90.12972,,
2009-12-10,143.8802,,118.748539,,109.013712,,,90.367721,,
2009-12-11,143.8886,,119.58191,,109.186617,,,91.140934,,
2009-12-14,144.5366,,119.904051,,109.659355,,,91.370641,,
2009-12-15,144.1632,,120.566745,,109.236631,,,91.758516,,
2009-12-16,144.5063,,120.91108,,109.412503,,,91.949895,,
2009-12-17,143.6575,,121.822434,,108.692348,,,92.576956,,
2009-12-18,144.1895,,122.287221,,109.068114,,,92.907378,,
2009-12-21,143.8452,,122.49513,,109.550013,,,93.70027,,
2009-12-22,143.7521,,122.683111,,109.660091,,,93.999198,,
2009-12-23,144.0388,,122.167935,,109.806937,,,93.543255,,
2009-12-24,144.317,,122.145686,,110.042043,,,93.54579,,
2009-12-28,144.3767,,122.078927,,109.911303,,,93.344968,,
2009-12-29,144.2811,,122.21996,,109.872599,,,93.481797,,
2009-12-30,144.4261,,122.465669,,109.964813,,,93.654225,,
2009-12-31,143.5558,,121.767619,,109.27236,,,93.095,,
2010-01-04,145.5575,,122.786145,,110.434182,,,93.567119,,
2010-01-05,146.0985,,123.661244,,110.8119,,,94.206141,,
2010-01-06,146.088,,123.278989,,110.831776,,,93.938533,,
2010-01-07,146.2641,,124.29642,,111.059995,,,94.794575,,
2010-01-08,146.6467,,123.67577,,111.306903,,,94.284302,,
2010-01-11,146.7684,,122.96462,,111.36657,,,93.714635,,
2010-01-12,146.2655,,122.772575,,111.022302,,,93.599742,,
2010-01-13,146.5531,,122.792701,,111.405464,,,93.753825,,
2010-01-14,147.4905,,123.678705,,111.702238,,,94.080089,,
2010-01-15,146.6976,,124.022406,,111.032456,,,94.282708,,
2010-01-19,147.6424,,125.632812,,111.799221,,,95.551107,,
2010-01-20,146.6991,,126.435478,,111.227645,,,96.285127,,
2010-01-21,145.0572,,125.220115,,109.958172,,,95.338274,,
2010-01-22,143.1697,,122.93777,,108.509288,,,93.584967,,
2010-01-25,143.4391,,123.243092,,108.83903,,,93.925747,,
2010-01-26,143.1366,,123.671935,,108.627228,,,94.267962,,
2010-01-27,143.1608,,124.128646,,108.89842,,,94.836265,,
2010-01-28,142.3306,,123.868205,,108.115163,,,94.50464,,
2010-01-29,141.7199,,124.266333,,107.508091,,,94.682291,,
2010-02-01,143.0988,,124.893491,,108.449588,,,95.068509,,
2010-02-02,144.1999,,125.546257,,109.288153,,,95.56896,,
2010-02-03,143.3345,,125.436905,,108.880838,,,95.704203,,
2010-02-04,140.9958,,124.920748,,106.966964,,,95.188181,,
2010-02-05,141.2472,,125.673785,,107.116159,,,95.724874,,
2010-02-08,140.6776,,125.314647,,106.733145,,,95.495114,,
2010-02-09,141.489,,124.684386,,107.4595,,,95.112845,,
2010-02-10,140.936,,124.741401,,107.231896,,,95.327373,,
2010-02-11,141.8612,,125.956442,,107.84485,,,96.174764,,
2010-02-12,141.9462,,126.722341,,107.795182,,,96.657092,,
2010-02-16,143.5286,,126.718728,,108.922185,,,96.588109,,
2010-02-17,143.3082,,128.039812,,109.093116,,,97.898558,,
2010-02-18,143.6843,,129.153221,,109.470552,,,98.832139,,
2010-02-19,143.9299,,128.705945,,109.639348,,,98.473412,,
2010-02-22,143.5951,,128.410336,,109.566719,,,98.411076,,
2010-02-23,143.0826,,128.800933,,108.933532,,,98.491495,,
2010-02-24,143.6714,,129.004275,,109.579856,,,98.825601,,
2010-02-25,143.9866,,129.214765,,109.579176,,,98.769546,,
2010-02-26,144.451,,128.977441,,109.62576,,,98.312963,,
2010-03-01,145.155,,130.14609,,110.378806,,,99.400777,,
2010-03-02,145.6612,,130.079023,,110.581836,,,99.186403,,
2010-03-03,145.7724,,129.397951,,110.637445,,,98.641393,,
2010-03-04,145.9503,,130.660647,,110.916726,,,99.733674,,
2010-03-05,146.5242,,130.781495,,111.78172,,,100.210375,,
2010-03-08,146.1208,,130.298987,,111.824691,,,100.154777,,
2010-03-09,146.1987,,130.682858,,111.989505,,,100.544288,,
2010-03-10,146.2519,,130.203872,,112.261997,,,100.382985,,
2010-03-11,146.684,,130.355635,,112.545341,,,100.456849,,
2010-03-12,146.9037,,129.775823,,112.545341,,,99.860455,,
2010-03-15,146.7658,,130.473156,,112.623614,,,100.561264,,
2010-03-16,148.1274,,130.767527,,113.240115,,,100.408337,,
2010-03-17,148.7723,,131.684922,,113.674311,,,101.060459,,
2010-03-18,148.4619,,132.641501,,113.60861,,,101.948449,,
2010-03-19,147.6943,,132.652736,,113.229936,,,102.145373,,
2010-03-22,147.988,,132.704756,,113.632629,,,102.345323,,
2010-03-23,148.3387,,133.611547,,114.11673,,,103.239003,,
2010-03-24,146.669,,133.935484,,113.553185,,,104.150558,,
2010-03-25,146.0568,,133.805604,,113.326469,,,104.277074,,
2010-03-26,146.4469,,132.640686,,113.35663,,,103.12132,,
2010-03-29,146.9657,,132.528036,,113.737566,,,103.015046,,
2010-03-30,147.0778,,133.308446,,113.798134,,,103.597826,,
2010-03-31,147.4269,,132.683119,,113.592457,,,102.681781,,
2010-04-01,148.2095,,132.609935,,114.046232,,,102.491046,,
2010-04-05,148.2179,,133.638387,,114.320749,,,103.52866,,
2010-04-06,148.4776,,134.727868,,114.539115,,,104.389131,,
2010-04-07,148.8478,,135.644927,,114.341701,,,104.657594,,
2010-04-08,149.1694,,135.736539,,114.540243,,,104.683947,,
2010-04-09,150.0068,,135.124048,,115.038174,,,104.080326,,
2010-04-12,150.3274,,134.472259,,115.251562,,,103.549101,,
2010-04-13,150.4382,,134.352897,,115.382796,,,103.498708,,
2010-04-14,150.99,,134.449635,,116.107358,,,103.842741,,
2010-04-15,151.2017,,135.440707,,116.253635,,,104.593342,,
2010-04-16,149.9426,,134.945232,,115.21631,,,104.148119,,
2010-04-19,150.0632,,135.253021,,115.388183,,,104.457365,,
2010-04-20,151.1792,,136.815747,,116.083768,,,105.51653,,
2010-04-21,151.6106,,137.669382,,116.037849,,,105.830885,,
2010-04-22,151.6195,,138.657205,,116.154964,,,106.691573,,
2010-04-23,152.4282,,138.566014,,116.553157,,,106.419301,,
2010-04-26,152.1133,,138.204311,,116.277258,,,106.10947,,
2010-04-27,151.1213,,139.453083,,114.779476,,,106.382854,,
2010-04-28,151.2755,,139.113865,,115.231004,,,106.432957,,
2010-04-29,152.3209,,139.938669,,116.112032,,,107.142168,,
2010-04-30,151.7955,,138.582559,,115.129186,,,105.569891,,
2010-05-03,152.81,,140.806189,,115.940293,,,107.302372,,
2010-05-04,151.6815,,141.999628,,114.483194,,,107.646841,,
2010-05-05,151.3905,,143.644154,,114.042087,,,108.682457,,
2010-05-06,150.8829,,145.375029,,111.838335,,,108.229449,,
2010-05-07,148.9228,,142.218455,,110.641623,,,106.125137,,
2010-05-10,151.1474,,143.705104,,113.556641,,,108.439876,,
2010-05-11,151.1783,,145.195901,,113.539909,,,109.526296,,
2010-05-12,151.9974,,146.502255,,114.444112,,,110.791532,,
2010-05-13,151.3201,,146.772215,,113.653645,,,110.722417,,
2010-05-14,150.7558,,148.021139,,112.583012,,,111.026726,,
2010-05-17,150.2977,,147.432034,,112.580983,,,110.919913,,
2010-05-18,150.1342,,149.581747,,111.816431,,,111.89471,,
2010-05-19,149.387,,146.295529,,111.46116,,,109.634381,,
2010-05-20,147.355,,143.487238,,108.898143,,,106.505941,,
2010-05-21,148.4956,,143.617809,,110.03981,,,106.893059,,
2010-05-24,147.4216,,144.872616,,109.16359,,,107.747686,,
2010-05-25,147.8176,,145.573603,,109.280749,,,108.094876,,
2010-05-26,147.4383,,147.182848,,108.844658,,,109.133722,,
2010-05-27,148.9352,,146.48319,,110.9256,,,109.578962,,
2010-05-28,148.1597,,146.820369,,110.135943,,,109.620116,,
2010-06-01,146.9753,,146.119528,,109.099341,,,108.940909,,
2010-06-02,148.6302,,147.507854,,110.764233,,,110.411062,,
2010-06-03,148.4249,,148.36632,,110.96344,,,111.407245,,
2010-06-04,147.303,,149.637958,,108.734747,,,110.943917,,
2010-06-07,147.099,,149.988447,,108.055259,,,110.662112,,
2010-06-08,147.6417,,149.920643,,108.701033,,,110.864124,,
2010-06-09,147.1096,,149.307997,,108.376671,,,110.479786,,
2010-06-10,148.4944,,148.847017,,110.15104,,,110.897976,,
2010-06-11,149.7027,,150.447693,,110.493203,,,111.531212,,
2010-06-14,149.179,,148.409917,,110.447284,,,110.3609,,
2010-06-15,150.9058,,148.780039,,111.961296,,,110.869379,,
2010-06-16,151.0824,,149.20826,,112.010456,,,111.10728,,
2010-06-17,151.8096,,148.96559,,112.214593,,,110.596409,,
2010-06-18,151.999,,149.29846,,112.220418,,,110.71117,,
2010-06-21,151.2992,,149.404166,,112.121032,,,111.203414,,
2010-06-22,150.79,,149.401318,,111.057941,,,110.518877,,
2010-06-23,150.803,,148.932326,,110.959053,,,110.064356,,
2010-06-24,149.3022,,147.175157,,109.822553,,,108.733858,,
2010-06-25,150.0614,,147.218057,,110.158622,,,108.54643,,
2010-06-28,149.9738,,148.511541,,110.039075,,,109.445195,,
2010-06-29,148.4043,,148.0402,,108.124754,,,108.333624,,
2010-06-30,148.2089,,147.248408,,107.517663,,,107.290458,,
2010-07-01,147.2822,,142.942348,,107.201172,,,104.499724,,
2010-07-02,146.7544,,142.164524,,106.794476,,,103.909166,,
2010-07-06,147.368,,141.89847,,107.352069,,,103.822123,,
2010-07-07,149.1167,,143.449336,,109.321338,,,105.628754,,
2010-07-08,149.4276,,143.074788,,109.958759,,,105.746763,,
2010-07-09,149.7819,,144.040243,,110.386093,,,106.621265,,
2010-07-12,149.6104,,144.405341,,110.478837,,,107.10396,,
2010-07-13,150.3115,,143.616839,,111.365386,,,106.873085,,
2010-07-14,150.8153,,143.879957,,111.516124,,,106.855658,,
2010-07-15,151.3767,,142.109335,,111.591239,,,105.220082,,
2010-07-16,149.4284,,140.514685,,109.883324,,,103.782784,,
2010-07-19,149.3374,,140.281543,,110.23168,,,104.002394,,
2010-07-20,150.5128,,142.078389,,110.938267,,,105.18188,,
2010-07-21,150.3603,,143.336773,,110.266878,,,105.578255,,
2010-07-22,151.4415,,142.805354,,111.694715,,,105.788187,,
2010-07-23,151.3049,,142.446725,,112.203593,,,106.098978,,
2010-07-26,151.8315,,142.059101,,112.895269,,,106.093282,,
2010-07-27,150.9132,,141.177089,,112.867404,,,106.049956,,
2010-07-28,150.7205,,141.009842,,112.516593,,,105.730098,,
2010-07-29,150.5257,,139.916659,,112.231513,,,104.780037,,
2010-07-30,151.5847,,141.358204,,112.293726,,,105.178289,,
2010-08-02,152.5917,,140.75226,,113.756419,,,105.39144,,
2010-08-03,152.6893,,140.304688,,113.467137,,,104.722172,,
2010-08-04,152.8761,,141.214956,,113.833651,,,105.612841,,
2010-08-05,153.1834,,141.196275,,113.820934,,,105.375256,,
2010-08-06,153.5552,,140.454888,,113.625065,,,104.388207,,
2010-08-09,153.647,,141.279749,,113.996635,,,105.281684,,
2010-08-10,153.3899,,141.534705,,113.70538,,,105.378535,,
2010-08-11,152.0337,,143.693695,,111.869634,,,106.197679,,
2010-08-12,151.6939,,143.756999,,111.389417,,,106.025364,,
2010-08-13,152.2154,,145.117736,,111.296282,,,106.57308,,
2010-08-16,153.8113,,145.887571,,111.41173,,,106.136786,,
2010-08-17,154.4464,,145.728193,,112.182497,,,106.31532,,
2010-08-18,154.6752,,146.30745,,112.253299,,,106.647291,,
2010-08-19,154.3552,,146.340656,,111.234568,,,105.922559,,
2010-08-20,153.8644,,147.20818,,110.956233,,,106.622892,,
2010-08-23,153.6179,,147.558779,,110.74555,,,106.845067,,
2010-08-24,153.5597,,147.849827,,109.933347,,,106.310944,,
2010-08-25,153.7286,,147.646447,,110.090272,,,106.199442,,
2010-08-26,153.7077,,146.955329,,109.707318,,,105.348965,,
2010-08-27,153.2906,,146.362028,,110.477317,,,105.947564,,
2010-08-30,153.3541,,147.227444,,109.81956,,,105.895631,,
2010-08-31,154.1743,,147.830424,,109.851113,,,105.794054,,
2010-09-01,155.1549,,147.268809,,111.729539,,,106.516834,,
2010-09-02,155.3033,,147.217715,,112.297202,,,106.918606,,
2010-09-03,155.4488,,146.552303,,113.070647,,,107.068104,,
2010-09-07,155.9151,,149.466586,,112.428951,,,108.25278,,
2010-09-08,155.9928,,149.093144,,112.871746,,,108.353595,,
2010-09-09,154.9136,,148.357934,,112.967449,,,108.662456,,
2010-09-10,155.1207,,148.387944,,113.211081,,,108.773414,,
2010-09-13,156.1189,,147.317717,,114.070755,,,108.113213,,
2010-09-14,156.9427,,146.785972,,114.195433,,,107.274655,,
2010-09-15,156.3051,,146.054797,,114.368961,,,107.338573,,
2010-09-16,155.8031,,144.845365,,114.27348,,,106.703563,,
2010-09-17,155.9799,,145.447961,,114.357251,,,107.104488,,
2010-09-20,157.5646,,146.655688,,115.427348,,,107.908074,,
2010-09-21,158.478,,145.254972,,115.484274,,,106.313848,,
2010-09-22,158.6117,,143.850491,,115.151356,,,104.89388,,
2010-09-23,158.2247,,144.476003,,114.647632,,,105.145693,,
2010-09-24,159.0385,,143.307462,,115.893555,,,104.889201,,
2010-09-27,159.6563,,144.259778,,115.717116,,,105.01752,,
2010-09-28,160.4984,,143.631814,,116.079694,,,104.337674,,
2010-09-29,160.3069,,143.009871,,115.925744,,,103.872038,,
2010-09-30,160.0881,,142.749733,,115.696548,,,103.61953,,
2010-10-01,160.3943,,141.528971,,115.933421,,,102.747208,,
2010-10-04,159.8537,,142.000162,,115.490862,,,103.043056,,
2010-10-05,161.4182,,141.807679,,116.886758,,,103.137719,,
2010-10-06,162.3747,,141.706901,,116.925702,,,102.491438,,
2010-10-07,161.5351,,141.00656,,116.865724,,,102.462401,,
2010-10-08,161.9864,,141.410661,,117.352139,,,102.896256,,
2010-10-11,162.1685,,142.067468,,117.396025,,,103.296711,,
2010-10-12,161.7209,,141.201192,,117.55824,,,103.093255,,
2010-10-13,162.7241,,141.692439,,118.10917,,,103.29597,,
2010-10-14,161.7489,,139.621235,,117.654701,,,102.005687,,
2010-10-15,161.0549,,140.130581,,117.703296,,,102.861432,,
2010-10-18,161.9741,,141.32584,,118.215712,,,103.599143,,
2010-10-19,160.426,,142.080815,,117.327119,,,104.367204,,
2010-10-20,161.5606,,140.662191,,118.074632,,,103.253191,,
2010-10-21,160.8012,,140.440549,,118.159453,,,103.651756,,
2010-10-22,161.3937,,140.868969,,118.31492,,,103.722562,,
2010-10-25,161.9315,,140.976027,,118.521468,,,103.637258,,
2010-10-26,161.2501,,141.456581,,118.420652,,,104.341139,,
2010-10-27,160.397,,141.632096,,118.133982,,,104.772002,,
2010-10-28,160.7647,,140.306865,,118.257563,,,103.662603,,
2010-10-29,161.4781,,141.05302,,118.415029,,,103.891626,,
2010-11-01,161.1966,,141.065591,,118.418491,,,104.085372,,
2010-11-02,162.4821,,140.759851,,119.070483,,,103.60539,,
2010-11-03,161.6913,,139.032515,,119.341987,,,103.068973,,
2010-11-04,164.215,,140.52272,,120.958029,,,103.961703,,
2010-11-05,163.8001,,141.90367,,121.094388,,,105.367929,,
2010-11-08,164.082,,143.309023,,120.933398,,,106.087402,,
2010-11-09,162.5079,,143.449155,,120.180504,,,106.552218,,
2010-11-10,163.1494,,143.899442,,120.429649,,,106.687125,,
2010-11-11,163.0851,,145.068879,,120.155322,,,107.351458,,
2010-11-12,161.6027,,143.483577,,119.10625,,,106.216771,,
2010-11-15,160.5375,,143.646714,,118.742597,,,106.716286,,
2010-11-16,160.2196,,144.407056,,117.751227,,,106.596557,,
2010-11-17,160.0179,,143.794571,,117.804462,,,106.326281,,
2010-11-18,161.4086,,143.83754,,118.828178,,,106.357955,,
2010-11-19,161.907,,143.824136,,119.073143,,,106.239233,,
2010-11-22,162.1195,,144.613097,,119.127304,,,106.730524,,
2010-11-23,161.298,,146.690599,,118.143528,,,107.916585,,
2010-11-24,161.7557,,147.474219,,118.965074,,,108.93839,,
2010-11-26,161.2456,,147.970145,,118.235668,,,108.978217,,
2010-11-29,161.8914,,149.966468,,118.483376,,,110.238366,,
2010-11-30,161.9471,,151.655517,,118.04618,,,111.030408,,
2010-12-01,162.8101,,150.655635,,119.297988,,,110.877166,,
2010-12-02,163.6753,,150.645563,,120.124533,,,111.047778,,
2010-12-03,163.9954,,148.663287,,120.41019,,,109.63274,,
2010-12-06,164.6685,,150.437843,,120.522045,,,110.590551,,
2010-12-07,163.387,,149.781478,,120.184258,,,110.660636,,
2010-12-08,162.7843,,149.213214,,120.2172,,,110.679283,,
2010-12-09,163.3934,,150.053249,,120.58076,,,111.222812,,
2010-12-10,163.5841,,150.339676,,120.907119,,,111.606466,,
2010-12-13,164.071,,148.960632,,120.988885,,,110.329111,,
2010-12-14,163.3716,,148.457579,,120.788944,,,110.244761,,
2010-12-15,162.0846,,149.129559,,120.372462,,,111.238234,,
2010-12-16,162.7855,,149.43628,,120.881067,,,111.456031,,
2010-12-17,163.8353,,151.063878,,121.221549,,,112.263334,,
2010-12-20,164.2407,,152.063928,,121.427285,,,112.918906,,
2010-12-21,165.2044,,153.306445,,121.981971,,,113.694488,,
2010-12-22,165.0973,,153.230451,,122.155639,,,113.873742,,
2010-12-23,164.8853,,152.860973,,121.962374,,,113.565263,,
2010-12-27,165.341,,152.703527,,122.12893,,,113.290116,,
2010-12-28,165.1253,,153.061294,,121.9509,,,113.538129,,
2010-12-29,165.6071,,152.23341,,122.341097,,,112.955754,,
2010-12-30,165.5337,,151.451345,,122.190166,,,112.286599,,
2010-12-31,165.8259,,150.541545,,122.413148,,,111.618719,,
2011-01-03,166.0048,,151.060417,,123.110254,,,112.51987,,
2011-01-04,165.7294,,151.405922,,123.0863,,,112.942653,,
2011-01-05,165.5016,,152.993651,,123.232827,,,114.420169,,
2011-01-06,165.4198,,154.66806,,123.095031,,,115.600212,,
2011-01-07,165.5286,,155.863043,,123.108382,,,116.429409,,
2011-01-10,165.6407,,155.49048,,123.145796,,,116.107773,,
2011-01-11,165.8737,,155.423574,,123.313306,,,116.052436,,
2011-01-12,166.1886,,153.876786,,123.971642,,,115.292006,,
2011-01-13,166.0881,,151.092111,,124.030381,,,113.327761,,
2011-01-14,166.073,,150.964279,,124.464616,,,113.63864,,
2011-01-18,166.0637,,150.801345,,124.564993,,,113.613901,,
2011-01-19,165.8361,,149.636764,,123.834818,,,112.229483,,
2011-01-20,164.7852,,148.701763,,123.548068,,,111.97958,,
2011-01-21,165.3075,,147.607387,,123.874736,,,111.097231,,
2011-01-24,165.5227,,147.550284,,124.273059,,,111.266503,,
2011-01-25,165.6198,,147.155598,,124.463277,,,111.073568,,
2011-01-26,165.657,,146.878416,,124.593552,,,110.95547,,
2011-01-27,165.5038,,146.498977,,124.855773,,,111.004404,,
2011-01-28,165.3652,,147.728352,,123.622457,,,110.923117,,
2011-01-31,165.7453,,147.162778,,124.08758,,,110.659838,,
2011-02-01,166.1979,,146.096436,,125.168326,,,110.513032,,
2011-02-02,166.1022,,146.226949,,124.973378,,,110.503111,,
2011-02-03,166.1216,,148.153681,,124.950063,,,111.925175,,
2011-02-04,165.9389,,148.544317,,124.992965,,,112.382416,,
2011-02-07,166.2041,,148.748858,,125.489692,,,112.80411,,
2011-02-08,166.2173,,148.307573,,125.680283,,,112.63133,,
2011-02-09,166.2202,,147.156685,,125.604319,,,111.687798,,
2011-02-10,166.0808,,148.452719,,125.486403,,,112.660159,,
2011-02-11,166.4258,,149.346376,,126.136346,,,113.689208,,
2011-02-14,166.722,,150.291114,,126.338393,,,114.388062,,
2011-02-15,166.7454,,150.327814,,126.173216,,,114.25037,,
2011-02-16,167.0284,,149.656255,,126.645616,,,113.972394,,
2011-02-17,167.3231,,149.499405,,126.996493,,,113.967298,,
2011-02-18,167.3817,,148.686298,,127.131203,,,113.427952,,
2011-02-22,167.3028,,149.012541,,125.786101,,,112.527126,,
2011-02-23,167.5837,,148.206233,,125.362732,,,111.354584,,
2011-02-24,167.4471,,147.535922,,125.32442,,,110.907473,,
2011-02-25,167.9082,,148.454334,,126.258069,,,112.120513,,
2011-02-28,168.071,,148.014833,,126.821202,,,112.17841,,
2011-03-01,167.8025,,148.103453,,125.519424,,,111.27117,,
2011-03-02,167.6777,,147.048502,,125.598314,,,110.630295,,
2011-03-03,167.8835,,146.124296,,126.724342,,,110.784608,,
2011-03-04,167.9089,,145.970831,,126.287209,,,110.269826,,
2011-03-07,167.5839,,145.86666,,125.713957,,,109.903672,,
2011-03-08,167.6042,,146.565365,,126.335154,,,110.962346,,
2011-03-09,167.6977,,146.609164,,126.347509,,,110.944469,,
2011-03-10,167.1155,,147.281112,,125.120671,,,110.755256,,
2011-03-11,167.3616,,146.343744,,125.652754,,,110.355839,,
2011-03-14,167.2888,,145.352755,,125.226377,,,109.28415,,
2011-03-15,167.0455,,145.08329,,124.380747,,,108.502748,,
2011-03-16,166.5156,,145.681527,,123.140452,,,108.206977,,
2011-03-17,167.363,,145.117485,,124.084694,,,108.064604,,
2011-03-18,167.5815,,143.755649,,124.338888,,,107.129921,,
2011-03-21,168.3302,,143.853832,,125.373476,,,107.614309,,
2011-03-22,168.1582,,144.010542,,125.12213,,,107.625535,,
2011-03-23,168.2922,,145.238458,,125.313671,,,108.622815,,
2011-03-24,168.2859,,144.335458,,125.890808,,,108.448684,,
2011-03-25,168.4064,,145.467127,,126.081604,,,109.386306,,
2011-03-28,168.3468,,145.28661,,125.870661,,,109.106393,,
2011-03-29,168.4105,,145.075875,,126.319145,,,109.294969,,
2011-03-30,168.8174,,145.280215,,126.927684,,,109.711104,,
2011-03-31,168.7722,,144.924317,,126.763304,,,109.329877,,
2011-04-01,168.9322,,144.346989,,127.160676,,,109.132242,,
2011-04-04,169.0076,,144.488597,,127.302111,,,109.312016,,
2011-04-05,169.0917,,144.540167,,127.183782,,,109.195051,,
2011-04-06,168.8811,,143.258167,,127.276269,,,108.440307,,
2011-04-07,168.8231,,143.448189,,127.16306,,,108.524834,,
2011-04-08,168.7592,,141.637727,,126.79663,,,106.886821,,
2011-04-11,168.428,,141.846449,,126.61556,,,107.101664,,
2011-04-12,168.0984,,141.162062,,126.243161,,,106.479803,,
2011-04-13,168.2085,,141.588027,,126.286922,,,106.768202,,
2011-04-14,168.3708,,141.296139,,126.303455,,,106.459326,,
2011-04-15,168.8314,,142.30448,,126.758822,,,107.312054,,
2011-04-18,168.479,,143.920294,,125.992949,,,108.10044,,
2011-04-19,168.7026,,143.078796,,126.528114,,,107.781816,,
2011-04-20,169.1627,,141.618545,,127.493908,,,107.203735,,
2011-04-21,169.3004,,141.440649,,127.915401,,,107.335666,,
2011-04-25,169.2525,,141.137787,,127.862132,,,107.091528,,
2011-04-26,169.6765,,140.865237,,128.716516,,,107.330059,,
2011-04-27,169.8899,,139.678391,,129.175748,,,106.671305,,
2011-04-28,170.1452,,139.552307,,129.549368,,,106.722891,,
2011-04-29,170.67,,140.055504,,129.773742,,,106.963297,,
2011-05-02,170.3878,,139.681551,,129.683698,,,106.780242,,
2011-05-03,170.1987,,139.568881,,129.421302,,,106.596534,,
2011-05-04,169.4187,,138.913324,,128.999801,,,106.237186,,
2011-05-05,168.2986,,140.772998,,128.417411,,,107.886655,,
2011-05-06,168.6847,,142.888173,,128.750518,,,109.540454,,
2011-05-09,169.236,,143.222439,,129.111312,,,109.745714,,
2011-05-10,169.418,,142.93964,,129.679298,,,109.892675,,
2011-05-11,168.5972,,144.427198,,128.949225,,,110.948727,,
2011-05-12,168.5698,,143.853313,,129.245707,,,110.779955,,
2011-05-13,168.3106,,145.115267,,128.731854,,,111.478886,,
2011-05-16,168.0984,,144.366121,,128.350491,,,110.714423,,
2011-05-17,168.2095,,143.639613,,128.393679,,,110.121548,,
2011-05-18,168.5641,,143.816144,,129.004102,,,110.548037,,
2011-05-19,168.594,,143.262536,,129.156361,,,110.232912,,
2011-05-20,168.7093,,144.896915,,128.581531,,,110.918418,,
2011-05-23,168.2753,,145.629122,,127.731569,,,111.027628,,
2011-05-24,168.7665,,145.51453,,127.684819,,,110.576883,,
2011-05-25,168.8541,,145.714075,,127.929294,,,110.882973,,
2011-05-26,169.3821,,145.581715,,128.388145,,,110.833029,,
2011-05-27,169.9597,,144.665719,,128.735417,,,110.058269,,
2011-05-31,170.6822,,144.135298,,129.554511,,,109.885305,,
2011-06-01,169.9946,,144.235937,,128.035624,,,109.112408,,
2011-06-02,168.8463,,141.649221,,127.757172,,,107.649717,,
2011-06-03,168.7428,,140.178148,,127.058888,,,106.014453,,
2011-06-06,167.59,,139.785964,,126.260926,,,105.77655,,
2011-06-07,167.7033,,138.776932,,126.314019,,,104.986193,,
2011-06-08,167.7842,,139.880765,,126.04064,,,105.541315,,
2011-06-09,168.2878,,141.009423,,126.54195,,,106.496414,,
2011-06-10,167.3702,,141.959664,,125.480295,,,106.897444,,
2011-06-13,166.616,,140.545328,,125.470753,,,106.303405,,
2011-06-14,167.0285,,140.623982,,126.295079,,,106.797282,,
2011-06-15,167.039,,143.237722,,125.07866,,,107.727779,,
2011-06-16,167.613,,143.480967,,125.269689,,,107.70542,,
2011-06-17,167.6932,,142.533944,,125.543828,,,107.17739,,
2011-06-20,167.8765,,142.687748,,125.859306,,,107.445213,,
2011-06-21,168.7795,,142.385121,,126.936424,,,107.556369,,
2011-06-22,168.5343,,142.762762,,126.454605,,,107.588599,,
2011-06-23,167.8658,,143.149038,,126.395632,,,108.258807,,
2011-06-24,166.3552,,142.55784,,125.466151,,,107.990677,,
2011-06-27,166.0769,,141.317236,,126.055533,,,107.733998,,
2011-06-28,166.8002,,141.10997,,126.836968,,,107.77349,,
2011-06-29,167.1786,,140.811789,,127.337509,,,107.725779,,
2011-06-30,167.3629,,140.304069,,128.05508,,,107.823356,,
2011-07-01,167.827,,140.444238,,129.216989,,,108.609214,,
2011-07-05,168.7332,,142.173409,,129.347232,,,109.466173,,
2011-07-06,169.4338,,143.863531,,129.474951,,,110.418382,,
2011-07-07,170.0712,,143.951304,,130.130803,,,110.629233,,
2011-07-08,170.5594,,145.432767,,129.846913,,,111.204714,,
2011-07-11,170.772,,147.984709,,128.57118,,,111.904814,,
2011-07-12,171.1098,,148.840795,,128.286473,,,112.081239,,
2011-07-13,171.8984,,147.524375,,128.639842,,,110.8849,,
2011-07-14,170.8987,,146.91014,,127.9825,,,110.5016,,
2011-07-15,171.7736,,147.490153,,128.498579,,,110.817895,,
2011-07-18,171.2006,,147.483565,,127.792017,,,110.572475,,
2011-07-19,172.7522,,148.377568,,129.149086,,,111.414306,,
2011-07-20,172.2859,,147.374203,,129.023571,,,110.852567,,
2011-07-21,172.3267,,145.24254,,130.002999,,,110.05242,,
2011-07-22,173.125,,146.521813,,130.173202,,,110.654492,,
2011-07-25,172.6423,,145.996404,,129.587671,,,110.068638,,
2011-07-26,172.9568,,144.902632,,129.423691,,,108.907396,,
2011-07-27,171.7304,,145.29903,,127.739757,,,108.554187,,
2011-07-28,171.8687,,145.771123,,127.618345,,,108.715828,,
2011-07-29,172.6889,,146.072391,,127.397775,,,108.235698,,
2011-08-01,172.686,,147.324611,,127.194796,,,108.991462,,
2011-08-02,174.1354,,149.067456,,125.465205,,,107.875801,,
2011-08-03,174.4503,,148.081591,,125.921188,,,107.357682,,
2011-08-04,173.0367,,149.298051,,122.652472,,,106.291168,,
2011-08-05,171.9722,,146.385887,,122.223757,,,104.496453,,
2011-08-08,170.3163,,146.056283,,117.468908,,,101.179359,,
2011-08-09,173.0755,,146.380053,,121.019379,,,102.803094,,
2011-08-10,173.1135,,148.447717,,118.210145,,,101.812781,,
2011-08-11,173.3523,,147.998992,,120.803884,,,103.589327,,
2011-08-12,174.4069,,148.808436,,121.502061,,,104.124396,,
2011-08-15,175.3454,,147.592384,,123.122807,,,104.090966,,
2011-08-16,175.7339,,148.294157,,122.592985,,,103.905628,,
2011-08-17,176.6077,,148.841419,,122.722069,,,103.882357,,
2011-08-18,176.256,,149.504746,,119.623383,,,101.913592,,
2011-08-19,176.236,,148.849073,,118.473007,,,100.502272,,
2011-08-22,176.9767,,149.848408,,118.472238,,,100.752909,,
2011-08-23,177.3362,,149.28876,,120.699347,,,102.056247,,
2011-08-24,176.0929,,148.520813,,121.442029,,,102.877274,,
2011-08-25,175.7111,,148.572958,,120.432414,,,102.279577,,
2011-08-26,177.5603,,148.907199,,121.545311,,,102.379498,,
2011-08-29,177.8946,,149.045667,,123.589868,,,104.002653,,
2011-08-30,179.4236,,151.049156,,123.938169,,,104.796981,,
2011-08-31,179.0165,,151.455279,,124.225517,,,105.561883,,
2011-09-01,179.2494,,152.828631,,123.59475,,,105.840527,,
2011-09-02,179.8635,,154.055571,,121.854864,,,104.829182,,
2011-09-06,179.9272,,156.271376,,121.45374,,,105.949393,,
2011-09-07,180.0017,,155.220504,,123.39163,,,106.871805,,
2011-09-08,180.489,,158.07269,,122.633851,,,107.875155,,
2011-09-09,179.6766,,159.871947,,120.772461,,,107.932843,,
2011-09-12,179.5289,,159.549018,,121.145241,,,108.136196,,
2011-09-13,179.7007,,159.722715,,121.82543,,,108.757654,,
2011-09-14,180.6287,,159.656912,,122.851834,,,109.065545,,
2011-09-15,180.3109,,157.971335,,123.977663,,,109.094967,,
2011-09-16,181.1147,,159.731114,,124.492308,,,110.276583,,
2011-09-19,180.9823,,160.779551,,123.859018,,,110.516546,,
2011-09-20,181.4593,,161.006821,,123.872328,,,110.393704,,
2011-09-21,180.7047,,161.875524,,121.768611,,,109.560007,,
2011-09-22,179.8121,,162.371679,,119.540561,,,108.420553,,
2011-09-23,177.4799,,159.766079,,119.731329,,,108.25505,,
2011-09-26,177.8478,,159.77428,,121.329303,,,109.478549,,
2011-09-27,178.3117,,159.624837,,122.076211,,,109.763166,,
2011-09-28,176.7379,,158.666956,,120.538959,,,108.689902,,
2011-09-29,177.6636,,158.852821,,121.096757,,,108.751172,,
2011-09-30,177.6844,,161.275722,,119.462887,,,108.907468,,
2011-10-03,177.029,,163.346787,,117.618549,,,109.005135,,
2011-10-04,177.2557,,161.447108,,119.013636,,,108.875897,,
2011-10-05,178.6236,,162.684479,,120.172049,,,109.92987,,
2011-10-06,179.0934,,162.029587,,121.402534,,,110.318273,,
2011-10-07,178.0307,,161.609347,,120.822041,,,110.15969,,
2011-10-10,180.3611,,160.728035,,123.146985,,,110.224339,,
2011-10-11,180.0668,,160.495183,,123.334532,,,110.41244,,
2011-10-12,180.1191,,158.749414,,123.88996,,,109.671412,,
2011-10-13,180.2637,,159.061362,,123.76535,,,109.688338,,
2011-10-14,181.0986,,158.579162,,124.956078,,,109.898907,,
2011-10-17,180.579,,159.813999,,123.725958,,,109.97991,,
2011-10-18,181.4755,,160.43689,,125.122964,,,111.103622,,
2011-10-19,180.4228,,159.419282,,124.307819,,,110.319641,,
2011-10-20,180.0464,,158.850021,,124.608391,,,110.421866,,
2011-10-21,181.0191,,158.421684,,126.056362,,,110.805152,,
2011-10-24,182.0986,,158.933943,,126.900341,,,111.244308,,
2011-10-25,182.8309,,159.82897,,125.684085,,,110.354781,,
2011-10-26,183.1539,,160.133211,,126.310666,,,110.920094,,
2011-10-27,184.4488,,158.044185,,128.76144,,,110.813704,,
2011-10-28,185.2103,,159.055406,,128.936516,,,111.215212,,
2011-10-31,185.0723,,162.36514,,127.324559,,,112.193711,,
2011-11-01,184.9822,,164.126662,,125.433404,,,111.780839,,
2011-11-02,186.0617,,164.545254,,126.659164,,,112.504516,,
2011-11-03,187.3105,,164.73768,,127.934151,,,113.011405,,
2011-11-04,186.8201,,164.901665,,127.454337,,,112.995467,,
2011-11-07,188.5797,,166.445155,,127.970864,,,113.446808,,
2011-11-08,188.5521,,165.71217,,128.888466,,,113.773743,,
2011-11-09,186.4601,,167.391381,,126.12109,,,113.720787,,
2011-11-10,186.1855,,166.359869,,126.743247,,,113.745049,,
2011-11-11,187.9121,,166.077772,,128.110975,,,113.722936,,
2011-11-14,188.0202,,167.665251,,127.427828,,,114.132097,,
2011-11-15,188.2583,,169.041885,,127.737268,,,115.202732,,
2011-11-16,187.2049,,169.059991,,126.50056,,,114.741636,,
2011-11-17,185.4459,,167.533708,,125.273335,,,113.670708,,
2011-11-18,185.3515,,166.789048,,125.186555,,,113.144664,,
2011-11-21,183.5491,,165.43042,,123.748326,,,112.023054,,
2011-11-22,184.178,,165.80548,,123.492039,,,111.66191,,
2011-11-23,182.9641,,166.718848,,121.900398,,,111.56524,,
2011-11-25,181.6738,,166.920596,,121.695356,,,112.304354,,
2011-11-28,184.3447,,168.273262,,123.807984,,,113.511032,,
2011-11-29,184.2908,,168.255644,,124.037803,,,113.743088,,
2011-11-30,186.7847,,168.883753,,126.96844,,,115.304781,,
2011-12-01,186.3623,,168.307812,,126.981381,,,115.183752,,
2011-12-02,187.005,,169.587451,,127.03523,,,115.709664,,
2011-12-05,187.2696,,169.886968,,127.923174,,,116.55931,,
2011-12-06,186.9543,,169.597138,,127.905004,,,116.540145,,
2011-12-07,187.3327,,169.807361,,128.279941,,,116.790262,,
2011-12-08,186.0252,,169.525945,,126.640906,,,115.915994,,
2011-12-09,186.2203,,169.187565,,127.903093,,,116.715202,,
2011-12-12,185.0574,,170.599308,,126.794283,,,117.401986,,
2011-12-13,184.3893,,171.970783,,126.189897,,,118.208444,,
2011-12-14,183.5541,,171.898682,,125.506244,,,118.053469,,
2011-12-15,183.3827,,171.286904,,125.677324,,,117.903767,,
2011-12-16,184.7458,,172.223999,,125.9602,,,117.938988,,
2011-12-19,184.5394,,172.655164,,125.197786,,,117.65004,,
2011-12-20,185.723,,172.596305,,127.402735,,,118.918526,,
2011-12-21,185.2704,,172.652142,,127.422885,,,119.266459,,
2011-12-22,185.9673,,173.263062,,128.181294,,,119.949657,,
2011-12-23,185.9595,,173.348789,,128.808061,,,120.600872,,
2011-12-27,186.0577,,173.093917,,128.95418,,,120.496531,,
2011-12-28,185.1621,,173.952642,,128.034529,,,120.812258,,
2011-12-29,186.0624,,174.526006,,128.953347,,,121.489603,,
2011-12-30,186.1827,,174.659061,,128.503762,,,121.080053,,
2012-01-03,187.7509,,174.884608,,129.635448,,,121.282543,,
2012-01-04,187.3253,,175.986245,,129.676352,,,122.362414,,
2012-01-05,187.5483,,178.295546,,129.958118,,,124.089701,,
2012-01-06,187.6235,,179.395318,,129.803834,,,124.656909,,
2012-01-09,187.6586,,178.714846,,129.950595,,,124.30122,,
2012-01-10,188.8073,,179.644149,,130.605446,,,124.813208,,
2012-01-11,189.6091,,181.415119,,130.835553,,,125.731772,,
2012-01-12,189.6803,,179.957888,,130.981396,,,124.813981,,
2012-01-13,189.5886,,181.837713,,130.687318,,,125.895484,,
2012-01-17,190.5506,,181.902199,,131.00773,,,125.611532,,
2012-01-18,191.1766,,180.680933,,131.814816,,,125.125775,,
2012-01-19,190.7524,,178.831386,,132.14318,,,124.429526,,
2012-01-20,190.3835,,179.025343,,132.303342,,,124.957113,,
2012-01-23,190.0643,,177.585095,,132.05848,,,123.930219,,
2012-01-24,189.8804,,177.08391,,132.00819,,,123.653041,,
2012-01-25,191.2341,,177.40056,,132.755554,,,123.693623,,
2012-01-26,191.5662,,177.665254,,132.452253,,,123.380899,,
2012-01-27,191.9234,,177.996534,,132.499145,,,,,
2012-01-30,192.2362,,177.814572,,132.376645,,,122.940445,,
2012-01-31,193.0411,,179.384828,,132.445695,,,123.573404,,
2012-02-01,193.071,,178.361471,,133.048376,,,123.408427,,
2012-02-02,193.5238,,179.0083,,133.187102,,,123.695013,,
2012-02-03,193.0843,,178.471404,,134.284925,,,124.623567,,
2012-02-06,193.8901,,179.538372,,134.266904,,,124.83083,,
2012-02-07,193.6864,,177.561811,,134.417486,,,123.724995,,
2012-02-08,193.7577,,177.656648,,134.606301,,,123.919348,,
2012-02-09,193.2896,,176.880593,,134.627341,,,123.696156,,
2012-02-10,193.2407,,178.010981,,134.099205,,,124.029682,,
2012-02-13,194.1655,,179.003959,,134.723663,,,124.705523,,
2012-02-14,194.4023,,179.957831,,134.659254,,,125.157474,,
2012-02-15,194.0005,,180.515065,,134.274545,,,125.445628,,
2012-02-16,194.6039,,180.182868,,135.14866,,,125.639135,,
2012-02-17,194.8,,180.206602,,135.298625,,,125.66848,,
2012-02-21,194.7005,,178.829967,,135.249607,,,124.727,,
2012-02-22,195.6137,,179.529024,,135.141874,,,124.530742,,
2012-02-23,196.0845,,178.261436,,135.539329,,,123.717376,,
2012-02-24,196.6978,,177.829614,,135.730569,,,123.206463,,
2012-02-27,197.3089,,179.047849,,136.043725,,,123.951613,,
2012-02-28,197.4954,,178.423326,,136.238105,,,123.578943,,
2012-02-29,195.2937,,178.190111,,135.864904,,,124.466904,,
2012-03-01,195.573,,178.639357,,136.177883,,,124.88954,,
2012-03-02,195.7101,,180.257079,,136.049997,,,125.813968,,
2012-03-05,194.5873,,179.001881,,135.632163,,,125.272871,,
2012-03-06,193.4913,,179.410968,,134.551012,,,125.263849,,
2012-03-07,193.9397,,179.307055,,135.064965,,,125.378943,,
2012-03-08,194.4571,,178.116574,,135.751078,,,124.84612,,
2012-03-09,195.0392,,180.759372,,136.058259,,,126.606225,,
2012-03-12,194.7489,,179.986761,,136.117142,,,126.307636,,
2012-03-13,194.8915,,181.108479,,137.405134,,,128.203559,,
2012-03-14,192.4834,,179.555565,,137.010238,,,128.324578,,
2012-03-15,193.2983,,179.666406,,137.465676,,,128.287504,,
2012-03-16,193.7824,,178.86101,,137.594158,,,127.512447,,
2012-03-19,193.5045,,177.715344,,137.732602,,,127.005301,,
2012-03-20,193.0725,,177.507671,,137.573792,,,126.994131,,
2012-03-21,193.4216,,177.933587,,137.572461,,,127.067857,,
2012-03-22,192.5836,,177.36938,,137.027119,,,126.711814,,
2012-03-23,193.803,,177.591031,,137.418862,,,126.432323,,
2012-03-26,195.0601,,177.545232,,138.534963,,,126.605101,,
2012-03-27,194.9126,,177.998691,,138.338429,,,126.844304,,
2012-03-28,194.0692,,177.175242,,137.915536,,,126.418562,,
2012-03-29,194.3289,,177.603057,,137.920727,,,126.559228,,
2012-03-30,193.9089,,176.717034,,138.180196,,,126.438027,,
2012-04-02,195.1425,,178.106959,,138.792875,,,127.188379,,
2012-04-03,193.1225,,177.428852,,138.213817,,,127.495268,,
2012-04-04,192.6002,,178.175667,,137.503948,,,127.719751,,
2012-04-05,193.0071,,179.593468,,137.592439,,,128.547329,,
2012-04-09,193.3973,,179.40454,,136.911664,,,127.518944,,
2012-04-10,192.6341,,179.023042,,135.53692,,,126.469153,,
2012-04-11,192.5708,,178.590143,,136.198138,,,126.820499,,
2012-04-12,193.8491,,178.706844,,137.212208,,,127.005165,,
2012-04-13,193.4022,,179.839978,,136.406283,,,127.353369,,
2012-04-16,193.1253,,178.6628,,136.359919,,,126.65809,,
2012-04-17,194.5762,,180.206629,,137.579085,,,127.933623,,
2012-04-18,194.3241,,180.028007,,137.370637,,,127.778726,,
2012-04-19,193.8633,,179.402872,,136.806719,,,127.113727,,
2012-04-20,193.9762,,178.576204,,136.951883,,,126.588538,,
2012-04-23,193.688,,178.99131,,136.306766,,,126.473018,,
2012-04-24,193.7012,,178.452766,,136.541553,,,126.301075,,
2012-04-25,194.7252,,179.12467,,137.690017,,,127.170663,,
2012-04-26,196.1268,,180.404425,,138.350674,,,127.774078,,
2012-04-27,196.3646,,180.173294,,138.487642,,,127.582021,,
2012-04-30,196.2745,,180.2389,,138.153659,,,127.379129,,
2012-05-01,196.6468,,180.610797,,138.656676,,,127.864165,,
2012-05-02,196.4536,,181.508429,,138.457956,,,128.441675,,
2012-05-03,195.2272,,180.460359,,137.885771,,,127.971181,,
2012-05-04,194.0297,,180.353121,,136.608793,,,127.492706,,
2012-05-07,193.9781,,180.704451,,136.677169,,,127.838999,,
2012-05-08,193.5323,,180.91299,,136.398084,,,128.019403,,
2012-05-09,192.7715,,181.26667,,135.927494,,,128.33162,,
2012-05-10,192.8613,,181.25858,,136.0317,,,128.364474,,
2012-05-11,192.8615,,181.571791,,135.836195,,,128.401347,,
2012-05-14,192.2594,,182.282453,,135.055759,,,128.564666,,
2012-05-15,191.4991,,182.895256,,134.561252,,,129.034831,,
2012-05-16,191.2234,,182.820091,,134.235758,,,128.855316,,
2012-05-17,191.5939,,183.428191,,133.07946,,,127.922421,,
2012-05-18,191.0543,,181.756494,,132.383257,,,126.449587,,
2012-05-21,192.7717,,182.846597,,133.737021,,,127.36394,,
2012-05-22,191.7268,,183.765266,,133.74254,,,128.706775,,
2012-05-23,192.2378,,185.751745,,133.853497,,,129.859903,,
2012-05-24,192.091,,186.354927,,133.96676,,,130.491479,,
2012-05-25,192.0959,,186.602402,,133.787472,,,130.486571,,
2012-05-29,193.1181,,187.785932,,134.734984,,,131.544194,,
2012-05-30,192.9118,,189.648322,,133.7412,,,132.009949,,
2012-05-31,193.2329,,189.977816,,133.717317,,,131.995982,,
2012-06-01,192.7687,,188.509175,,131.829464,,,129.437375,,
2012-06-04,192.1867,,186.926598,,131.671552,,,128.585194,,
2012-06-05,192.1485,,187.593339,,132.162357,,,129.550599,,
2012-06-06,193.4762,,186.954306,,133.784275,,,129.796872,,
2012-06-07,193.2933,,187.098791,,133.909392,,,130.141694,,
2012-06-08,194.0131,,188.472305,,134.529146,,,131.215188,,
2012-06-11,192.9789,,187.954253,,133.558396,,,130.606491,,
2012-06-12,193.8299,,188.467526,,134.432563,,,131.241587,,
2012-06-13,193.7117,,187.547087,,134.053574,,,130.311909,,
2012-06-14,194.9758,,187.641229,,134.870992,,,130.321883,,
2012-06-15,196.6712,,189.245886,,135.826028,,,131.226007,,
2012-06-18,197.0005,,190.446088,,135.966968,,,131.974303,,
2012-06-19,197.244,,189.038458,,136.700801,,,131.543278,,
2012-06-20,197.1671,,188.661347,,136.474893,,,131.115031,,
2012-06-21,194.1105,,188.224,,134.716268,,,131.158744,,
2012-06-22,194.1504,,187.811785,,135.254036,,,131.366921,,
2012-06-25,193.3308,,187.970207,,134.128194,,,130.936064,,
2012-06-26,193.6201,,188.454954,,134.478784,,,131.420202,,
2012-06-27,194.9907,,190.137594,,135.226837,,,132.393975,,
2012-06-28,194.8188,,190.337903,,135.057602,,,132.484384,,
2012-06-29,197.3664,,189.605685,,137.006447,,,132.150976,,
2012-07-02,198.3016,,191.729818,,137.362226,,,133.346616,,
2012-07-03,199.1573,,192.045498,,137.858894,,,133.473155,,
2012-07-05,198.6114,,194.865437,,137.635269,,,135.58499,,
2012-07-06,197.8808,,195.817461,,136.884466,,,136.004463,,
2012-07-09,198.2519,,195.752879,,136.891892,,,135.712472,,
2012-07-10,197.096,,195.604482,,136.206931,,,135.72237,,
2012-07-11,197.5423,,196.223608,,136.207561,,,135.844983,,
2012-07-12,197.4422,,196.699547,,135.910668,,,135.94654,,
2012-07-13,199.219,,197.803457,,137.298996,,,136.874239,,
2012-07-16,199.3561,,197.500839,,137.148287,,,136.420941,,
2012-07-17,199.6432,,197.423282,,137.69307,,,136.712166,,
2012-07-18,200.4081,,198.357159,,138.413116,,,137.550157,,
2012-07-19,200.5899,,198.583985,,138.586047,,,137.754534,,
2012-07-20,200.633,,200.730417,,137.902321,,,138.526745,,
2012-07-23,199.8236,,200.501443,,137.115842,,,138.136865,,
2012-07-24,199.2916,,200.892847,,136.479114,,,138.131558,,
2012-07-25,199.7662,,199.754698,,136.508984,,,137.052658,,
2012-07-26,201.4332,,199.402613,,137.832571,,,136.994423,,
2012-07-27,202.3459,,199.740116,,139.196474,,,137.959102,,
2012-07-30,202.9001,,201.197129,,139.291178,,,138.680171,,
2012-07-31,202.0248,,199.612784,,138.756713,,,137.654022,,
2012-08-01,201.5268,,200.415678,,138.614253,,,138.406985,,
2012-08-02,200.7728,,200.398611,,138.049733,,,138.349196,,
2012-08-03,202.2153,,198.497483,,139.562538,,,137.550156,,
2012-08-06,202.5774,,198.620383,,139.811555,,,137.634441,,
2012-08-07,202.5111,,198.568189,,140.080408,,,137.908005,,
2012-08-08,202.313,,198.919436,,140.113827,,,138.320217,,
2012-08-09,202.5631,,200.154418,,140.175603,,,139.068418,,
2012-08-10,203.1313,,200.98213,,140.401552,,,139.477367,,
2012-08-13,202.7144,,199.868553,,140.34832,,,138.93713,,
2012-08-14,201.6801,,199.026328,,140.231139,,,138.945083,,
2012-08-15,200.8881,,198.740019,,140.1459,,,139.207537,,
2012-08-16,201.3257,,198.136185,,140.697303,,,139.02778,,
2012-08-17,201.7839,,198.954343,,140.878147,,,139.463891,,
2012-08-20,201.9174,,198.863399,,140.855859,,,139.285935,,
2012-08-21,202.0694,,197.00219,,140.686886,,,137.713132,,
2012-08-22,203.5052,,197.50236,,140.954494,,,137.349456,,
2012-08-23,202.9504,,196.41044,,140.312827,,,136.339993,,
2012-08-24,203.5885,,197.821664,,140.773594,,,137.338735,,
2012-08-27,203.9464,,198.405709,,140.877715,,,137.604189,,
2012-08-28,204.059,,197.47074,,140.838031,,,136.841612,,
2012-08-29,203.5516,,197.531623,,140.840164,,,137.227095,,
2012-08-30,202.9775,,197.344692,,140.266428,,,136.924929,,
2012-08-31,205.0687,,198.373625,,140.848532,,,136.800634,,
2012-09-04,204.7627,,198.148566,,140.757307,,,136.761001,,
2012-09-05,204.2482,,197.078098,,140.680767,,,136.290658,,
2012-09-06,205.5662,,197.877101,,142.263673,,,137.49569,,
2012-09-07,206.457,,195.834931,,142.612468,,,135.821737,,
2012-09-10,205.8509,,196.159964,,142.134957,,,135.990867,,
2012-09-11,205.9995,,194.827879,,142.303492,,,135.129985,,
2012-09-12,205.5936,,193.776172,,142.479732,,,134.832661,,
2012-09-13,207.5634,,194.301104,,143.923565,,,135.271915,,
2012-09-14,206.5195,,191.221293,,144.058936,,,133.926533,,
2012-09-17,206.6631,,191.557051,,143.864741,,,133.887739,,
2012-09-18,206.9383,,192.825085,,143.827269,,,134.559736,,
2012-09-19,207.2052,,193.050108,,143.985568,,,134.691317,,
2012-09-20,207.4198,,194.455663,,143.962945,,,135.510311,,
2012-09-21,207.5408,,194.390713,,144.015801,,,135.435778,,
2012-09-24,207.7165,,195.298587,,143.948014,,,135.889225,,
2012-09-25,207.0874,,195.152336,,143.118473,,,135.415073,,
2012-09-26,206.9595,,195.468181,,142.6933,,,135.31487,,
2012-09-27,207.9787,,195.823776,,143.461387,,,135.622837,,
2012-09-28,207.4271,,196.14754,,143.150205,,,135.912869,,
2012-10-01,208.0852,,196.295002,,143.347805,,,135.772037,,
2012-10-02,208.1152,,195.820354,,143.483512,,,135.552416,,
2012-10-03,208.2747,,196.198208,,143.817136,,,136.025519,,
2012-10-04,208.4748,,194.698516,,144.347243,,,135.353287,,
2012-10-05,207.4044,,193.464029,,144.234364,,,135.083481,,
2012-10-08,207.6367,,194.65,,144.031155,,,135.568243,,
2012-10-09,206.4819,,194.843022,,143.118554,,,135.596989,,
2012-10-10,205.8962,,194.459388,,142.655548,,,135.275917,,
2012-10-11,206.6541,,194.349302,,142.783094,,,134.823931,,
2012-10-12,206.2459,,193.56112,,142.546593,,,134.320061,,
2012-10-15,206.79,,194.143695,,143.283982,,,135.064943,,
2012-10-16,207.2975,,193.070999,,144.067019,,,134.722081,,
2012-10-17,207.3998,,192.195941,,144.279605,,,134.243127,,
2012-10-18,206.6375,,192.257451,,144.031142,,,134.549374,,
2012-10-19,205.3974,,191.758185,,142.667242,,,133.731732,,
2012-10-22,204.9218,,190.776492,,142.592914,,,133.286412,,
2012-10-23,203.8059,,190.807198,,141.536307,,,133.044553,,
2012-10-24,202.6355,,189.885461,,141.262718,,,132.909178,,
2012-10-25,202.9182,,190.750263,,141.381903,,,133.440974,,
2012-10-26,203.8647,,191.523013,,141.483826,,,133.45565,,
2012-10-31,204.3602,,191.723314,,141.565011,,,133.347774,,
2012-11-01,204.941,,192.513327,,142.385204,,,134.291352,,
2012-11-02,203.2542,,192.471034,,141.661867,,,134.688355,,
2012-11-05,204.0732,,193.897531,,141.933441,,,135.401125,,
2012-11-06,204.9163,,194.415973,,142.435018,,,135.682379,,
2012-11-07,203.4415,,193.665131,,140.630662,,,134.413579,,
2012-11-08,203.1014,,193.703883,,139.683003,,,133.758136,,
2012-11-09,203.2363,,194.326479,,139.731142,,,134.145203,,
2012-11-12,203.4211,,194.605727,,139.778322,,,134.261247,,
2012-11-13,203.1864,,194.445463,,139.587111,,,134.121912,,
2012-11-14,201.7413,,192.591043,,138.473273,,,132.726751,,
2012-11-15,201.362,,191.53858,,138.283047,,,132.068402,,
2012-11-16,201.8137,,192.545249,,138.709435,,,132.873814,,
2012-11-19,204.054,,193.617502,,140.436442,,,133.792126,,
2012-11-20,203.2627,,192.798958,,140.365554,,,133.677641,,
2012-11-21,203.4947,,192.836964,,140.424467,,,133.607613,,
2012-11-23,205.245,,192.28334,,141.605658,,,133.198984,,
2012-11-26,205.1447,,192.263455,,141.452002,,,133.105738,,
2012-11-27,204.6449,,192.229242,,141.089586,,,133.065271,,
2012-11-28,205.11,,192.557514,,141.786887,,,133.647531,,
2012-11-29,205.6842,,192.676986,,142.250825,,,133.793478,,
2012-11-30,205.3134,,192.21707,,142.236553,,,133.701756,,
2012-12-03,204.837,,190.791052,,141.824103,,,132.632781,,
2012-12-04,204.7634,,190.093326,,141.746201,,,132.122627,,
2012-12-05,204.9778,,190.71471,,141.943151,,,132.599853,,
2012-12-06,205.5544,,192.68308,,142.226589,,,133.859387,,
2012-12-07,205.4289,,193.192571,,142.442149,,,134.498869,,
2012-12-10,205.8425,,193.384068,,142.487693,,,134.404632,,
2012-12-11,206.027,,192.585566,,143.045326,,,134.253156,,
2012-12-12,205.3624,,190.964397,,142.927394,,,133.443734,,
2012-12-13,204.4479,,190.073304,,142.30641,,,132.835504,,
2012-12-14,204.5191,,188.91584,,142.090634,,,131.780512,,
2012-12-17,204.7885,,189.147441,,142.964435,,,132.578821,,
2012-12-18,205.0792,,188.47944,,143.785955,,,132.681408,,
2012-12-19,204.4222,,187.889824,,143.242377,,,132.189804,,
2012-12-20,204.764,,187.96098,,143.734619,,,132.472799,,
2012-12-21,204.5817,,188.612524,,143.008915,,,132.378694,,
2012-12-24,204.084,,188.299327,,142.750865,,,132.242117,,
2012-12-26,203.8814,,187.443778,,142.468167,,,131.511125,,
2012-12-27,204.0227,,187.397954,,142.38365,,,131.309973,,
2012-12-28,202.9997,,186.710824,,141.550712,,,130.718602,,
2012-12-31,204.0335,,188.129942,,142.894868,,,132.289176,,
2013-01-02,206.051,,189.987305,,145.024338,,,134.258559,,
2013-01-03,204.6008,,190.626548,,144.677594,,,135.340747,,
2013-01-04,205.2956,,190.987009,,145.121632,,,135.552514,,
2013-01-07,204.7689,,189.799861,,144.858512,,,134.811565,,
2013-01-08,205.0414,,190.566783,,144.648344,,,134.980287,,
2013-01-09,205.1781,,190.943451,,144.836433,,,135.332724,,
2013-01-10,206.0674,,188.828069,,145.520535,,,133.885264,,
2013-01-11,206.5348,,188.182618,,145.573849,,,133.174437,,
2013-01-14,206.3298,,187.457739,,145.567041,,,132.787046,,
2013-01-15,206.9681,,189.10749,,145.642235,,,133.611516,,
2013-01-16,207.0497,,189.424073,,145.657596,,,133.796557,,
2013-01-17,207.1632,,188.28386,,146.098837,,,133.320973,,
2013-01-18,207.6139,,189.603508,,146.361881,,,134.205144,,
2013-01-22,208.0889,,189.900354,,146.802202,,,134.511888,,
2013-01-23,208.0005,,189.876694,,147.012802,,,134.745316,,
2013-01-24,207.7855,,188.853684,,146.950897,,,134.10152,,
2013-01-25,207.5832,,187.532769,,147.304342,,,133.613933,,
2013-01-28,207.4001,,187.397991,,147.108185,,,133.457826,,
2013-01-29,207.5453,,187.017675,,147.426348,,,133.381653,,
2013-01-30,207.4431,,185.892199,,147.047069,,,132.303026,,
2013-01-31,207.4108,,185.720882,,146.885807,,,132.0567,,
2013-02-01,207.4596,,184.91877,,147.661701,,,132.149816,,
2013-02-04,207.419,,186.598207,,146.841311,,,132.635085,,
2013-02-05,207.5894,,185.801431,,147.603351,,,132.645137,,
2013-02-06,207.871,,186.895576,,147.770654,,,133.396535,,
2013-02-07,207.7015,,188.465947,,147.675403,,,134.540382,,
2013-02-08,208.0517,,189.278175,,148.187318,,,135.360374,,
2013-02-11,207.847,,188.506518,,148.103077,,,134.864587,,
2013-02-12,207.8652,,187.844763,,148.243147,,,134.506467,,
2013-02-13,207.6309,,187.644188,,148.254854,,,134.525089,,
2013-02-14,207.9411,,189.193129,,148.444939,,,135.606858,,
2013-02-15,207.5262,,188.79868,,148.349344,,,135.507361,,
2013-02-19,207.6954,,188.59132,,148.944289,,,135.790665,,
2013-02-20,206.9592,,189.419677,,147.871678,,,135.886588,,
2013-02-21,206.9258,,190.734595,,147.362395,,,136.380643,,
2013-02-22,208.0026,,191.757671,,148.26148,,,137.234578,,
2013-02-25,207.5767,,193.230373,,146.793421,,,137.20016,,
2013-02-26,208.2737,,193.830223,,147.382551,,,137.71599,,
2013-02-27,209.0987,,193.488595,,148.506641,,,137.975237,,
2013-02-28,208.7801,,194.384836,,148.383121,,,138.710398,,
2013-03-01,209.4152,,195.530209,,148.702853,,,139.404309,,
2013-03-04,209.3594,,195.407572,,149.138052,,,139.761845,,
2013-03-05,210.0667,,195.69513,,149.888877,,,140.198526,,
2013-03-06,209.7454,,196.66624,,149.944075,,,141.162037,,
2013-03-07,209.3589,,194.166832,,149.987911,,,139.666133,,
2013-03-08,209.0995,,195.538802,,150.196953,,,141.023767,,
2013-03-11,209.5134,,195.247011,,150.572464,,,140.886501,,
2013-03-12,210.0627,,195.948165,,150.478343,,,140.934557,,
2013-03-13,209.966,,196.942956,,150.555548,,,141.788001,,
2013-03-14,210.503,,196.790731,,151.101433,,,141.829368,,
2013-03-15,210.7436,,195.956329,,151.039941,,,141.009361,,
2013-03-18,210.9264,,197.909447,,150.590897,,,141.868358,,
2013-03-19,211.0748,,199.197132,,150.472236,,,142.578587,,
2013-03-20,210.8543,,198.181361,,151.040597,,,142.536232,,
2013-03-21,210.8187,,198.705557,,150.27304,,,142.211,,
2013-03-22,211.6469,,198.088607,,151.023348,,,141.919775,,
2013-03-25,211.0459,,199.62856,,150.619127,,,143.046461,,
2013-03-26,211.943,,200.346187,,151.415565,,,143.708932,,
2013-03-27,212.7336,,202.388672,,151.541893,,,144.75516,,
2013-03-28,212.4825,,201.540988,,151.819906,,,144.583979,,
2013-04-01,212.6041,,201.143154,,151.509845,,,143.921512,,
2013-04-02,212.2882,,201.309575,,151.900775,,,144.627141,,
2013-04-03,211.3091,,199.941304,,151.036398,,,143.488526,,
2013-04-04,212.3827,,199.60864,,151.576006,,,143.034859,,
2013-04-05,213.8932,,200.067786,,151.345521,,,142.134988,,
2013-04-08,213.9577,,199.965033,,151.854297,,,142.496586,,
2013-04-09,214.4762,,199.302026,,152.193104,,,141.996885,,
2013-04-10,214.2516,,199.27915,,153.18728,,,143.057861,,
2013-04-11,214.8267,,199.347358,,153.493713,,,143.009225,,
2013-04-12,213.983,,198.462956,,153.467314,,,142.911544,,
2013-04-15,209.312,,195.185005,,151.363744,,,141.718132,,
2013-04-16,210.5353,,194.254607,,152.710344,,,141.470567,,
2013-04-17,209.4364,,195.357952,,151.371614,,,141.766823,,
2013-04-18,209.3718,,195.047771,,150.781981,,,141.033891,,
2013-04-19,209.9449,,195.539708,,151.579092,,,141.749055,,
2013-04-22,210.703,,196.053533,,152.061759,,,142.061109,,
2013-04-23,211.4041,,197.654412,,152.970201,,,143.598922,,
2013-04-24,211.9408,,197.95981,,153.020791,,,143.504043,,
2013-04-25,212.3764,,198.452059,,153.361929,,,143.885872,,
2013-04-26,212.6019,,198.38525,,153.328208,,,143.653276,,
2013-04-29,213.2599,,197.923669,,153.981487,,,143.485586,,
2013-04-30,213.5858,,197.2129,,154.192225,,,142.94753,,
2013-05-01,213.031,,196.497661,,153.415728,,,142.080901,,
2013-05-02,213.9908,,199.12646,,154.278782,,,144.142254,,
2013-05-03,213.915,,198.304576,,154.987804,,,144.258117,,
2013-05-06,214.1028,,199.058508,,155.12342,,,144.80615,,
2013-05-07,214.2993,,199.198546,,155.560492,,,145.183064,,
2013-05-08,215.0256,,198.749133,,156.035325,,,144.806895,,
2013-05-09,214.4893,,199.926998,,155.695223,,,145.711,,
2013-05-10,213.9358,,200.203134,,155.876926,,,146.460487,,
2013-05-13,213.4528,,199.988211,,155.892197,,,146.648679,,
2013-05-14,213.9506,,201.329714,,156.708682,,,148.060313,,
2013-05-15,214.4585,,202.329168,,157.314444,,,149.016743,,
2013-05-16,214.5407,,202.471141,,157.043568,,,148.807502,,
2013-05-17,214.5802,,203.253155,,157.798367,,,150.072595,,
2013-05-20,215.3668,,203.236567,,157.725584,,,149.443309,,
2013-05-21,215.7586,,203.254465,,157.91023,,,149.359717,,
2013-05-22,213.5632,,201.921697,,157.006782,,,149.048022,,
2013-05-23,213.9739,,201.130569,,156.703931,,,147.893269,,
2013-05-24,213.7259,,200.883476,,156.625365,,,147.808834,,
2013-05-28,212.7166,,201.165052,,156.797268,,,148.881549,,
2013-05-29,212.9926,,200.110693,,156.276438,,,147.418002,,
2013-05-30,213.379,,198.802149,,156.609539,,,146.500412,,
2013-05-31,210.9073,,197.299173,,155.133208,,,145.710102,,
2013-06-03,212.3757,,197.449746,,155.681158,,,145.32457,,
2013-06-04,210.9117,,196.024176,,155.092059,,,144.727067,,
2013-06-05,210.5571,,195.546605,,153.75801,,,143.373661,,
2013-06-06,211.074,,193.731237,,154.754048,,,142.612688,,
2013-06-07,211.0414,,194.179236,,155.742071,,,143.87731,,
2013-06-10,210.8797,,193.386458,,155.610678,,,143.278793,,
2013-06-11,210.6449,,192.345562,,154.650561,,,141.786198,,
2013-06-12,209.9383,,191.369747,,153.787423,,,140.751705,,
2013-06-13,211.0052,,191.79867,,155.493765,,,141.911193,,
2013-06-14,210.6664,,191.947094,,154.92463,,,141.728755,,
2013-06-17,210.8784,,191.799572,,155.591612,,,142.086544,,
2013-06-18,211.1295,,191.658013,,156.301929,,,142.460228,,
2013-06-19,210.3118,,192.314407,,154.587455,,,141.929824,,
2013-06-20,208.1346,,191.409076,,151.880776,,,140.240125,,
2013-06-21,207.8967,,192.64173,,151.834607,,,141.261814,,
2013-06-24,207.4156,,192.220839,,150.437188,,,139.979841,,
2013-06-25,207.6289,,193.032127,,151.37146,,,141.298329,,
2013-06-26,207.8903,,194.2362,,152.534659,,,143.09212,,
2013-06-27,208.1221,,194.045646,,153.324174,,,143.531615,,
2013-06-28,208.1901,,194.537241,,152.953963,,,143.500908,,
2013-07-01,208.5502,,194.089034,,153.572057,,,143.500636,,
2013-07-02,208.4709,,195.275421,,153.486389,,,144.352147,,
2013-07-03,208.4601,,194.795524,,153.447358,,,143.968235,,
2013-07-05,208.1302,,197.217389,,153.767184,,,146.29349,,
2013-07-08,208.6105,,197.074973,,154.606337,,,146.647222,,
2013-07-09,209.36,,199.143282,,155.344795,,,148.361049,,
2013-07-10,209.1086,,195.966372,,155.213309,,,146.046062,,
2013-07-11,210.3085,,195.232207,,156.899579,,,146.240497,,
2013-07-12,210.369,,195.723281,,156.867617,,,146.53632,,
2013-07-15,210.7372,,196.142402,,157.36019,,,147.053847,,
2013-07-16,210.5907,,194.493189,,157.110046,,,145.686866,,
2013-07-17,210.7341,,195.196538,,157.48326,,,146.461314,,
2013-07-18,210.9104,,195.596795,,157.886443,,,147.01438,,
2013-07-19,211.8862,,196.105313,,158.214662,,,147.022787,,
2013-07-22,212.4354,,195.844271,,158.481179,,,146.694189,,
2013-07-23,212.2143,,195.094523,,158.25114,,,146.072518,,
2013-07-24,210.737,,194.078359,,157.690062,,,145.811533,,
2013-07-25,211.2561,,193.428145,,157.946901,,,145.202052,,
2013-07-26,211.5182,,193.672502,,158.028252,,,145.280121,,
2013-07-29,210.7768,,193.465759,,157.740864,,,145.370659,,
2013-07-30,210.7173,,193.160306,,157.715643,,,145.15891,,
2013-07-31,210.9402,,192.790424,,157.82925,,,144.832102,,
2013-08-01,210.9048,,194.121133,,158.570777,,,146.541538,,
2013-08-02,211.7946,,193.880315,,158.94347,,,146.0874,,
2013-08-05,211.0392,,193.513751,,158.829446,,,146.22814,,
2013-08-06,210.2479,,192.086931,,158.232683,,,145.148843,,
2013-08-07,210.2929,,191.700171,,158.001089,,,144.613622,,
2013-08-08,211.3817,,192.059047,,158.437084,,,144.53581,,
2013-08-09,211.1255,,192.407219,,158.206328,,,144.762395,,
2013-08-12,210.7413,,192.627464,,158.052062,,,145.050742,,
2013-08-13,210.0851,,192.585137,,158.079836,,,145.497398,,
2013-08-14,209.6802,,192.328534,,157.512883,,,145.061985,,
2013-08-15,207.6865,,189.182355,,155.961758,,,142.640127,,
2013-08-16,207.1572,,188.98058,,155.476303,,,142.407409,,
2013-08-19,205.7731,,187.609524,,154.685743,,,141.601484,,
2013-08-20,206.8268,,187.4009,,155.327512,,,141.307262,,
2013-08-21,205.6749,,187.21812,,154.524387,,,141.226063,,
2013-08-22,207.3461,,188.740764,,155.444882,,,142.068404,,
2013-08-23,208.4397,,189.446862,,155.962509,,,142.324093,,
2013-08-26,208.3906,,189.497155,,155.729097,,,142.182312,,
2013-08-27,207.6397,,188.498506,,154.389334,,,140.723313,,
2013-08-28,207.8736,,189.454992,,154.599542,,,141.470587,,
2013-08-29,208.006,,190.981643,,154.872743,,,142.771653,,
2013-08-30,207.6824,,190.968657,,154.475869,,,142.61798,,
2013-09-03,207.7819,,191.792731,,154.743036,,,143.412425,,
2013-09-04,208.1335,,191.599383,,155.422231,,,143.653594,,
2013-09-05,207.7147,,192.476019,,155.122708,,,144.323153,,
2013-09-06,208.0527,,191.955245,,155.399196,,,143.954959,,
2013-09-09,208.5877,,191.323555,,156.416836,,,144.050403,,
2013-09-10,208.6444,,191.182275,,156.99996,,,144.441394,,
2013-09-11,209.0936,,190.982104,,157.50513,,,144.443456,,
2013-09-12,208.6336,,190.715266,,157.177644,,,144.2591,,
2013-09-13,208.8917,,190.955507,,157.487281,,,144.546548,,
2013-09-16,208.8776,,190.447131,,158.15872,,,144.786125,,
2013-09-17,209.4728,,190.652366,,158.643173,,,144.973019,,
2013-09-18,212.0289,,190.632509,,160.279199,,,144.687264,,
2013-09-19,211.5748,,190.11316,,160.042555,,,144.389281,,
2013-09-20,210.6371,,189.313956,,159.36852,,,143.814124,,
2013-09-23,210.3132,,189.490744,,158.972012,,,143.81142,,
2013-09-24,210.5741,,190.0004,,158.901082,,,143.955298,,
2013-09-25,210.4764,,189.180712,,158.705723,,,143.224487,,
2013-09-26,210.4677,,189.693211,,159.068741,,,143.946932,,
2013-09-27,210.2217,,189.021658,,158.661715,,,143.237722,,
2013-09-30,209.3018,,188.129129,,158.09933,,,142.68041,,
2013-10-01,209.5305,,188.32634,,158.80896,,,143.314474,,
2013-10-02,210.0036,,188.000999,,158.80938,,,142.744967,,
2013-10-03,208.8664,,186.454335,,157.96868,,,141.587896,,
2013-10-04,209.6964,,188.095808,,158.635951,,,142.869984,,
2013-10-07,209.0718,,187.153044,,157.798755,,,141.826128,,
2013-10-08,207.619,,185.956617,,156.66909,,,140.889653,,
2013-10-09,207.0212,,186.101247,,156.689815,,,141.42509,,
2013-10-10,209.1203,,188.045238,,158.79185,,,143.36581,,
2013-10-11,209.7838,,188.372958,,159.426723,,,143.733818,,
2013-10-14,210.0754,,188.327383,,159.684198,,,143.731332,,
2013-10-15,209.485,,188.30215,,158.961402,,,143.464771,,
2013-10-16,211.479,,189.970913,,160.567675,,,144.820224,,
2013-10-17,212.8921,,189.260082,,161.387198,,,144.052167,,
2013-10-18,213.813,,189.963461,,162.151828,,,144.646874,,
2013-10-21,213.6064,,189.839563,,162.098887,,,144.645103,,
2013-10-22,215.1203,,189.767221,,162.891991,,,144.274896,,
2013-10-23,214.3167,,189.125574,,162.4104,,,143.899511,,
2013-10-24,214.7442,,189.169152,,162.704207,,,143.905997,,
2013-10-25,215.6229,,189.925312,,163.180643,,,144.313794,,
2013-10-28,215.7445,,190.270913,,163.29859,,,144.59935,,
2013-10-29,216.4799,,191.465348,,163.901674,,,145.548332,,
2013-10-30,215.5172,,190.751276,,163.290694,,,145.110283,,
2013-10-31,214.8543,,192.29675,,163.02273,,,146.496515,,
2013-11-01,214.3745,,193.190037,,163.103487,,,147.579516,,
2013-11-04,215.1672,,193.565775,,163.502335,,,147.682045,,
2013-11-05,214.0737,,193.140877,,163.001942,,,147.657292,,
2013-11-06,214.841,,193.269463,,163.609365,,,147.776532,,
2013-11-07,213.2026,,193.15051,,162.420459,,,147.73906,,
2013-11-08,213.7071,,194.362172,,163.318786,,,149.135204,,
2013-11-11,213.6332,,193.729733,,163.304709,,,148.688533,,
2013-11-12,213.111,,192.839036,,163.079305,,,148.162799,,
2013-11-13,214.5072,,193.361224,,164.036959,,,148.463761,,
2013-11-14,215.7622,,194.910173,,164.731296,,,149.41235,,
2013-11-15,216.507,,195.04385,,165.173977,,,149.400888,,
2013-11-18,215.769,,194.223573,,164.962546,,,149.09033,,
2013-11-19,215.3584,,193.39289,,164.568874,,,148.38077,,
2013-11-20,213.6349,,193.23112,,164.077287,,,149.00628,,
2013-11-21,214.8844,,193.770204,,164.93429,,,149.32905,,
2013-11-22,215.9919,,193.709943,,165.523152,,,149.04741,,
2013-11-25,215.7899,,194.085746,,165.480035,,,149.437422,,
2013-11-26,215.8597,,193.354599,,165.524888,,,148.866671,,
2013-11-27,215.774,,193.175355,,165.790484,,,149.026479,,
2013-11-29,215.9343,,193.136813,,165.755268,,,148.854512,,
2013-12-02,214.6922,,192.743385,,165.241613,,,148.947726,,
2013-12-03,214.5894,,191.972037,,164.890025,,,148.106912,,
2013-12-04,214.4158,,191.765933,,164.708529,,,147.904708,,
2013-12-05,213.4172,,189.843506,,164.1308,,,146.591116,,
2013-12-06,214.9187,,190.682449,,165.346685,,,147.293386,,
2013-12-09,215.5786,,190.750071,,165.678121,,,147.189035,,
2013-12-10,215.7619,,190.616752,,165.429093,,,146.74031,,
2013-12-11,213.5626,,188.32751,,164.203539,,,145.385908,,
2013-12-12,212.7253,,188.040627,,163.785355,,,145.364664,,
2013-12-13,212.9292,,188.363307,,163.797737,,,145.485669,,
2013-12-16,213.7946,,188.874605,,164.467782,,,145.884419,,
2013-12-17,213.2339,,188.290323,,164.266154,,,145.636783,,
2013-12-18,215.1195,,191.080939,,165.912898,,,147.968398,,
2013-12-19,214.5849,,190.942301,,165.682694,,,148.023741,,
2013-12-20,216.1354,,192.251611,,166.376295,,,148.589037,,
2013-12-23,216.4267,,192.110123,,166.880499,,,148.729199,,
2013-12-24,216.6,,192.557796,,167.000367,,,149.0635,,
2013-12-26,217.423,,193.070608,,167.480025,,,149.32239,,
2013-12-27,217.5114,,192.363662,,167.499959,,,148.732868,,
2013-12-30,217.2034,,191.365978,,167.541943,,,148.208426,,
2013-12-31,217.9488,,192.308416,,167.960173,,,148.799461,,
2014-01-02,216.9191,,192.892256,,167.039283,,,149.137498,,
2014-01-03,216.8984,,194.041956,,167.045542,,,150.046345,,
2014-01-06,216.7387,,193.35271,,166.842577,,,149.441743,,
2014-01-07,217.4177,,194.132242,,167.487244,,,150.153599,,
2014-01-08,216.9364,,194.27324,,167.31241,,,150.438829,,
2014-01-09,217.2141,,194.063049,,167.468976,,,150.224386,,
2014-01-10,218.1325,,194.030863,,168.0774,,,150.110474,,
2014-01-13,216.73,,192.729741,,166.797685,,,148.926149,,
2014-01-14,217.5213,,193.323113,,167.791479,,,149.728036,,
2014-01-15,217.9316,,194.742718,,168.280923,,,150.982683,,
2014-01-16,218.2587,,194.823073,,168.303573,,,150.838914,,
2014-01-17,218.2205,,195.984785,,167.912218,,,151.412017,,
2014-01-21,218.5093,,195.886721,,168.246311,,,151.436951,,
2014-01-22,218.3083,,195.907334,,168.156673,,,151.511567,,
2014-01-23,218.4575,,193.915585,,167.507796,,,149.290446,,
2014-01-24,216.9583,,192.927114,,165.505755,,,147.76832,,
2014-01-27,215.83,,191.898524,,164.878911,,,147.189276,,
2014-01-28,216.2207,,192.281059,,165.583173,,,147.845011,,
2014-01-29,216.562,,192.687464,,164.820443,,,147.242614,,
2014-01-30,216.6985,,194.355119,,165.879564,,,149.377161,,
2014-01-31,217.0793,,195.649303,,165.424052,,,149.695858,,
2014-02-03,216.0084,,194.124288,,163.415805,,,147.453312,,
2014-02-04,216.1599,,194.398396,,163.945104,,,148.035963,,
2014-02-05,215.834,,193.891592,,163.657417,,,147.613489,,
2014-02-06,216.0243,,193.251434,,164.920269,,,148.130808,,
2014-02-07,217.1644,,193.661421,,166.252012,,,148.858154,,
2014-02-10,217.534,,193.828934,,166.507085,,,148.961973,,
2014-02-11,218.6116,,194.873375,,167.468413,,,149.886819,,
2014-02-12,218.1861,,195.139392,,167.402209,,,150.32468,,
2014-02-13,219.2769,,194.879137,,168.070313,,,149.973563,,
2014-02-14,220.4703,,195.769446,,168.629411,,,150.341673,,
2014-02-18,220.8171,,195.128189,,168.789204,,,149.755649,,
2014-02-19,220.4146,,195.124252,,168.069637,,,149.386513,,
2014-02-20,221.0066,,195.855123,,168.627586,,,150.040862,,
2014-02-21,220.9895,,195.580494,,168.573812,,,149.794284,,
2014-02-24,222.0885,,196.581754,,169.076955,,,150.263254,,
2014-02-25,222.4626,,196.771054,,169.213361,,,150.276161,,
2014-02-26,222.5426,,197.677432,,169.361611,,,151.046319,,
2014-02-27,223.325,,198.030938,,169.962817,,,151.321577,,
2014-02-28,223.7879,,197.152932,,170.18546,,,150.535984,,
2014-03-03,224.4057,,198.634271,,169.643878,,,150.768192,,
2014-03-04,224.2197,,198.348322,,170.826865,,,151.726755,,
2014-03-05,224.1133,,198.39423,,170.95717,,,151.94974,,
2014-03-06,224.1835,,196.633663,,171.042255,,,150.629098,,
2014-03-07,223.8466,,196.082105,,170.895055,,,150.303188,,
2014-03-10,223.9391,,196.197061,,170.841138,,,150.281755,,
2014-03-11,223.6171,,196.145359,,170.326606,,,150.005352,,
2014-03-12,224.4506,,196.276013,,170.505361,,,149.704802,,
2014-03-13,224.2881,,196.63745,,169.534573,,,149.234596,,
2014-03-14,224.5641,,196.328663,,169.213723,,,148.535477,,
2014-03-17,224.3578,,195.921461,,170.096874,,,149.138032,,
2014-03-18,224.9123,,196.237939,,170.908783,,,149.721919,,
2014-03-19,223.3376,,196.285408,,170.058093,,,150.063376,,
2014-03-20,223.7143,,197.397072,,170.608789,,,151.147023,,
2014-03-21,224.2196,,197.719515,,170.306908,,,150.785459,,
2014-03-24,223.732,,196.546782,,169.987971,,,149.936462,,
2014-03-25,224.1396,,197.080024,,170.404776,,,150.437813,,
2014-03-26,223.6962,,197.366776,,169.881856,,,150.49209,,
2014-03-27,223.6821,,197.907314,,169.717781,,,150.768007,,
2014-03-28,224.0319,,198.048168,,170.114587,,,150.991938,,
2014-03-31,224.1678,,197.930825,,170.957261,,,151.558045,,
2014-04-01,224.1966,,197.621828,,171.532681,,,151.811266,,
2014-04-02,224.5733,,198.313351,,171.759621,,,152.288161,,
2014-04-03,224.7317,,199.13742,,171.679145,,,152.741594,,
2014-04-04,224.3301,,199.033984,,170.677068,,,152.042883,,
2014-04-07,223.2275,,197.490724,,169.653628,,,150.70005,,
2014-04-08,224.0493,,197.418986,,170.148083,,,150.530194,,
2014-04-09,224.8259,,197.276825,,171.257658,,,150.879753,,
2014-04-10,223.6705,,195.826255,,169.259621,,,148.787625,,
2014-04-11,223.4053,,195.61661,,168.405804,,,148.054137,,
2014-04-14,224.5392,,197.548542,,169.218772,,,149.47943,,
2014-04-15,225.3878,,198.349683,,169.924927,,,150.144503,,
2014-04-16,226.519,,199.340852,,171.030699,,,151.118273,,
2014-04-17,225.9807,,198.888734,,170.960758,,,151.072879,,
2014-04-21,226.1525,,199.335771,,171.3112,,,151.607554,,
2014-04-22,226.6555,,199.59968,,171.760519,,,151.868659,,
2014-04-23,226.8832,,199.635343,,171.588679,,,151.591538,,
2014-04-24,227.4973,,199.958603,,171.860784,,,151.667271,,
2014-04-25,226.849,,199.354189,,171.033229,,,150.910767,,
2014-04-28,226.6914,,198.97118,,171.31462,,,150.973524,,
2014-04-29,227.0449,,199.844159,,171.815592,,,151.84256,,
2014-04-30,227.3924,,199.377738,,172.26934,,,151.656121,,
2014-05-01,227.8869,,199.758009,,172.374185,,,151.707937,,
2014-05-02,228.3803,,200.141442,,172.312293,,,151.616297,,
2014-05-05,228.5746,,200.291504,,172.490901,,,151.758137,,
2014-05-06,228.0159,,199.030134,,171.635485,,,150.42223,,
2014-05-07,227.9221,,199.202847,,172.239979,,,151.145181,,
2014-05-08,227.1685,,199.554184,,172.176003,,,151.857619,,
2014-05-09,226.9227,,200.473945,,172.263023,,,152.799979,,
2014-05-12,227.8148,,201.319123,,173.219064,,,153.69156,,
2014-05-13,228.4904,,202.719239,,173.42984,,,154.490603,,
2014-05-14,228.8636,,202.877119,,173.133992,,,154.095488,,
2014-05-15,227.9157,,202.119381,,172.362668,,,153.47165,,
2014-05-16,227.7732,,202.215748,,172.652217,,,153.898982,,
2014-05-19,227.7183,,201.945796,,173.005635,,,154.045271,,
2014-05-20,227.0669,,201.476879,,172.375111,,,153.566745,,
2014-05-21,227.6501,,202.212783,,173.218119,,,154.484644,,
2014-05-22,227.8565,,202.855592,,173.448667,,,155.04143,,
2014-05-23,228.4233,,203.752625,,173.932498,,,155.773932,,
2014-05-27,228.5483,,203.787867,,174.636683,,,156.346095,,
2014-05-28,229.0948,,204.930496,,174.750732,,,156.950101,,
2014-05-29,229.4535,,205.085368,,175.254904,,,157.27562,,
2014-05-30,229.4559,,204.642168,,175.492806,,,157.14713,,
2014-06-02,228.8794,,204.650478,,175.391784,,,157.458655,,
2014-06-03,228.2679,,203.642398,,175.149013,,,156.885313,,
2014-06-04,228.3004,,204.102747,,175.336856,,,157.386192,,
2014-06-05,229.0793,,203.874053,,176.111371,,,157.367391,,
2014-06-06,229.4069,,204.44998,,176.583943,,,158.009443,,
2014-06-09,229.5756,,205.319792,,176.627252,,,158.603964,,
2014-06-10,229.3157,,205.78069,,176.531489,,,159.053874,,
2014-06-11,229.3516,,206.062355,,176.212536,,,158.958927,,
2014-06-12,229.8582,,206.218802,,175.600294,,,158.17751,,
2014-06-13,230.3365,,206.802052,,175.90415,,,158.569407,,
2014-06-16,230.6517,,206.589193,,175.955031,,,158.235479,,
2014-06-17,230.1081,,206.502435,,176.113752,,,158.685694,,
2014-06-18,231.1332,,206.685455,,177.079496,,,158.989007,,
2014-06-19,231.8354,,207.136642,,177.099382,,,158.871305,,
2014-06-20,232.7751,,208.115415,,177.431134,,,159.275432,,
2014-06-23,232.5715,,207.834034,,177.340639,,,159.118134,,
2014-06-24,232.3243,,207.587187,,176.822381,,,158.633306,,
2014-06-25,232.8635,,207.720885,,177.394227,,,158.880084,,
2014-06-26,233.1362,,208.246824,,177.457323,,,159.152636,,
2014-06-27,233.159,,207.691883,,177.664381,,,158.898187,,
2014-06-30,233.5744,,207.394797,,177.620084,,,158.349218,,
2014-07-01,233.5144,,207.537058,,178.236792,,,159.048868,,
2014-07-02,232.7933,,207.197609,,178.10326,,,159.16126,,
2014-07-03,232.9414,,208.077407,,178.582235,,,160.165044,,
2014-07-07,232.9769,,208.191723,,178.229445,,,159.912086,,
2014-07-08,233.1628,,208.247633,,177.685825,,,159.340007,,
2014-07-09,233.8912,,208.441854,,178.22014,,,159.470025,,
2014-07-10,233.6145,,208.695528,,177.831063,,,159.504232,,
2014-07-11,233.9381,,209.003041,,178.077961,,,159.739771,,
2014-07-14,233.4307,,208.376682,,178.553823,,,160.033733,,
2014-07-15,232.7249,,208.527534,,178.262889,,,160.373546,,
2014-07-16,233.7706,,210.14756,,178.710055,,,161.300118,,
2014-07-17,234.2184,,210.528315,,177.705533,,,160.376854,,
2014-07-18,234.4082,,210.736312,,178.721585,,,161.322454,,
2014-07-21,234.7659,,211.050086,,178.549537,,,161.161197,,
2014-07-22,235.1584,,212.31038,,179.134194,,,162.382962,,
2014-07-23,235.5242,,212.691184,,179.382691,,,162.646875,,
2014-07-24,234.4963,,211.742487,,179.162815,,,162.431826,,
2014-07-25,235.3801,,213.069107,,178.802878,,,162.508651,,
2014-07-28,235.1819,,212.737626,,178.851934,,,162.437124,,
2014-07-29,234.8417,,212.924192,,178.46612,,,162.463876,,
2014-07-30,233.7432,,212.111717,,178.22424,,,162.384167,,
2014-07-31,231.29,,209.992133,,176.022952,,,160.45997,,
2014-08-01,231.9981,,210.042084,,175.972075,,,159.96202,,
2014-08-04,232.42,,210.524396,,176.713963,,,160.713011,,
2014-08-05,231.7067,,210.593794,,175.688142,,,160.324783,,
2014-08-06,232.57,,211.282076,,175.730781,,,160.290594,,
2014-08-07,232.8809,,211.881185,,175.293477,,,160.131036,,
2014-08-08,233.8631,,212.030599,,176.535364,,,160.701449,,
2014-08-11,233.6891,,212.263845,,176.853511,,,161.288163,,
2014-08-12,232.8956,,211.78678,,176.669742,,,161.306168,,
2014-08-13,233.6301,,212.532606,,177.532542,,,162.15337,,
2014-08-14,234.1819,,213.021824,,178.071412,,,162.635824,,
2014-08-15,234.807,,213.057984,,178.232627,,,162.377264,,
2014-08-18,234.5317,,213.365561,,178.969723,,,163.475838,,
2014-08-19,234.8791,,214.379464,,179.429907,,,164.431445,,
2014-08-20,234.9695,,215.438919,,179.649511,,,165.382649,,
2014-08-21,235.1077,,215.216654,,180.080877,,,165.511379,,
2014-08-22,235.2564,,216.024562,,179.905703,,,165.866184,,
2014-08-25,235.9471,,217.43892,,180.505478,,,167.018378,,
2014-08-26,236.25,,218.123158,,180.587622,,,167.405289,,
2014-08-27,236.7227,,218.142105,,180.633095,,,167.127591,,
2014-08-28,237.3725,,218.920119,,180.720249,,,167.345224,,
2014-08-29,237.7392,,220.09315,,181.00495,,,168.247034,,
2014-09-02,235.7566,,218.24275,,180.724843,,,167.975158,,
2014-09-03,236.0901,,218.262291,,180.747973,,,167.774366,,
2014-09-04,234.6554,,220.401997,,180.503564,,,170.22447,,
2014-09-05,235.2152,,220.798146,,180.950959,,,170.546246,,
2014-09-08,234.2426,,220.846928,,180.599247,,,170.95927,,
2014-09-09,233.6416,,219.549855,,179.809184,,,169.646964,,
2014-09-10,233.4383,,219.742679,,180.113031,,,170.23101,,
2014-09-11,233.0248,,219.263457,,180.165204,,,170.210469,,
2014-09-12,231.2835,,216.990148,,179.389099,,,168.982858,,
2014-09-15,231.6794,,217.768282,,179.293752,,,169.209054,,
2014-09-16,232.2431,,217.92408,,180.109075,,,169.687259,,
2014-09-17,231.6105,,218.969897,,180.171339,,,171.026383,,
2014-09-18,232.2365,,218.586,,180.754972,,,170.81789,,
2014-09-19,232.6765,,220.567779,,180.776772,,,172.061383,,
2014-09-22,231.7335,,219.290828,,180.041082,,,171.062374,,
2014-09-23,231.9209,,219.476707,,179.483341,,,170.539085,,
2014-09-24,232.1011,,220.800535,,180.28039,,,172.195838,,
2014-09-25,231.2873,,220.51988,,178.672392,,,171.042742,,
2014-09-26,232.0765,,222.490298,,179.516204,,,172.796446,,
2014-09-29,232.6606,,222.981693,,179.406096,,,172.637364,,
2014-09-30,231.5753,,222.959244,,179.074385,,,173.108324,,
2014-10-01,231.1182,,222.631993,,178.009922,,,172.166588,,
2014-10-02,230.4116,,221.134819,,177.921596,,,171.448106,,
2014-10-03,230.6133,,224.048728,,179.058299,,,174.664169,,
2014-10-06,231.09,,221.997964,,178.995298,,,172.647661,,
2014-10-07,230.6067,,221.294112,,177.612264,,,171.128413,,
2014-10-08,232.3645,,221.854902,,179.683157,,,172.249455,,
2014-10-09,229.8624,,220.197482,,177.403628,,,170.631082,,
2014-10-10,229.7375,,221.182815,,176.237643,,,170.360694,,
2014-10-13,228.8806,,218.218377,,174.708726,,,167.243085,,
2014-10-14,228.9554,,219.936921,,175.031053,,,168.815995,,
2014-10-15,229.1737,,217.056014,,174.437363,,,165.88144,,
2014-10-16,229.4599,,217.8158,,174.286996,,,166.111156,,
2014-10-17,230.0264,,219.17501,,175.439521,,,167.838666,,
2014-10-20,230.8324,,219.277884,,176.54133,,,168.382012,,
2014-10-21,232.5521,,222.346591,,178.57137,,,171.424652,,
2014-10-22,231.1885,,222.252407,,177.774085,,,171.593145,,
2014-10-23,231.8155,,222.862221,,178.84715,,,172.634362,,
2014-10-24,232.3516,,222.957988,,179.700541,,,173.132257,,
2014-10-27,231.7658,,221.889717,,179.580355,,,172.622693,,
2014-10-28,232.92,,222.367813,,180.696086,,,173.206875,,
2014-10-29,232.4557,,223.736012,,180.380956,,,174.316145,,
2014-10-30,232.6238,,224.215555,,181.192943,,,175.34933,,
2014-10-31,233.0434,,226.297529,,182.430618,,,177.865604,,
2014-11-03,232.4418,,226.41867,,182.352014,,,178.344534,,
2014-11-04,231.83,,224.638379,,181.984031,,,177.051185,,
2014-11-05,231.2967,,225.222035,,182.700889,,,178.621339,,
2014-11-06,231.5633,,227.513492,,183.014489,,,180.54029,,
2014-11-07,234.06,,228.496585,,183.363821,,,179.728686,,
2014-11-10,232.2446,,227.324908,,183.537844,,,180.375796,,
2014-11-11,233.2905,,227.356501,,183.671128,,,179.722501,,
2014-11-12,232.7617,,227.503177,,183.561861,,,180.139782,,
2014-11-13,232.8059,,226.851494,,183.724218,,,179.748512,,
2014-11-14,234.5808,,227.748586,,183.815606,,,179.183016,,
2014-11-17,234.1646,,228.662966,,183.797921,,,180.204828,,
2014-11-18,235.2005,,228.135252,,184.501781,,,179.682572,,
2014-11-19,234.4304,,227.024209,,184.147163,,,179.050077,,
2014-11-20,235.445,,228.279519,,184.474877,,,179.583298,,
2014-11-21,236.723,,232.321971,,185.1595,,,182.451342,,
2014-11-24,236.853,,231.438782,,185.495862,,,181.987981,,
2014-11-25,237.0484,,231.018815,,185.576424,,,181.586836,,
2014-11-26,237.0739,,230.472768,,185.914638,,,181.468269,,
2014-11-28,234.8838,,229.357899,,185.912584,,,182.272295,,
2014-12-01,235.2445,,229.367444,,184.96938,,,181.077034,,
2014-12-02,235.1602,,230.879553,,185.538027,,,182.89668,,
2014-12-03,236.2661,,233.331487,,185.905557,,,184.338286,,
2014-12-04,236.3405,,232.133977,,186.006203,,,183.433742,,
2014-12-05,235.6319,,233.15974,,185.871809,,,184.664851,,
2014-12-08,235.2614,,232.278885,,185.304241,,,183.694287,,
2014-12-09,236.3099,,232.178955,,185.353375,,,182.849034,,
2014-12-10,234.5129,,229.041717,,183.68667,,,180.126136,,
2014-12-11,235.0855,,230.30218,,184.221741,,,181.202559,,
2014-12-12,234.0776,,228.378058,,182.672123,,,178.944367,,
2014-12-15,231.9613,,226.766438,,181.718487,,,178.366625,,
2014-12-16,232.3828,,225.84005,,181.027292,,,176.641308,,
2014-12-17,233.9132,,230.431266,,183.057417,,,181.061136,,
2014-12-18,235.7834,,233.315348,,185.590586,,,184.389956,,
2014-12-19,237.4901,,236.080271,,186.185079,,,185.827633,,
2014-12-22,236.8291,,235.442447,,186.815878,,,186.472469,,
2014-12-23,235.9409,,235.650144,,186.620211,,,187.143345,,
2014-12-24,236.2168,,235.363018,,186.711333,,,186.788167,,
2014-12-26,237.5534,,237.149603,,187.115365,,,187.552061,,
2014-12-29,237.7434,,237.860794,,187.416231,,,188.266406,,
2014-12-30,237.9062,,237.878806,,186.892781,,,187.626317,,
2014-12-31,236.402,,237.533288,,185.803597,,,187.447084,,
2015-01-02,237.4462,,240.56479,,185.958484,,,189.162076,,
2015-01-05,237.6901,,242.164032,,184.099417,,,188.322493,,
2015-01-06,238.3041,,243.675869,,183.2396,,,188.127195,,
2015-01-07,238.5474,,244.948612,,184.606119,,,190.325783,,
2015-01-08,238.8231,,246.271762,,186.456059,,,193.048319,,
2015-01-09,239.7061,,246.103067,,185.735695,,,191.462864,,
2015-01-12,239.7173,,246.278875,,184.932827,,,190.76251,,
2015-01-13,239.1333,,246.949826,,184.638872,,,191.444566,,
2015-01-14,239.4304,,246.9378,,184.141038,,,190.682179,,
2015-01-15,241.4398,,252.393292,,183.463728,,,192.561916,,
2015-01-16,242.7585,,255.33949,,184.633343,,,194.986664,,
2015-01-20,244.9884,,257.925963,,184.994634,,,195.55094,,
2015-01-21,244.8189,,256.406338,,185.417568,,,194.978143,,
2015-01-22,246.6467,,263.844061,,187.036355,,,200.885819,,
2015-01-23,246.6931,,267.673969,,186.607015,,,203.295769,,
2015-01-26,246.729,,266.926737,,186.83791,,,202.949561,,
2015-01-27,245.5238,,262.292058,,185.31497,,,198.771119,,
2015-01-28,244.2097,,263.068135,,184.211273,,,199.238276,,
2015-01-29,244.2221,,262.300559,,185.166533,,,199.676974,,
2015-01-30,245.0005,,264.118929,,184.035947,,,199.198679,,
2015-02-02,246.4652,,264.273109,,185.399923,,,199.598904,,
2015-02-03,246.8812,,261.49485,,186.720034,,,198.571663,,
2015-02-04,246.2601,,263.92516,,186.414865,,,200.594269,,
2015-02-05,247.0633,,261.747021,,187.383118,,,199.321987,,
2015-02-06,244.5468,,262.770011,,186.637647,,,201.355873,,
2015-02-09,244.1085,,262.085934,,186.123224,,,200.637734,,
2015-02-10,244.5928,,262.663893,,187.234902,,,201.880676,,
2015-02-11,244.2938,,262.00259,,187.263633,,,201.649812,,
2015-02-12,245.455,,261.747042,,188.362991,,,201.677158,,
2015-02-13,245.8695,,262.589836,,188.735565,,,202.38496,,
2015-02-17,244.5983,,260.602602,,188.602666,,,201.755033,,
2015-02-18,244.9072,,261.249962,,188.832389,,,202.247148,,
2015-02-19,244.2476,,261.208732,,188.688035,,,202.606318,,
2015-02-20,244.9078,,261.682277,,189.380809,,,203.16968,,
2015-02-23,245.6918,,263.529828,,189.499872,,,204.07945,,
2015-02-24,246.9896,,264.807371,,190.159367,,,204.701188,,
2015-02-25,247.5058,,264.860945,,190.117806,,,204.270933,,
2015-02-26,246.0805,,267.169033,,189.714128,,,206.804426,,
2015-02-27,246.269,,267.540937,,189.516977,,,206.718742,,
2015-03-02,245.4171,,266.794262,,189.846074,,,207.216589,,
2015-03-03,244.6419,,266.132402,,189.282007,,,206.741413,,
2015-03-04,244.0532,,267.860098,,188.843149,,,208.101872,,
2015-03-05,243.9844,,269.01837,,189.005073,,,209.239935,,
2015-03-06,239.457,,268.584119,,186.910483,,,210.493015,,
2015-03-09,240.5079,,269.47693,,187.572998,,,211.01523,,
2015-03-10,239.2054,,271.856031,,185.919423,,,212.150467,,
2015-03-11,239.2009,,275.71981,,185.803659,,,215.035746,,
2015-03-12,240.3166,,274.718886,,187.28428,,,214.959829,,
2015-03-13,239.4665,,277.552287,,186.45965,,,216.988214,,
2015-03-16,241.6479,,278.021093,,188.108445,,,217.297261,,
2015-03-17,241.5774,,277.158338,,187.764158,,,216.289569,,
2015-03-18,244.7811,,274.007248,,189.669638,,,213.173502,,
2015-03-19,243.8573,,278.128321,,188.879569,,,216.294597,,
2015-03-20,245.4572,,275.922599,,190.11806,,,214.578452,,
2015-03-23,245.3028,,272.458811,,189.904748,,,211.780228,,
2015-03-24,245.1789,,272.844678,,189.468692,,,211.700113,,
2015-03-25,243.5229,,269.922069,,187.664533,,,208.84882,,
2015-03-26,242.6545,,271.052706,,187.124828,,,209.868882,,
2015-03-27,243.2679,,271.675487,,187.493799,,,210.234406,,
2015-03-30,244.2467,,274.130944,,188.895782,,,212.864311,,
2015-03-31,243.4065,,275.743814,,188.033619,,,213.875159,,
2015-04-01,244.3217,,275.978234,,187.878718,,,213.079472,,
2015-04-02,244.032,,272.694146,,188.190178,,,211.143262,,
2015-04-06,245.0507,,272.759439,,188.996517,,,211.217003,,
2015-04-07,245.1335,,275.563819,,188.709158,,,212.99222,,
2015-04-08,245.0537,,276.368542,,189.101233,,,214.127743,,
2015-04-09,244.5264,,278.90192,,189.40671,,,216.90639,,
2015-04-10,245.8352,,281.968744,,190.024555,,,218.835543,,
2015-04-13,244.8811,,281.740959,,189.597377,,,219.01723,,
2015-04-14,245.5552,,280.193644,,189.898407,,,217.561328,,
2015-04-15,246.9369,,281.013263,,190.507244,,,217.672495,,
2015-04-16,246.3011,,278.268399,,190.427591,,,216.012383,,
2015-04-17,246.0895,,277.012469,,189.180711,,,213.813107,,
2015-04-20,246.0198,,278.551154,,190.160345,,,216.175312,,
2015-04-21,245.7181,,278.276944,,189.944765,,,215.982539,,
2015-04-22,244.9818,,277.738032,,190.278658,,,216.592218,,
2015-04-23,246.042,,276.352559,,190.688995,,,215.045871,,
2015-04-24,246.1642,,275.393197,,191.082511,,,214.634974,,
2015-04-27,246.3483,,275.024649,,190.639489,,,213.690961,,
2015-04-28,246.1654,,272.547871,,190.699895,,,211.991024,,
2015-04-29,244.7201,,267.361042,,190.059543,,,208.482402,,
2015-04-30,242.8445,,263.042595,,188.914475,,,205.453848,,
2015-05-01,243.3016,,264.2393,,189.927873,,,207.10586,,
2015-05-04,243.2614,,265.354841,,190.11311,,,208.217447,,
2015-05-05,241.6509,,262.650683,,188.742524,,,205.973388,,
2015-05-06,239.8968,,257.03289,,188.023734,,,202.268454,,
2015-05-07,240.7651,,259.820283,,188.647741,,,204.400692,,
2015-05-08,243.0905,,263.64967,,190.394478,,,207.331281,,
2015-05-11,240.4259,,262.022009,,189.364241,,,207.207624,,
2015-05-12,240.6264,,260.902688,,189.015829,,,205.771247,,
2015-05-13,240.6526,,257.681436,,189.03248,,,203.226456,,
2015-05-14,242.1607,,258.039429,,190.336344,,,203.63638,,
2015-05-15,243.5999,,258.783651,,190.773467,,,203.483378,,
2015-05-18,242.9822,,261.10959,,190.830959,,,205.896247,,
2015-05-19,241.8285,,263.690064,,190.541327,,,208.605957,,
2015-05-20,241.9029,,265.126643,,190.571547,,,209.711184,,
2015-05-21,243.0486,,265.926825,,191.147258,,,209.985029,,
2015-05-22,242.6984,,268.003917,,190.782421,,,211.52603,,
2015-05-26,241.7311,,270.329239,,189.745553,,,213.050881,,
2015-05-27,242.8106,,270.744464,,190.898293,,,213.720029,,
2015-05-28,242.5198,,269.338193,,190.739683,,,212.688022,,
2015-05-29,241.9232,,267.58539,,190.058735,,,211.068755,,
2015-06-01,241.5198,,268.770228,,190.076258,,,212.377024,,
2015-06-02,240.8827,,262.644628,,189.665144,,,207.635532,,
2015-06-03,239.9369,,258.761156,,189.667016,,,205.373823,,
2015-06-04,239.253,,258.831826,,188.868875,,,205.150185,,
2015-06-05,238.3612,,260.863936,,188.341805,,,206.955248,,
2015-06-08,237.6167,,255.845857,,187.759241,,,202.980345,,
2015-06-09,237.2806,,255.694581,,187.52893,,,202.898484,,
2015-06-10,238.7958,,256.427271,,188.68315,,,203.433223,,
2015-06-11,240.0556,,259.234118,,189.463145,,,205.426419,,
2015-06-12,238.8529,,257.83227,,188.498176,,,204.298483,,
2015-06-15,238.5473,,257.045911,,188.105126,,,203.511081,,
2015-06-16,239.6958,,259.09183,,188.847665,,,204.953883,,
2015-06-17,239.6395,,257.010901,,189.039465,,,203.562068,,
2015-06-18,241.1172,,258.094803,,190.198314,,,204.413214,,
2015-06-19,241.0291,,258.257452,,189.915694,,,204.312752,,
2015-06-22,240.2171,,257.53722,,190.129712,,,204.662045,,
2015-06-23,239.7158,,260.969728,,190.041632,,,207.727245,,
2015-06-24,239.1107,,259.52777,,189.329037,,,206.32568,,
2015-06-25,238.2345,,258.58137,,188.892828,,,205.853987,,
2015-06-26,237.6982,,258.972683,,188.692383,,,206.411394,,
2015-06-29,236.3942,,255.802819,,186.766024,,,202.916619,,
2015-06-30,236.2412,,257.775694,,186.95524,,,204.821339,,
2015-07-01,235.8989,,259.493699,,187.664898,,,207.269397,,
2015-07-02,236.0702,,258.951089,,187.664548,,,206.685519,,
2015-07-06,236.4968,,260.064335,,187.618464,,,207.148762,,
2015-07-07,237.4964,,262.240462,,188.429135,,,208.901694,,
2015-07-08,235.4252,,258.420783,,186.713251,,,205.778912,,
2015-07-09,234.9935,,258.938219,,186.646886,,,206.496308,,
2015-07-10,235.8941,,257.085447,,187.735013,,,205.426718,,
2015-07-13,237.1824,,262.21288,,188.868415,,,209.643854,,
2015-07-14,237.989,,262.844067,,189.485908,,,210.120995,,
2015-07-15,237.7051,,264.11895,,189.656881,,,211.583065,,
2015-07-16,238.8663,,267.152549,,190.623543,,,214.058369,,
2015-07-17,238.6155,,267.897315,,190.730276,,,215.001051,,
2015-07-20,237.0532,,266.239187,,190.654597,,,214.993175,,
2015-07-21,236.7705,,263.253733,,190.332719,,,212.476858,,
2015-07-22,236.3223,,262.918913,,190.163413,,,212.41996,,
2015-07-23,236.0377,,261.299051,,189.740191,,,210.895361,,
2015-07-24,234.5768,,259.795355,,188.542394,,,209.655653,,
2015-07-27,233.5089,,256.099944,,187.976219,,,206.99516,,
2015-07-28,235.5655,,258.946538,,189.284847,,,208.91302,,
2015-07-29,236.7294,,262.102966,,190.010897,,,211.227026,,
2015-07-30,236.6577,,263.234245,,190.046422,,,212.24266,,
2015-07-31,236.3647,,261.66343,,190.172121,,,211.377375,,
2015-08-03,235.4961,,261.461363,,189.863416,,,211.649052,,
2015-08-04,234.9318,,262.496152,,189.423983,,,212.504112,,
2015-08-05,234.7254,,261.67871,,189.65411,,,212.286216,,
2015-08-06,234.7193,,261.247872,,188.817605,,,211.007398,,
2015-08-07,234.6569,,260.208824,,188.733941,,,210.130907,,
2015-08-10,236.8856,,261.373733,,190.051208,,,210.545105,,
2015-08-11,236.8361,,260.772394,,189.278692,,,209.250582,,
2015-08-12,237.8394,,259.22874,,189.369005,,,207.233271,,
2015-08-13,236.7853,,258.188637,,189.071316,,,206.994722,,
2015-08-14,237.2178,,259.619603,,189.445393,,,208.173524,,
2015-08-17,238.2625,,261.492723,,190.2109,,,209.599648,,
2015-08-18,237.4667,,261.888929,,189.736319,,,210.0952,,
2015-08-19,237.5871,,259.76654,,189.073627,,,207.559466,,
2015-08-20,236.9612,,256.281783,,186.83219,,,202.881962,,
2015-08-21,233.9799,,249.926814,,183.585501,,,196.890117,,
2015-08-24,227.6892,,238.307796,,178.918597,,,188.019347,,
2015-08-25,224.6964,,237.258899,,177.489677,,,188.17015,,
2015-08-26,227.7014,,244.727723,,181.242856,,,195.582324,,
2015-08-27,230.5587,,249.304027,,184.032102,,,199.798674,,
2015-08-28,231.2794,,251.492558,,183.974442,,,200.861599,,
2015-08-31,230.4875,,249.978552,,183.026822,,,199.306447,,
2015-09-01,227.6798,,244.637462,,179.966722,,,194.152015,,
2015-09-02,229.006,,248.044266,,181.919423,,,197.839332,,
2015-09-03,229.0766,,250.396254,,182.102302,,,199.854426,,
2015-09-04,227.7196,,248.399278,,180.603919,,,197.800927,,
2015-09-08,229.6477,,249.232271,,183.159678,,,199.582879,,
2015-09-09,227.9628,,247.304334,,181.714664,,,197.928784,,
2015-09-10,228.3758,,246.190384,,182.225392,,,197.233706,,
2015-09-11,228.7957,,245.361556,,182.813069,,,196.841712,,
2015-09-14,228.411,,245.392758,,182.429064,,,196.784094,,
2015-09-15,228.9878,,247.09333,,183.464811,,,198.770848,,
2015-09-16,230.3736,,248.091036,,184.354254,,,199.334633,,
2015-09-17,230.82,,245.531147,,184.570228,,,197.126967,,
2015-09-18,229.6814,,247.218585,,182.821185,,,197.57548,,
2015-09-21,229.5854,,249.445239,,183.200854,,,199.852545,,
2015-09-22,228.5991,,249.939484,,181.948921,,,199.738173,,
2015-09-23,228.3531,,248.201725,,181.710456,,,198.302888,,
2015-09-24,228.9358,,247.851194,,181.403511,,,197.18516,,
2015-09-25,228.3367,,248.046403,,181.250193,,,197.691013,,
2015-09-28,225.4113,,243.709943,,178.698905,,,193.986136,,
2015-09-29,225.4434,,243.696969,,178.873703,,,194.137904,,
2015-09-30,226.9612,,246.894127,,180.899826,,,197.582522,,
2015-10-01,227.3772,,246.968771,,181.247208,,,197.659497,,
2015-10-02,231.1049,,250.721975,,183.087746,,,199.431502,,
2015-10-05,232.5565,,252.770488,,184.770498,,,201.642349,,
2015-10-06,233.3169,,251.715569,,184.572946,,,199.932392,,
2015-10-07,234.0842,,253.244554,,185.422317,,,201.410104,,
2015-10-08,234.6295,,252.990234,,186.329074,,,201.721879,,
2015-10-09,235.4476,,252.134774,,186.330863,,,200.343156,,
2015-10-12,235.8622,,252.469786,,186.631333,,,200.579647,,
2015-10-13,235.3572,,251.462057,,185.936009,,,199.461792,,
2015-10-14,236.3818,,250.463427,,185.672302,,,197.527988,,
2015-10-15,237.728,,253.821089,,187.283432,,,200.769604,,
2015-10-16,237.8173,,254.786885,,187.720951,,,201.928494,,
2015-10-19,237.3008,,254.772379,,187.85483,,,202.500799,,
2015-10-20,237.2426,,254.236151,,187.551297,,,201.797573,,
2015-10-21,236.7953,,253.900049,,187.034411,,,201.355018,,
2015-10-22,238.2259,,260.725251,,188.945687,,,207.626287,,
2015-10-23,238.6158,,263.44299,,190.05716,,,210.679811,,
2015-10-26,238.2828,,261.999876,,189.81209,,,209.547989,,
2015-10-27,238.1262,,262.017272,,189.707462,,,209.584127,,
2015-10-28,238.9472,,265.977971,,190.76512,,,213.203303,,
2015-10-29,237.506,,263.075413,,190.378585,,,211.726396,,
2015-10-30,237.4468,,262.402575,,190.086567,,,210.913528,,
2015-11-02,238.4567,,263.207578,,191.290251,,,211.998571,,
2015-11-03,237.6294,,263.613204,,191.480556,,,213.276451,,
2015-11-04,236.5549,,264.733048,,191.135351,,,214.767452,,
2015-11-05,235.8777,,263.475545,,190.979928,,,214.186645,,
2015-11-06,233.7736,,264.702888,,190.559944,,,216.643702,,
2015-11-09,232.696,,263.134701,,189.434863,,,215.08016,,
2015-11-10,232.94,,264.081212,,189.838464,,,216.08712,,
2015-11-11,231.8677,,262.481266,,189.299371,,,215.158479,,
2015-11-12,230.6105,,259.305103,,187.776447,,,211.994376,,
2015-11-13,229.7561,,259.515738,,186.663364,,,211.693232,,
2015-11-16,231.8535,,263.776805,,188.425792,,,215.235812,,
2015-11-17,231.0303,,263.959256,,188.396645,,,216.118703,,
2015-11-18,233.0604,,265.82403,,190.136896,,,217.742591,,
2015-11-19,233.9373,,264.982032,,190.07674,,,216.170866,,
2015-11-20,233.5531,,266.781459,,190.441489,,,218.415176,,
2015-11-23,233.2597,,266.626691,,190.329872,,,218.434938,,
2015-11-24,234.1992,,267.532051,,190.556035,,,218.556816,,
2015-11-25,233.8663,,267.614457,,190.571432,,,218.95303,,
2015-11-27,232.9761,,267.469403,,190.683147,,,219.79929,,
2015-11-30,233.3711,,268.592508,,190.23489,,,219.830642,,
2015-12-01,235.2815,,269.05407,,191.592562,,,219.979225,,
2015-12-02,232.8974,,266.786991,,190.332237,,,218.90899,,
2015-12-03,230.6303,,256.33531,,188.166895,,,209.984155,,
2015-12-04,233.7853,,261.340034,,190.611938,,,213.939057,,
2015-12-07,232.4801,,260.799467,,190.034188,,,214.044411,,
2015-12-08,231.9562,,258.919183,,189.296672,,,212.154602,,
2015-12-09,231.3959,,255.163687,,188.410421,,,208.60243,,
2015-12-10,231.7062,,257.481691,,188.697391,,,210.535739,,
2015-12-11,230.8032,,255.439213,,186.688081,,,207.450062,,
2015-12-14,229.9279,,254.324621,,186.900029,,,207.566536,,
2015-12-15,230.7481,,256.764366,,188.086154,,,210.138041,,
2015-12-16,232.2471,,258.818519,,189.607434,,,212.154206,,
2015-12-17,230.3219,,258.657623,,187.978124,,,211.957406,,
2015-12-18,229.3987,,256.670066,,186.128925,,,209.097757,,
2015-12-21,230.5293,,256.793549,,186.977632,,,209.121589,,
2015-12-22,230.883,,256.196909,,187.940396,,,209.38873,,
2015-12-23,232.0925,,258.629635,,189.327891,,,211.827829,,
2015-12-24,232.4248,,258.00666,,189.166087,,,210.835125,,
2015-12-28,231.7963,,257.036732,,188.910176,,,210.327122,,
2015-12-29,231.7129,,257.989074,,189.930249,,,212.322722,,
2015-12-30,230.5207,,256.370533,,189.110595,,,211.166622,,
2015-12-31,230.1103,,257.518404,,188.175652,,,211.439868,,
2016-01-04,230.2358,,258.515558,,186.567025,,,210.329385,,
2016-01-05,230.3127,,260.505068,,186.79628,,,212.137648,,
2016-01-06,230.0376,,259.431163,,185.668624,,,210.238897,,
2016-01-07,228.1238,,253.748957,,182.98764,,,204.365066,,
2016-01-08,226.9742,,252.706063,,181.946951,,,203.392618,,
2016-01-11,225.5154,,252.480801,,181.847774,,,204.41435,,
2016-01-12,227.1134,,254.305006,,182.888409,,,205.612526,,
2016-01-13,225.3363,,251.862783,,180.316084,,,202.357144,,
2016-01-14,226.1754,,253.128805,,182.067498,,,204.587861,,
2016-01-15,225.2824,,251.107627,,179.809161,,,201.231373,,
2016-01-19,224.7533,,250.517874,,179.881493,,,201.312323,,
2016-01-20,224.496,,250.773699,,178.556362,,,200.262643,,
2016-01-21,225.0912,,251.690648,,179.056216,,,201.024597,,
2016-01-22,227.2742,,256.013044,,181.312832,,,205.06509,,
2016-01-25,225.9128,,253.147191,,179.633792,,,202.102435,,
2016-01-26,228.4156,,255.506601,,181.191208,,,203.500144,,
2016-01-27,227.4546,,253.859346,,180.026484,,,201.737237,,
2016-01-28,228.0483,,253.430777,,180.64655,,,201.564211,,
2016-01-29,231.5902,,259.988293,,183.49816,,,206.831444,,
2016-02-01,231.5451,,258.560007,,183.373998,,,205.59604,,
2016-02-02,230.6271,,256.798959,,181.613855,,,203.040716,,
2016-02-03,231.6407,,253.63456,,182.259065,,,200.37057,,
2016-02-04,232.5625,,252.303302,,182.500683,,,198.792034,,
2016-02-05,231.288,,252.126588,,180.351632,,,197.395323,,
2016-02-08,231.9653,,251.95895,,179.168231,,,195.397502,,
2016-02-09,231.6248,,249.369984,,179.166351,,,193.671985,,
2016-02-10,232.3768,,250.257164,,179.252236,,,193.824901,,
2016-02-11,233.2943,,250.506292,,177.90353,,,191.800755,,
2016-02-12,234.1083,,253.009451,,179.904128,,,195.214602,,
2016-02-16,233.6471,,254.956571,,181.550507,,,198.909038,,
2016-02-17,235.5603,,257.342235,,183.296244,,,201.054488,,
2016-02-18,236.8832,,259.307096,,183.058,,,201.196347,,
2016-02-19,236.5894,,258.508309,,183.02833,,,200.793097,,
2016-02-22,237.4621,,261.795984,,184.6377,,,204.380894,,
2016-02-23,236.7084,,261.178215,,183.246821,,,203.006977,,
2016-02-24,237.3114,,262.026668,,183.776759,,,203.736441,,
2016-02-25,238.76,,263.461029,,185.302453,,,205.299182,,
2016-02-26,237.6582,,264.463245,,184.909938,,,206.596999,,
2016-02-29,237.6476,,265.725973,,184.128002,,,206.714838,,
2016-03-01,238.6972,,267.064158,,186.511654,,,209.520003,,
2016-03-02,240.1427,,268.629525,,186.933223,,,209.953001,,
2016-03-03,241.8768,,268.405864,,187.460458,,,208.861645,,
2016-03-04,241.798,,267.191658,,187.709362,,,208.260718,,
2016-03-07,242.5392,,267.723549,,187.777816,,,208.113452,,
2016-03-08,241.3662,,266.525549,,186.733081,,,207.030768,,
2016-03-09,241.2094,,266.803155,,187.247169,,,207.952061,,
2016-03-10,241.8001,,262.998604,,187.377638,,,204.628426,,
2016-03-11,242.2078,,264.217405,,189.055731,,,207.068664,,
2016-03-14,241.5792,,264.652569,,188.946448,,,207.829189,,
2016-03-15,241.5419,,264.337774,,188.695258,,,207.338033,,
2016-03-16,243.7282,,264.020966,,189.671666,,,206.293874,,
2016-03-17,244.7737,,262.958039,,190.5545,,,205.538009,,
2016-03-18,245.2174,,264.594424,,191.071265,,,207.002704,,
2016-03-21,244.3637,,264.287844,,191.063096,,,207.476323,,
2016-03-22,244.333,,264.827146,,190.956855,,,207.810201,,
2016-03-23,243.0297,,264.288712,,190.369301,,,207.858321,,
2016-03-24,242.9644,,264.354852,,190.316106,,,207.908106,,
2016-03-28,243.154,,264.069562,,190.438233,,,207.654958,,
2016-03-29,245.8653,,264.832811,,191.727463,,,207.3529,,
2016-03-30,244.8408,,262.561446,,192.203778,,,206.947565,,
2016-03-31,245.3588,,262.198735,,192.168241,,,206.187249,,
2016-04-01,245.6892,,262.226803,,192.886287,,,206.701488,,
2016-04-04,244.9786,,261.546442,,192.59049,,,206.446128,,
2016-04-05,245.3262,,262.076357,,191.539771,,,205.444306,,
2016-04-06,245.9227,,262.307909,,192.782221,,,206.457651,,
2016-04-07,246.299,,263.205778,,191.564458,,,205.541226,,
2016-04-08,246.3948,,262.92219,,191.794668,,,205.486582,,
2016-04-11,246.4757,,262.768649,,191.57729,,,205.066491,,
2016-04-12,247.399,,264.216386,,192.530231,,,206.448616,,
2016-04-13,248.0061,,267.47529,,193.735429,,,209.788457,,
2016-04-14,246.8575,,266.392497,,193.601703,,,209.766471,,
2016-04-15,247.5412,,266.907594,,193.694373,,,209.691912,,
2016-04-18,248.2485,,266.834818,,194.49889,,,209.905698,,
2016-04-19,249.3948,,266.976403,,194.858996,,,209.438819,,
2016-04-20,248.6212,,267.592676,,194.782973,,,210.493306,,
2016-04-21,247.5887,,266.684439,,194.054192,,,209.865534,,
2016-04-22,247.18,,267.85802,,194.054192,,,211.137605,,
2016-04-25,246.5703,,266.099104,,193.765281,,,209.956752,,
2016-04-26,246.889,,265.723592,,193.908512,,,209.544605,,
2016-04-27,248.3593,,266.732232,,194.377991,,,209.601023,,
2016-04-28,248.0964,,265.780718,,193.476776,,,208.105274,,
2016-04-29,248.3376,,263.78208,,192.838551,,,205.659087,,
2016-05-02,248.33,,261.849935,,193.704825,,,205.076057,,
2016-05-03,247.7239,,261.972027,,192.833678,,,204.74869,,
2016-05-04,246.9574,,261.395644,,192.226872,,,204.287427,,
2016-05-05,247.5813,,263.938075,,192.401449,,,205.941457,,
2016-05-06,247.9531,,264.445748,,192.70095,,,206.34889,,
2016-05-09,247.1653,,264.010866,,192.84042,,,206.815749,,
2016-05-10,249.0152,,266.255876,,194.320183,,,208.613539,,
2016-05-11,248.8071,,264.731817,,193.228435,,,206.426592,,
2016-05-12,248.2783,,265.358265,,193.196591,,,207.321599,,
2016-05-13,247.9529,,266.686856,,192.327004,,,207.693986,,
2016-05-16,248.7851,,267.191892,,193.337659,,,208.481057,,
2016-05-17,248.1035,,266.674246,,192.146949,,,207.363786,,
2016-05-18,246.0997,,266.780089,,191.865395,,,208.828715,,
2016-05-19,245.9684,,266.932901,,191.513044,,,208.675944,,
2016-05-20,246.7473,,267.427262,,192.284975,,,209.242479,,
2016-05-23,246.5908,,267.205239,,192.122916,,,209.025132,,
2016-05-24,247.1528,,269.742464,,193.571645,,,212.117628,,
2016-05-25,247.7944,,270.071748,,194.376906,,,212.707876,,
2016-05-26,247.9708,,269.334377,,194.52266,,,212.135172,,
2016-05-27,248.0125,,271.392173,,195.014523,,,214.260414,,
2016-05-31,248.0193,,270.907047,,194.837759,,,213.677694,,
2016-06-01,248.5151,,270.065516,,195.034592,,,212.803728,,
2016-06-02,249.2194,,271.732049,,195.587887,,,214.117522,,
2016-06-03,251.0079,,268.58497,,195.656415,,,210.203355,,
2016-06-06,251.5534,,269.360706,,196.154306,,,210.888614,,
2016-06-07,252.315,,270.128634,,196.404627,,,211.120547,,
2016-06-08,253.6359,,270.753567,,196.814835,,,210.9466,,
2016-06-09,254.0391,,272.976899,,196.713545,,,212.231983,,
2016-06-10,253.0769,,273.570314,,195.697966,,,212.399755,,
2016-06-13,252.7762,,272.19245,,194.857605,,,210.672811,,
2016-06-14,252.5397,,274.03738,,194.588142,,,212.005806,,
2016-06-15,252.9105,,273.06751,,194.596234,,,210.954521,,
2016-06-16,253.1282,,274.179178,,194.997639,,,212.067701,,
2016-06-17,252.9788,,272.802059,,194.510118,,,210.599313,,
2016-06-20,252.822,,271.673871,,195.038934,,,210.428984,,
2016-06-21,252.2303,,272.769152,,195.314241,,,212.071908,,
2016-06-22,252.0804,,271.354274,,195.178465,,,210.950579,,
2016-06-23,252.7472,,269.890204,,196.561611,,,210.741811,,
2016-06-24,252.0795,,276.512076,,192.742638,,,212.278304,,
2016-06-27,251.589,,277.448533,,190.995055,,,211.477488,,
2016-06-28,253.883,,278.978716,,193.162281,,,213.113523,,
2016-06-29,255.7698,,279.548596,,195.080683,,,214.078748,,
2016-06-30,258.0252,,282.435187,,196.831019,,,216.322381,,
2016-07-01,260.1247,,283.979022,,197.250893,,,216.209554,,
2016-07-05,260.2143,,285.623467,,196.609364,,,216.679668,,
2016-07-06,261.3385,,286.203666,,197.463693,,,217.125229,,
2016-07-07,260.8604,,286.70801,,197.334816,,,217.764269,,
2016-07-08,263.6985,,290.173611,,199.215229,,,220.102019,,
2016-07-11,263.0212,,289.174417,,199.425981,,,220.141584,,
2016-07-12,262.3528,,288.369142,,200.052699,,,220.779494,,
2016-07-13,263.4822,,288.881825,,200.146449,,,220.327174,,
2016-07-14,262.7179,,287.318309,,200.751059,,,220.4361,,
2016-07-15,261.737,,288.511355,,200.299674,,,221.681407,,
2016-07-18,262.0162,,287.609107,,200.658751,,,221.148414,,
2016-07-19,262.3009,,289.374327,,200.676987,,,222.28442,,
2016-07-20,261.7818,,288.982595,,201.105741,,,222.898908,,
2016-07-21,261.886,,288.788191,,200.724041,,,222.237722,,
2016-07-22,262.3025,,290.623539,,201.27748,,,223.910665,,
2016-07-25,261.2623,,288.931211,,200.848635,,,223.016929,,
2016-07-26,261.6464,,289.53509,,200.90755,,,223.220428,,
2016-07-27,262.8987,,289.052806,,201.014497,,,221.905142,,
2016-07-28,262.7545,,288.432543,,201.149228,,,221.698984,,
2016-07-29,264.0717,,287.477373,,201.557698,,,220.309098,,
2016-08-01,262.4754,,285.934182,,201.269537,,,220.143949,,
2016-08-02,261.5481,,283.349796,,200.268501,,,217.838791,,
2016-08-03,262.2044,,285.92079,,200.701526,,,219.739267,,
2016-08-04,262.855,,287.184064,,200.974998,,,220.463838,,
2016-08-05,262.7661,,288.229264,,201.692989,,,222.13182,,
2016-08-08,263.1428,,288.535729,,201.668946,,,222.023207,,
2016-08-09,263.8931,,288.616534,,201.950781,,,221.763438,,
2016-08-10,263.7725,,286.951227,,201.752001,,,220.367557,,
2016-08-11,263.8654,,288.04465,,202.089558,,,221.499361,,
2016-08-12,264.4198,,288.10916,,202.176237,,,221.179279,,
2016-08-15,264.4374,,287.499612,,202.386067,,,220.925697,,
2016-08-16,263.7561,,284.343151,,201.712079,,,218.33502,,
2016-08-17,264.5535,,285.008184,,202.093385,,,218.598488,,
2016-08-18,265.5927,,284.423901,,202.47575,,,217.70791,,
2016-08-19,264.5419,,284.134567,,202.118079,,,217.964618,,
2016-08-22,264.7936,,284.39737,,202.235649,,,218.085626,,
2016-08-23,265.3218,,285.337761,,202.503039,,,218.659876,,
2016-08-24,264.016,,284.984721,,201.847527,,,218.759034,,
2016-08-25,263.5782,,284.088385,,201.683336,,,218.255524,,
2016-08-26,262.7333,,285.371269,,201.330596,,,219.561475,,
2016-08-29,264.5379,,287.449496,,202.144919,,,220.540175,,
2016-08-30,263.5546,,287.563352,,201.894619,,,221.176467,,
2016-08-31,262.8211,,286.390334,,201.538501,,,220.499388,,
2016-09-01,262.9631,,285.531582,,201.611625,,,219.799221,,
2016-09-02,263.586,,287.344879,,202.05714,,,221.15999,,
2016-09-06,265.4202,,286.727024,,202.594732,,,219.74249,,
2016-09-07,265.3939,,287.083817,,202.61985,,,220.065013,,
2016-09-08,264.4015,,285.573258,,202.062236,,,219.124033,,
2016-09-09,259.1629,,280.553266,,198.809759,,,216.08839,,
2016-09-12,261.1905,,282.652575,,200.587133,,,217.946489,,
2016-09-13,258.1517,,279.75754,,198.630451,,,216.124437,,
2016-09-14,258.0563,,278.93061,,198.688317,,,215.628061,,
2016-09-15,258.9809,,280.054499,,199.92684,,,217.068676,,
2016-09-16,258.6888,,282.056844,,199.518198,,,218.420182,,
2016-09-19,258.6509,,281.432458,,199.47823,,,217.924939,,
2016-09-20,258.7275,,282.08892,,199.506639,,,218.399694,,
2016-09-21,261.2196,,283.919929,,201.061318,,,219.416801,,
2016-09-22,262.3553,,284.584396,,201.988902,,,219.988503,,
2016-09-23,261.4173,,283.190428,,201.303347,,,218.95077,,
2016-09-26,260.7031,,281.651277,,200.422826,,,217.402206,,
2016-09-27,261.3142,,283.424738,,201.26954,,,219.18157,,
2016-09-28,262.3827,,284.37307,,201.885433,,,219.689595,,
2016-09-29,261.5582,,283.370839,,200.792037,,,218.416044,,
2016-09-30,262.021,,283.553841,,201.613702,,,219.06385,,
2016-10-03,261.4595,,283.577272,,201.239967,,,219.145455,,
2016-10-04,258.9675,,281.062527,,200.348487,,,218.320735,,
2016-10-05,259.4548,,281.533596,,200.775151,,,218.740759,,
2016-10-06,259.0122,,282.487998,,200.860193,,,219.950468,,
2016-10-07,258.5979,,280.786729,,200.457712,,,218.537308,,
2016-10-10,259.3013,,283.044529,,201.041842,,,220.337167,,
2016-10-11,257.4621,,283.177796,,199.404826,,,220.207847,,
2016-10-12,257.6336,,284.594603,,199.590795,,,221.368541,,
2016-10-13,257.4458,,283.088155,,199.310898,,,220.048377,,
2016-10-14,256.3207,,284.034708,,199.234796,,,221.66859,,
2016-10-17,256.3067,,283.311619,,198.963063,,,220.814772,,
2016-10-18,257.4973,,285.122816,,199.829504,,,222.162185,,
2016-10-19,258.4594,,286.349838,,200.198734,,,222.698439,,
2016-10-20,258.0802,,287.080867,,199.947127,,,223.314009,,
2016-10-21,258.0437,,288.256169,,200.047017,,,224.372004,,
2016-10-24,258.1602,,288.452572,,200.43625,,,224.86022,,
2016-10-25,258.0874,,288.191117,,200.036513,,,224.271609,,
2016-10-26,257.3247,,286.796798,,199.642004,,,223.40659,,
2016-10-27,256.3077,,286.043563,,199.111857,,,223.109922,,
2016-10-28,256.0877,,283.505179,,198.757491,,,220.926097,,
2016-10-31,256.2457,,283.721434,,198.868173,,,221.081335,,
2016-11-01,255.8324,,281.336958,,197.959766,,,218.574458,,
2016-11-02,255.5826,,279.998488,,197.335549,,,217.060584,,
2016-11-03,255.1544,,279.355682,,196.690346,,,216.216447,,
2016-11-04,255.3613,,278.708724,,196.723718,,,215.577506,,
2016-11-07,256.7139,,282.697587,,199.228085,,,220.279719,,
2016-11-08,256.8469,,283.249435,,199.643413,,,221.055307,,
2016-11-09,256.288,,285.615177,,200.172697,,,223.979921,,
2016-11-10,255.3123,,285.026875,,200.144506,,,224.341172,,
2016-11-11,253.706,,284.170448,,199.717675,,,224.603186,,
2016-11-14,253.3218,,286.842746,,199.489704,,,226.799988,,
2016-11-15,254.886,,289.090523,,200.486115,,,228.309198,,
2016-11-16,254.9409,,289.92367,,200.435366,,,228.859924,,
2016-11-17,254.6357,,291.359053,,200.74855,,,230.628449,,
2016-11-18,254.2645,,292.061353,,200.224402,,,230.917372,,
2016-11-21,255.102,,291.848653,,201.2005,,,231.112865,,
2016-11-22,255.2375,,292.003671,,201.506677,,,231.464561,,
2016-11-23,254.6503,,293.391569,,201.286459,,,232.846242,,
2016-11-25,254.7898,,292.474065,,201.734996,,,232.507948,,
2016-11-28,254.7612,,291.832258,,201.441434,,,231.686138,,
2016-11-29,254.7319,,290.814952,,201.776989,,,231.289688,,
2016-11-30,254.3403,,292.065635,,201.16451,,,231.935849,,
2016-12-01,253.8324,,289.494429,,200.456904,,,229.543717,,
2016-12-02,254.1744,,289.911676,,200.769864,,,229.923658,,
2016-12-05,254.3418,,287.280613,,201.564028,,,228.587692,,
2016-12-06,254.4404,,288.649757,,201.928826,,,230.003626,,
2016-12-07,255.3609,,288.732143,,203.71624,,,231.269106,,
2016-12-08,255.1995,,292.350864,,203.867047,,,234.489192,,
2016-12-09,254.9591,,293.686117,,204.356522,,,236.348384,,
2016-12-12,255.0707,,291.604289,,204.147122,,,234.329966,,
2016-12-13,255.5125,,292.398081,,205.064806,,,235.615976,,
2016-12-14,254.327,,293.533724,,203.601636,,,235.938077,,
2016-12-15,254.2771,,296.88658,,204.011839,,,239.16076,,
2016-12-16,254.335,,295.840408,,203.828214,,,238.049295,,
2016-12-19,254.777,,297.761939,,204.304392,,,239.738567,,
2016-12-20,254.5668,,297.980343,,204.702432,,,240.580315,,
2016-12-21,254.6273,,296.981719,,204.532255,,,239.5178,,
2016-12-22,254.4665,,296.464239,,204.323452,,,239.007292,,
2016-12-23,254.6334,,296.261205,,204.520759,,,238.917547,,
2016-12-27,254.873,,296.307442,,204.764432,,,239.01463,,
2016-12-28,254.6447,,297.415752,,203.883617,,,239.090814,,
2016-12-29,255.0539,,295.635686,,204.101318,,,237.531895,,
2016-12-30,254.6775,,294.382626,,203.815856,,,236.543381,,
2017-01-03,255.4884,,298.518749,,204.841305,,,240.308536,,
2017-01-04,255.7632,,296.514385,,205.591673,,,239.311996,,
2017-01-05,256.4202,,293.951477,,205.830181,,,236.910169,,
2017-01-06,256.17,,295.702948,,206.005546,,,238.757781,,
2017-01-09,256.2316,,294.66331,,205.734058,,,237.547686,,
2017-01-10,256.1746,,295.103022,,205.704122,,,237.920477,,
2017-01-11,256.5169,,294.715407,,206.152868,,,237.808555,,
2017-01-12,256.4202,,293.771417,,205.878508,,,236.820641,,
2017-01-13,256.4234,,292.990932,,206.018165,,,236.348731,,
2017-01-17,256.9892,,291.647381,,205.860808,,,234.56765,,
2017-01-18,256.5088,,293.394595,,205.775666,,,236.317069,,
2017-01-19,256.1297,,292.032298,,205.109403,,,234.805223,,
2017-01-20,256.362,,291.319039,,205.595942,,,234.574604,,
2017-01-23,256.3865,,289.60895,,205.503158,,,233.070099,,
2017-01-24,256.7564,,290.910663,,206.160451,,,234.528137,,
2017-01-25,256.9849,,290.73602,,207.015441,,,235.150124,,
2017-01-26,256.7327,,292.245651,,206.933644,,,236.509838,,
2017-01-27,256.4734,,291.66373,,206.808849,,,236.135047,,
2017-01-30,255.6192,,290.670574,,205.998961,,,235.192713,,
2017-01-31,256.2963,,288.58199,,206.186971,,,233.098427,,
2017-02-01,255.6795,,288.673544,,206.117395,,,233.65601,,
2017-02-02,256.0442,,289.351343,,206.249758,,,234.021223,,
2017-02-03,256.9591,,289.655578,,207.123613,,,234.422202,,
2017-02-06,257.2602,,290.963538,,207.144504,,,235.228868,,
2017-02-07,257.1962,,292.677349,,207.231151,,,236.772272,,
2017-02-08,258.0582,,293.260235,,207.630048,,,236.906488,,
2017-02-09,258.2228,,294.747751,,208.169679,,,238.57483,,
2017-02-10,258.8877,,295.9346,,208.641316,,,239.461598,,
2017-02-13,259.1122,,297.416104,,209.2062,,,241.102885,,
2017-02-14,259.3054,,298.167119,,209.519513,,,241.893334,,
2017-02-15,260.055,,298.303939,,210.044652,,,241.911572,,
2017-02-16,260.0965,,296.227309,,210.11227,,,240.266508,,
2017-02-17,260.3683,,298.384595,,210.506225,,,242.216915,,
2017-02-21,261.3381,,301.731634,,211.246492,,,244.883125,,
2017-02-22,260.935,,300.484313,,211.18538,,,244.176887,,
2017-02-23,261.8328,,300.837125,,211.41597,,,243.891354,,
2017-02-24,262.5325,,302.249503,,211.895222,,,244.937298,,
2017-02-27,262.4423,,301.394996,,211.925699,,,244.363909,,
2017-02-28,262.415,,301.642893,,211.5619,,,244.170468,,
2017-03-01,263.9527,,304.273558,,212.944488,,,246.465278,,
2017-03-02,262.1747,,303.403494,,211.972901,,,246.29828,,
2017-03-03,262.1412,,300.045831,,212.125785,,,243.779404,,
2017-03-06,261.2318,,300.129577,,211.70553,,,244.211546,,
2017-03-07,260.0989,,299.320182,,211.212967,,,244.044655,,
2017-03-08,258.5762,,298.211484,,210.770957,,,244.060681,,
2017-03-09,258.3258,,296.948022,,210.67581,,,243.1524,,
2017-03-10,258.982,,295.063031,,211.240529,,,241.642712,,
2017-03-13,258.679,,295.271252,,211.16437,,,242.009196,,
2017-03-14,257.8889,,295.660236,,210.715767,,,242.554055,,
2017-03-15,260.9453,,295.598925,,212.293443,,,241.457772,,
2017-03-16,260.4883,,294.212188,,211.952335,,,240.359826,,
2017-03-17,260.4303,,294.850688,,211.904249,,,240.880439,,
2017-03-20,260.6364,,295.048307,,211.89099,,,240.836211,,
2017-03-21,259.592,,291.954846,,210.435214,,,237.626043,,
2017-03-22,260.1665,,292.945146,,210.851698,,,238.376409,,
2017-03-23,259.9174,,293.025625,,210.74065,,,238.544715,,
2017-03-24,259.8232,,292.577563,,210.575441,,,238.079524,,
2017-03-27,259.8694,,290.838131,,210.647625,,,236.703132,,
2017-03-28,260.5542,,292.950277,,211.376254,,,238.618037,,
2017-03-29,261.3796,,295.199682,,211.678917,,,240.034152,,
2017-03-30,261.0857,,297.381781,,211.931926,,,242.370017,,
2017-03-31,260.9513,,297.691692,,211.694018,,,242.475058,,
2017-04-03,261.2391,,297.673643,,211.792446,,,242.305854,,
2017-04-04,261.331,,297.71976,,211.792268,,,242.257966,,
2017-04-05,261.0691,,297.69199,,211.502571,,,242.146706,,
2017-04-06,261.4054,,298.593591,,211.849475,,,242.96547,,
2017-04-07,261.2196,,299.900161,,211.540823,,,243.846409,,
2017-04-10,261.8696,,300.478991,,211.728097,,,243.926373,,
2017-04-11,262.973,,301.491815,,211.806239,,,243.811593,,
2017-04-12,262.837,,299.626392,,211.448109,,,242.018523,,
2017-04-13,261.8463,,299.987905,,210.73024,,,242.401555,,
2017-04-17,262.6214,,299.996676,,211.801692,,,242.92208,,
2017-04-18,262.6838,,297.640408,,211.769797,,,240.920556,,
2017-04-19,261.393,,296.694941,,211.405519,,,240.926042,,
2017-04-20,262.4376,,297.74996,,212.307025,,,241.847307,,
2017-04-21,262.0199,,297.021038,,211.919579,,,241.198862,,
2017-04-24,262.695,,293.935516,,213.198808,,,239.516958,,
2017-04-25,262.7456,,292.353448,,213.656737,,,238.693502,,
2017-04-26,263.0006,,293.230305,,213.688722,,,239.213095,,
2017-04-27,262.5817,,293.673596,,213.866477,,,240.156528,,
2017-04-28,262.5126,,292.852732,,213.739832,,,239.406438,,
2017-05-01,261.6674,,291.893776,,213.839371,,,239.504744,,
2017-05-02,261.8412,,291.200546,,214.012374,,,238.970517,,
2017-05-03,261.2649,,291.84379,,213.764242,,,239.748381,,
2017-05-04,260.1392,,287.964222,,213.842043,,,237.671476,,
2017-05-05,261.2826,,288.819667,,214.367057,,,237.917044,,
2017-05-08,261.044,,290.558497,,214.177521,,,239.356369,,
2017-05-09,260.4324,,291.19747,,214.059443,,,240.313523,,
2017-05-10,260.9543,,291.971683,,214.320358,,,240.763661,,
2017-05-11,260.7671,,291.893866,,214.049091,,,240.567411,,
2017-05-12,260.8393,,290.088961,,214.156766,,,239.133936,,
2017-05-15,261.82,,290.033434,,214.836379,,,238.948499,,
2017-05-16,261.7994,,287.194799,,214.821223,,,236.61177,,
2017-05-17,260.8801,,284.231959,,212.973644,,,232.974857,,
2017-05-18,261.0895,,285.925824,,213.448053,,,234.696929,,
2017-05-19,262.3906,,284.632846,,214.281826,,,233.385203,,
2017-05-22,263.0055,,284.545793,,214.870853,,,233.408185,,
2017-05-23,262.7916,,285.735832,,214.993893,,,234.709455,,
2017-05-24,263.3047,,285.38252,,215.446903,,,234.455405,,
2017-05-25,263.5429,,285.834364,,216.110679,,,235.337201,,
2017-05-26,263.8749,,286.967613,,216.038395,,,235.894047,,
2017-05-30,263.4609,,286.368802,,216.101656,,,235.840758,,
2017-05-31,263.7498,,285.213988,,216.152818,,,234.687965,,
2017-06-01,264.9699,,287.338487,,217.145159,,,236.427857,,
2017-06-02,265.9178,,286.589714,,217.852174,,,235.736224,,
2017-06-05,265.6145,,286.942021,,217.62482,,,236.04893,,
2017-06-06,266.1635,,286.966449,,217.384945,,,235.32243,,
2017-06-07,265.5458,,286.801543,,217.518105,,,235.878683,,
2017-06-08,265.1627,,287.509094,,217.503824,,,236.78669,,
2017-06-09,265.3858,,288.190522,,217.232973,,,236.853057,,
2017-06-12,265.5283,,288.141935,,217.208149,,,236.658988,,
2017-06-13,266.4421,,288.989102,,217.861865,,,237.25265,,
2017-06-14,266.2545,,288.556504,,217.980334,,,237.193324,,
2017-06-15,265.8105,,289.954493,,217.674253,,,238.405357,,
2017-06-16,266.2181,,289.084013,,217.750679,,,237.409038,,
2017-06-19,266.8483,,291.029108,,218.724052,,,239.507858,,
2017-06-20,265.8352,,290.296614,,217.97421,,,238.993358,,
2017-06-21,265.4637,,288.97205,,217.953496,,,238.213171,,
2017-06-22,265.5458,,289.50729,,217.932697,,,238.557842,,
2017-06-23,266.0382,,288.976421,,218.114805,,,237.878279,,
2017-06-26,265.8614,,289.058143,,218.26776,,,238.270759,,
2017-06-27,264.3586,,283.466866,,216.960486,,,233.582735,,
2017-06-28,265.6185,,283.863909,,218.154751,,,234.081866,,
2017-06-29,263.8318,,280.404033,,216.836045,,,231.387466,,
2017-06-30,264.0675,,281.180588,,216.965244,,,231.959298,,
2017-07-03,264.2171,,282.684324,,217.034019,,,233.141644,,
2017-07-05,264.0103,,282.786599,,217.383366,,,233.784384,,
2017-07-06,262.0871,,278.939916,,216.017626,,,230.837013,,
2017-07-07,262.3061,,279.721539,,216.825671,,,232.155755,,
2017-07-10,262.5997,,280.059198,,217.009611,,,232.373084,,
2017-07-11,262.65,,278.488214,,216.993291,,,231.007967,,
2017-07-12,264.2613,,281.547236,,218.231495,,,233.445962,,
2017-07-13,264.2171,,281.858313,,218.35479,,,233.875046,,
2017-07-14,265.448,,281.467212,,219.049949,,,233.207625,,
2017-07-17,265.5578,,281.274524,,219.079242,,,232.982768,,
2017-07-18,266.1324,,280.062861,,219.35529,,,231.769946,,
2017-07-19,267.2937,,282.21325,,220.0867,,,233.310193,,
2017-07-20,267.5117,,279.645602,,220.169221,,,231.08569,,
2017-07-21,267.6146,,278.94724,,220.208491,,,230.461065,,
2017-07-24,267.205,,279.104195,,220.094334,,,230.824489,,
2017-07-25,267.1262,,278.86854,,220.102733,,,230.706436,,
2017-07-26,267.5621,,277.223925,,220.269993,,,229.146214,,
2017-07-27,267.4599,,278.504218,,220.021474,,,230.03261,,
2017-07-28,267.6547,,276.949294,,220.045047,,,228.606315,,
2017-07-31,267.8441,,274.987333,,219.929337,,,226.70704,,
2017-08-01,268.3844,,276.461925,,220.465148,,,228.018056,,
2017-08-02,268.2783,,275.100891,,220.464308,,,226.984383,,
2017-08-03,268.2148,,274.755357,,220.388793,,,226.675286,,
2017-08-04,267.7953,,276.532255,,220.483983,,,228.597317,,
2017-08-07,267.8519,,276.102896,,220.720241,,,228.438673,,
2017-08-08,267.4287,,276.6401,,220.310137,,,228.819397,,
2017-08-09,268.2537,,277.384945,,220.387402,,,228.810087,,
2017-08-10,267.004,,275.729191,,218.601752,,,226.657374,,
2017-08-11,267.2545,,274.855526,,218.866442,,,226.000739,,
2017-08-14,267.6312,,276.229063,,220.128073,,,228.117864,,
2017-08-15,266.9706,,276.601636,,219.990953,,,228.848128,,
2017-08-16,267.3895,,276.289226,,220.385938,,,228.64132,,
2017-08-17,265.7478,,275.564874,,218.447951,,,227.432953,,
2017-08-18,265.4759,,274.472902,,218.18094,,,226.48655,,
2017-08-21,265.6324,,273.388501,,218.358746,,,225.642564,,
2017-08-22,266.7007,,275.713418,,219.645035,,,227.985053,,
2017-08-23,266.8514,,274.780342,,219.371266,,,226.802142,,
2017-08-24,266.3672,,274.465409,,218.947296,,,226.51538,,
2017-08-25,267.0866,,272.41063,,219.330044,,,224.605979,,
2017-08-28,267.5494,,271.540841,,219.361034,,,223.533129,,
2017-08-29,267.7347,,271.876437,,219.640145,,,223.939068,,
2017-08-30,268.3851,,274.56658,,220.240267,,,226.223248,,
2017-08-31,269.9525,,275.574102,,221.163771,,,226.681601,,
2017-09-01,270.0636,,276.800846,,221.14158,,,227.574189,,
2017-09-05,270.8039,,276.396814,,220.554974,,,226.019656,,
2017-09-06,271.0474,,276.51766,,220.908533,,,226.277492,,
2017-09-07,272.2287,,275.276484,,221.113844,,,224.492778,,
2017-09-08,271.7246,,274.485919,,220.855381,,,224.001194,,
2017-09-11,271.9591,,276.642204,,222.030528,,,226.766433,,
2017-09-12,272.3393,,276.679378,,222.344972,,,226.80103,,
2017-09-13,272.0569,,278.283139,,222.32279,,,228.329681,,
2017-09-14,272.6557,,278.125743,,222.321633,,,227.698185,,
2017-09-15,272.7453,,277.69521,,222.489572,,,227.442704,,
2017-09-18,272.3378,,277.090025,,222.730488,,,227.532726,,
2017-09-19,272.5577,,276.257157,,222.813144,,,226.74991,,
2017-09-20,272.4098,,278.522256,,222.788721,,,228.708136,,
2017-09-21,271.673,,276.580286,,222.416235,,,227.348694,,
2017-09-22,272.3409,,277.12333,,222.509913,,,227.332129,,
2017-09-25,273.4132,,280.543852,,222.443331,,,229.166907,,
2017-09-26,272.8515,,281.306595,,222.491935,,,230.313331,,
2017-09-27,272.1822,,281.749123,,222.753039,,,231.51425,,
2017-09-28,272.1766,,280.75602,,222.923049,,,230.879037,,
2017-09-29,272.438,,280.40231,,223.321559,,,230.778737,,
2017-10-02,272.62,,282.500584,,223.955811,,,233.010348,,
2017-10-03,272.9718,,282.576101,,224.317078,,,233.147745,,
2017-10-04,273.2661,,282.534321,,224.454748,,,233.005132,,
2017-10-05,273.8135,,284.25342,,225.212201,,,234.743725,,
2017-10-06,273.3433,,283.213888,,224.915682,,,233.97911,,
2017-10-09,273.8069,,283.537157,,224.824061,,,233.754304,,
2017-10-10,274.4209,,282.546036,,225.188263,,,232.79252,,
2017-10-11,274.9379,,281.875167,,225.412051,,,232.033437,,
2017-10-12,274.9013,,282.514273,,225.317566,,,232.493003,,
2017-10-13,275.6665,,283.58834,,225.705117,,,233.129386,,
2017-10-16,275.5507,,284.000323,,225.797008,,,233.661271,,
2017-10-17,275.491,,284.653116,,225.86258,,,234.317135,,
2017-10-18,274.8922,,283.513919,,225.847647,,,233.872294,,
2017-10-19,275.1882,,282.300812,,225.958693,,,232.735488,,
2017-10-20,275.1506,,284.0262,,226.392077,,,234.639108,,
2017-10-23,274.6863,,284.222655,,225.960841,,,234.750276,,
2017-10-24,274.5173,,283.74591,,226.005777,,,234.547424,,
2017-10-25,273.4442,,281.416483,,225.27897,,,232.783772,,
2017-10-26,273.2165,,285.111487,,225.359222,,,236.120863,,
2017-10-27,274.6728,,287.730255,,226.656388,,,238.390572,,
2017-10-30,274.9208,,286.875212,,226.400206,,,237.199341,,
2017-10-31,275.0725,,287.144418,,226.553275,,,237.451428,,
2017-11-01,276.0094,,288.826769,,226.767357,,,238.256822,,
2017-11-02,276.2557,,288.077762,,226.875422,,,237.540231,,
2017-11-03,276.7524,,289.863757,,227.415868,,,239.152278,,
2017-11-06,278.2832,,291.444482,,227.702919,,,239.435577,,
2017-11-07,278.1947,,291.92014,,227.638144,,,239.834403,,
2017-11-08,278.3567,,291.865921,,227.804177,,,239.825097,,
2017-11-09,277.95,,290.260357,,227.243378,,,238.266793,,
2017-11-10,276.6962,,288.428256,,226.836974,,,237.410372,,
2017-11-13,276.8169,,288.452667,,226.964076,,,237.45992,,
2017-11-14,276.4574,,284.884107,,226.746079,,,234.60163,,
2017-11-15,275.9099,,284.493545,,226.238949,,,234.219875,,
2017-11-16,276.4242,,285.542119,,227.286538,,,235.732285,,
2017-11-17,277.1107,,285.804424,,226.988377,,,235.055549,,
2017-11-20,276.7191,,286.74336,,227.17127,,,236.351778,,
2017-11-21,277.891,,287.820329,,228.158018,,,237.265152,,
2017-11-22,278.3843,,286.265545,,228.18772,,,235.595963,,
2017-11-24,278.5396,,283.868066,,228.491542,,,233.803472,,
2017-11-27,278.2187,,284.277404,,228.425065,,,234.342478,,
2017-11-28,280.0476,,287.611019,,229.815321,,,236.975735,,
2017-11-29,279.503,,286.823946,,229.503898,,,236.466833,,
2017-11-30,280.8075,,286.787599,,230.555469,,,236.416797,,
2017-12-01,281.8151,,288.034432,,230.529398,,,236.568927,,
2017-12-04,281.5645,,288.508389,,230.356458,,,236.991176,,
2017-12-05,280.8772,,288.763072,,229.955723,,,237.367156,,
2017-12-06,280.5332,,289.133158,,230.066402,,,238.077345,,
2017-12-07,280.129,,289.280634,,230.391517,,,238.879571,,
2017-12-08,281.175,,290.439754,,231.105142,,,239.684638,,
2017-12-11,281.5181,,290.816398,,231.49205,,,240.104271,,
2017-12-12,281.669,,291.633937,,231.693828,,,240.860015,,
2017-12-13,282.359,,290.271747,,231.949014,,,239.412542,,
2017-12-14,281.7592,,290.830689,,231.401979,,,239.817257,,
2017-12-15,283.1885,,293.089875,,232.581392,,,241.68595,,
2017-12-18,284.0748,,293.12378,,233.346052,,,241.751978,,
2017-12-19,282.9304,,290.547132,,232.529125,,,239.753841,,
2017-12-20,282.8778,,289.690486,,232.249072,,,238.803446,,
2017-12-21,284.1891,,290.962288,,232.622979,,,239.12949,,
2017-12-22,284.4972,,291.653532,,232.631211,,,239.446482,,
2017-12-26,285.1201,,292.311821,,232.541298,,,239.370083,,
2017-12-27,285.9752,,292.4929,,232.898179,,,239.168668,,
2017-12-28,286.452,,291.604265,,233.118944,,,238.270796,,
2017-12-29,286.0848,,289.714241,,232.687072,,,236.59118,,
2018-01-02,287.5423,,289.903094,,233.548437,,,236.41733,,
2018-01-03,288.884,,292.322494,,234.440528,,,238.189533,,
2018-01-04,289.8924,,292.030303,,234.979191,,,237.668557,,
2018-01-05,290.6145,,293.750845,,235.855196,,,239.363832,,
2018-01-08,290.9518,,295.576142,,236.092987,,,240.81451,,
2018-01-09,290.4272,,295.792145,,236.144584,,,241.478558,,
2018-01-10,290.0513,,295.134851,,235.926541,,,241.031451,,
2018-01-11,292.0638,,295.110278,,237.003102,,,240.442852,,
2018-01-12,294.0088,,292.900524,,237.921051,,,237.981899,,
2018-01-16,294.0805,,291.624132,,237.456742,,,236.424769,,
2018-01-17,295.2667,,294.602716,,238.712549,,,239.138093,,
2018-01-18,294.1156,,292.202372,,238.258085,,,237.664633,,
2018-01-19,294.6281,,293.248346,,238.703767,,,238.545877,,
2018-01-22,296.3777,,293.849412,,239.836175,,,238.751016,,
2018-01-23,297.2251,,293.81497,,240.366518,,,238.5688,,
2018-01-24,297.4888,,291.499173,,240.217165,,,236.331701,,
2018-01-25,297.6617,,291.995728,,240.532035,,,236.906896,,
2018-01-26,299.2701,,292.730256,,242.019244,,,237.686995,,
2018-01-29,297.926,,292.528807,,240.88651,,,237.47831,,
2018-01-30,295.5719,,289.730624,,239.253553,,,235.472877,,
2018-01-31,295.8611,,289.757112,,239.403097,,,235.411263,,
2018-02-01,295.0476,,286.768029,,238.932704,,,233.166138,,
2018-02-02,291.3732,,284.399538,,235.542918,,,230.834421,,
2018-02-05,289.9832,,285.06835,,230.003642,,,227.018951,,
2018-02-06,291.272,,286.097021,,232.457077,,,229.24961,,
2018-02-07,290.7362,,288.22783,,231.488463,,,230.418524,,
2018-02-08,291.5437,,289.408328,,226.124908,,,225.375656,,
2018-02-09,290.2982,,288.110785,,228.044076,,,227.240221,,
2018-02-12,291.2804,,288.111836,,230.084452,,,228.501126,,
2018-02-13,291.8239,,287.268102,,230.451136,,,227.770061,,
2018-02-14,290.7801,,283.955142,,232.005002,,,227.474983,,
2018-02-15,291.7013,,283.560972,,233.897459,,,228.288919,,
2018-02-16,292.0903,,286.158624,,234.118681,,,230.291023,,
2018-02-20,291.5826,,287.337686,,233.147745,,,230.681858,,
2018-02-21,290.3716,,287.407008,,232.15053,,,230.708785,,
2018-02-22,290.7112,,286.646265,,232.338419,,,230.015335,,
2018-02-23,291.2396,,288.015239,,234.799052,,,233.137759,,
2018-02-26,291.7002,,287.913331,,236.500615,,,234.373528,,
2018-02-27,291.6533,,289.869794,,234.523411,,,234.031063,,
2018-02-28,291.5136,,290.650525,,233.36056,,,233.609761,,
2018-03-01,291.7914,,289.186672,,231.413883,,,230.27481,,
2018-03-02,291.0423,,287.289629,,231.974977,,,229.909127,,
2018-03-05,291.3715,,287.152935,,233.536904,,,231.085633,,
2018-03-06,292.2427,,286.44874,,233.900841,,,230.1899,,
2018-03-07,291.5659,,285.603446,,233.842607,,,229.986103,,
2018-03-08,291.4503,,287.8022,,234.664286,,,232.663275,,
2018-03-09,292.0584,,288.587873,,236.93576,,,235.06622,,
2018-03-12,293.0746,,288.88524,,236.812325,,,234.370372,,
2018-03-13,292.9953,,287.51095,,236.023034,,,232.540906,,
2018-03-14,293.1638,,288.195043,,235.451312,,,232.395928,,
2018-03-15,291.9093,,288.42179,,235.310252,,,233.438359,,
2018-03-16,291.5967,,288.495112,,235.406261,,,233.843391,,
2018-03-19,291.3319,,287.130202,,233.394723,,,230.95805,,
2018-03-20,290.8225,,288.826839,,233.484516,,,232.819238,,
2018-03-21,292.2305,,287.955146,,233.202781,,,230.719481,,
2018-03-22,291.7715,,288.346568,,229.886757,,,228.10621,,
2018-03-23,290.9541,,286.342324,,226.947602,,,224.252812,,
2018-03-26,292.9037,,286.166818,,230.641854,,,226.247492,,
2018-03-27,292.8525,,287.067281,,228.550875,,,224.941136,,
2018-03-28,291.8558,,288.291609,,228.198642,,,226.322622,,
2018-03-29,292.1259,,288.732015,,230.210886,,,228.455686,,
2018-04-02,292.078,,288.651816,,227.132988,,,225.375602,,
2018-04-03,292.0491,,289.373659,,228.781096,,,227.601173,,
2018-04-04,292.4655,,289.595062,,230.280729,,,228.941931,,
2018-04-05,292.2871,,290.333568,,231.239722,,,230.622289,,
2018-04-06,291.8724,,288.974831,,228.361112,,,227.007588,,
2018-04-09,292.7295,,288.854224,,229.10949,,,226.989906,,
2018-04-10,293.8843,,289.174578,,231.23033,,,228.444002,,
2018-04-11,294.2033,,289.221602,,230.58162,,,227.59311,,
2018-04-12,293.5273,,289.509869,,231.511937,,,229.265917,,
2018-04-13,293.3332,,289.240986,,231.135251,,,228.83162,,
2018-04-16,293.4483,,288.192743,,232.288447,,,229.049997,,
2018-04-17,293.5343,,288.514936,,233.810077,,,230.74054,,
2018-04-18,293.4848,,288.356709,,233.648139,,,230.493142,,
2018-04-19,293.0029,,288.550192,,232.645755,,,230.036005,,
2018-04-20,292.4464,,289.392297,,231.201878,,,229.711788,,
2018-04-23,292.2404,,291.017166,,231.139561,,,231.102091,,
2018-04-24,291.9789,,290.202893,,229.147198,,,228.673615,,
2018-04-25,291.9348,,291.867578,,229.364452,,,230.238173,,
2018-04-26,292.186,,293.489637,,230.920853,,,232.888347,,
2018-04-27,292.3619,,293.106897,,231.162468,,,232.687911,,
2018-04-30,291.9208,,293.844782,,230.119532,,,232.572125,,
2018-05-01,291.5225,,295.548362,,230.285319,,,234.408829,,
2018-05-02,291.2133,,296.245311,,229.360144,,,234.266111,,
2018-05-03,291.5616,,295.676768,,229.156422,,,233.329766,,
2018-05-04,291.9976,,296.82211,,231.003036,,,235.768559,,
2018-05-07,292.0732,,297.835337,,231.426683,,,236.94589,,
2018-05-08,292.1327,,299.354882,,231.326365,,,238.003061,,
2018-05-09,292.1355,,299.696254,,232.557308,,,239.54009,,
2018-05-10,292.6979,,298.635181,,234.071975,,,239.785004,,
2018-05-11,292.7517,,298.119624,,234.545734,,,239.811449,,
2018-05-14,292.338,,297.992881,,234.519932,,,240.022311,,
2018-05-15,291.7238,,299.597504,,233.134448,,,240.394216,,
2018-05-16,291.5416,,300.19399,,233.619735,,,241.525074,,
2018-05-17,291.3358,,300.330574,,233.378091,,,241.555544,,
2018-05-18,291.5671,,301.197307,,233.264588,,,241.942753,,
2018-05-21,291.7823,,300.834225,,234.331905,,,242.577747,,
2018-05-22,291.5507,,300.92977,,233.939987,,,242.441388,,
2018-05-23,291.8502,,303.371588,,234.58686,,,244.832929,,
2018-05-24,292.1074,,303.022294,,234.548959,,,244.296232,,
2018-05-25,291.9939,,304.758715,,234.417726,,,245.654113,,
2018-05-29,293.0343,,308.722998,,233.414629,,,246.90497,,
2018-05-30,293.284,,305.763956,,235.051797,,,246.043972,,
2018-05-31,292.9242,,304.628639,,234.108167,,,244.446193,,
2018-06-01,292.7849,,305.343122,,235.375866,,,246.463513,,
2018-06-04,292.4212,,303.900168,,235.819508,,,246.066816,,
2018-06-05,292.6073,,303.603049,,236.004185,,,245.862285,,
2018-06-06,292.3639,,301.892161,,236.971498,,,245.683189,,
2018-06-07,293.4274,,302.358556,,237.159229,,,245.365142,,
2018-06-08,293.376,,303.112315,,237.448551,,,246.320047,,
2018-06-11,293.2988,,302.636466,,237.543611,,,246.09657,,
2018-06-12,293.0722,,303.365635,,237.752691,,,247.097548,,
2018-06-13,292.9867,,302.075989,,237.20747,,,245.5545,,
2018-06-14,293.3855,,308.368798,,237.802504,,,250.957073,,
2018-06-15,292.2971,,306.181829,,237.650467,,,249.945208,,
2018-06-18,291.9796,,305.417666,,237.381993,,,249.310547,,
2018-06-19,292.4488,,306.821888,,236.936417,,,249.585613,,
2018-06-20,291.5159,,306.311027,,237.000016,,,250.034534,,
2018-06-21,291.7012,,305.64453,,236.130139,,,248.416862,,
2018-06-22,291.9727,,304.548336,,236.478266,,,247.660333,,
2018-06-25,292.4251,,303.771784,,234.491804,,,244.574789,,
2018-06-26,291.9215,,304.727625,,234.961004,,,246.259373,,
2018-06-27,292.73,,308.039357,,233.960395,,,247.190944,,
2018-06-28,292.8851,,307.821551,,234.751754,,,247.72043,,
2018-06-29,292.671,,304.586792,,235.036458,,,245.594052,,
2018-07-02,291.7945,,304.786098,,235.257969,,,246.725269,,
2018-07-03,292.6481,,305.182128,,234.949658,,,246.002455,,
2018-07-05,293.2098,,304.930868,,236.1884,,,246.622507,,
2018-07-06,293.4723,,303.841878,,237.477127,,,246.861599,,
2018-07-09,293.5045,,303.67091,,238.680751,,,247.945973,,
2018-07-10,293.6221,,303.947789,,239.120354,,,248.529548,,
2018-07-11,292.4665,,304.606042,,238.100351,,,248.985271,,
2018-07-12,293.1096,,305.336,,239.52245,,,250.521746,,
2018-07-13,293.1288,,304.995347,,239.730289,,,250.442984,,
2018-07-16,292.1977,,303.323029,,239.482142,,,249.604817,,
2018-07-17,291.5331,,303.948977,,240.030331,,,251.263946,,
2018-07-18,291.3349,,304.321723,,240.309772,,,252.036308,,
2018-07-19,291.478,,304.397969,,239.907136,,,251.553504,,
2018-07-20,290.7485,,301.625487,,239.555457,,,249.521434,,
2018-07-23,289.3769,,300.893268,,239.4801,,,250.01685,,
2018-07-24,290.1922,,301.960542,,240.34358,,,251.100873,,
2018-07-25,291.4806,,302.15292,,241.584288,,,251.44156,,
2018-07-26,290.8796,,303.736516,,241.185562,,,252.863581,,
2018-07-27,290.6305,,303.192549,,240.283268,,,251.681968,,
2018-07-30,290.3128,,301.518264,,239.42577,,,249.671845,,
2018-07-31,291.0382,,302.646568,,240.214864,,,250.805393,,
2018-08-01,289.2271,,301.580978,,239.885112,,,251.142084,,
2018-08-02,289.2267,,303.535732,,240.702904,,,253.631976,,
2018-08-03,289.9802,,304.81067,,241.529869,,,254.908257,,
2018-08-06,289.6407,,304.7753,,242.131373,,,255.812923,,
2018-08-07,289.6185,,303.572167,,242.437709,,,255.144998,,
2018-08-08,289.4251,,303.071559,,242.374269,,,254.827762,,
2018-08-09,289.8379,,305.691907,,242.317193,,,256.604479,,
2018-08-10,290.5084,,309.503082,,241.549485,,,258.382821,,
2018-08-13,289.5851,,308.557269,,241.050749,,,257.880968,,
2018-08-14,289.4363,,310.187595,,241.893434,,,260.283563,,
2018-08-15,288.1527,,308.779303,,240.937773,,,259.227826,,
2018-08-16,288.3579,,308.143614,,242.162713,,,259.824337,,
2018-08-17,289.0319,,307.254196,,242.735768,,,259.081891,,
2018-08-20,290.0912,,307.160887,,243.244305,,,258.598068,,
2018-08-21,290.7102,,305.451235,,243.493286,,,256.873819,,
2018-08-22,291.263,,305.335387,,243.499125,,,256.295195,,
2018-08-23,290.5208,,306.117373,,243.244828,,,257.338993,,
2018-08-24,292.4198,,305.954468,,244.227661,,,256.564232,,
2018-08-27,293.255,,305.304339,,245.260244,,,256.369257,,
2018-08-28,292.2247,,303.799836,,245.142932,,,255.882878,,
2018-08-29,293.3826,,304.672715,,245.924001,,,256.419684,,
2018-08-30,293.0232,,305.232918,,245.368957,,,256.625741,,
2018-08-31,292.4213,,306.451876,,245.363032,,,258.174679,,
2018-09-04,291.4848,,305.99536,,245.005368,,,258.241338,,
2018-09-05,291.2959,,304.519089,,244.562414,,,256.697181,,
2018-09-06,291.2911,,304.681749,,244.282857,,,256.544938,,
2018-09-07,290.4283,,305.656967,,243.652171,,,257.464222,,
2018-09-10,290.4993,,304.679289,,243.998435,,,256.942603,,
2018-09-11,290.102,,303.926976,,244.318892,,,256.996266,,
2018-09-12,290.7548,,304.050164,,244.411684,,,256.620619,,
2018-09-13,290.9341,,302.561608,,245.348899,,,256.185498,,
2018-09-14,290.1647,,303.547967,,245.190333,,,257.535635,,
2018-09-17,290.3041,,302.097665,,244.411527,,,255.368379,,
2018-09-18,290.0657,,302.330929,,244.993247,,,256.384373,,
2018-09-19,289.5159,,301.553638,,244.965736,,,256.182071,,
2018-09-20,290.7624,,300.151788,,246.283658,,,255.263971,,
2018-09-21,290.5331,,300.688712,,246.217681,,,255.853863,,
2018-09-24,290.3276,,300.455566,,245.632909,,,255.228822,,
2018-09-25,290.4947,,300.158352,,245.448817,,,254.638694,,
2018-09-26,290.3337,,300.730678,,245.244576,,,255.053291,,
2018-09-27,290.0198,,302.890744,,245.726932,,,257.669105,,
2018-09-28,290.0802,,303.940807,,245.638369,,,258.415385,,
2018-10-01,290.1326,,304.649504,,246.123432,,,259.482542,,
2018-10-02,291.1836,,306.57661,,246.143868,,,260.203038,,
2018-10-03,289.8259,,306.992276,,245.753052,,,261.360777,,
2018-10-04,288.9582,,305.105547,,244.330603,,,259.026491,,
2018-10-05,287.9795,,303.926972,,243.284848,,,257.79469,,
2018-10-08,287.2908,,303.949506,,243.249607,,,258.394405,,
2018-10-09,288.3825,,305.117786,,243.179115,,,258.330766,,
2018-10-10,285.3215,,301.166226,,238.537571,,,252.801588,,
2018-10-11,284.6627,,298.514009,,235.66032,,,248.125759,,
2018-10-12,284.7529,,299.533579,,237.656052,,,251.002169,,
2018-10-15,284.4659,,298.670892,,236.789501,,,249.618268,,
2018-10-16,285.9479,,300.372168,,239.951275,,,253.073736,,
2018-10-17,285.5797,,301.8896,,239.77824,,,254.496506,,
2018-10-18,284.954,,302.490703,,237.644569,,,253.289043,,
2018-10-19,284.1963,,300.103611,,237.477298,,,251.782845,,
2018-10-22,283.5189,,300.667988,,236.826309,,,252.165902,,
2018-10-23,283.4282,,300.419806,,236.21845,,,251.39148,,
2018-10-24,281.2617,,300.167373,,232.171661,,,248.778779,,
2018-10-25,282.4619,,301.909404,,234.590996,,,251.755716,,
2018-10-26,282.0508,,300.695393,,232.332325,,,248.691141,,
2018-10-29,280.9105,,300.288152,,231.46205,,,248.428408,,
2018-10-30,281.824,,302.045503,,233.381224,,,251.13749,,
2018-10-31,281.7811,,302.843188,,234.833539,,,253.406242,,
2018-11-01,283.2879,,301.887197,,236.347221,,,252.882284,,
2018-11-02,281.9812,,301.051519,,235.221113,,,252.143749,,
2018-11-05,282.7992,,301.411326,,236.067472,,,252.620608,,
2018-11-06,282.8811,,300.994602,,236.978208,,,253.171271,,
2018-11-07,284.3061,,302.5082,,240.099139,,,256.503215,,
2018-11-08,283.4995,,303.306443,,239.665434,,,257.445898,,
2018-11-09,282.5498,,303.04245,,238.377026,,,256.698953,,
2018-11-12,280.1468,,303.607037,,235.862333,,,256.646883,,
2018-11-13,279.1851,,300.659165,,235.633058,,,254.782542,,
2018-11-14,279.0644,,300.056057,,234.677895,,,253.350275,,
2018-11-15,280.5277,,301.142023,,236.259395,,,254.64546,,
2018-11-16,282.0333,,300.342242,,236.775806,,,253.165539,,
2018-11-19,280.6765,,297.952557,,234.371387,,,249.802564,,
2018-11-20,278.0181,,297.282493,,231.728684,,,248.786777,,
2018-11-21,278.7933,,297.734307,,232.270165,,,249.052675,,
2018-11-23,277.3261,,297.424144,,231.311356,,,249.077024,,
2018-11-26,278.8221,,299.237105,,233.535501,,,251.64737,,
2018-11-27,278.7074,,300.195247,,234.024373,,,253.085718,,
2018-11-28,281.1758,,300.754227,,237.441634,,,255.001015,,
2018-11-29,281.6767,,300.591797,,237.171339,,,254.120465,,
2018-11-30,282.4132,,303.350902,,238.02096,,,256.700514,,
2018-12-03,285.0668,,305.286833,,240.066868,,,258.133813,,
2018-12-04,283.8954,,304.295039,,235.651459,,,253.605044,,
2018-12-06,283.7005,,303.177306,,235.675225,,,252.872588,,
2018-12-07,282.4909,,301.439504,,232.514352,,,249.11318,,
2018-12-10,282.4709,,302.424217,,232.843165,,,250.298117,,
2018-12-11,282.4052,,303.379836,,232.901061,,,251.209886,,
2018-12-12,282.6056,,302.217109,,233.538398,,,250.75397,,
2018-12-13,282.2944,,302.200651,,233.512992,,,250.989421,,
2018-12-14,280.2669,,301.442324,,230.957519,,,249.411091,,
2018-12-17,279.2541,,299.188341,,228.394493,,,245.686883,,
2018-12-18,279.405,,299.004817,,228.503119,,,245.520285,,
2018-12-19,278.7716,,297.920499,,226.535728,,,243.074724,,
2018-12-20,277.5438,,294.804656,,224.236716,,,239.144704,,
2018-12-21,275.3501,,294.427032,,221.43942,,,237.738006,,
2018-12-24,273.5865,,291.7688,,217.988751,,,233.415399,,
2018-12-26,277.7006,,297.400761,,224.435199,,,241.327862,,
2018-12-27,279.0972,,296.893053,,225.613792,,,240.969146,,
2018-12-28,279.8605,,297.397955,,225.773172,,,240.89065,,
2018-12-31,281.1645,,298.66358,,227.179056,,,242.293246,,
2019-01-02,282.2246,,302.490847,,227.40046,,,244.714638,,
2019-01-03,281.8463,,300.749026,,224.516625,,,240.542396,,
2019-01-04,283.6327,,302.554322,,228.756306,,,245.002984,,
2019-01-07,284.5247,,301.45851,,229.684801,,,244.33803,,
2019-01-08,285.0596,,302.922857,,230.919315,,,246.381371,,
2019-01-09,286.1651,,301.415503,,231.642306,,,244.972895,,
2019-01-10,285.4625,,301.781452,,232.022561,,,246.27761,,
2019-01-11,285.7988,,302.966864,,232.207714,,,247.151136,,
2019-01-14,285.0359,,302.173946,,231.226822,,,246.119997,,
2019-01-15,285.4953,,304.108903,,232.837125,,,249.01966,,
2019-01-16,285.9629,,305.187254,,233.250491,,,249.936971,,
2019-01-17,286.7942,,306.149692,,234.248446,,,251.068031,,
2019-01-18,287.2194,,307.329511,,236.040168,,,253.587385,,
2019-01-22,286.4936,,306.614963,,234.205908,,,251.667712,,
2019-01-23,286.1869,,305.691985,,234.59854,,,251.60012,,
2019-01-24,286.9529,,308.57888,,234.84162,,,253.560667,,
2019-01-25,288.5686,,307.579309,,235.989873,,,252.553067,,
2019-01-28,287.9577,,306.390904,,234.853945,,,250.897462,,
2019-01-29,288.9964,,307.358902,,234.910775,,,250.846206,,
2019-01-30,290.7824,,307.954449,,237.350335,,,252.382625,,
2019-01-31,292.7156,,310.887417,,238.891011,,,254.746556,,
2019-02-01,292.4214,,310.374301,,238.762232,,,254.444734,,
2019-02-04,292.1028,,310.518704,,239.688886,,,255.829827,,
2019-02-05,293.2114,,312.558118,,240.494786,,,257.398986,,
2019-02-06,292.2799,,312.725062,,240.249284,,,258.093505,,
2019-02-07,291.9961,,313.041305,,238.919992,,,257.174747,,
2019-02-08,292.8063,,314.453408,,239.315112,,,258.046071,,
2019-02-11,292.1189,,314.958865,,239.298272,,,259.050825,,
2019-02-12,293.1809,,314.744487,,241.152528,,,259.93545,,
2019-02-13,293.0067,,316.345336,,241.451542,,,261.73699,,
2019-02-14,294.1675,,316.639696,,241.279046,,,260.760325,,
2019-02-15,295.977,,318.686186,,242.925128,,,262.620697,,
2019-02-19,297.6683,,319.116692,,243.234843,,,261.814658,,
2019-02-20,297.4759,,319.017331,,243.540456,,,262.231489,,
2019-02-21,294.8079,,316.209128,,242.801916,,,261.480093,,
2019-02-22,296.3891,,318.008925,,243.945707,,,262.797662,,
2019-02-25,296.0899,,316.952207,,244.122823,,,262.379444,,
2019-02-26,296.6875,,316.713463,,244.130587,,,261.662031,,
2019-02-27,295.0475,,315.486342,,243.8506,,,261.796411,,
2019-02-28,293.8912,,314.219541,,243.410272,,,261.298397,,
2019-03-01,292.8006,,313.271157,,244.161732,,,262.287312,,
2019-03-04,293.1031,,314.244717,,243.742961,,,262.3801,,
2019-03-05,293.2002,,315.235658,,243.61172,,,262.978648,,
2019-03-06,292.6849,,314.717813,,242.872829,,,262.211162,,
2019-03-07,292.3197,,317.492748,,241.92511,,,263.820117,,
2019-03-08,292.915,,317.05444,,241.758747,,,262.739676,,
2019-03-11,294.0702,,317.945325,,243.872543,,,264.737566,,
2019-03-12,295.7312,,318.55413,,244.606923,,,264.54897,,
2019-03-13,296.8938,,318.688259,,245.532646,,,264.621676,,
2019-03-14,295.3009,,317.6094,,245.291067,,,264.887549,,
2019-03-15,296.7795,,318.613393,,246.268529,,,265.454615,,
2019-03-18,297.3886,,318.943403,,246.77907,,,265.735066,,
2019-03-19,297.3093,,318.417338,,246.762985,,,265.350227,,
2019-03-20,298.672,,318.139117,,246.723509,,,263.866545,,
2019-03-21,299.8959,,320.583195,,248.406814,,,266.615237,,
2019-03-22,299.132,,321.826726,,246.042571,,,265.779038,,
2019-03-25,299.7756,,322.191255,,246.116816,,,265.588944,,
2019-03-26,300.45,,324.234658,,247.23756,,,267.887785,,
2019-03-27,300.366,,324.763825,,246.663938,,,267.77731,,
2019-03-28,300.2016,,325.30938,,247.236154,,,268.996605,,
2019-03-29,300.7988,,326.005928,,248.162362,,,270.045253,,
2019-04-01,300.5051,,325.829949,,249.462305,,,271.578459,,
2019-04-02,300.8811,,326.473489,,249.652652,,,271.982169,,
2019-04-03,299.8141,,324.513435,,249.70346,,,271.366619,,
2019-04-04,300.7292,,325.863679,,250.169073,,,272.173108,,
2019-04-05,301.6904,,327.04805,,250.978334,,,273.172856,,
2019-04-08,301.7992,,325.780314,,251.042959,,,272.085899,,
2019-04-09,301.6987,,325.700748,,250.332326,,,271.339792,,
2019-04-10,302.6234,,326.345462,,251.040576,,,271.813005,,
2019-04-11,301.0918,,325.30266,,250.867675,,,272.135142,,
2019-04-12,301.0708,,323.949889,,251.692173,,,271.913109,,
2019-04-15,301.0167,,323.754136,,251.581909,,,271.678568,,
2019-04-16,299.9581,,323.270506,,251.49598,,,272.137113,,
2019-04-17,299.5765,,322.490456,,251.118869,,,271.418663,,
2019-04-18,300.2116,,325.042076,,251.553582,,,273.460029,,
2019-04-22,300.2531,,324.263959,,251.554306,,,272.768473,,
2019-04-23,301.2614,,326.22519,,253.096851,,,275.176905,,
2019-04-24,301.7343,,328.899315,,252.993543,,,276.884701,,
2019-04-25,301.463,,329.258978,,252.889234,,,277.322552,,
2019-04-26,302.4623,,330.104266,,253.799008,,,278.112842,,
2019-04-29,301.5969,,327.803139,,253.856711,,,277.029565,,
2019-04-30,302.3866,,327.788153,,254.001597,,,276.451146,,
2019-05-01,301.1057,,327.032431,,252.926209,,,275.814387,,
2019-05-02,299.7391,,326.221394,,252.370081,,,275.777064,,
2019-05-03,301.6389,,327.395098,,254.023016,,,276.827434,,
2019-05-06,301.6172,,327.415392,,253.526174,,,276.322995,,
2019-05-07,300.6956,,326.671654,,251.109106,,,273.903812,,
2019-05-08,299.9452,,325.827313,,250.876015,,,273.62511,,
2019-05-09,300.2222,,325.473859,,250.47764,,,272.642471,,
2019-05-10,300.8322,,325.60961,,251.249503,,,273.041928,,
2019-05-13,299.4114,,324.366352,,247.632453,,,269.355756,,
2019-05-14,300.1462,,325.702243,,249.051182,,,271.348699,,
2019-05-15,301.5085,,327.268172,,250.108995,,,272.574208,,
2019-05-16,301.6932,,328.257041,,251.376147,,,274.614732,,
2019-05-17,300.5505,,327.506161,,250.422195,,,273.98455,,
2019-05-20,299.6503,,326.253261,,249.294461,,,272.523533,,
2019-05-21,300.4812,,327.366091,,250.640357,,,274.169174,,
2019-05-22,300.3605,,327.484048,,250.337389,,,274.046516,,
2019-05-23,300.0695,,326.248025,,248.796648,,,271.595017,,
2019-05-24,300.5211,,326.0916,,249.172854,,,271.466725,,
2019-05-28,299.901,,326.687136,,247.927438,,,271.1627,,
2019-05-29,299.3267,,326.922767,,246.954556,,,270.812051,,
2019-05-30,300.7033,,328.4794,,247.626483,,,271.592811,,
2019-05-31,301.2729,,327.93768,,246.082141,,,268.944449,,
2019-06-03,303.0277,,327.743748,,245.937037,,,267.071324,,
2019-06-04,304.4678,,328.973514,,249.050955,,,270.183617,,
2019-06-05,304.6956,,330.120391,,250.290775,,,272.271539,,
2019-06-06,306.4842,,330.444417,,251.256596,,,271.993819,,
2019-06-07,309.0153,,331.526872,,253.044277,,,272.575307,,
2019-06-10,308.0196,,331.048772,,253.473505,,,273.525258,,
2019-06-11,308.057,,330.665091,,253.421036,,,273.118529,,
2019-06-12,307.85,,331.578814,,253.281787,,,273.9068,,
2019-06-13,309.4018,,333.566442,,254.120531,,,275.07461,,
2019-06-14,309.2737,,335.496105,,253.933324,,,276.576596,,
2019-06-17,309.6733,,335.600181,,253.95216,,,276.325887,,
2019-06-18,312.1135,,338.991087,,255.834098,,,278.987913,,
2019-06-19,312.8969,,338.842966,,256.521927,,,278.915689,,
2019-06-20,316.6071,,340.871983,,258.175149,,,279.084895,,
2019-06-21,315.9035,,337.804927,,257.672424,,,276.65003,,
2019-06-24,317.2103,,338.321475,,257.680437,,,275.940197,,
2019-06-25,316.2861,,338.297371,,256.171869,,,275.106714,,
2019-06-26,315.3373,,337.208371,,255.791802,,,274.638147,,
2019-06-27,316.1951,,338.122692,,256.621942,,,275.527027,,
2019-06-28,317.2533,,339.287105,,257.368168,,,276.354966,,
2019-07-01,316.8216,,341.305438,,258.841181,,,279.970991,,
2019-07-02,318.8469,,343.499428,,259.427333,,,280.614938,,
2019-07-03,320.8051,,345.826618,,260.847376,,,282.328592,,
2019-07-05,318.5534,,345.029983,,260.228882,,,282.996669,,
2019-07-08,317.6477,,344.361945,,259.311433,,,282.255451,,
2019-07-09,317.975,,344.910541,,259.486284,,,282.60454,,
2019-07-10,319.2363,,344.955214,,260.294187,,,282.400948,,
2019-07-11,317.7569,,343.265096,,260.278666,,,282.308831,,
2019-07-12,318.8838,,343.990332,,261.095657,,,282.790402,,
2019-07-15,319.2329,,344.73705,,261.298818,,,283.314629,,
2019-07-16,317.7933,,344.655021,,260.679099,,,283.855504,,
2019-07-17,318.7052,,345.1944,,259.879969,,,282.61723,,
2019-07-18,319.9907,,344.973169,,260.622857,,,282.105596,,
2019-07-19,318.3911,,344.983284,,259.630082,,,282.451171,,
2019-07-22,318.9636,,345.948931,,260.146634,,,283.295917,,
2019-07-23,318.9846,,347.746304,,261.159931,,,285.858156,,
2019-07-24,320.4754,,349.735322,,262.046985,,,287.127772,,
2019-07-25,318.6054,,347.485597,,261.137405,,,285.959149,,
2019-07-26,319.5891,,349.254047,,262.210185,,,287.706902,,
2019-07-29,319.5348,,348.564912,,261.967494,,,286.922196,,
2019-07-30,319.9722,,348.729137,,261.567996,,,286.227811,,
2019-07-31,318.4563,,349.581035,,259.899116,,,286.453449,,
2019-08-01,319.2375,,350.131916,,259.348872,,,285.59684,,
2019-08-02,318.2344,,348.352911,,258.222465,,,283.80339,,
2019-08-05,315.0282,,341.869685,,254.014436,,,276.771135,,
2019-08-06,318.0562,,345.291299,,256.42176,,,279.503906,,
2019-08-07,318.5763,,345.84667,,256.454839,,,279.532474,,
2019-08-08,322.9333,,351.163028,,259.575536,,,283.407247,,
2019-08-09,321.1308,,348.638517,,258.379515,,,281.645436,,
2019-08-12,321.2721,,348.3129,,256.86312,,,279.607964,,
2019-08-13,323.1524,,351.684395,,259.117702,,,283.135309,,
2019-08-14,319.9446,,349.212485,,254.848619,,,279.285571,,
2019-08-15,321.3113,,351.702015,,255.714369,,,281.031646,,
2019-08-16,322.7904,,353.869026,,257.899235,,,283.87244,,
2019-08-19,323.4785,,354.991512,,259.487925,,,285.917632,,
2019-08-20,323.3751,,354.197008,,258.574944,,,284.364899,,
2019-08-21,323.9942,,355.358567,,259.79504,,,286.095907,,
2019-08-22,323.0937,,354.530821,,259.46644,,,285.862993,,
2019-08-23,320.5251,,349.874359,,255.891859,,,280.451506,,
2019-08-26,321.8549,,352.509681,,257.536226,,,283.204719,,
2019-08-27,323.0483,,354.132596,,257.262858,,,283.156652,,
2019-08-28,324.5747,,356.217012,,258.361316,,,284.694263,,
2019-08-29,326.2251,,358.695364,,260.272545,,,287.33464,,
2019-08-30,326.0614,,360.770061,,260.297199,,,289.169066,,
2019-09-03,325.7693,,360.939618,,259.361605,,,288.523586,,
2019-09-04,328.3652,,361.738804,,261.305617,,,289.026695,,
2019-09-05,327.9486,,361.319153,,262.8686,,,290.787109,,
2019-09-06,328.5764,,362.319491,,263.105734,,,291.297582,,
2019-09-09,327.5269,,360.436429,,262.739038,,,290.307025,,
2019-09-10,325.8798,,358.75373,,262.134071,,,289.743493,,
2019-09-11,326.9927,,361.051284,,263.275761,,,291.872347,,
2019-09-12,326.708,,359.002289,,263.652712,,,290.884733,,
2019-09-13,324.5276,,356.332594,,262.914548,,,289.847639,,
2019-09-16,326.9658,,361.376056,,262.71465,,,291.536257,,
2019-09-17,327.403,,359.486548,,263.272296,,,290.239413,,
2019-09-18,327.3994,,360.87105,,263.486551,,,291.597538,,
2019-09-19,327.7056,,360.842134,,263.624567,,,291.454319,,
2019-09-20,328.8152,,362.839519,,263.263185,,,291.678263,,
2019-09-23,329.1239,,363.982986,,263.273846,,,292.334867,,
2019-09-24,328.7766,,362.708035,,262.318672,,,290.560597,,
2019-09-25,327.4414,,363.786872,,262.821543,,,293.17412,,
2019-09-26,327.1746,,364.25275,,262.665156,,,293.614135,,
2019-09-27,326.4209,,362.722709,,261.951697,,,292.259907,,
2019-09-30,326.3462,,364.077322,,262.703624,,,294.26077,,
2019-10-01,324.2314,,360.556658,,261.018873,,,291.434924,,
2019-10-02,321.5307,,356.682259,,258.324101,,,287.723428,,
2019-10-03,324.1807,,359.45797,,259.993203,,,289.450426,,
2019-10-04,327.025,,362.198845,,262.274811,,,291.658022,,
2019-10-07,324.9002,,360.048879,,261.301837,,,290.740266,,
2019-10-08,322.7516,,358.121598,,258.911003,,,288.445556,,
2019-10-09,323.8807,,358.886372,,260.330968,,,289.633618,,
2019-10-10,323.6451,,357.523861,,261.026462,,,289.515466,,
2019-10-11,324.3883,,357.364186,,262.316583,,,290.150169,,
2019-10-14,324.9918,,358.35702,,262.31141,,,290.410244,,
2019-10-15,325.142,,358.278917,,263.527632,,,291.558411,,
2019-10-16,324.7282,,356.568956,,263.453863,,,290.455318,,
2019-10-17,325.0073,,355.184755,,263.899369,,,289.568148,,
2019-10-18,324.0873,,352.739732,,263.272318,,,287.705922,,
2019-10-21,324.8618,,354.229666,,264.058763,,,289.093351,,
2019-10-22,325.5879,,355.793677,,263.706059,,,289.335228,,
2019-10-23,326.475,,356.586786,,264.242496,,,289.780538,,
2019-10-24,326.8737,,357.874303,,264.539893,,,290.799025,,
2019-10-25,327.5282,,359.400043,,265.038815,,,292.004903,,
2019-10-28,326.746,,357.876302,,265.70572,,,292.19636,,
2019-10-29,326.7185,,357.450074,,265.670826,,,291.83459,,
2019-10-30,327.8956,,357.502453,,266.459943,,,291.6934,,
2019-10-31,329.094,,358.780101,,266.446899,,,291.65558,,
2019-11-01,331.1281,,360.564411,,267.966941,,,292.967386,,
2019-11-04,331.6741,,362.346801,,268.344525,,,294.345125,,
2019-11-05,329.601,,361.83458,,267.757585,,,295.130822,,
2019-11-06,329.5904,,362.087787,,267.955534,,,295.565195,,
2019-11-07,328.1646,,361.053228,,268.02158,,,296.074157,,
2019-11-08,327.588,,361.462368,,268.360987,,,297.307401,,
2019-11-11,327.0328,,360.355886,,268.079143,,,296.588679,,
2019-11-12,327.6623,,361.83335,,268.530688,,,297.733208,,
2019-11-13,328.4011,,362.734865,,268.770114,,,298.069067,,
2019-11-14,329.6932,,363.669731,,269.311057,,,298.2652,,
2019-11-15,330.7711,,363.93742,,270.423753,,,298.741272,,
2019-11-18,330.7292,,363.145256,,270.744416,,,298.482298,,
2019-11-19,330.8936,,363.119152,,270.774877,,,298.346118,,
2019-11-20,331.6728,,364.174763,,270.434511,,,298.135257,,
2019-11-21,331.2369,,364.146723,,270.016964,,,298.043724,,
2019-11-22,331.4296,,365.691253,,270.439042,,,299.601445,,
2019-11-25,332.6502,,367.201335,,271.801705,,,301.24502,,
2019-11-26,333.3297,,367.714354,,272.322667,,,301.627962,,
2019-11-27,333.642,,368.761572,,272.911738,,,302.857542,,
2019-11-29,332.8043,,367.29807,,272.173807,,,301.597183,,
2019-12-02,330.4209,,362.580778,,270.666268,,,298.210298,,
2019-12-03,330.9306,,363.058161,,270.070503,,,297.486777,,
2019-12-04,331.7109,,364.032478,,270.884966,,,298.480888,,
2019-12-05,331.4262,,362.852025,,271.050302,,,297.950313,,
2019-12-06,332.6612,,365.656321,,272.378295,,,300.60394,,
2019-12-09,332.3548,,365.203961,,271.926755,,,300.01067,,
2019-12-10,332.4138,,364.326987,,271.707573,,,298.99593,,
2019-12-11,333.8262,,364.652047,,272.467421,,,298.829903,,
2019-12-12,334.4058,,365.360674,,273.404358,,,299.919475,,
2019-12-13,335.2847,,366.607572,,273.940611,,100.0,300.742878,,100.0
2019-12-16,336.1955,,366.765584,,274.843431,,100.884434,301.046289,,100.654489
2019-12-17,336.1158,,366.494465,,274.89527,,100.353774,300.951835,,100.074748
2019-12-18,335.6756,,367.200122,,274.692358,,99.941038,301.703854,,99.986002
2019-12-19,336.5589,,367.944551,,275.484146,,100.176887,302.391196,,100.161572
2019-12-20,337.8739,,370.852906,,276.236735,,100.294811,304.424576,,100.67875
2019-12-23,338.5923,,371.209087,,276.403,,100.235849,304.25345,,100.502508
2019-12-24,339.3047,,372.131061,,276.540556,,100.471698,304.520205,,100.777155
2019-12-26,340.7195,,373.302184,,277.534614,,100.648585,305.303605,,100.851769
2019-12-27,340.556,,370.515151,,277.633387,,100.648585,303.27762,,100.146878
2019-12-30,339.397,,368.449638,,276.719765,,100.589623,301.620983,,99.870131
2019-12-31,339.3206,,367.585474,,276.866685,,100.176887,301.141114,,99.249414
2020-01-02,342.49,,372.689329,,278.72194,,101.591981,304.52395,,101.104572
2020-01-03,344.0641,,374.939196,,277.778881,,102.063679,303.928862,,101.719685
2020-01-06,344.8606,,374.43108,,278.331899,,101.945755,303.418831,,101.230122
2020-01-07,344.1109,,375.111243,,277.746535,,101.474057,303.991567,,101.164696
2020-01-08,342.8826,,375.354157,,278.500616,,101.356132,306.106942,,101.47478
2020-01-09,343.6263,,376.161512,,279.753841,,101.415094,307.478856,,101.531983
2020-01-10,344.0192,,376.188515,,279.46666,,102.122642,306.834431,,102.130909
2020-01-13,344.0533,,375.668257,,280.543793,,102.181604,307.560581,,102.038436
2020-01-14,344.1229,,375.987391,,280.386533,,102.358491,307.587083,,102.281217
2020-01-15,344.9655,,376.140641,,280.934223,,102.59434,307.560445,,102.308167
2020-01-16,345.5731,,377.246393,,282.335128,,102.417453,309.457719,,102.251913
2020-01-17,345.1414,,378.409541,,282.742918,,102.417453,311.249021,,102.695472
2020-01-21,345.0207,,378.492253,,282.727854,,102.417453,311.40937,,102.753854
2020-01-22,344.9721,,378.080714,,282.805452,,102.59434,311.199983,,102.833888
2020-01-23,345.502,,380.080025,,283.148238,,102.771226,312.744428,,103.397092
2020-01-24,345.3221,,380.819429,,281.844988,,102.889151,312.073058,,103.771146
2020-01-27,344.7186,,380.326393,,279.484955,,102.535377,309.600332,,103.461266
2020-01-28,344.3338,,379.79155,,281.145514,,102.358491,311.349403,,103.252796
2020-01-29,344.8941,,380.834535,,281.255667,,103.007075,311.819361,,104.023131
2020-01-30,345.4442,,380.705431,,281.81885,,102.830189,311.840446,,103.643986
2020-01-31,343.8135,,376.732803,,279.084557,,102.712264,307.041836,,102.930746
2020-02-03,343.259,,377.325737,,280.291162,,102.476415,309.353573,,103.022178
2020-02-04,343.0033,,377.566996,,282.472459,,102.653302,312.192937,,103.342974
2020-02-05,345.127,,381.476306,,284.26391,,102.712264,315.472564,,103.830092
2020-02-06,345.7204,,382.720271,,284.905898,,102.948113,316.671614,,104.22866
2020-02-07,345.9335,,384.285911,,284.3277,,103.125,317.126292,,104.770281
2020-02-10,346.7977,,386.404025,,285.731524,,103.419811,319.650087,,105.38565
2020-02-11,346.9974,,386.481305,,285.884447,,103.537736,319.70103,,105.466186
2020-02-12,347.415,,388.466107,,286.877904,,103.596698,322.07195,,105.940687
2020-02-13,348.0443,,390.368979,,286.771658,,103.478774,322.944756,,106.146175
2020-02-14,348.4811,,391.201771,,287.168792,,103.714623,323.675674,,106.481431
2020-02-18,349.3529,,393.568721,,286.871836,,104.245283,324.485558,,107.405109
2020-02-19,350.8366,,394.786567,,287.668264,,104.481132,325.012947,,107.524554
2020-02-20,351.5403,,396.290031,,287.217839,,104.658019,325.087803,,107.900347
2020-02-21,352.0609,,394.564606,,285.671574,,104.95283,321.453823,,107.573869
2020-02-24,349.3723,,391.352989,,280.359165,,104.245283,315.316124,,106.794504
2020-02-25,343.6616,,383.954899,,275.452691,,103.242925,308.99216,,105.492554
2020-02-26,341.3887,,381.429529,,274.732151,,103.066038,308.195216,,105.315685
2020-02-27,337.9584,,373.508551,,267.352279,,102.181604,296.66918,,103.281449
2020-02-28,337.4127,,372.059858,,267.464332,,102.181604,296.120519,,103.047251
2020-03-02,341.8554,,373.285156,,274.377298,,103.183962,300.813752,,103.044017
2020-03-03,342.8178,,373.13287,,270.41324,,104.540094,295.514866,,104.062759
2020-03-04,345.6493,,377.414303,,277.151664,,104.834906,303.844514,,104.68896
2020-03-05,347.2873,,375.710256,,271.961394,,105.424528,295.408267,,104.308121
2020-03-06,350.0647,,377.100843,,270.061793,,105.837264,292.094626,,104.270173
2020-03-09,346.5523,,368.362373,,257.275141,,103.242925,274.571551,,100.364258
2020-03-10,346.2429,,373.169049,,264.095884,,102.240566,285.783801,,100.776736
2020-03-11,344.0417,,371.145444,,254.866384,,99.115566,276.055778,,97.788373
2020-03-12,342.0005,,371.740737,,236.162593,,93.21934,257.736401,,92.668417
2020-03-13,343.3743,,375.949972,,249.748922,,94.28066,274.547269,,94.405477
2020-03-16,351.5909,,382.315519,,235.032457,,91.92217,256.603974,,91.414876
2020-03-17,352.4063,,389.610832,,240.208942,,90.153302,266.641514,,91.155169
2020-03-18,354.6549,,395.227387,,229.258532,,85.790094,256.517979,,87.436047
2020-03-19,349.2192,,397.109039,,231.592604,,84.846698,264.415909,,88.238661
2020-03-20,348.5093,,396.053583,,226.524064,,87.676887,258.467031,,91.124886
2020-03-23,340.299,,385.68489,,225.205183,,90.09434,256.272243,,93.385998
2020-03-24,344.3944,,388.155302,,238.181153,,94.339623,269.530595,,97.242448
2020-03-25,348.8662,,389.741068,,241.297231,,95.754717,270.657989,,97.833988
2020-03-26,348.4468,,384.042373,,250.047042,,97.936321,276.704117,,98.718547
2020-03-27,351.4139,,383.774158,,246.003157,,96.698113,269.742084,,96.579977
2020-03-30,351.576,,387.063128,,250.895236,,96.34434,277.33599,,97.006557
2020-03-31,347.0934,,382.588871,,248.382367,,96.049528,274.889388,,96.826341
2020-04-01,348.4194,,386.44711,,241.340974,,94.988208,268.763342,,96.353997
2020-04-02,348.7432,,390.583517,,244.821663,,96.698113,275.301922,,99.046348
2020-04-03,346.0417,,389.297313,,242.770013,,96.403302,274.220076,,99.187555
2020-04-06,348.6554,,392.761104,,253.02592,,99.056604,286.185961,,102.053479
2020-04-07,349.4617,,390.07656,,253.320314,,98.643868,283.904007,,100.700741
2020-04-08,350.7767,,392.799468,,258.517771,,99.292453,290.657672,,101.687764
2020-04-09,352.0086,,391.574821,,262.160745,,100.353774,292.806277,,102.095711
2020-04-13,350.7554,,390.985721,,260.239771,,100.707547,291.260396,,102.666996
2020-04-14,349.9842,,387.510967,,264.895281,,101.238208,294.483535,,102.516156
2020-04-15,351.6687,,391.870829,,261.960173,,100.766509,293.086439,,102.692267
2020-04-16,352.3449,,395.254555,,262.844691,,100.471698,296.046097,,103.077753
2020-04-17,352.487,,394.202685,,266.977732,,100.294811,299.780065,,102.581075
2020-04-20,355.1071,,397.51317,,264.00058,,100.117925,296.720999,,102.498217
2020-04-21,355.7897,,398.435041,,259.245417,,99.764151,291.491892,,102.176488
2020-04-22,357.0636,,401.07714,,262.696209,,100.707547,296.269792,,103.456231
2020-04-23,358.6648,,404.614099,,262.933375,,101.238208,297.81681,,104.450136
2020-04-24,357.4535,,401.567046,,265.079595,,101.591981,298.99646,,104.378307
2020-04-27,354.1831,,397.65052,,266.891127,,101.591981,300.856288,,104.314686
2020-04-28,355.5399,,399.52066,,266.57912,,102.240566,300.765669,,105.071867
2020-04-29,357.6371,,399.947566,,270.831525,,103.242925,304.096166,,105.592506
2020-04-30,354.4012,,393.397629,,269.0822,,101.474057,299.897441,,103.01581
2020-05-01,355.0734,,393.181662,,264.810025,,100.707547,294.41557,,101.988085
2020-05-04,355.8875,,396.771939,,265.34464,,100.884434,297.022788,,102.864302
2020-05-05,356.3962,,399.817681,,266.730316,,101.120283,300.436398,,103.747947
2020-05-06,352.8057,,397.414332,,265.212318,,99.941038,299.952757,,102.958947
2020-05-07,357.096,,400.798761,,267.464277,,101.356132,301.41052,,104.040809
2020-05-08,357.7077,,401.355633,,269.829964,,101.709906,303.978232,,104.370228
2020-05-11,356.2819,,400.810132,,269.541894,,100.943396,304.454532,,103.856851
2020-05-12,355.4983,,398.439036,,266.599913,,100.766509,300.009904,,103.288715
2020-05-13,354.6397,,398.538574,,263.945992,,100.589623,297.816887,,103.382849
2020-05-14,357.2857,,402.021231,,266.167734,,101.238208,300.704549,,104.18138
2020-05-15,357.8766,,402.209614,,266.968949,,101.415094,301.252828,,104.239915
2020-05-18,359.4068,,400.284401,,271.690632,,102.476415,303.814345,,104.380316
2020-05-19,359.1214,,399.724851,,270.129219,,102.240566,301.885785,,104.077156
2020-05-20,361.6389,,400.495579,,273.16352,,103.242925,303.736178,,104.567131
2020-05-21,359.8275,,399.555995,,272.11885,,102.830189,303.384342,,104.427826
2020-05-22,360.8175,,402.482377,,272.489617,,102.59434,305.183093,,104.663434
2020-05-26,360.1459,,398.696886,,274.325258,,102.535377,304.916834,,103.812681
2020-05-27,361.505,,399.426736,,276.932398,,102.948113,307.218826,,104.028783
2020-05-28,360.7654,,395.964487,,276.541458,,103.066038,304.749388,,103.456848
2020-05-29,362.2422,,396.704319,,277.579812,,103.596698,305.215792,,103.759078
2020-06-01,362.738,,396.044989,,278.18166,,104.186321,304.951798,,104.033803
2020-06-02,363.0883,,395.202948,,279.670139,,104.599057,305.636527,,104.123317
2020-06-03,361.6696,,391.419421,,281.628032,,104.481132,306.025405,,103.414286
2020-06-04,360.9023,,386.982073,,280.836728,,103.773585,302.347469,,101.765442
2020-06-05,362.2871,,390.142749,,285.225737,,104.481132,308.397335,,102.901296
2020-06-08,366.1545,,394.139923,,287.423446,,105.424528,310.641503,,103.786298
2020-06-09,366.7417,,393.187957,,286.287985,,105.483491,308.172777,,103.427663
2020-06-10,368.2172,,393.631252,,285.786948,,106.132075,306.746154,,103.763464
2020-06-11,360.967,,388.380557,,275.713931,,103.950472,297.851593,,102.288957
2020-06-12,361.8658,,390.876667,,277.81269,,104.481132,301.297497,,103.214897
2020-06-15,362.6133,,389.335242,,279.728704,,104.481132,301.556197,,102.595937
2020-06-16,363.1572,,391.989487,,282.74498,,104.658019,306.426203,,103.315284
2020-06-17,362.6703,,392.156818,,281.947094,,104.540094,306.102331,,103.381534
2020-06-18,363.9678,,394.869838,,282.12787,,104.834906,307.31816,,104.018171
2020-06-19,364.2059,,396.273934,,281.19487,,105.011792,307.19006,,104.495817
2020-06-22,365.4849,,394.60009,,282.243405,,105.542453,305.958682,,104.214279
2020-06-23,365.931,,393.43254,,283.015261,,105.955189,305.514737,,104.185099
2020-06-24,363.1865,,392.463654,,278.655938,,105.011792,302.335597,,103.781543
2020-06-25,364.8462,,395.409965,,280.588406,,105.542453,305.322451,,104.61098
2020-06-26,363.4967,,393.989563,,276.713567,,105.483491,301.138258,,104.563724
2020-06-29,364.8363,,394.562091,,279.254822,,105.601415,303.227951,,104.447815
2020-06-30,366.4612,,396.605163,,281.496695,,105.837264,305.88269,,104.756571
2020-07-01,365.8707,,395.350176,,282.734636,,105.778302,306.749989,,104.535356
2020-07-02,366.9851,,396.960127,,283.806572,,106.485849,308.228035,,105.342266
2020-07-06,368.4926,,396.123598,,286.425096,,107.488208,309.146439,,105.675685
2020-07-07,368.9993,,397.93503,,284.823878,,107.606132,308.399923,,106.12946
2020-07-08,369.7213,,396.728789,,286.099438,,107.724057,308.238929,,105.716859
2020-07-09,369.6937,,398.281118,,285.426649,,108.313679,308.740372,,106.719377
2020-07-10,370.5831,,398.79048,,287.031178,,108.195755,310.126931,,106.483348
2020-07-13,370.159,,396.697754,,285.531932,,108.254717,307.239711,,106.103708
2020-07-14,373.0665,,397.860147,,287.938707,,108.903302,308.315581,,106.217858
2020-07-15,374.1271,,398.571666,,289.536659,,109.375,309.700602,,106.565745
2020-07-16,373.2896,,398.657618,,289.031241,,109.021226,309.920427,,106.48233
2020-07-17,373.8492,,397.801517,,289.654414,,109.375,309.457752,,106.438893
2020-07-20,374.995,,398.250377,,291.188774,,109.964623,310.49641,,106.806089
2020-07-21,378.1768,,398.862906,,291.628834,,110.67217,308.823588,,106.752855
2020-07-22,380.5526,,399.87692,,292.719389,,111.084906,308.826366,,106.752733
2020-07-23,381.8231,,400.30197,,290.7671,,111.438679,306.070892,,106.849819
2020-07-24,381.4761,,397.940905,,289.608778,,111.497642,303.32919,,106.372468
2020-07-27,383.9001,,397.160452,,290.794446,,112.205189,302.054365,,106.16296
2020-07-28,384.2165,,398.709233,,289.765978,,112.441038,301.910982,,106.713025
2020-07-29,386.8881,,398.887097,,292.033643,,113.03066,302.307373,,106.579379
2020-07-30,385.5536,,395.648961,,291.505854,,112.912736,300.347335,,105.969407
2020-07-31,387.3193,,399.874269,,292.933907,,112.558962,303.65134,,106.278816
2020-08-03,387.782,,400.808073,,294.199854,,112.912736,305.311036,,106.734311
2020-08-04,392.104,,403.891406,,295.108438,,114.150943,305.208203,,107.536315
2020-08-05,393.1362,,402.88598,,295.981287,,114.917453,304.547199,,107.705385
2020-08-06,395.8875,,405.247756,,297.335415,,115.330189,305.595325,,107.970258
2020-08-07,393.6663,,406.157969,,297.31993,,114.091981,307.993817,,107.65499
2020-08-10,393.9315,,408.010551,,297.746349,,114.445755,309.633802,,108.408336
2020-08-11,386.0459,,399.771596,,295.95082,,112.441038,307.711533,,106.490322
2020-08-12,386.6678,,398.920467,,298.186306,,112.735849,308.878189,,106.370857
2020-08-13,386.7142,,397.9754,,297.417,,112.676887,307.314558,,106.05063
2020-08-14,386.2747,,396.603197,,297.314133,,112.205189,306.49736,,105.362288
2020-08-17,388.0638,,397.456606,,298.036115,,113.266509,306.483231,,106.096342
2020-08-18,389.2192,,396.585178,,298.59136,,113.856132,305.4715,,106.098918
2020-08-19,386.1729,,396.629316,,297.666993,,112.558962,306.962224,,105.729311
2020-08-20,387.3242,,397.010162,,298.437837,,112.794811,307.136981,,105.737349
2020-08-21,387.629,,399.56626,,299.192549,,112.853774,309.652477,,106.390032
2020-08-24,388.8017,,400.996076,,300.963176,,112.971698,311.65677,,106.559931
2020-08-25,388.4851,,399.078298,,301.343676,,113.207547,310.811488,,106.358311
2020-08-26,389.7946,,400.579209,,303.126607,,113.561321,312.77201,,106.732167
2020-08-27,388.0635,,399.090344,,303.107252,,112.323113,312.979569,,105.645222
2020-08-28,390.1612,,398.493537,,304.444168,,113.03066,312.2023,,105.581001
2020-08-31,390.0175,,397.238776,,304.052839,,113.207547,310.933732,,105.452098
2020-09-01,391.9874,,400.0764,,306.022173,,114.209906,313.599208,,106.60729
2020-09-02,393.689,,403.731561,,308.922868,,114.504717,318.083188,,107.392785
2020-09-03,389.0205,,399.055059,,302.580473,,113.443396,311.639477,,106.427009
2020-09-04,386.4647,,396.962554,,300.487443,,112.912736,309.89693,,106.07058
2020-09-08,382.9018,,395.357222,,295.694497,,111.851415,306.546772,,105.622406
2020-09-09,385.7926,,397.376805,,299.189224,,112.676887,309.418164,,106.144077
2020-09-10,383.2629,,394.373521,,296.084283,,112.028302,305.898648,,105.4268
2020-09-11,383.5135,,393.665099,,296.315228,,112.146226,305.387646,,105.279358
2020-09-14,386.2167,,395.784868,,298.673648,,112.912736,307.309708,,105.823805
2020-09-15,386.3034,,396.445165,,299.59064,,113.502358,308.698181,,106.529965
2020-09-16,386.7191,,397.899604,,298.816699,,113.266509,308.69812,,106.583924
2020-09-17,385.4129,,395.467857,,297.262582,,113.089623,306.250231,,106.125562
2020-09-18,383.1144,,393.461408,,295.065758,,112.441038,304.259197,,105.611404
2020-09-21,379.568,,392.031513,,293.121681,,111.20283,303.96989,,105.041166
2020-09-22,380.284,,394.881199,,295.007151,,111.084906,307.568733,,105.493514
2020-09-23,374.9838,,390.990579,,290.648317,,110.082547,304.279599,,104.974681
2020-09-24,376.0903,,391.865354,,291.128951,,110.200472,304.565963,,105.012378
2020-09-25,378.0738,,395.280403,,293.986219,,110.377358,308.607808,,105.540951
2020-09-28,381.0953,,397.209653,,297.013861,,111.379717,310.823721,,106.170684
2020-09-29,380.2254,,393.650263,,296.066627,,111.379717,307.75854,,105.460017
2020-09-30,379.4716,,393.654307,,297.218987,,111.143868,309.573313,,105.446833
2020-10-01,380.2058,,393.572992,,298.536908,,111.497642,310.281453,,105.556392
2020-10-02,378.5824,,392.909568,,296.710263,,111.20283,309.183272,,105.550509
2020-10-05,379.1225,,391.225715,,299.481829,,111.025943,310.291263,,104.7815
2020-10-06,376.9901,,390.603435,,297.02764,,110.67217,308.996965,,104.871346
2020-10-07,378.6406,,391.419503,,300.046876,,110.849057,311.426545,,104.799591
2020-10-08,382.0112,,394.984466,,301.798105,,111.674528,313.30813,,105.601565
2020-10-09,383.7752,,394.416607,,303.451135,,112.382075,313.125393,,105.630087
2020-10-12,386.3816,,397.724019,,306.616624,,112.794811,316.892759,,106.18589
2020-10-13,385.3083,,398.885452,,305.441638,,112.676887,317.482148,,106.680975
2020-10-14,385.0336,,398.546772,,304.363939,,112.676887,316.318868,,106.666442
2020-10-15,385.1129,,399.90912,,304.037597,,112.323113,316.994531,,106.673042
2020-10-16,383.8251,,398.367678,,303.867775,,112.087264,316.655186,,106.394529
2020-10-19,380.5241,,393.06242,,300.94775,,111.674528,312.120068,,105.498379
2020-10-20,380.2412,,391.042465,,301.571168,,111.615566,311.39082,,104.978853
2020-10-21,379.5571,,389.18008,,301.081168,,111.379717,309.961898,,104.446021
2020-10-22,379.3012,,390.194591,,301.854857,,110.731132,311.778694,,104.178733
2020-10-23,380.5637,,390.185873,,302.655001,,111.320755,311.561131,,104.383686
2020-10-26,378.1071,,389.26924,,299.455824,,111.025943,309.541765,,104.537481
2020-10-27,378.3582,,389.983507,,299.11611,,110.966981,309.552368,,104.604211
2020-10-28,371.2992,,384.287813,,292.80094,,109.198113,304.268015,,103.361794
2020-10-29,371.9015,,387.328233,,294.382927,,109.316038,307.832932,,104.123177
2020-10-30,369.5076,,385.75705,,292.219492,,108.608491,306.302763,,103.697092
2020-11-02,373.5006,,390.059629,,294.402001,,109.846698,308.696492,,104.915345
2020-11-03,375.4731,,389.769112,,297.456644,,110.377358,310.029843,,104.790254
2020-11-04,381.1608,,395.339171,,302.248007,,111.792453,314.757655,,106.044075
2020-11-05,385.2359,,396.185749,,305.895311,,113.620283,315.861108,,106.866176
2020-11-06,383.5059,,392.679214,,305.583192,,113.03066,314.156871,,105.845996
2020-11-09,383.7984,,394.99141,,307.312305,,112.028302,317.552604,,105.44465
2020-11-10,383.7163,,394.893544,,306.841287,,112.5,317.055153,,105.885042
2020-11-11,384.6299,,397.040371,,308.286519,,112.441038,319.519521,,106.152146
2020-11-12,384.7792,,396.32626,,307.008396,,113.03066,317.499284,,106.475535
2020-11-13,387.536,,398.093226,,309.583496,,113.738208,319.302098,,106.854157
2020-11-16,390.221,,400.340573,,311.888018,,114.799528,321.269055,,107.713807
2020-11-17,390.2179,,399.942506,,311.134086,,114.917453,320.176317,,107.718097
2020-11-18,388.0807,,398.064147,,308.977264,,114.622642,318.206303,,107.526061
2020-11-19,389.3667,,398.693634,,309.981099,,114.799528,318.688906,,107.50605
2020-11-20,389.4262,,399.333074,,308.832615,,115.566038,317.968801,,108.380873
2020-11-23,390.1753,,400.648699,,309.921544,,115.683962,319.526563,,108.639917
2020-11-24,391.5563,,400.359055,,312.741218,,115.978774,321.064138,,108.45417
2020-11-25,390.485,,398.526268,,312.411991,,115.860849,320.133798,,108.143796
2020-11-27,391.2422,,397.610057,,313.153713,,116.509434,319.536497,,108.28918
2020-11-30,389.1474,,396.781389,,312.483528,,115.212264,319.900947,,107.435591
2020-12-01,390.1896,,393.089977,,314.129428,,115.978774,317.743108,,106.858014
2020-12-02,390.5125,,391.921303,,314.385967,,115.978774,316.795001,,106.452226
2020-12-03,392.2953,,392.870527,,314.552359,,116.627358,316.286407,,106.819143
2020-12-04,392.6885,,393.851546,,315.838292,,116.745283,318.053654,,107.086819
2020-12-07,394.024,,395.687194,,315.641594,,117.158019,318.254668,,107.60034
2020-12-08,395.8182,,397.646633,,316.205142,,117.865566,318.949345,,108.293104
2020-12-09,392.9084,,395.471772,,314.325406,,117.099057,317.654417,,107.792831
2020-12-10,394.7484,,395.503158,,314.570036,,117.688679,316.444948,,107.839179
2020-12-11,394.9543,,396.500237,,314.486824,,117.688679,316.993455,,108.054684
2020-12-14,392.553,,393.005581,,313.567197,,117.334906,315.197146,,107.433556
2020-12-15,395.5351,,395.762978,,316.188508,,118.160377,317.648972,,108.127039
2020-12-16,395.5656,,394.287751,,316.432362,,118.278302,316.684566,,107.823185
2020-12-17,396.6694,,393.150895,,317.481728,,118.75,315.937037,,107.640695
2020-12-18,395.0596,,391.9868,,316.657408,,118.691038,315.463932,,107.705791
2020-12-21,394.3466,,391.650141,,315.979551,,118.278302,315.086939,,107.432968
2020-12-22,393.9262,,393.799869,,315.854129,,117.865566,317.028639,,107.760588
2020-12-23,393.9712,,393.130425,,315.931962,,118.278302,316.531533,,107.941778
2020-12-24,395.3324,,394.608562,,316.787402,,118.514151,317.485016,,108.189873
2020-12-28,396.3392,,394.502509,,318.442387,,118.808962,318.247388,,108.154414
2020-12-29,395.9303,,393.0432,,318.102288,,118.691038,317.058629,,107.75856
2020-12-30,397.389,,393.005427,,318.443859,,119.398585,316.203608,,107.992648
2020-12-31,398.4751,,396.563573,,319.51706,,119.516509,319.269122,,108.780697
2021-01-04,397.494,,394.69541,,316.736708,,120.459906,315.777464,,109.392191
2021-01-05,398.7374,,394.345369,,317.916261,,120.990566,315.684858,,109.434331
2021-01-06,396.351,,390.992863,,318.442114,,120.518868,315.406476,,108.731711
2021-01-07,397.5586,,393.910174,,321.151179,,120.636792,319.489656,,109.317107
2021-01-08,395.7911,,393.789292,,322.092051,,120.04717,321.757828,,109.235075
2021-01-11,394.8006,,395.041061,,320.579875,,119.28066,322.071225,,109.155789
2021-01-12,395.9449,,394.365117,,320.728285,,120.224057,320.739345,,109.51344
2021-01-13,397.4875,,397.497309,,321.64883,,120.400943,322.956426,,110.11663
2021-01-14,396.2021,,396.384689,,320.725917,,120.695755,322.170217,,110.434406
2021-01-15,393.91,,396.598115,,319.451066,,119.575472,322.930614,,110.105255
2021-01-19,396.6789,,397.614301,,321.123497,,120.341981,323.181295,,110.319519
2021-01-20,400.0575,,401.799266,,323.806454,,121.34434,326.530279,,111.459875
2021-01-21,398.2577,,398.113611,,323.797335,,121.108491,324.98802,,110.720934
2021-01-22,397.4628,,397.028447,,323.109528,,120.695755,324.06053,,110.262907
2021-01-25,399.586,,400.254347,,324.203108,,121.285377,326.057507,,111.10831
2021-01-26,398.3579,,398.275998,,323.863191,,120.636792,325.104909,,110.306927
2021-01-27,394.0578,,395.662307,,319.126196,,119.221698,321.720283,,109.479388
2021-01-28,395.0459,,396.24208,,320.680949,,119.457547,322.951594,,109.581927
2021-01-29,392.7369,,393.526731,,316.68724,,118.042453,318.606279,,108.174043
2021-02-01,394.2809,,397.475192,,319.962673,,118.926887,323.858158,,109.646972
2021-02-02,394.6032,,398.331899,,322.483847,,119.162736,326.846385,,110.011289
2021-02-03,394.514,,398.523129,,322.479868,,119.044811,327.073197,,109.980044
2021-02-04,394.7413,,401.199647,,324.626541,,118.75,331.27086,,110.380892
2021-02-05,394.8645,,398.407105,,325.222502,,118.985849,329.466155,,109.796022
2021-02-08,396.0963,,399.785995,,326.762387,,120.283019,331.138812,,111.030786
2021-02-09,396.0672,,397.381224,,326.69883,,120.400943,329.107122,,110.479236
2021-02-10,396.5927,,397.892049,,326.731735,,120.695755,329.126688,,110.745183
2021-02-11,396.1348,,397.082014,,326.892426,,120.400943,328.998043,,110.377211
2021-02-12,395.8027,,397.053587,,327.551018,,120.106132,329.913859,,110.19144
2021-02-16,394.8672,,396.540504,,326.768627,,119.811321,329.479262,,110.039005
2021-02-17,395.1108,,399.142576,,327.066348,,119.870283,331.738787,,110.74726
2021-02-18,394.4401,,396.658787,,326.162528,,118.455189,329.322436,,108.943773
2021-02-19,393.9299,,395.324923,,325.421246,,118.573113,327.893184,,108.826278
2021-02-22,393.6759,,393.792511,,323.517832,,118.21934,324.921226,,108.150731
2021-02-23,393.7091,,393.952138,,323.777317,,118.042453,325.28622,,108.023573
2021-02-24,394.3765,,394.230574,,325.880672,,118.278302,327.076328,,108.132604
2021-02-25,391.3047,,390.954172,,319.971056,,115.801887,320.976117,,105.812927
2021-02-26,392.0538,,394.886225,,320.022133,,115.919811,323.636555,,106.781567
2021-03-01,393.0134,,396.559145,,324.610541,,116.037736,328.862585,,107.080937
2021-03-02,392.6264,,394.805493,,323.115256,,116.450472,326.221356,,107.092053
2021-03-03,391.3124,,394.40088,,320.068677,,115.507075,323.898305,,106.471938
2021-03-04,390.2975,,396.610196,,317.335356,,113.974057,323.770893,,105.922059
2021-03-05,391.8521,,400.062579,,320.74642,,114.799528,328.790156,,107.19096
2021-03-08,391.0451,,401.31135,,319.28128,,113.79717,328.987417,,106.806667
2021-03-09,392.7044,,401.198909,,322.497006,,115.566038,330.804113,,107.978305
2021-03-10,393.4833,,401.017364,,323.914717,,116.037736,331.450584,,108.155454
2021-03-11,393.7568,,399.450992,,325.8725,,116.686321,331.920737,,108.259917
2021-03-12,393.0588,,399.874069,,325.405015,,115.153302,332.384831,,107.140685
2021-03-15,393.6364,,401.321426,,326.701586,,115.742925,334.425646,,107.920476
2021-03-16,393.2197,,401.667973,,326.401522,,115.507075,334.761379,,107.907798
2021-03-17,393.3414,,399.232802,,327.069082,,115.389151,333.309189,,107.110942
2021-03-18,391.5963,,399.579945,,323.697406,,113.620283,331.631334,,106.031102
2021-03-19,391.7699,,400.197112,,323.446987,,114.091981,331.739535,,106.58849
2021-03-22,392.5272,,399.949078,,325.253706,,114.799528,332.742622,,106.976246
2021-03-23,392.093,,402.301859,,324.039124,,114.504717,333.81945,,107.448074
2021-03-24,392.2807,,403.738175,,323.212727,,114.445755,333.996998,,107.724594
2021-03-25,392.3086,,405.438469,,324.238699,,114.445755,336.444326,,108.17057
2021-03-26,393.4975,,405.646439,,327.160038,,115.271226,338.623565,,108.677317
2021-03-29,392.8565,,405.983998,,326.840441,,114.268868,339.126711,,107.997873
2021-03-30,392.3655,,407.18647,,326.413456,,114.033019,340.11189,,108.22945
2021-03-31,392.7655,,407.06992,,327.236244,,114.268868,340.524462,,108.311834
2021-04-01,395.8714,,408.693173,,329.7949,,115.330189,341.852238,,108.892649
2021-04-05,396.5892,,408.234724,,332.372683,,115.683962,343.514931,,108.90668
2021-04-06,397.1371,,406.60907,,332.713512,,115.683962,342.025335,,108.323345
2021-04-07,396.7776,,406.64511,,332.739019,,115.566038,342.391817,,108.32057
2021-04-08,397.9405,,406.108024,,334.016937,,116.391509,342.249763,,108.631815
2021-04-09,398.0742,,406.756645,,335.321542,,115.742925,344.019703,,108.162666
2021-04-12,397.6637,,405.903912,,335.353423,,115.507075,343.685546,,107.827164
2021-04-13,398.8747,,405.87912,,336.337914,,116.15566,343.627002,,108.096816
2021-04-14,398.6516,,404.629294,,335.551333,,116.273585,341.958981,,107.933728
2021-04-15,401.734,,408.200962,,338.244092,,118.042453,345.077697,,109.694781
2021-04-16,401.635,,407.514531,,338.558386,,118.21934,344.902513,,109.701454
2021-04-19,400.759,,404.78114,,337.464888,,117.806604,342.229005,,108.822557
2021-04-20,399.9285,,404.009437,,336.189551,,117.275943,340.992324,,108.350369
2021-04-21,401.9551,,406.056717,,338.226426,,118.101415,343.058298,,109.113016
2021-04-22,400.6904,,405.446191,,336.410371,,117.924528,341.778626,,109.129142
2021-04-23,401.8076,,403.810526,,338.574319,,118.278302,341.636873,,108.711847
2021-04-26,402.1402,,404.532703,,338.87328,,118.691038,342.266748,,109.195912
2021-04-27,401.263,,403.503376,,338.503724,,118.160377,341.76906,,108.66814
2021-04-28,402.1048,,403.175992,,338.51632,,118.867925,340.789537,,109.001479
2021-04-29,402.8044,,404.100756,,339.739568,,118.21934,342.2101,,108.466666
2021-04-30,401.4985,,406.209786,,338.543585,,117.570755,343.900083,,108.787267
2021-05-03,403.0868,,406.224429,,339.062479,,118.21934,343.082393,,108.960301
2021-05-04,402.4156,,407.259662,,337.979772,,118.21934,343.430239,,109.420179
2021-05-05,403.5282,,408.668023,,338.154563,,118.926887,343.845429,,110.151172
2021-05-06,405.612,,408.718463,,339.799972,,119.752358,343.785881,,110.35953
2021-05-07,407.0967,,406.902572,,341.244707,,120.695755,342.460127,,110.330898
2021-05-10,405.2247,,406.173555,,339.002835,,120.165094,341.16958,,110.155547
2021-05-11,402.8921,,403.280217,,336.896198,,119.457547,338.583284,,109.356365
2021-05-12,398.7846,,401.735549,,332.125542,,117.570755,335.935111,,108.321208
2021-05-13,400.3821,,403.000905,,334.820449,,117.924528,338.372125,,108.554497
2021-05-14,403.5822,,403.99094,,338.214016,,119.221698,339.924494,,109.145851
2021-05-17,404.025,,404.324325,,337.568963,,119.693396,339.184015,,109.547918
2021-05-18,402.4999,,400.372414,,335.673519,,119.516509,335.248379,,108.727293
2021-05-19,401.5301,,401.114372,,334.947059,,118.573113,335.952225,,108.329975
2021-05-20,403.5769,,401.272991,,337.569941,,119.162736,336.999016,,108.359352
2021-05-21,403.731,,402.948775,,337.463181,,119.044811,338.170231,,108.662707
2021-05-24,405.5013,,403.62215,,339.666568,,119.752358,339.458572,,109.013208
2021-05-25,405.761,,402.736443,,339.53458,,120.459906,338.365344,,109.346642
2021-05-26,406.0257,,404.860117,,339.896145,,120.341981,340.289813,,109.744038
2021-05-27,405.9015,,404.683166,,339.837732,,120.636792,340.186688,,109.998451
2021-05-28,406.2272,,405.080974,,340.198816,,121.049528,340.609596,,110.394707
2021-06-01,406.74,,404.884945,,339.950705,,121.992925,339.767572,,111.061029
2021-06-02,407.7538,,406.020454,,340.452513,,122.051887,340.375017,,111.149291
2021-06-03,406.839,,407.865617,,339.370805,,121.049528,341.601865,,110.986441
2021-06-04,408.3641,,408.051946,,341.795562,,122.287736,342.914266,,111.754008
2021-06-07,408.1798,,407.101527,,341.498479,,122.051887,341.972539,,111.328928
2021-06-08,408.4382,,407.908061,,341.799097,,122.641509,342.734704,,112.017462
2021-06-09,408.5034,,407.805671,,341.758205,,122.936321,342.552997,,112.240632
2021-06-10,409.1398,,408.800173,,343.005641,,123.70283,344.105679,,113.039775
2021-06-11,408.9391,,410.597418,,343.289195,,123.349057,346.07398,,113.267604
2021-06-14,408.5681,,409.855948,,343.401984,,123.113208,345.876315,,112.949351
2021-06-15,408.5217,,409.572828,,343.077886,,122.641509,345.350404,,112.451641
2021-06-16,407.4868,,413.010778,,341.492517,,121.521226,347.520371,,112.645096
2021-06-17,406.6762,,415.280989,,341.847207,,121.816038,350.490754,,113.765366
2021-06-18,405.7977,,415.879014,,339.459766,,121.992925,349.298699,,114.341628
2021-06-21,407.2321,,415.457803,,342.0147,,121.580189,350.332901,,113.438385
2021-06-22,407.7414,,415.266485,,343.253599,,122.169811,351.001044,,113.793716
2021-06-23,407.5256,,415.433012,,342.932501,,122.346698,350.999091,,114.064544
2021-06-24,408.2085,,415.933851,,344.205676,,122.582547,352.13686,,114.230787
2021-06-25,408.3074,,415.902162,,344.65761,,122.523585,352.486944,,114.13949
2021-06-28,408.4221,,416.483108,,345.470808,,122.995283,353.712778,,114.706735
2021-06-29,408.1538,,417.150759,,345.656133,,122.818396,354.702866,,114.800802
2021-06-30,408.7512,,419.128484,,345.927031,,123.17217,356.142555,,115.508258
2021-07-01,409.6691,,420.346228,,347.005485,,123.408019,357.488045,,115.805619
2021-07-02,410.8547,,421.004861,,348.897166,,123.820755,358.961217,,116.039167
2021-07-06,410.8425,,422.437992,,348.956757,,124.292453,360.255363,,116.881202
2021-07-07,411.4988,,424.311456,,349.940572,,124.587264,362.29448,,117.490334
2021-07-08,410.6083,,421.534045,,348.386785,,124.056604,359.102014,,116.476182
2021-07-09,411.548,,421.2537,,350.165278,,124.174528,359.871578,,116.243334
2021-07-12,411.7884,,422.132417,,350.829785,,124.882075,361.095677,,117.081158
2021-07-13,410.4067,,423.688459,,349.810872,,123.879717,362.590759,,116.961977
2021-07-14,411.37,,422.580081,,350.598609,,124.646226,361.607834,,117.102953
2021-07-15,411.3602,,423.428707,,350.180018,,125.117925,361.910035,,117.784967
2021-07-16,407.9401,,420.246298,,348.417594,,124.233491,360.378449,,117.046516
2021-07-19,406.2265,,418.629995,,346.053664,,124.410377,358.060801,,117.254901
2021-07-20,408.3788,,421.577031,,348.904024,,124.292453,361.635426,,117.346683
2021-07-21,409.6103,,422.353407,,350.14404,,124.115566,362.495908,,117.042527
2021-07-22,410.7372,,424.231395,,350.912547,,124.941038,363.905735,,118.020155
2021-07-23,411.8902,,425.541582,,352.980575,,124.941038,366.152992,,118.053253
2021-07-26,412.7146,,425.128805,,353.373007,,125.707547,365.473008,,118.425263
2021-07-27,412.7341,,424.637977,,352.734114,,125.589623,364.373833,,118.171988
2021-07-28,413.3796,,424.354002,,352.789322,,126.29717,363.618465,,118.57283
2021-07-29,414.7664,,424.272939,,353.425779,,126.533019,362.987128,,118.374441
2021-07-30,413.2411,,423.332466,,352.599505,,126.120283,362.669474,,118.161313
2021-08-02,413.4299,,423.554429,,352.454693,,126.709906,362.544966,,118.721731
2021-08-03,415.6331,,425.926442,,354.218363,,127.063679,364.45741,,119.085314
2021-08-04,414.05,,425.261245,,353.155075,,126.709906,364.183031,,119.021629
2021-08-05,414.9068,,426.306918,,354.186919,,126.179245,365.389095,,118.569246
2021-08-06,411.9562,,425.91381,,353.906006,,125.294811,367.375211,,118.472096
2021-08-09,409.6453,,424.343803,,353.471601,,124.882075,367.633985,,118.310231
2021-08-10,410.0276,,425.414045,,353.560957,,124.941038,368.310644,,118.553982
2021-08-11,411.6551,,426.411184,,354.220345,,125.294811,368.400172,,118.697201
2021-08-12,411.9893,,427.008408,,354.871755,,125.0,369.294772,,118.487574
2021-08-13,414.6734,,427.407268,,355.763369,,125.884434,368.169826,,118.664295
2021-08-16,415.2602,,428.680829,,356.338866,,126.002358,369.341563,,118.961034
2021-08-17,413.3386,,429.182605,,354.83684,,125.0,369.927047,,118.702117
2021-08-18,410.7707,,426.498059,,352.521633,,124.823113,367.497687,,118.529081
2021-08-19,410.8134,,427.802916,,353.090756,,124.351415,369.178774,,118.430122
2021-08-20,412.6674,,428.80797,,354.780053,,124.351415,370.146049,,118.175031
2021-08-23,416.4727,,431.144325,,356.649395,,125.294811,370.705358,,118.626448
2021-08-24,416.4869,,430.773862,,356.79054,,125.648585,370.520776,,118.855123
2021-08-25,415.8299,,429.48776,,356.960895,,125.294811,370.174889,,118.353327
2021-08-26,414.4478,,428.752359,,355.711447,,124.882075,369.475599,,118.154182
2021-08-27,418.916,,431.747207,,358.010831,,126.709906,370.467394,,119.433308
2021-08-30,419.3075,,432.128718,,359.117438,,126.768868,371.593603,,119.482807
2021-08-31,418.2136,,430.574314,,358.591521,,126.415094,370.681762,,119.031308
2021-09-01,418.0281,,429.260023,,358.752768,,126.709906,369.880525,,118.997501
2021-09-02,419.5396,,429.516945,,359.572239,,127.063679,369.610868,,118.97099
2021-09-03,419.1387,,428.980072,,359.273197,,126.768868,369.19466,,118.659981
2021-09-07,416.3329,,427.540943,,358.108429,,126.002358,369.234913,,118.339017
2021-09-08,416.1242,,428.249076,,358.081571,,125.943396,370.004212,,118.538975
2021-09-09,416.6694,,428.411232,,357.627842,,126.886792,369.19159,,119.315802
2021-09-10,413.9408,,426.1644,,355.646197,,126.356132,367.627794,,118.972767
2021-09-13,416.0729,,428.294174,,356.378709,,126.533019,368.328838,,119.121159
2021-09-14,416.1871,,428.69849,,355.541354,,126.945755,367.709371,,119.589714
2021-09-15,418.2365,,430.320925,,357.194177,,127.181604,368.999808,,119.676019
2021-09-16,415.6895,,429.525207,,356.609343,,126.533019,369.967483,,119.57373
2021-09-17,412.8965,,428.116576,,354.395385,,125.412736,368.943731,,118.925446
2021-09-20,410.3702,,425.508039,,351.125469,,124.587264,365.548934,,118.145697
2021-09-21,410.5724,,425.812125,,350.980041,,124.764151,365.47858,,118.339681
2021-09-22,413.5914,,430.216732,,353.093094,,125.707547,368.770571,,119.58851
2021-09-23,414.0676,,428.83343,,354.968151,,125.707547,369.111868,,119.066899
2021-09-24,413.4968,,428.903617,,355.071783,,124.351415,369.789821,,117.964299
2021-09-27,413.7018,,430.029854,,354.272873,,124.46934,369.743316,,118.327554
2021-09-28,407.6281,,424.158891,,349.397547,,122.818396,365.035875,,116.879996
2021-09-29,407.8372,,427.541876,,349.84928,,122.464623,368.234133,,117.412619
2021-09-30,406.1204,,426.525534,,347.253229,,122.346698,366.174215,,117.515401
2021-10-01,410.3614,,430.336465,,350.156409,,123.408019,368.68457,,118.357922
2021-10-04,408.2734,,427.199772,,347.35084,,123.231132,364.921554,,117.926842
2021-10-05,409.2714,,429.041669,,349.191749,,123.466981,367.538879,,118.372607
2021-10-06,410.3389,,431.780345,,350.117923,,123.525943,369.901216,,118.875037
2021-10-07,410.9768,,432.578879,,351.548353,,123.525943,371.521805,,118.91003
2021-10-08,410.9335,,431.748306,,350.859378,,123.525943,370.12074,,118.694223
2021-10-11,409.1373,,430.665062,,349.101502,,123.231132,368.955102,,118.632398
2021-10-12,410.5812,,432.919626,,349.104779,,124.233491,369.585774,,119.800659
2021-10-13,413.3999,,433.601415,,350.174491,,125.294811,368.77041,,120.189275
2021-10-14,417.597,,437.784546,,353.983235,,126.474057,372.594969,,121.25979
2021-10-15,417.6534,,437.904091,,355.251997,,126.238208,373.98204,,121.050366
2021-10-18,418.5945,,438.338877,,355.783751,,126.415094,374.070809,,121.067538
2021-10-19,419.3354,,438.265336,,357.018094,,126.061321,374.642514,,120.495202
2021-10-20,420.1995,,438.572721,,357.758836,,126.179245,374.910574,,120.444317
2021-10-21,419.7573,,439.064872,,358.021997,,126.061321,376.003062,,120.593692
2021-10-22,421.6879,,440.24337,,358.080098,,126.415094,375.347134,,120.701571
2021-10-25,423.5083,,443.599083,,359.368745,,126.886792,377.937732,,121.550693
2021-10-26,423.9245,,444.444759,,359.827378,,127.59434,378.76925,,122.341271
2021-10-27,423.921,,444.180614,,359.343797,,128.183962,378.038523,,122.834586
2021-10-28,425.7101,,443.179018,,361.308064,,127.358491,377.654034,,121.256616
2021-10-29,425.8424,,447.795507,,361.718401,,126.82783,381.902648,,121.971313
2021-11-01,426.2403,,446.47992,,361.998243,,126.82783,380.7195,,121.499444
2021-11-02,426.7919,,448.100165,,363.158771,,126.768868,382.830657,,121.726141
2021-11-03,425.3004,,445.288208,,364.207735,,126.533019,382.865121,,121.160645
2021-11-04,428.7275,,451.094665,,365.716558,,127.535377,386.35115,,122.72395
2021-11-05,432.9353,,454.994315,,367.048635,,128.596698,387.309208,,123.601885
2021-11-08,433.6128,,455.017969,,366.965429,,129.658019,386.636492,,124.433736
2021-11-09,435.4193,,456.618042,,366.656869,,130.71934,386.061464,,125.371131
2021-11-10,432.1013,,457.654767,,363.885706,,129.481132,386.962295,,125.421275
2021-11-11,432.7793,,459.521837,,363.68781,,129.775943,387.721296,,126.021944
2021-11-12,433.6531,,460.703128,,365.32292,,129.893868,389.678874,,126.2059
2021-11-15,432.6098,,462.663459,,364.858208,,128.891509,391.781751,,126.068174
2021-11-16,432.7579,,464.759811,,365.664315,,128.301887,394.291466,,126.016934
2021-11-17,432.8949,,464.935693,,365.491259,,128.419811,394.129235,,126.140559
2021-11-18,433.4962,,463.427981,,366.35774,,128.537736,393.236267,,125.6724
2021-11-19,432.3988,,465.983694,,366.2485,,128.773585,396.290198,,126.918617
2021-11-22,429.4063,,464.661747,,364.926272,,127.417453,396.483278,,126.098446
2021-11-23,428.72,,463.382906,,364.645227,,126.238208,395.720031,,124.787013
2021-11-24,431.0662,,468.020121,,365.561651,,127.181604,398.503757,,126.286567
2021-11-26,426.8352,,458.954584,,361.707303,,127.063679,390.497266,,124.952001
2021-11-29,428.9459,,461.865463,,364.445695,,126.945755,394.000731,,125.009626
2021-11-30,424.8952,,455.603291,,360.427445,,127.004717,388.037875,,124.548122
2021-12-01,423.6003,,454.96119,,358.041535,,127.063679,386.102611,,124.810701
2021-12-02,426.579,,458.894218,,361.320441,,128.007075,390.262553,,125.938755
2021-12-03,426.7958,,458.916278,,360.006592,,128.007075,388.664625,,125.880832
2021-12-06,427.6098,,460.704293,,362.069964,,128.125,391.668229,,126.24692
2021-12-07,431.3198,,465.386071,,366.323609,,128.714623,396.853424,,127.014756
2021-12-08,430.0396,,460.948732,,366.530778,,128.007075,394.462625,,125.484607
2021-12-09,428.4557,,461.251852,,365.063508,,127.417453,394.595254,,125.450796
2021-12-10,430.5354,,462.540488,,367.152339,,127.299528,396.039427,,125.077729
2021-12-13,429.8255,,463.136624,,365.713278,,127.181604,395.647944,,125.32957
2021-12-14,427.1606,,461.25453,,363.93562,,126.415094,394.571086,,124.841994
2021-12-15,429.1706,,462.262989,,367.227376,,126.650943,397.141659,,124.761301
2021-12-16,429.1575,,460.494505,,365.495906,,126.886792,393.768979,,124.519242
2021-12-17,427.5026,,462.544109,,363.338137,,126.82783,394.708623,,125.499288
2021-12-20,423.8497,,457.009595,,360.79701,,125.53066,390.595832,,123.787148
2021-12-21,427.5463,,460.599141,,364.526378,,126.768868,394.293999,,124.900705
2021-12-22,430.9898,,462.607591,,366.844836,,128.125,395.347876,,125.774311
2021-12-23,431.4022,,463.152475,,368.03845,,127.830189,396.721798,,125.512612
2021-12-27,435.3103,,467.232671,,371.238447,,128.360849,400.072264,,126.002495
2021-12-28,434.1791,,466.772673,,370.993616,,128.360849,400.455425,,126.206405
2021-12-29,432.9538,,463.916959,,370.836019,,127.889151,398.962282,,125.327017
2021-12-30,433.9158,,465.875756,,370.540598,,128.950472,399.440118,,126.619294
2021-12-31,434.551,,464.082221,,369.937835,,128.596698,396.674391,,125.601926
2022-01-03,432.0286,,465.040587,,370.205138,,127.948113,400.103213,,125.957651
2022-01-04,433.6596,,467.106403,,370.11553,,126.650943,400.272174,,124.763512
2022-01-05,430.5197,,462.678994,,365.39091,,125.176887,394.271811,,123.033451
2022-01-06,430.3378,,463.187781,,365.034958,,124.823113,394.487541,,122.872562
2022-01-07,429.4668,,459.564897,,363.743076,,124.823113,390.8078,,122.158746
2022-01-10,429.4133,,460.968347,,363.337418,,124.705189,391.612888,,122.431295
2022-01-11,433.5122,,463.681576,,365.59568,,126.356132,392.618543,,123.602469
2022-01-12,433.7359,,460.863585,,366.187717,,126.650943,390.662778,,123.074409
2022-01-13,432.6683,,459.199437,,363.42001,,126.591981,387.2633,,122.875351
2022-01-14,431.6438,,459.709401,,362.710476,,125.353774,387.854838,,122.097732
2022-01-18,428.5729,,460.098692,,357.960537,,124.115566,385.844825,,121.861032
2022-01-19,429.1822,,460.009427,,356.045578,,124.115566,383.161498,,121.664419
2022-01-20,428.0865,,460.145391,,353.757236,,123.997642,381.7861,,121.895949
2022-01-21,426.6239,,457.214966,,350.154365,,123.525943,376.778435,,121.072564
2022-01-24,427.6887,,459.133233,,350.882926,,123.231132,378.202526,,120.98839
2022-01-25,427.6519,,460.076893,,348.166139,,123.054245,376.077874,,121.073451
2022-01-26,425.1775,,459.827897,,346.857545,,121.639151,376.640851,,120.312493
2022-01-27,425.6364,,464.280971,,346.29588,,122.169811,379.263182,,121.876039
2022-01-28,429.0016,,467.846762,,351.556484,,122.877358,384.938247,,122.554394
2022-01-31,431.6135,,467.116689,,355.345396,,123.643868,386.128887,,122.381353
2022-02-01,433.0635,,467.130675,,356.739668,,123.879717,386.357587,,122.20791
2022-02-02,435.4322,,468.389074,,358.968436,,124.174528,387.698136,,122.160567
2022-02-03,432.1966,,459.48905,,353.335036,,122.759434,377.165325,,119.360603
2022-02-04,431.7575,,458.396862,,353.440606,,121.933962,376.764022,,118.396465
2022-02-07,431.9673,,458.960301,,352.880389,,122.464623,376.44628,,119.000066
2022-02-08,431.749,,459.845612,,354.188072,,122.641509,378.76154,,119.462197
2022-02-09,432.7559,,460.643612,,357.391135,,123.879717,381.959281,,120.596461
2022-02-10,431.2372,,458.769964,,352.21955,,122.110849,376.221364,,118.807899
2022-02-11,432.6399,,463.596955,,348.988784,,122.641509,375.471269,,120.188744
2022-02-14,431.8358,,464.356122,,347.484909,,121.698113,375.162755,,119.681957
2022-02-15,431.7036,,462.072339,,350.626997,,121.285377,376.808672,,118.725785
2022-02-16,432.1798,,462.020687,,351.028144,,122.051887,376.781986,,119.331132
2022-02-17,431.9429,,462.340685,,346.811187,,121.403302,372.717776,,118.84436
2022-02-18,431.9127,,463.897188,,345.762745,,121.521226,372.868074,,119.368632
2022-02-22,431.0817,,462.820649,,343.386143,,121.285377,370.158002,,119.089614
2022-02-23,430.0634,,462.58527,,339.1181,,120.518868,366.236414,,118.556854
2022-02-24,430.6133,,467.762335,,342.426814,,120.04717,373.470937,,119.261987
2022-02-25,432.1274,,466.096123,,347.091769,,121.521226,375.888671,,119.874866
2022-02-28,433.587,,469.905105,,347.566698,,123.584906,378.201551,,122.493106
2022-03-01,434.408,,474.918526,,345.171814,,123.761792,378.885388,,123.742872
2022-03-02,434.0761,,474.619696,,347.3218,,123.466981,381.296801,,123.46476
2022-03-03,434.3841,,477.218386,,346.746537,,123.113208,382.478138,,123.697294
2022-03-04,435.5488,,484.469584,,345.612467,,123.584906,385.984914,,125.720885
2022-03-07,433.9967,,486.154843,,338.698749,,123.408019,380.936878,,126.428177
2022-03-08,434.1745,,484.447966,,336.679426,,124.410377,377.181721,,126.955563
2022-03-09,433.8831,,476.319328,,341.810448,,123.466981,376.757616,,123.962009
2022-03-10,432.9982,,479.268935,,340.124097,,122.110849,377.99132,,123.611747
2022-03-11,431.5176,,480.812653,,337.498909,,122.287736,377.573046,,124.615649
2022-03-14,429.2395,,477.010816,,334.711626,,120.04717,373.465579,,122.009256
2022-03-15,429.6126,,476.745595,,339.429951,,118.514151,378.190901,,120.27966
2022-03-16,431.3101,,475.232702,,344.049158,,119.752358,380.617214,,120.673823
2022-03-17,433.2283,,474.905752,,346.857882,,121.462264,381.76263,,121.771117
2022-03-18,434.1066,,477.57815,,349.450425,,122.169811,385.997836,,122.920486
2022-03-21,434.4883,,479.529896,,348.016955,,121.403302,385.646364,,122.540714
2022-03-22,434.4749,,478.975916,,350.082914,,120.872642,387.49949,,121.867893
2022-03-23,434.9927,,480.640741,,347.96033,,122.110849,386.028689,,123.397161
2022-03-24,436.5673,,482.64378,,350.78983,,122.051887,389.38009,,123.404874
2022-03-25,436.7897,,483.531635,,350.699144,,121.875,389.796959,,123.389851
2022-03-28,436.7925,,483.525929,,352.54996,,121.34434,391.846977,,122.850357
2022-03-29,438.153,,480.52086,,355.816606,,121.875,391.799525,,122.240014
2022-03-30,438.4617,,477.704934,,354.888638,,122.40566,388.214181,,121.966868
2022-03-31,437.1528,,480.234067,,351.548082,,122.051887,387.75345,,122.624289
2022-04-01,437.0521,,480.953535,,351.898129,,122.40566,388.810607,,123.192343
2022-04-04,437.6466,,485.050003,,353.833244,,122.641509,393.742979,,124.311912
2022-04-05,434.7985,,484.770481,,349.712254,,120.518868,391.480573,,122.889698
2022-04-06,433.9655,,484.397045,,347.262663,,119.28066,389.184565,,121.766724
2022-04-07,434.2686,,485.341411,,348.006442,,118.632075,390.505756,,121.256032
2022-04-08,434.4717,,485.65769,,346.754477,,118.632075,389.172452,,121.278331
2022-04-11,433.1635,,483.852803,,342.592861,,116.981132,384.229719,,119.505951
2022-04-12,433.4686,,486.742818,,342.262363,,117.216981,385.880017,,120.377341
2022-04-13,434.4221,,485.026946,,344.890757,,117.747642,386.622165,,120.231559
2022-04-14,433.0978,,486.223152,,341.192965,,116.391509,384.592633,,119.504226
2022-04-18,433.583,,488.953275,,340.864339,,116.509434,385.947221,,120.162377
2022-04-19,433.4111,,488.469433,,343.334722,,115.919811,388.513689,,119.483334
2022-04-20,434.1206,,486.40568,,343.95909,,116.92217,386.942355,,119.811199
2022-04-21,432.1161,,485.000105,,340.130704,,115.448113,383.299682,,118.506052
2022-04-22,429.5187,,483.670043,,334.395947,,113.738208,378.076213,,117.134762
2022-04-25,428.3527,,486.153142,,336.449805,,113.148585,383.392052,,117.444591
2022-04-26,427.3169,,488.36045,,331.029389,,112.205189,379.846566,,117.27776
2022-04-27,427.4109,,492.276513,,331.052665,,112.264151,382.835186,,118.254295
2022-04-28,429.4085,,497.248376,,336.008507,,113.502358,390.664767,,120.204279
2022-04-29,426.9505,,492.394669,,327.758562,,111.792453,379.52562,,117.912706
2022-05-02,426.5832,,493.736873,,328.226859,,109.669811,381.432037,,116.089039
2022-05-03,427.3615,,493.922928,,329.429291,,110.966981,382.276181,,117.292399
2022-05-04,429.6846,,491.945063,,336.287961,,112.794811,386.571092,,118.104989
2022-05-05,427.4212,,493.021706,,327.793899,,109.551887,379.631362,,115.569211
2022-05-06,427.336,,492.642974,,326.064406,,108.431604,377.41351,,114.322312
2022-05-09,424.4217,,488.731795,,320.447809,,105.896226,370.494321,,111.523349
2022-05-10,424.2904,,490.028768,,321.268708,,106.014151,372.544396,,111.978467
2022-05-11,424.2273,,490.613075,,318.687978,,107.429245,370.047455,,113.625377
2022-05-12,423.7124,,496.349395,,318.722387,,106.839623,374.869519,,114.461906
2022-05-13,424.6033,,495.892633,,322.746088,,107.606132,378.456976,,114.935349
2022-05-16,424.6336,,494.948527,,322.250672,,107.783019,377.129711,,114.896905
2022-05-17,425.4241,,490.420289,,325.528029,,108.372642,376.778371,,114.255813
2022-05-18,423.7519,,492.433611,,318.172058,,107.841981,371.235332,,114.61361
2022-05-19,423.7815,,486.87395,,317.334605,,108.018868,366.052363,,113.497546
2022-05-20,423.9722,,488.09398,,317.790979,,108.018868,367.332092,,113.730775
2022-05-23,424.861,,483.236905,,320.946098,,108.490566,366.51906,,112.854143
2022-05-24,424.9981,,481.460425,,320.465282,,108.903302,364.506963,,112.830616
2022-05-25,425.5221,,484.541903,,322.693223,,109.492925,368.935377,,114.026969
2022-05-26,426.5541,,483.651298,,326.463163,,110.259434,371.658147,,114.33687
2022-05-27,427.8485,,484.531481,,331.491923,,110.966981,376.926067,,114.931232
2022-05-31,426.6192,,483.292389,,329.528386,,109.728774,374.812121,,113.684797
2022-06-01,426.5676,,487.160636,,327.397986,,109.846698,375.41495,,114.731755
2022-06-02,428.0032,,484.246559,,331.299491,,110.908019,376.349663,,114.761121
2022-06-03,426.8609,,484.152694,,327.812781,,110.966981,373.312984,,115.107084
2022-06-06,426.5767,,484.857196,,327.613506,,110.141509,373.877861,,114.493293
2022-06-07,428.0101,,486.331837,,329.990958,,111.025943,376.471374,,115.375995
2022-06-08,427.244,,484.686695,,327.298181,,110.023585,372.803477,,114.151921
2022-06-09,425.8016,,487.673946,,322.492779,,109.021226,370.845912,,114.194617
2022-06-10,424.2877,,490.454312,,315.883678,,107.54717,366.620324,,113.697105
2022-06-13,419.2462,,489.796077,,306.617712,,103.301887,359.662072,,110.373986
2022-06-14,418.2111,,488.164586,,305.336112,,101.82783,357.849259,,108.704997
2022-06-15,418.8748,,487.754454,,309.304409,,103.950472,361.621595,,110.70208
2022-06-16,417.5944,,481.394369,,303.452474,,102.830189,351.227295,,108.41248
2022-06-17,416.6346,,482.695481,,303.842767,,102.712264,353.441904,,108.830972
2022-06-21,418.0563,,482.622451,,307.940404,,102.771226,356.936253,,108.506709
2022-06-22,417.8079,,480.81071,,308.651825,,103.419811,356.629751,,108.846265
2022-06-23,417.6751,,482.801312,,310.979122,,103.419811,360.921144,,109.33165
2022-06-24,418.9857,,482.490391,,316.72278,,104.186321,366.201404,,109.726739
2022-06-27,418.8542,,481.199433,,315.428554,,103.537736,363.843376,,108.786048
2022-06-28,418.2636,,483.495366,,311.609226,,102.830189,361.662757,,108.711424
2022-06-29,417.8702,,486.663902,,312.172549,,102.830189,365.034304,,109.526869
2022-06-30,417.256,,483.862692,,311.224845,,102.122642,362.363998,,108.306343
2022-07-01,417.8409,,487.189842,,314.236245,,103.419811,367.870353,,110.281667
2022-07-05,416.9949,,493.876887,,314.81968,,103.242925,374.370025,,111.830576
2022-07-06,416.2136,,497.023757,,314.617746,,101.650943,377.22054,,111.015751
2022-07-07,417.8774,,500.184839,,317.159787,,101.945755,381.163226,,111.599716
2022-07-08,417.4319,,498.214331,,316.526994,,101.474057,379.308495,,110.763816
2022-07-11,416.6069,,504.535757,,314.951058,,101.179245,382.96563,,112.064803
2022-07-12,415.6023,,503.5298,,313.453767,,101.474057,381.304531,,112.438376
2022-07-13,415.624,,502.629396,,312.918126,,102.122642,379.952428,,112.948798
2022-07-14,414.2705,,502.923667,,312.007903,,101.238208,380.307505,,112.402202
2022-07-15,415.6229,,500.948719,,316.083199,,102.004717,382.51322,,112.441431
2022-07-18,415.4143,,497.952395,,314.114342,,101.591981,378.046642,,111.372538
2022-07-19,419.3136,,498.590327,,319.021763,,102.417453,380.869721,,111.375887
2022-07-20,419.4468,,501.101276,,320.157596,,102.653302,384.028689,,112.158928
2022-07-21,421.7723,,501.366764,,323.193156,,103.832547,385.736627,,112.881637
2022-07-22,421.4743,,501.640368,,322.401458,,104.775943,385.273921,,114.049994
2022-07-25,422.1673,,502.278318,,322.157206,,104.599057,384.838867,,113.815108
2022-07-26,420.6441,,505.562218,,319.844053,,104.540094,385.966245,,114.909253
2022-07-27,426.5621,,508.881616,,325.274894,,105.896226,389.615545,,115.538649
2022-07-28,430.7727,,513.577208,,328.653731,,107.252358,393.411792,,116.943672
2022-07-29,435.1485,,517.322886,,331.54432,,108.608491,395.746452,,118.086509
2022-08-01,436.2238,,516.847424,,331.415008,,108.903302,394.254271,,118.006615
2022-08-02,433.3112,,518.184085,,328.745549,,106.957547,394.725581,,116.978998
2022-08-03,435.4395,,520.86247,,332.413451,,107.959906,399.231747,,118.105479
2022-08-04,435.2251,,516.459415,,332.602664,,108.136792,396.277327,,117.356745
2022-08-05,433.5473,,517.748318,,330.784494,,106.78066,396.623635,,116.623781
2022-08-08,435.8471,,519.932958,,331.1522,,107.959906,396.635944,,117.784458
2022-08-09,436.0537,,519.058889,,330.076282,,107.724057,394.495644,,117.273979
2022-08-10,438.513,,517.627575,,334.562584,,107.959906,396.518575,,116.549317
2022-08-11,438.6996,,516.744008,,333.857531,,107.075472,394.839529,,115.348118
2022-08-12,443.325,,525.460802,,337.839083,,107.959906,402.049223,,117.028841
2022-08-15,441.0762,,527.885436,,338.854201,,107.841981,407.183496,,118.039189
2022-08-16,441.114,,527.255898,,339.057864,,107.900943,406.90747,,117.952772
2022-08-17,439.0199,,524.381646,,336.804354,,107.193396,403.917071,,117.096418
2022-08-18,440.4925,,531.008188,,337.679359,,107.841981,408.712999,,118.8948
2022-08-19,436.847,,529.031913,,334.01695,,106.485849,406.136718,,117.938803
2022-08-22,432.8959,,529.394005,,329.26888,,105.601415,404.294161,,118.107531
2022-08-23,433.938,,529.241632,,328.728683,,105.837264,402.545663,,118.053054
2022-08-24,434.6983,,530.445633,,329.01631,,105.71934,403.108169,,117.983067
2022-08-25,437.9986,,533.899451,,332.524005,,107.193396,406.968682,,119.499775
2022-08-26,432.9421,,528.233682,,325.527381,,107.075472,398.781526,,119.480924
2022-08-29,432.1491,,525.683392,,323.600523,,105.660377,395.231085,,117.547963
2022-08-30,428.7835,,520.646407,,321.64652,,105.070755,392.134364,,116.680684
2022-08-31,426.2667,,515.556419,,319.484637,,103.301887,387.96809,,114.26556
2022-09-01,424.4372,,518.85142,,319.532111,,102.004717,392.188914,,114.041292
2022-09-02,424.5894,,518.667182,,317.875422,,102.59434,389.877173,,114.61866
2022-09-06,423.5497,,519.972943,,315.97059,,100.884434,389.470227,,113.269461
2022-09-07,424.9021,,516.48026,,320.258172,,102.181604,390.855571,,113.592555
2022-09-08,424.8776,,516.827707,,321.101256,,101.709906,392.170745,,113.150769
2022-09-09,426.4881,,516.229923,,324.07867,,102.59434,393.856431,,113.57218
2022-09-12,427.2991,,513.241043,,325.977489,,102.417453,393.122813,,112.505998
2022-09-13,424.3146,,517.561808,,316.73133,,100.884434,387.897077,,112.540985
2022-09-14,424.8638,,517.546263,,317.634506,,101.29717,388.488671,,112.851949
2022-09-15,423.1352,,514.574358,,315.0844,,100.471698,384.72209,,111.744211
2022-09-16,422.6503,,513.194099,,313.550912,,99.351415,382.260812,,110.328277
2022-09-19,422.5923,,512.616802,,314.819969,,99.351415,383.428831,,110.219293
2022-09-20,421.6464,,514.188588,,312.094217,,98.70283,382.129877,,110.081908
2022-09-21,421.2514,,520.6107,,309.209926,,98.584906,383.686391,,111.428033
2022-09-22,420.5216,,519.862024,,306.332734,,96.875,380.228292,,109.527659
2022-09-23,418.3286,,525.009562,,302.87237,,95.518868,381.645854,,109.635481
2022-09-26,416.7513,,527.286725,,299.523465,,92.924528,380.497636,,107.525766
2022-09-27,416.6398,,528.013897,,298.556449,,91.686321,379.893875,,106.267741
2022-09-28,419.3895,,523.928735,,304.001329,,94.693396,381.3128,,108.189886
2022-09-29,418.568,,518.427474,,299.554162,,93.101415,372.51913,,105.460682
2022-09-30,417.7711,,518.227135,,296.491692,,91.981132,369.27127,,104.350086
2022-10-03,420.3305,,520.117655,,302.138828,,94.516509,375.377699,,106.962285
2022-10-04,422.5629,,514.470214,,308.088841,,96.285377,376.613667,,107.211535
2022-10-05,422.4316,,519.770779,,307.013242,,95.165094,379.283374,,107.089145
2022-10-06,422.3186,,524.413905,,304.631697,,94.221698,379.804682,,107.003312
2022-10-07,420.7315,,525.151945,,298.888583,,93.160377,374.576487,,106.346572
2022-10-10,419.6308,,526.04106,,296.972803,,92.099057,373.783565,,105.589267
2022-10-11,419.3482,,525.269741,,295.918616,,91.92217,372.161226,,105.302862
2022-10-12,419.4845,,525.624602,,295.433225,,92.275943,371.68098,,105.745176
2022-10-13,420.6348,,523.071032,,299.738221,,92.629717,374.238817,,105.346015
2022-10-14,418.7273,,523.795818,,294.991074,,91.745283,370.502259,,104.96072
2022-10-17,419.8617,,518.903766,,299.79486,,92.511792,372.011171,,104.565872
2022-10-18,420.4878,,518.796784,,302.09656,,92.688679,374.231975,,104.588245
2022-10-19,419.8504,,522.271902,,299.775389,,91.686321,374.411606,,104.308318
2022-10-20,419.2861,,521.116705,,297.545364,,91.332547,371.303423,,103.815549
2022-10-21,421.2314,,519.550779,,302.058982,,91.686321,374.067738,,103.424663
2022-10-24,421.4738,,518.949434,,304.114146,,91.509434,375.960587,,103.046355
2022-10-25,422.4992,,515.585415,,308.228142,,92.747642,377.657624,,103.511812
2022-10-26,422.7252,,509.812362,,307.372264,,93.573113,372.192945,,103.208534
2022-10-27,422.6324,,515.634092,,307.017315,,94.044811,376.091,,104.936356
2022-10-28,423.0996,,516.116048,,311.086929,,94.221698,381.011206,,105.115795
2022-10-31,422.2459,,519.689563,,309.316115,,93.455189,382.23666,,105.194801
2022-11-01,422.8528,,520.636814,,308.746654,,94.575472,381.679785,,106.496782
2022-11-02,420.9773,,521.443446,,303.884266,,93.278302,377.927056,,105.667509
2022-11-03,419.7825,,523.650208,,301.551965,,92.334906,377.685533,,105.340449
2022-11-04,424.1416,,517.818378,,304.141372,,93.514151,372.814956,,104.413398
2022-11-07,424.4173,,515.030999,,305.50252,,93.691038,372.225674,,103.980199
2022-11-08,426.1948,,514.512259,,307.011059,,94.457547,372.128418,,104.288531
2022-11-09,424.465,,515.593247,,303.36659,,93.691038,369.985174,,104.082015
2022-11-10,429.5397,,511.595451,,315.965207,,97.818396,377.845159,,106.550676
2022-11-11,431.7682,,507.051631,,317.711351,,98.525943,374.61529,,105.819191
2022-11-14,431.0288,,507.438166,,315.740946,,98.054245,373.214907,,105.573652
2022-11-15,432.9816,,508.68298,,318.277003,,99.115566,375.434572,,106.495667
2022-11-16,431.93,,505.216306,,317.618353,,99.528302,373.010293,,106.46893
2022-11-17,430.803,,505.493316,,316.50082,,98.525943,372.874578,,105.730334
2022-11-18,430.2139,,506.64562,,317.178427,,97.936321,375.037532,,105.481414
2022-11-21,428.978,,509.309782,,316.414931,,98.054245,377.185685,,106.46962
2022-11-22,431.7147,,509.404909,,319.61417,,99.351415,378.654874,,107.214285
2022-11-23,433.0822,,506.490906,,321.590433,,100.707547,377.620597,,107.714865
2022-11-25,432.9408,,506.827729,,321.565116,,100.53066,377.965376,,107.632318
2022-11-28,430.0326,,505.589714,,318.273018,,100.058962,375.705807,,107.588326
2022-11-29,430.25,,506.403613,,317.499351,,99.528302,375.20619,,107.135849
2022-11-30,435.0015,,508.222182,,324.487598,,101.709906,380.63805,,108.677195
2022-12-01,437.3943,,505.167749,,325.419438,,103.832547,377.361183,,109.675169
2022-12-02,437.2046,,504.268384,,325.735776,,105.424528,377.219134,,111.206709
2022-12-05,432.6582,,501.259757,,321.196581,,103.183962,373.628546,,109.33077
2022-12-06,431.9034,,501.853538,,318.796996,,103.65566,371.925387,,110.152839
2022-12-07,433.8359,,502.030937,,319.609364,,104.658019,371.343413,,110.76175
2022-12-08,434.0832,,499.98985,,320.727005,,105.011792,370.915494,,110.621256
2022-12-09,431.9835,,498.596456,,318.519851,,103.007075,369.121862,,108.733005
2022-12-12,432.4625,,498.940892,,321.308118,,103.478774,372.197609,,109.185313
2022-12-13,436.1174,,498.699416,,323.628888,,103.832547,371.564285,,108.587856
2022-12-14,435.5358,,495.703064,,322.671013,,103.301887,368.73039,,107.527192
2022-12-15,431.3633,,493.499847,,318.131305,,102.948113,365.427707,,107.714588
2022-12-16,430.5521,,494.531045,,315.540324,,101.82783,363.893209,,106.966219
2022-12-19,427.6972,,490.168239,,313.164464,,101.002358,360.356592,,105.865044
2022-12-20,429.3571,,491.41276,,312.567262,,100.648585,359.188567,,105.353207
2022-12-21,430.8468,,493.903596,,315.722942,,101.82783,363.393114,,106.75743
2022-12-22,427.2023,,490.331393,,312.974134,,100.412736,360.674801,,105.404032
2022-12-23,427.6439,,489.820863,,313.617786,,99.941038,360.667425,,104.691436
2022-12-27,427.2165,,488.181458,,311.967482,,99.46934,357.926477,,103.952467
2022-12-28,424.3525,,486.15168,,309.421599,,98.879717,355.915488,,103.601143
2022-12-29,427.7454,,487.772592,,313.231751,,99.705189,358.632018,,103.982944
2022-12-30,427.4459,,485.681678,,312.144871,,99.233491,356.104945,,103.119581
2023-01-03,429.2285,,494.768392,,312.095761,,99.764151,361.20396,,105.172019
2023-01-04,432.5432,,495.993259,,314.227314,,101.061321,361.777418,,105.984794
2023-01-05,431.1303,,498.155585,,311.971703,,100.825472,361.928595,,106.54646
2023-01-06,437.8174,,500.281028,,317.619786,,103.478774,364.401202,,108.139559
2023-01-09,438.6388,,497.080087,,317.834424,,103.891509,361.635861,,107.674207
2023-01-10,438.0978,,496.231099,,318.691433,,103.773585,362.438673,,107.500883
2023-01-11,440.1589,,497.462583,,321.890046,,104.834906,365.266393,,108.360037
2023-01-12,444.7569,,498.235759,,323.523559,,106.308962,363.889352,,108.916677
2023-01-13,445.8836,,500.438663,,323.804733,,105.660377,364.891532,,108.456059
2023-01-17,444.2371,,500.642866,,323.209636,,104.95283,365.720027,,108.173197
2023-01-18,444.9305,,501.117712,,321.438237,,105.778302,363.493248,,108.957335
2023-01-19,446.9852,,501.712102,,319.731858,,106.191038,360.328472,,109.008811
2023-01-20,445.8881,,499.392536,,322.792993,,105.483491,362.987359,,108.047062
2023-01-23,446.2524,,499.175121,,324.791776,,105.778302,364.777991,,108.213455
2023-01-24,447.5406,,499.96286,,325.148449,,106.721698,364.702069,,109.036107
2023-01-25,448.0355,,499.148877,,325.388353,,107.193396,363.974461,,109.218953
2023-01-26,450.5035,,502.995491,,327.308025,,107.429245,366.92205,,109.698516
2023-01-27,449.4099,,502.822745,,327.566466,,106.957547,367.978929,,109.445024
2023-01-30,445.2853,,498.993227,,324.738462,,106.073113,365.377044,,108.711106
2023-01-31,449.4726,,503.129049,,328.140407,,105.955189,368.796778,,108.470266
2023-02-01,452.5797,,500.72411,,331.161685,,107.429245,367.870323,,108.702182
2023-02-02,452.5672,,504.331598,,334.207396,,107.016509,373.938686,,109.067709
2023-02-03,447.2953,,503.851164,,330.787005,,105.365566,374.117142,,108.547279
2023-02-06,445.4856,,504.956783,,328.849743,,104.304245,374.256441,,108.127169
2023-02-07,448.5896,,508.57948,,331.202145,,104.893868,377.010989,,108.760711
2023-02-08,446.7796,,507.156462,,329.212458,,104.834906,375.211487,,108.834564
2023-02-09,443.3864,,502.020341,,326.982926,,104.186321,371.719427,,107.88522
2023-02-10,444.6168,,506.280291,,326.868865,,103.596698,373.705891,,107.885573
2023-02-13,446.7307,,506.675168,,329.58112,,104.186321,375.316263,,108.070417
2023-02-14,446.5134,,505.589112,,329.018263,,103.832547,374.054132,,107.524895
2023-02-15,444.3741,,505.525698,,329.400685,,103.242925,376.244564,,107.415537
2023-02-16,440.1383,,501.387306,,326.126429,,102.358491,373.010798,,106.640053
2023-02-17,439.0646,,499.130572,,325.943613,,102.476415,372.031283,,106.542278
2023-02-21,433.6015,,495.263475,,320.801993,,101.002358,367.903414,,105.508961
2023-02-22,433.4115,,496.895194,,320.88603,,101.061321,369.374076,,105.964804
2023-02-23,435.7749,,500.048047,,322.360586,,101.591981,371.400682,,106.615724
2023-02-24,432.2845,,498.371351,,319.557441,,100.235849,369.899357,,105.686322
2023-02-27,433.4283,,496.675576,,320.46698,,100.825472,368.71437,,105.666691
2023-02-28,433.1088,,498.03231,,319.737302,,100.766509,369.151853,,105.971488
2023-03-01,432.9142,,493.439955,,318.266292,,100.884434,364.228867,,105.164448
2023-03-02,433.7805,,497.651453,,319.482019,,100.766509,368.004312,,105.72648
2023-03-03,439.5803,,502.564693,,323.570815,,102.948113,371.427738,,107.642667
2023-03-06,438.5531,,499.258715,,323.387991,,102.181604,369.639687,,106.386982
2023-03-07,434.5867,,500.830779,,320.243306,,101.002358,370.549197,,106.453121
2023-03-08,434.5497,,501.130172,,320.421178,,100.766509,371.008232,,106.277081
2023-03-09,432.1994,,496.681223,,317.342494,,100.235849,366.161812,,105.348647
2023-03-10,434.1231,,496.068986,,316.070259,,102.240566,362.630266,,106.84759
2023-03-13,435.331,,493.184466,,316.800275,,102.59434,360.351705,,106.298099
2023-03-14,436.4548,,494.3839,,319.194936,,102.004717,363.02144,,105.671435
2023-03-15,435.661,,500.772885,,319.272693,,102.181604,368.472544,,107.41802
2023-03-16,438.3359,,502.28984,,322.133223,,101.82783,370.624485,,106.715167
2023-03-17,439.687,,501.244252,,320.688191,,101.945755,367.062472,,106.288733
2023-03-20,441.2518,,500.535798,,322.02437,,102.417453,366.765629,,106.251466
2023-03-21,442.3153,,499.50037,,324.16177,,102.417453,367.550386,,105.776728
2023-03-22,441.3917,,494.356589,,322.101906,,103.478774,362.210217,,105.993624
2023-03-23,442.5121,,496.815183,,322.930656,,103.596698,364.024171,,106.372148
2023-03-24,442.9924,,500.539334,,324.422628,,103.301887,368.047871,,106.748675
2023-03-27,440.9382,,496.474067,,323.385975,,102.181604,365.587435,,105.221348
2023-03-28,442.3196,,495.962407,,322.758279,,102.830189,363.363418,,105.44974
2023-03-29,444.7849,,498.653102,,325.723977,,103.242925,366.648114,,105.857368
2023-03-30,447.41,,498.799416,,327.018041,,103.891509,366.05235,,105.928448
2023-03-31,451.4857,,506.230798,,330.410331,,104.658019,371.971288,,107.322153
2023-04-03,456.1915,,509.033023,,331.742889,,105.483491,371.664967,,107.645422
2023-04-04,455.9738,,506.216071,,331.123225,,105.660377,369.093944,,107.280429
2023-04-05,457.3353,,509.976975,,331.050709,,105.955189,370.64795,,108.056371
2023-04-06,456.5921,,508.392788,,331.704654,,106.073113,370.829085,,108.016129
2023-04-10,455.198,,509.871249,,330.997678,,105.542453,372.251419,,108.118414
2023-04-11,456.7589,,508.984081,,331.138774,,106.014151,370.491675,,108.042177
2023-04-12,456.3503,,504.762602,,330.479144,,106.073113,367.015261,,107.301662
2023-04-13,459.7561,,505.993091,,333.068157,,106.485849,368.045437,,107.18186
2023-04-14,456.5722,,504.916165,,331.927133,,105.424528,368.556268,,106.626163
2023-04-17,454.7452,,506.104589,,331.975755,,104.775943,370.962283,,106.64636
2023-04-18,455.8416,,505.123682,,332.289415,,105.011792,369.70176,,106.42267
2023-04-19,455.0012,,504.988733,,332.056071,,104.716981,370.02563,,106.291507
2023-04-20,454.6838,,504.107214,,331.565699,,104.834906,369.091687,,106.299604
2023-04-21,453.0646,,501.25147,,331.494619,,104.245283,368.233459,,105.478573
2023-04-24,455.2467,,501.06194,,332.232787,,104.95283,367.145605,,105.645516
2023-04-25,453.1547,,502.068498,,329.887869,,105.129717,366.97296,,106.525672
2023-04-26,450.202,,495.846234,,328.569149,,104.42217,363.343687,,105.182773
2023-04-27,453.085,,499.496681,,332.016502,,104.42217,367.505488,,105.282925
2023-04-28,456.8601,,504.156811,,334.399188,,105.011792,370.509082,,105.982164
2023-05-01,453.2842,,502.193669,,332.824782,,103.242925,370.226537,,104.610013
2023-05-02,452.7591,,500.444385,,331.864789,,104.245283,368.299428,,105.379795
2023-05-03,451.8505,,496.698891,,331.086688,,104.481132,365.419214,,105.038521
2023-05-04,449.8182,,496.7015,,329.533304,,104.186321,365.349904,,105.21592
2023-05-05,452.7332,,499.557325,,332.759883,,104.540094,368.659294,,105.496531
2023-05-08,451.6256,,499.005488,,332.083984,,104.009434,368.405357,,105.1022
2023-05-09,451.2306,,500.497749,,331.090226,,103.419811,368.723809,,104.910663
2023-05-10,452.1679,,500.628432,,332.867905,,104.068396,370.03171,,105.377272
2023-05-11,451.3653,,502.715737,,332.928034,,104.186321,372.302468,,106.124906
2023-05-12,450.3702,,504.677484,,331.910029,,103.773585,373.435752,,106.351448
2023-05-15,450.5797,,503.742146,,332.264327,,103.832547,372.968041,,106.165273
2023-05-16,446.1535,,499.358552,,330.629603,,102.712264,371.553331,,105.138747
2023-05-17,448.9386,,503.542039,,332.841682,,103.125,374.832923,,105.785235
2023-05-18,449.143,,507.012987,,334.139342,,102.417453,378.71569,,105.735476
2023-05-19,449.5813,,505.82161,,333.551961,,102.240566,376.793911,,105.202168
2023-05-22,448.8848,,504.711017,,333.508557,,102.004717,376.500973,,104.891536
2023-05-23,447.5385,,505.239286,,331.417061,,101.945755,375.658145,,105.256315
2023-05-24,445.2119,,503.515135,,329.625484,,101.002358,374.298238,,104.469517
2023-05-25,445.1003,,504.529455,,330.865641,,100.766509,376.557711,,104.461717
2023-05-26,448.6257,,508.653613,,333.543488,,101.533019,379.700953,,105.282839
2023-05-30,449.4854,,509.068115,,334.506157,,101.768868,380.378234,,105.411394
2023-05-31,447.9689,,509.510297,,333.867142,,101.474057,381.267702,,105.553449
2023-06-01,451.7522,,510.337469,,336.173964,,102.476415,381.304992,,105.874996
2023-06-02,454.2902,,515.836156,,338.381687,,102.535377,385.777149,,106.479119
2023-06-05,453.7826,,514.995234,,337.974624,,102.476415,385.115236,,106.36325
2023-06-06,455.341,,517.711113,,338.58731,,103.007075,386.520599,,107.110018
2023-06-07,453.7039,,515.565289,,337.166484,,102.358491,384.686362,,106.376901
2023-06-08,456.906,,515.18781,,339.107699,,103.419811,383.908391,,106.648503
2023-06-09,456.5471,,516.3972,,339.161968,,103.125,385.173743,,106.677924
2023-06-12,458.156,,517.817142,,341.245713,,103.301887,387.241136,,106.778448
2023-06-13,458.2632,,516.186711,,341.947092,,103.066038,386.724768,,106.174377
2023-06-14,458.7593,,515.265541,,342.31905,,103.773585,386.036636,,106.597089
2023-06-15,463.5565,,514.907008,,345.815279,,104.893868,385.675047,,106.558607
2023-06-16,462.2989,,513.702535,,344.68152,,104.540094,384.554665,,106.239017
2023-06-20,459.3734,,511.513053,,343.858208,,104.42217,384.433751,,106.339814
2023-06-21,458.9448,,507.872621,,343.023708,,104.540094,381.127004,,105.800943
2023-06-22,456.8489,,506.946864,,343.058752,,103.537736,382.216646,,105.075345
2023-06-23,455.9503,,508.932047,,341.898982,,103.478774,383.169857,,105.634522
2023-06-26,456.3682,,508.735234,,341.23433,,103.537736,381.92703,,105.557091
2023-06-27,458.2539,,508.287881,,343.209668,,103.537736,382.220815,,105.030287
2023-06-28,458.9882,,511.332354,,343.728543,,103.832547,384.475425,,105.790718
2023-06-29,458.9272,,513.612993,,343.482939,,102.830189,385.965609,,105.250736
2023-06-30,463.4382,,516.427082,,346.233447,,103.891509,387.380215,,105.87893
2023-07-03,463.3282,,516.332902,,346.312621,,104.304245,387.49011,,106.305407
2023-07-05,461.5512,,516.973235,,345.376824,,103.125,388.411967,,105.639039
2023-07-06,457.0053,,510.292363,,342.858784,,101.29717,384.383157,,103.444511
2023-07-07,457.9241,,507.560865,,342.369858,,101.415094,381.014397,,102.803886
2023-07-10,459.1694,,507.442168,,343.275136,,101.650943,380.896691,,102.739473
2023-07-11,462.4044,,510.655184,,344.890174,,102.240566,382.417576,,103.262192
2023-07-12,466.6343,,509.79249,,347.676417,,104.127358,381.367117,,104.038464
2023-07-13,468.9995,,507.88992,,350.196515,,105.188679,380.767849,,104.178601
2023-07-14,466.8004,,505.558003,,349.391437,,104.42217,379.929717,,103.429587
2023-07-17,467.5728,,506.110484,,350.280565,,104.599057,380.682903,,103.546677
2023-07-18,470.7068,,509.652536,,351.955276,,104.95283,382.615389,,103.927427
2023-07-19,472.1933,,512.672915,,352.86113,,105.660377,384.658745,,104.916795
2023-07-20,470.1517,,513.579825,,350.714215,,105.247642,384.657805,,105.146452
2023-07-21,470.4345,,514.101241,,350.827244,,105.247642,384.940882,,105.18993
2023-07-24,471.562,,518.160703,,351.508753,,105.365566,387.804687,,105.885547
2023-07-25,472.9108,,520.376522,,351.921739,,105.601415,388.808537,,106.272404
2023-07-26,473.4703,,519.229799,,352.410178,,105.483491,388.031111,,105.79464
2023-07-27,468.735,,519.212248,,349.809975,,103.714623,389.046015,,105.067849
2023-07-28,472.0886,,521.132146,,352.396778,,104.540094,390.577764,,105.540596
2023-07-31,473.7602,,523.752592,,352.980389,,104.95283,391.804505,,106.114339
2023-08-01,471.065,,521.36088,,351.428957,,103.537736,390.52279,,104.801759
2023-08-02,466.4438,,518.440996,,348.170342,,102.299528,388.546518,,103.988652
2023-08-03,464.8129,,516.095104,,346.631066,,101.061321,386.429511,,102.623977
2023-08-04,465.4243,,514.008881,,346.828531,,102.122642,384.58082,,103.146837
2023-08-07,466.3977,,515.350743,,348.678169,,102.004717,386.832095,,103.081105
2023-08-08,466.105,,517.189662,,348.105749,,102.063679,387.818485,,103.573726
2023-08-09,465.4472,,515.636166,,346.80778,,102.240566,385.756289,,103.587774
2023-08-10,464.2239,,513.953116,,345.98047,,101.179245,384.590745,,102.447119
2023-08-11,464.6274,,516.105968,,345.423558,,100.707547,385.245215,,102.307716
2023-08-14,465.3037,,518.700815,,346.473485,,100.294811,387.794518,,102.251855
2023-08-15,461.0004,,514.101672,,343.676959,,99.233491,384.812674,,101.208803
2023-08-16,457.7186,,511.483454,,341.826453,,98.466981,383.521692,,100.631966
2023-08-17,456.4178,,510.367627,,340.11853,,98.349057,381.85816,,100.578012
2023-08-18,457.4098,,511.655718,,340.52041,,98.466981,382.443031,,100.733818
2023-08-21,457.6864,,510.677644,,341.1616,,98.054245,382.19959,,100.059319
2023-08-22,457.373,,512.694835,,340.754009,,98.17217,383.513476,,100.644284
2023-08-23,462.5209,,517.625389,,344.334272,,100.117925,386.915114,,102.47274
2023-08-24,458.6332,,515.771965,,341.165358,,99.292453,385.219626,,102.122347
2023-08-25,460.5789,,518.713407,,342.512547,,99.587264,387.303264,,102.574532
2023-08-28,462.5241,,519.738949,,344.12034,,99.941038,388.250905,,102.708658
2023-08-29,467.2341,,522.087876,,347.990266,,101.179245,390.415822,,103.398162
2023-08-30,468.4612,,521.384008,,348.802733,,101.120283,389.776091,,102.928267
2023-08-31,468.4876,,525.250671,,348.68839,,101.238208,392.515887,,103.806672
2023-09-01,468.8935,,529.131371,,348.351152,,100.589623,394.691511,,103.813727
2023-09-05,466.2934,,528.705045,,346.696745,,99.705189,394.689149,,103.391361
2023-09-06,464.678,,526.632756,,345.169222,,99.587264,392.770677,,103.221904
2023-09-07,464.2785,,527.71489,,344.974447,,99.528302,393.69413,,103.461716
2023-09-08,465.4471,,528.919532,,345.348944,,99.764151,394.029416,,103.682651
2023-09-11,465.4881,,526.407451,,346.547204,,99.764151,393.484002,,103.181126
2023-09-12,465.6902,,526.459701,,345.457287,,99.941038,392.115155,,103.329468
2023-09-13,465.2839,,527.206399,,345.909514,,99.823113,393.528682,,103.444181
2023-09-14,467.1769,,533.643677,,347.504923,,100.117925,398.549442,,104.59096
2023-09-15,463.7572,,528.907525,,344.669379,,99.587264,394.678091,,103.873601
2023-09-18,465.5854,,529.408246,,345.000701,,99.882075,393.878761,,103.870258
2023-09-19,463.8552,,528.048361,,344.165687,,99.292453,393.378006,,103.376021
2023-09-20,461.5896,,526.390969,,342.18881,,99.056604,391.804531,,103.311378
2023-09-21,454.1752,,518.062031,,337.86242,,96.992925,386.945209,,101.183735
2023-09-22,454.9097,,519.518911,,337.980644,,97.582547,387.542404,,101.920283
2023-09-25,454.2541,,521.326585,,337.767297,,96.226415,389.206291,,100.999129
2023-09-26,450.2562,,517.755023,,334.626457,,95.400943,386.345742,,100.329718
2023-09-27,450.3267,,521.287609,,334.231636,,94.988208,388.461958,,100.561491
2023-09-28,451.372,,519.372153,,335.792444,,95.813679,387.941464,,100.82863
2023-09-29,449.0535,,516.289005,,335.176962,,95.341981,386.919116,,100.25159
2023-10-02,445.6004,,517.052297,,334.151113,,93.808962,389.298785,,99.550979
2023-10-03,440.8929,,512.117852,,330.427476,,92.275943,385.35784,,98.025171
2023-10-04,441.6589,,511.185823,,332.798311,,92.924528,386.744516,,98.363616
2023-10-05,440.8137,,508.117745,,332.816267,,92.570755,385.18118,,97.587769
2023-10-06,443.049,,508.880144,,334.659393,,92.334906,385.938407,,96.99335
2023-10-09,449.3074,,516.942696,,337.331594,,93.867925,389.679076,,98.77075
2023-10-10,450.084,,515.9514,,338.256314,,94.516509,389.32507,,99.091226
2023-10-11,452.0226,,517.480809,,339.719444,,95.754717,390.486244,,100.255125
2023-10-12,449.408,,518.949278,,337.300269,,93.808962,391.067781,,99.069678
2023-10-13,452.5756,,523.666501,,336.871314,,94.929245,391.362242,,100.456025
2023-10-16,453.5598,,522.146536,,338.242607,,94.516509,390.964563,,99.512543
2023-10-17,453.5286,,521.276394,,337.274553,,94.162736,389.222727,,98.981664
2023-10-18,452.2401,,521.798331,,333.943352,,93.21934,386.863411,,98.36757
2023-10-19,450.685,,517.753476,,331.677587,,92.393868,382.575611,,97.074547
2023-10-20,448.4476,,514.662732,,329.703061,,92.099057,379.913943,,96.667059
2023-10-23,447.7849,,510.265343,,329.891028,,92.099057,377.440386,,95.982955
2023-10-24,448.1249,,514.462366,,331.842982,,93.101415,382.506137,,97.751431
2023-10-25,446.926,,514.232018,,327.994519,,91.686321,378.914579,,96.480677
2023-10-26,446.1262,,513.496447,,326.531787,,92.334906,377.36048,,97.198134
2023-10-27,445.8056,,513.297526,,325.593212,,92.099057,376.400533,,96.982001
2023-10-30,446.3592,,511.20428,,327.616702,,92.158019,376.727446,,96.528471
2023-10-31,446.5094,,513.33971,,328.773315,,91.863208,379.508975,,96.58911
2023-11-01,447.356,,514.536853,,332.325805,,93.278302,383.776626,,98.119687
2023-11-02,452.6112,,518.042444,,336.942403,,95.224057,387.210345,,99.677935
2023-11-03,453.5707,,514.006204,,339.605258,,96.049528,386.410581,,99.547627
2023-11-06,452.5362,,513.336304,,339.396597,,95.459906,386.55151,,99.033462
2023-11-07,451.9064,,513.460312,,340.704844,,95.872642,388.676186,,99.624324
2023-11-08,450.4265,,511.334392,,341.322835,,96.462264,389.043041,,100.149971
2023-11-09,448.5878,,511.237777,,338.582073,,94.811321,387.427706,,98.820713
2023-11-10,450.7466,,512.885522,,342.074714,,95.224057,390.805069,,99.09391
2023-11-13,451.91,,513.517195,,341.860449,,95.106132,390.034599,,98.837981
2023-11-14,458.2624,,512.114667,,347.561432,,97.346698,389.974135,,99.491624
2023-11-15,457.46,,512.740353,,347.141454,,96.757075,390.662826,,99.183496
2023-11-16,458.2629,,513.379952,,348.149053,,97.287736,391.598176,,99.676919
2023-11-17,460.2458,,512.911981,,348.686441,,97.641509,390.156912,,99.517578
2023-11-20,461.7218,,513.084715,,350.52224,,98.408019,391.08892,,100.011857
2023-11-21,462.7573,,515.616341,,350.213608,,98.17217,391.793879,,100.040094
2023-11-22,462.8744,,516.817322,,351.15677,,98.408019,393.664435,,100.488576
2023-11-24,463.6471,,515.568213,,350.631261,,97.759434,391.471775,,99.419041
2023-11-27,464.6039,,515.655824,,351.057866,,98.466981,391.207364,,99.949357
2023-11-28,466.8802,,516.339108,,351.886065,,98.820755,390.735499,,99.951666
2023-11-29,466.8456,,517.402239,,352.422458,,99.587264,392.165917,,100.941822
2023-11-30,467.0237,,521.598683,,352.785037,,98.820755,395.602438,,100.938777
2023-12-01,471.8753,,527.317579,,355.277222,,100.648585,398.624148,,102.864373
2023-12-04,467.0056,,523.951511,,353.621961,,99.528302,398.345095,,102.124021
2023-12-05,465.8794,,524.614899,,354.507581,,100.176887,400.814918,,103.16846
2023-12-06,465.1205,,525.312514,,354.025946,,100.825472,401.456592,,104.144139
2023-12-07,465.9852,,524.855577,,355.675929,,100.825472,402.229022,,103.860465
2023-12-08,465.4816,,525.979325,,355.87893,,100.589623,403.756631,,103.95171
2023-12-11,464.7983,,524.929111,,356.727585,,100.117925,404.505152,,103.40946
2023-12-12,464.7215,,523.403132,,358.128324,,100.117925,404.97989,,103.125887
2023-12-13,471.8924,,527.579166,,362.892566,,102.535377,407.355854,,104.840889
2023-12-14,476.1233,,526.590117,,364.773563,,105.011792,405.06793,,106.219352
2023-12-15,474.4633,,529.489318,,364.069687,,104.658019,407.934404,,106.816758
2023-12-18,476.2675,,530.052787,,365.001013,,104.481132,407.862223,,106.345312
2023-12-19,478.9806,,530.295432,,366.513911,,104.95283,407.41936,,106.268958
2023-12-20,475.6275,,528.580799,,363.994508,,104.716981,406.153774,,106.432398
2023-12-21,478.1885,,527.976006,,366.049364,,105.129717,405.794309,,106.158032
2023-12-22,479.043,,528.761,,366.310431,,104.834906,405.962052,,105.828619
2023-12-26,481.3371,,529.950757,,367.535847,,105.188679,406.290923,,105.917443
2023-12-27,482.4193,,528.124239,,368.871003,,106.544811,405.449883,,106.673375
2023-12-28,480.6604,,528.282334,,368.624406,,106.073113,406.783254,,106.621642
2023-12-29,479.5921,,528.240011,,367.707757,,105.247642,406.643,,106.01906
2024-01-02,478.829,,532.143598,,365.76483,,104.716981,408.132873,,106.43337
2024-01-03,478.1191,,532.215807,,364.053524,,104.540094,406.881694,,106.425787
2024-01-04,476.225,,528.993362,,362.763127,,103.596698,404.587448,,105.243735
2024-01-05,475.6877,,528.56556,,362.718298,,103.007075,404.666861,,104.678214
2024-01-08,477.6923,,530.337348,,366.36634,,103.714623,408.385932,,105.306764
2024-01-09,475.887,,529.280453,,365.998557,,103.007075,408.707515,,104.775894
2024-01-10,476.0251,,527.421963,,366.962962,,102.653302,408.227095,,104.019218
2024-01-11,476.6219,,528.102452,,367.706262,,103.125,409.06889,,104.501003
2024-01-12,478.4319,,531.245783,,368.122972,,103.65566,410.4115,,105.2642
2024-01-16,474.8254,,530.799705,,366.210962,,101.945755,411.035476,,104.226506
2024-01-17,472.6317,,527.997835,,364.59169,,101.179245,408.947255,,103.374408
2024-01-18,474.5303,,530.421043,,366.406724,,101.179245,411.217386,,103.433337
2024-01-19,477.9774,,533.244537,,369.179643,,101.650943,413.530965,,103.715287
2024-01-22,478.4603,,534.499399,,369.916208,,101.886792,414.911919,,104.095393
2024-01-23,478.6459,,536.145326,,370.193642,,101.591981,416.340225,,104.073442
2024-01-24,479.1008,,535.111656,,370.1046,,101.29717,415.043134,,103.473022
2024-01-25,482.6922,,541.036626,,371.98085,,102.063679,418.627933,,104.626069
2024-01-26,482.6338,,540.622253,,371.529516,,101.82783,417.850323,,104.316974
2024-01-29,485.8654,,545.347587,,373.883802,,102.830189,421.352243,,105.557808
2024-01-30,486.9854,,545.883988,,373.995496,,103.007075,420.922386,,105.599966
2024-01-31,482.7924,,542.554584,,371.025902,,103.183962,418.637837,,106.04923
2024-02-01,487.8777,,545.571263,,374.78609,,104.95283,420.799504,,107.336388
2024-02-02,488.4865,,550.561747,,375.766541,,103.125,425.228937,,106.299136
2024-02-05,485.7015,,549.670155,,373.715527,,101.886792,424.644096,,105.453964
2024-02-06,487.2259,,550.785181,,375.147157,,102.653302,425.799136,,106.129742
2024-02-07,489.1354,,552.030075,,376.720665,,102.535377,426.878543,,105.832653
2024-02-08,489.5735,,552.242542,,376.36013,,102.063679,426.252367,,105.292026
2024-02-09,489.5787,,551.966727,,377.614703,,101.945755,427.455112,,105.116728
2024-02-12,490.2546,,553.293186,,377.54619,,102.240566,427.81398,,105.528361
2024-02-13,485.0929,,550.714189,,373.042586,,100.53066,425.21737,,104.378773
2024-02-14,486.8659,,551.753214,,375.74233,,101.356132,427.54012,,105.050433
2024-02-15,490.5475,,553.603191,,377.639161,,101.82783,427.903441,,105.09845
2024-02-16,489.2656,,552.059143,,376.031324,,101.886792,426.006461,,105.140762
2024-02-20,488.2567,,549.228362,,374.944592,,101.474057,423.470415,,104.393167
2024-02-21,489.198,,549.707365,,374.685328,,101.415094,422.731691,,104.222572
2024-02-22,494.3225,,555.275818,,379.46042,,101.82783,427.972734,,104.610957
2024-02-23,494.8801,,556.164258,,380.188691,,102.59434,428.996269,,105.448108
2024-02-26,493.9706,,553.428254,,379.025713,,102.240566,426.363615,,104.760069
2024-02-27,493.4165,,553.159205,,379.241114,,101.886792,426.877363,,104.464005
2024-02-28,493.5735,,553.636434,,379.25087,,102.181604,427.12073,,104.823305
2024-02-29,495.3594,,557.336631,,380.309279,,102.771226,429.620837,,105.750158
2024-03-01,500.3589,,561.288979,,383.177305,,103.891509,431.574624,,106.585284
2024-03-04,500.6052,,560.628942,,382.551009,,103.773585,430.150811,,106.286788
2024-03-05,500.3526,,560.294441,,381.087848,,104.42217,428.466122,,106.941229
2024-03-06,503.0354,,561.127831,,382.487531,,105.129717,428.382557,,107.250929
2024-03-07,506.6,,562.549037,,385.092631,,105.542453,429.350175,,107.185167
2024-03-08,505.9985,,562.58511,,383.840415,,105.424528,428.490246,,107.199553
2024-03-11,506.4713,,563.554028,,383.473058,,105.424528,428.417113,,107.283934
2024-03-12,507.2157,,564.33584,,385.54948,,105.070755,430.701418,,106.915114
2024-03-13,508.3604,,564.529639,,384.911208,,105.188679,429.167502,,106.830766
2024-03-14,507.5706,,566.993158,,383.481544,,104.363208,430.107547,,106.620591
2024-03-15,505.7781,,564.757285,,381.886008,,103.714623,428.140985,,105.914182
2024-03-18,507.2892,,567.24173,,383.090338,,103.65566,430.095592,,106.002934
2024-03-19,509.3964,,569.943949,,384.751376,,103.891509,432.222821,,106.308658
2024-03-20,512.715,,570.705152,,387.198998,,104.658019,432.73421,,106.541936
2024-03-21,514.0951,,575.513646,,388.0715,,104.834906,436.18944,,107.332285
2024-03-22,513.0423,,577.157158,,388.121924,,105.129717,438.389683,,108.162997
2024-03-25,512.9681,,575.444256,,387.198152,,104.658019,436.111373,,107.37365
2024-03-26,512.2275,,574.942382,,386.927489,,104.716981,436.055988,,107.495641
2024-03-27,516.1265,,579.489968,,389.386782,,105.837264,438.957228,,108.677759
2024-03-28,518.4609,,584.361447,,389.148301,,106.25,440.384395,,109.523368
2024-04-01,518.5102,,586.772569,,387.618559,,105.188679,440.421282,,108.866386
2024-04-02,519.3484,,586.280358,,386.01902,,105.129717,437.52864,,108.538633
2024-04-03,520.9876,,584.510595,,386.376854,,105.365566,435.238534,,108.112525
2024-04-04,517.8969,,580.994796,,383.918694,,105.601415,432.433595,,108.345524
2024-04-05,522.6636,,586.385534,,385.558299,,105.247642,434.312456,,107.990529
2024-04-08,522.4921,,584.946147,,385.546744,,105.424528,433.375577,,107.941917
2024-04-09,523.8806,,586.624866,,386.343795,,106.25,434.363505,,108.810147
2024-04-10,519.2749,,587.665294,,382.16649,,104.540094,434.246726,,108.200161
2024-04-11,522.8283,,592.591384,,383.92804,,104.481132,436.91536,,108.30448
2024-04-12,517.7073,,591.613346,,381.032455,,104.068396,437.186637,,108.763917
2024-04-15,515.2796,,589.631651,,377.259325,,103.242925,433.440071,,108.046435
2024-04-16,513.7696,,588.208276,,376.413692,,102.358491,432.692509,,107.176336
2024-04-17,511.9909,,583.200556,,375.770166,,102.771226,429.763195,,107.06303
2024-04-18,511.3775,,584.116375,,374.891695,,102.59434,429.9469,,107.174995
2024-04-19,510.6563,,582.805241,,373.086251,,102.771226,427.518818,,107.270079
2024-04-22,509.5481,,581.442214,,375.234028,,102.712264,429.907305,,107.190422
2024-04-23,511.7376,,581.365016,,378.216679,,102.889151,431.413251,,106.901415
2024-04-24,510.8931,,580.535813,,377.72349,,102.59434,430.947345,,106.61902
2024-04-25,510.7234,,578.660874,,376.429835,,102.358491,428.226595,,106.065597
2024-04-26,512.6841,,582.995994,,378.8985,,103.183962,432.603316,,107.310008
2024-04-29,513.9267,,582.77911,,380.158457,,103.891509,432.831329,,107.744511
2024-04-30,506.1694,,576.964016,,375.932863,,102.417453,430.243552,,106.767511
2024-05-01,505.9543,,574.209953,,375.739667,,102.59434,428.151734,,106.486642
2024-05-02,507.7504,,575.53914,,378.524043,,103.301887,430.793653,,107.08907
2024-05-03,510.4784,,576.851078,,382.118615,,104.481132,433.546585,,107.978307
2024-05-06,513.9916,,580.314021,,384.586687,,105.070755,435.965903,,108.49287
2024-05-07,514.2971,,581.377043,,385.176748,,105.306604,437.174782,,108.870875
2024-05-08,513.6085,,580.938947,,384.86744,,105.011792,437.079762,,108.629722
2024-05-09,516.9981,,582.945111,,386.493626,,105.837264,437.554636,,109.141427
2024-05-10,517.1535,,583.905604,,386.458434,,105.71934,438.103983,,109.166635
2024-05-13,516.402,,581.857431,,386.578469,,105.660377,437.338356,,108.881259
2024-05-14,518.438,,582.553319,,388.064063,,106.426887,437.817903,,109.371084
2024-05-15,523.7162,,584.969838,,391.971084,,107.606132,439.584866,,109.922549
2024-05-16,522.469,,584.500444,,391.30997,,107.488208,439.538041,,109.97588
2024-05-17,524.4796,,586.744359,,391.153919,,107.724057,439.358713,,110.216173
2024-05-20,524.5431,,587.377533,,391.281529,,107.606132,439.923068,,110.200985
2024-05-21,524.7994,,587.816137,,392.139705,,107.841981,441.001664,,110.471013
2024-05-22,521.4714,,585.777774,,391.265386,,107.370283,441.290989,,110.305914
2024-05-23,517.4472,,581.676547,,389.111836,,105.955189,439.178621,,108.930638
2024-05-24,519.1169,,581.874816,,390.833151,,106.367925,439.852459,,109.040387
2024-05-28,520.0371,,582.3264,,390.270508,,105.778302,438.782321,,108.328081
2024-05-29,516.2253,,581.049792,,388.041013,,104.599057,438.533657,,107.674816
2024-05-30,515.699,,578.790823,,387.224189,,105.188679,436.354101,,107.970883
2024-05-31,518.6321,,581.245661,,389.836927,,105.896226,438.666573,,108.540825
2024-06-03,519.2651,,578.929013,,390.961801,,106.662736,437.64477,,108.757998
2024-06-04,519.3237,,580.340857,,391.791565,,106.839623,439.593561,,109.191707
2024-06-05,523.6907,,585.786336,,395.078593,,107.606132,443.709891,,110.081338
2024-06-06,524.4272,,585.581071,,395.127136,,107.783019,442.985911,,110.06886
2024-06-07,519.5718,,584.989843,,393.436764,,105.778302,444.763285,,108.921008
2024-06-10,521.0774,,588.456221,,394.02725,,105.837264,446.775567,,109.310739
2024-06-11,522.5085,,591.429377,,395.147752,,106.014151,449.076454,,109.745236
2024-06-12,524.2046,,589.610745,,397.841456,,106.721698,449.28905,,109.78161
2024-06-13,524.6244,,594.006882,,399.125831,,107.429245,453.736862,,111.244314
2024-06-14,526.0449,,597.55197,,399.431619,,107.606132,455.561008,,111.789804
2024-06-17,527.0189,,596.890392,,400.770873,,107.311321,455.73857,,111.154294
2024-06-18,529.0436,,598.876666,,401.955686,,108.07783,456.851799,,111.890921
2024-06-20,530.3285,,602.462889,,401.012499,,107.959906,457.398229,,112.165716
2024-06-21,528.1949,,600.628399,,400.708885,,107.370283,457.500811,,111.662684
2024-06-24,529.8056,,600.158373,,400.068178,,107.841981,455.024278,,111.724775
2024-06-25,530.6213,,602.103475,,400.976229,,108.018868,456.83179,,112.098133
2024-06-26,528.0581,,601.068792,,400.541547,,107.016509,457.763623,,111.405224
2024-06-27,529.7355,,601.676783,,401.190707,,107.488208,457.515989,,111.654775
2024-06-28,527.3777,,598.590529,,399.455601,,106.485849,455.226809,,110.538173
2024-07-01,526.1122,,595.519509,,399.085695,,105.424528,453.560283,,109.136895
2024-07-02,528.4031,,597.845447,,401.235824,,106.132075,455.800196,,109.820276
2024-07-03,532.1075,,599.853867,,403.161364,,107.311321,456.327062,,110.637901
2024-07-05,534.3229,,599.344626,,405.37029,,108.254717,456.537,,111.053426
2024-07-08,533.0793,,598.750738,,405.703557,,108.07783,457.524436,,111.020496
2024-07-09,532.3594,,598.506169,,405.797241,,107.54717,458.061753,,110.579595
2024-07-10,536.0038,,601.696411,,408.369786,,108.254717,460.271826,,111.139564
2024-07-11,536.8975,,600.603316,,407.093125,,109.316038,457.23698,,111.838808
2024-07-12,539.0736,,601.008012,,409.085154,,109.669811,457.927952,,111.823118
2024-07-15,540.4759,,603.152212,,409.198794,,109.080189,458.496656,,111.32912
2024-07-16,545.4864,,608.442153,,411.311058,,110.318396,460.635058,,112.537072
2024-07-17,542.2125,,602.59547,,407.97709,,109.964623,455.243075,,111.769068
2024-07-18,539.3506,,601.752797,,405.645581,,109.021226,454.40692,,111.242392
2024-07-19,534.8746,,597.603529,,403.704128,,108.07783,452.872141,,110.435856
2024-07-22,536.5996,,598.99685,,406.131818,,108.018868,455.18972,,110.277299
2024-07-23,535.037,,599.283045,,405.730551,,107.606132,456.285977,,110.229414
2024-07-24,529.3558,,593.690914,,399.708715,,106.308962,450.098515,,109.042277
2024-07-25,528.798,,592.742694,,398.903463,,106.662736,448.947387,,109.34563
2024-07-26,532.5432,,596.451328,,402.153086,,107.665094,452.233581,,110.282702
2024-07-29,532.2022,,597.93684,,402.561171,,107.841981,454.110731,,110.809963
2024-07-30,533.3027,,599.483519,,401.49735,,108.07783,453.145201,,111.109806
2024-07-31,539.3588,,605.697501,,406.284172,,109.610849,458.098799,,112.575494
2024-08-01,535.4771,,603.260896,,403.510597,,109.139151,456.426081,,112.449401
2024-08-02,533.9733,,595.092525,,400.799429,,109.669811,448.48021,,111.780064
2024-08-05,529.9116,,588.198779,,393.675963,,109.198113,438.743633,,110.853174
2024-08-06,527.4996,,586.742917,,394.917225,,108.136792,441.045133,,110.004768
2024-08-07,525.5453,,585.013393,,392.852308,,107.488208,439.072459,,109.42808
2024-08-08,530.012,,590.131417,,398.059336,,108.254717,445.002123,,110.235675
2024-08-09,530.7045,,591.124438,,399.68712,,108.84434,446.989719,,110.877723
2024-08-12,532.9301,,592.691127,,400.073137,,109.375,446.73379,,111.247061
2024-08-13,534.6854,,591.273457,,404.666973,,110.082547,449.302727,,111.332211
2024-08-14,534.7226,,590.315842,,405.732838,,110.082547,449.725273,,111.144167
2024-08-15,537.2365,,595.253263,,409.219934,,110.259434,455.244064,,111.728595
2024-08-16,540.2153,,595.606169,,410.162362,,110.790094,454.045472,,111.713471
2024-08-19,542.227,,594.674545,,412.691097,,111.497642,454.437902,,111.834602
2024-08-20,542.0855,,592.1369,,412.791846,,111.851415,452.727298,,111.73986
2024-08-21,542.8817,,591.953496,,413.945491,,112.382075,453.186308,,112.070611
2024-08-22,539.6586,,590.414288,,411.335147,,111.143868,451.840143,,111.207882
2024-08-23,543.7673,,590.815394,,414.705326,,112.558962,452.407259,,111.848741
2024-08-26,544.0028,,592.559421,,413.967383,,112.441038,452.739235,,112.012869
2024-08-27,543.705,,591.006523,,414.343965,,112.5,452.211082,,111.839129
2024-08-28,541.8345,,592.395,,412.760936,,111.910377,453.100514,,111.899307
2024-08-29,542.5383,,595.418814,,412.565509,,111.851415,454.607195,,112.265403
2024-08-30,542.1046,,596.671872,,414.53936,,111.320755,458.109693,,112.057498
2024-09-03,539.9644,,594.434643,,410.117865,,110.790094,453.313767,,111.545543
2024-09-04,540.6654,,593.117067,,410.339574,,111.379717,451.966746,,111.745555
2024-09-05,541.0147,,591.993826,,410.166073,,111.556604,450.628944,,111.638939
2024-09-06,536.8386,,588.839315,,406.231997,,110.731132,447.381918,,111.079805
2024-09-09,539.8765,,594.784917,,409.188879,,111.438679,452.627129,,112.282942
2024-09-10,540.7407,,596.569574,,410.765261,,111.733491,455.005854,,112.737322
2024-09-11,541.1516,,597.429519,,413.238376,,112.087264,458.057093,,113.1713
2024-09-12,545.0562,,598.349578,,415.190396,,112.5,457.627633,,112.947997
2024-09-13,548.1595,,601.886745,,416.825136,,113.089623,459.52905,,113.564579
2024-09-16,550.6525,,601.327408,,417.602735,,114.091981,457.876079,,113.946453
2024-09-17,550.4179,,602.120492,,417.526084,,113.856132,458.59119,,113.909407
2024-09-18,547.0682,,598.17625,,416.272221,,113.03066,457.00017,,113.03066
2024-09-19,552.3296,,601.618674,,420.549618,,113.974057,459.929714,,113.538016
2024-09-20,553.0622,,602.486825,,419.948495,,113.620283,459.325803,,113.198781
2024-09-23,554.4117,,606.620448,,420.525362,,114.150943,461.985227,,114.229025
2024-09-24,556.5814,,605.273746,,421.483545,,114.976415,460.208895,,114.352119
2024-09-25,553.4222,,604.373711,,420.275752,,114.091981,460.823438,,113.950547
2024-09-26,553.7582,,602.34904,,421.293928,,115.035377,460.112984,,114.438401
2024-09-27,554.995,,604.61944,,421.414164,,115.566038,460.949556,,115.142476
2024-09-30,554.1989,,605.096901,,422.050923,,115.389151,462.674282,,115.222303
2024-10-01,557.5408,,612.430925,,420.234935,,116.037736,463.472369,,116.571399
2024-10-02,557.1511,,613.288451,,419.981173,,115.625,464.165495,,116.400768
2024-10-03,557.1603,,614.104833,,418.83747,,114.622642,463.510008,,115.54338
2024-10-04,557.0432,,617.227037,,420.046701,,114.091981,467.30979,,115.617478
2024-10-07,555.0548,,614.90051,,417.185151,,113.561321,464.033216,,115.056652
2024-10-08,553.7071,,613.083471,,419.842066,,113.03066,466.741806,,114.458509
2024-10-09,553.5642,,615.216965,,421.151153,,112.735849,469.94771,,114.586816
2024-10-10,554.3696,,616.258542,,420.602658,,112.676887,469.447245,,114.554114
2024-10-11,556.8088,,619.009671,,422.167611,,112.853774,471.224098,,114.741292
2024-10-14,557.8631,,621.733878,,424.091424,,112.794811,474.556169,,114.968357
2024-10-15,556.3959,,621.112227,,422.794104,,112.617925,473.877748,,114.975679
2024-10-16,558.7982,,625.447963,,424.119043,,113.148585,476.623216,,115.823748
2024-10-17,557.6081,,625.890741,,423.299383,,112.676887,477.05486,,115.668898
2024-10-18,559.4845,,626.008634,,424.405077,,112.912736,476.786633,,115.544027
2024-10-21,556.4764,,625.556123,,422.808926,,111.320755,477.215907,,114.447939
2024-10-22,558.1214,,628.474618,,422.707974,,111.733491,477.915092,,115.068046
2024-10-23,554.4227,,625.160897,,419.966135,,110.849057,475.462544,,114.312865
2024-10-24,555.8835,,624.162415,,420.827062,,111.379717,474.426267,,114.3753
2024-10-25,555.6942,,625.892192,,420.407122,,110.966981,475.428235,,114.306189
2024-10-28,555.0976,,624.173537,,420.911183,,111.025943,475.201391,,114.175463
2024-10-29,555.1863,,623.915489,,421.504888,,110.849057,475.59894,,113.928226
2024-10-30,555.4702,,622.083846,,420.573861,,111.20283,472.913457,,113.898054
2024-10-31,550.8539,,615.338088,,415.591783,,110.554245,466.11766,,112.944503
2024-11-01,549.1843,,616.389864,,415.967677,,109.728774,468.757465,,112.634181
2024-11-04,551.7425,,616.687697,,416.126657,,110.495283,466.987891,,112.94965
2024-11-05,555.5931,,618.008553,,419.544833,,111.20283,468.562205,,113.126874
2024-11-06,558.5963,,633.008117,,424.485317,,109.433962,482.975536,,113.416347
2024-11-07,562.7374,,633.308787,,427.746581,,111.143868,483.33419,,114.395133
2024-11-08,565.3922,,641.343004,,429.156802,,111.143868,488.773651,,115.302404
2024-11-11,563.6745,,643.50148,,429.010002,,110.436321,491.744845,,115.304272
2024-11-12,560.0268,,640.914054,,427.214665,,108.667453,490.894734,,113.737264
2024-11-13,558.6322,,642.986075,,427.318881,,107.841981,493.831651,,113.520884
2024-11-14,557.8104,,644.052427,,425.596483,,108.018868,493.382658,,114.06346
2024-11-15,554.487,,639.674506,,422.343775,,107.606132,489.198377,,113.531663
2024-11-18,557.5757,,639.632323,,423.532665,,108.431604,487.825739,,113.761353
2024-11-19,559.3313,,641.827981,,424.703153,,108.726415,489.312426,,114.102957
2024-11-20,560.5797,,646.390419,,424.619162,,108.726415,491.596033,,114.658147
2024-11-21,562.9721,,653.456574,,425.894195,,108.962264,496.344045,,115.669347
2024-11-22,565.01,,659.556294,,426.81803,,109.257075,500.25303,,116.642713
2024-11-25,564.7849,,654.242721,,429.223352,,110.436321,499.218189,,116.998436
2024-11-26,565.5886,,655.611012,,430.306451,,109.90566,500.811953,,116.513959
2024-11-27,565.7437,,650.974193,,429.993071,,110.318396,496.771576,,116.092534
2024-11-29,569.3567,,654.59248,,432.271146,,111.320755,498.992548,,117.050972
2024-12-02,568.6034,,658.521724,,432.756688,,111.261792,503.217434,,117.84713
2024-12-03,567.8366,,657.157875,,432.537896,,111.20283,502.599132,,117.699463
2024-12-04,568.7467,,657.885471,,434.714956,,111.733491,504.878902,,118.202613
2024-12-05,568.2188,,652.568349,,434.322229,,111.556604,500.810817,,117.170423
2024-12-06,567.2566,,652.653242,,435.303126,,111.556604,502.858695,,117.38444
2024-12-09,565.5615,,651.547728,,433.450643,,111.497642,501.368778,,117.47471
2024-12-10,564.4807,,651.902603,,432.434629,,111.143868,501.424233,,117.390088
2024-12-11,566.0351,,655.678448,,434.030466,,110.908019,504.799595,,117.495923
2024-12-12,561.2607,,651.943174,,431.990812,,109.492925,503.814724,,116.317074
2024-12-13,558.3644,,646.595783,,431.297612,,108.84434,501.468244,,115.274514
2024-12-16,557.9209,,645.338399,,432.552871,,108.490566,502.348733,,114.767562
2024-12-17,556.3884,,644.805046,,431.485145,,108.195755,502.073669,,114.676093
2024-12-18,544.4439,,639.410611,,422.468693,,106.073113,498.164149,,113.931633
2024-12-19,542.6172,,636.865376,,421.942262,,105.247642,497.23117,,112.974066
2024-12-20,545.4939,,635.870814,,425.448783,,105.778302,497.940574,,112.768522
2024-12-23,545.6056,,637.510869,,426.451758,,105.542453,500.299328,,112.7842
2024-12-24,548.6409,,641.877963,,429.483159,,106.073113,504.500569,,113.496353
2024-12-26,549.0053,,640.510574,,429.633371,,106.191038,503.267644,,113.305225
2024-12-27,545.9116,,636.889008,,426.55881,,105.424528,499.656548,,112.485205
2024-12-30,544.11,,635.653372,,424.297761,,105.424528,497.686228,,112.638697
2024-12-31,544.1219,,638.82262,,423.16547,,105.306604,498.82193,,113.071198
2025-01-02,545.5229,,646.328472,,422.561274,,105.660377,502.667991,,114.489264
2025-01-03,546.3781,,644.396356,,425.564146,,105.365566,503.936783,,113.650356
2025-01-06,546.6321,,639.644741,,426.849795,,105.306604,501.498935,,112.696808
2025-01-07,545.8066,,641.761168,,423.370211,,104.658019,499.811432,,112.543254
2025-01-08,546.6972,,644.141552,,423.927523,,104.893868,501.507365,,113.030818
2025-01-10,546.693,,649.055789,,419.08518,,103.891509,499.565059,,112.805656
2025-01-13,546.5345,,648.595247,,419.324563,,103.950472,499.640597,,112.8223
2025-01-14,547.0806,,645.268702,,419.729232,,104.127358,497.061057,,112.322418
2025-01-15,551.0807,,651.168118,,425.752113,,105.896226,505.110011,,114.438121
2025-01-16,552.3483,,652.177844,,425.636163,,106.191038,504.594804,,114.670892
2025-01-17,554.0718,,656.079857,,428.19777,,106.662736,509.080304,,115.508962
2025-01-21,556.5819,,649.10706,,431.118201,,107.54717,504.818019,,114.709278
2025-01-22,556.822,,650.391593,,432.153555,,107.311321,506.813132,,114.634774
2025-01-23,556.4522,,649.541522,,433.284975,,107.311321,507.813123,,114.561027
2025-01-24,556.6306,,644.981211,,432.8109,,107.724057,503.534708,,114.157642
2025-01-27,554.7555,,642.832996,,430.111476,,108.07783,500.413261,,114.536911
2025-01-28,555.629,,647.641618,,432.27207,,107.959906,505.892518,,115.08657
2025-01-29,554.1987,,646.544763,,431.013685,,107.841981,504.865149,,115.062355
2025-01-30,557.7035,,652.612567,,432.648305,,108.549528,508.321296,,116.16955
2025-01-31,553.9493,,650.291332,,430.90603,,107.900943,507.892448,,115.84452
2025-02-03,555.0309,,652.367367,,429.33707,,108.018868,506.669418,,116.114644
2025-02-04,558.7665,,654.568427,,431.383808,,108.962264,507.387505,,116.738233
2025-02-05,562.0809,,656.900273,,433.337681,,109.964623,508.485187,,117.534647
2025-02-06,560.7218,,656.555294,,434.071869,,109.964623,510.313132,,117.757658
2025-02-07,558.7591,,657.88156,,431.140892,,109.492925,509.675263,,117.90208
2025-02-10,562.6159,,663.650171,,432.953638,,109.787736,512.76673,,118.438621
2025-02-11,562.4255,,659.94219,,432.753589,,109.669811,509.838708,,117.690198
2025-02-12,558.3302,,653.80532,,431.008795,,108.490566,506.751099,,116.18809
2025-02-13,563.4087,,654.600842,,434.783555,,110.082547,507.197794,,116.972504
2025-02-14,563.0659,,652.736574,,435.398107,,110.377358,506.776531,,117.022945
2025-02-18,564.3714,,656.849318,,435.479478,,110.023585,508.885042,,117.111314
2025-02-19,565.3529,,659.468988,,436.345908,,110.200472,511.042357,,117.56296
2025-02-20,565.7593,,655.003227,,435.523994,,110.554245,506.261686,,117.05756
2025-02-21,563.4469,,655.108531,,431.81395,,110.436321,504.090096,,117.43147
2025-02-24,563.4436,,654.409984,,430.915186,,110.613208,502.507448,,117.49483
2025-02-25,562.6855,,650.713331,,430.714531,,111.143868,500.109081,,117.549772
2025-02-26,562.4746,,652.250134,,431.121578,,111.497642,501.952081,,118.24676
2025-02-27,559.1871,,653.820004,,426.731582,,110.259434,500.964651,,117.904159
2025-02-28,563.9508,,660.896323,,431.483934,,111.025943,507.70096,,118.99505
2025-03-03,561.2447,,650.668772,,427.33661,,110.908019,497.426648,,117.593404
2025-03-04,558.3242,,638.845261,,423.861103,,110.259434,486.949613,,115.381795
2025-03-05,557.6423,,628.447374,,426.012162,,110.554245,482.043732,,113.946486
2025-03-06,556.6308,,627.499402,,421.309845,100.0,109.846698,476.868819,100.0,113.251873
2025-03-07,557.1975,,625.400989,,422.509621,99.874477,109.964623,476.142823,99.43925,112.879401
2025-03-10,555.7883,,623.658074,,416.579834,98.828452,109.90566,469.338983,98.372353,112.789719
2025-03-11,553.5731,,616.393286,,413.911613,98.995816,109.375,462.745036,97.780821,111.381559
2025-03-12,552.8959,,617.38087,,414.72845,98.702929,109.080189,464.969926,97.76733,111.395587
2025-03-13,552.9529,,619.527192,,411.929689,98.74477,109.375,463.3899,98.138689,112.073415
2025-03-14,556.5698,,622.18046,,416.697464,99.623431,110.731132,467.701566,98.789808,113.208432
2025-03-17,559.6347,,622.937364,,418.843105,100.460251,110.849057,468.104,99.194575,112.84545
2025-03-18,559.1624,,621.149061,,416.290282,100.334728,110.966981,464.307161,98.869666,112.736345
2025-03-19,562.9502,,627.823563,,419.511872,101.087866,111.733491,469.746037,100.004739,113.962851
2025-03-20,562.0922,,629.964239,,418.873377,100.794979,111.615566,471.34872,100.207714,114.405106
2025-03-21,560.0709,,629.777361,,418.757092,100.376569,110.908019,472.778205,100.122181,114.056303
2025-03-24,561.8452,,632.427644,,422.61086,100.334728,110.613208,477.62391,100.18423,113.871086
2025-03-25,563.1585,,634.499286,,423.385696,100.502092,111.025943,478.947501,100.445275,114.402963
2025-03-26,561.2885,,634.59196,,419.932131,99.874477,110.318396,476.692987,100.165199,114.069271
2025-03-27,561.9524,,632.530741,,419.170143,100.125523,110.259434,473.722142,99.972562,113.50374
2025-03-28,562.0236,,631.377428,,415.085752,100.167364,110.554245,468.191539,99.819332,113.585326
2025-03-31,566.7379,,637.085571,,417.079256,100.669456,111.438679,470.744591,100.384614,114.568117
2025-04-01,568.5658,,640.455065,,418.392727,101.171548,111.733491,473.198429,101.092804,115.107495
2025-04-02,569.3775,,638.035119,,419.806119,101.67364,111.733491,472.328644,101.066348,114.509088
2025-04-03,560.4682,,616.548999,,408.271599,100.920502,110.849057,450.9382,98.480431,111.522097
2025-04-04,554.5115,,614.937446,,394.085617,96.276151,107.900943,438.795539,94.709385,109.435425
2025-04-07,552.4243,,615.824809,,391.655258,94.100418,104.95283,438.368767,93.052893,107.001747
2025-04-08,553.6285,,614.473906,,387.164994,92.719665,103.007075,431.45184,91.287388,104.55971
2025-04-09,559.6625,,621.647797,,411.91385,97.280335,106.544811,459.383955,95.851114,108.233774
2025-04-10,558.2752,,606.080212,,399.783381,94.1841,103.773585,435.770415,90.701252,103.034079
2025-04-11,560.6277,,600.055203,,403.907973,96.276151,105.188679,434.06055,91.40907,102.966977
2025-04-14,557.938,,597.61831,,407.207572,96.569038,106.308962,437.930341,91.755007,104.140615
2025-04-15,558.1685,,601.628729,,406.861075,96.778243,106.426887,440.312101,92.532627,104.91242
2025-04-16,559.5011,,596.758304,,401.942856,97.447699,106.662736,430.44045,92.198325,104.04532
2025-04-17,558.7271,,597.873553,,401.872016,97.866109,106.78066,431.766167,92.89575,104.499573
2025-04-21,558.4343,,589.671038,,395.157461,97.447699,105.837264,418.947048,91.277391,102.208878
2025-04-22,558.6819,,594.77829,,401.617645,98.117155,107.075472,429.293712,92.659376,104.254019
2025-04-23,558.8186,,600.497963,,405.754314,98.284519,107.606132,437.779143,93.687083,105.752346
2025-04-24,560.0337,,597.861387,,411.776862,99.916318,109.316038,441.366656,94.618636,106.729022
2025-04-25,560.0369,,599.232927,,414.162484,100.083682,109.375,444.939558,94.994009,107.030954
2025-04-28,560.6537,,596.982044,,414.720935,100.753138,110.082547,443.377624,95.1654,107.200633
2025-04-29,561.0202,,599.04603,,416.677353,100.920502,110.495283,446.717358,95.590562,107.904049
2025-04-30,560.6395,,601.694133,,416.635908,100.878661,110.200472,448.95211,96.038487,108.165271
2025-05-01,559.7585,,602.946941,,417.941982,100.0,109.375,452.007492,95.550358,107.747889
2025-05-02,560.3128,,602.913653,,420.861008,100.334728,109.551887,454.689057,95.770062,107.809428
2025-05-05,560.7441,,602.529795,,419.121649,100.460251,109.610849,452.17354,95.755117,107.715862
2025-05-06,562.3809,,601.497457,,417.418826,100.962343,110.141509,448.256402,95.789205,107.737418
2025-05-07,561.5947,,604.218145,,418.740771,100.962343,109.846698,452.342347,96.357184,108.086157
2025-05-08,558.9265,,605.35474,,419.611709,100.251046,109.198113,456.303795,96.31592,108.163987
2025-05-09,559.8581,,605.22065,,419.471328,100.585774,109.551887,455.291235,96.455334,108.309846
2025-05-12,561.4027,,615.871716,,427.207319,100.376569,109.257075,470.549898,97.679185,109.616931
2025-05-13,562.9789,,611.957224,,428.734924,100.711297,110.082547,467.917239,97.109352,109.435877
2025-05-14,558.6381,,607.793093,,428.563084,99.958159,109.492925,468.156658,96.471132,108.949081
2025-05-15,563.6434,,612.685012,,430.804783,100.669456,110.436321,470.180468,97.069875,109.788554
2025-05-16,563.5354,,613.807964,,432.535602,100.711297,110.554245,473.025347,97.306852,110.128328
2025-05-19,564.1537,,610.135572,,432.76373,101.004184,110.613208,469.927647,96.899645,109.407778
2025-05-20,564.1147,,607.881616,,431.590385,100.920502,110.200472,466.954527,96.468364,108.604383
2025-05-21,557.7979,,598.607457,,426.10913,100.083682,108.84434,459.131747,95.275764,106.827583
2025-05-22,557.2897,,600.71346,,426.689813,100.167364,108.726415,461.795671,95.778164,107.184928
2025-05-23,559.4055,,598.789223,,425.185485,100.627615,109.375,456.958658,95.547283,107.072419
2025-05-27,563.8587,,605.213184,,431.262468,101.380753,110.436321,464.762409,96.526715,108.408249
2025-05-28,560.8583,,603.906863,,429.450743,100.585774,109.551887,464.281532,96.074314,107.881998
2025-05-29,564.5205,,603.823063,,431.098544,101.213389,110.318396,462.975247,96.033303,107.91709
2025-05-30,563.2323,,603.480553,,431.236209,101.171548,110.377358,463.919024,96.15858,108.160336
2025-06-02,566.57,,602.137263,,432.232085,101.715481,110.318396,461.222162,95.892116,107.226511
2025-06-03,566.8384,,606.099697,,433.578435,101.506276,110.141509,465.48288,96.27901,107.708042
2025-06-04,569.4424,,606.366775,,434.554919,102.677824,111.733491,464.602457,96.987591,108.813121
2025-06-05,568.186,,603.575057,,432.84893,102.217573,111.674528,461.666476,96.320835,108.494366
2025-06-06,567.0106,,605.054514,,434.622413,101.757322,110.67217,465.657586,96.321428,108.007536
2025-06-09,567.8192,,604.601252,,435.082313,102.008368,110.966981,465.137799,96.349327,108.06002
2025-06-10,570.7826,,607.612927,,436.959178,102.426778,111.615566,467.033874,96.721653,108.665917
2025-06-11,571.8734,,605.21812,,436.791172,102.719665,111.910377,464.1273,96.431637,108.316518
2025-06-12,575.9884,,604.672427,,438.469707,103.514644,112.794811,462.165219,96.396694,108.294863
2025-06-13,574.2946,,604.428784,,434.913944,103.096234,111.910377,459.584077,96.251415,107.719188
2025-06-16,573.1837,,602.826431,,437.038841,103.221757,111.674528,461.497896,96.299409,107.414988
2025-06-17,573.7461,,607.623175,,435.345685,103.34728,112.323113,462.913731,97.088447,108.791764
2025-06-18,572.7144,,606.541125,,435.417662,103.556485,112.146226,462.998333,97.286677,108.622331
2025-06-20,572.3033,,603.896195,,434.97207,103.472803,111.96934,460.83839,96.853691,108.055646
2025-06-23,573.9946,,602.808375,,437.90757,103.682008,112.264151,461.748146,96.589249,107.826342
2025-06-24,575.0573,,602.207692,,441.52045,103.556485,112.735849,464.234313,96.198079,107.971597
2025-06-25,575.4197,,600.02872,,441.6477,103.263598,112.853774,462.396482,95.518718,107.625629
2025-06-26,578.665,,601.277641,,444.211117,104.058577,113.738208,463.434647,95.913478,108.085273
2025-06-27,576.2631,,597.943731,,445.026816,103.556485,113.325472,463.635758,95.317079,107.542306
2025-06-30,580.2334,,598.462303,,447.022767,104.309623,114.209906,462.929603,95.436031,107.733347
2025-07-01,582.2805,,599.58685,,446.764272,104.309623,114.622642,461.901661,95.27921,107.94501
2025-07-02,583.861,,601.601594,,447.769943,104.100418,115.035377,463.239608,95.149367,108.403483
2025-07-03,583.6207,,603.502306,,449.528553,104.351464,114.858491,466.72038,95.719564,108.623466
2025-07-07,579.7822,,602.02171,,446.867151,103.472803,113.443396,465.883085,95.307572,107.730531
2025-07-08,579.8242,,601.161628,,446.64632,103.389121,113.384434,464.953917,95.087554,107.51292
2025-07-09,583.2315,,604.890347,,449.016654,104.225941,113.738208,467.572938,95.888257,107.883336
2025-07-10,584.6073,,607.415808,,449.716348,104.100418,114.32783,469.150051,95.946304,108.639091
2025-07-11,582.7519,,605.98003,,448.02158,103.723849,113.502358,467.761834,95.676914,107.942334
2025-07-14,581.6709,,606.178105,,448.517995,103.807531,113.325472,469.303742,95.963414,108.009697
2025-07-15,578.0057,,605.639617,,446.828722,103.221757,112.5,470.082922,95.94168,107.807005
2025-07-16,579.138,,604.777531,,447.973151,103.682008,113.089623,469.695942,96.044147,108.00619
2025-07-17,580.6113,,608.62158,,449.695279,103.891213,113.384434,473.294467,96.603887,108.699515
2025-07-18,580.4704,,607.013608,,449.826441,104.309623,113.325472,472.296324,96.760175,108.382257
2025-07-21,583.673,,606.704319,,450.835992,105.020921,114.268868,470.519145,96.836084,108.629483
2025-07-22,586.2738,,606.359254,,451.22089,105.523013,115.153302,468.565121,96.812319,108.922656
2025-07-23,586.6732,,605.813706,,453.122089,105.355649,114.917453,469.796001,96.50606,108.527836
2025-07-24,586.095,,606.452934,,453.097498,104.937238,114.799528,470.730117,96.319148,108.637933
2025-07-25,586.7781,,607.537242,,454.553243,105.020921,114.799528,472.536114,96.455889,108.705475
2025-07-28,585.4864,,614.203208,,454.232309,104.225941,114.091981,478.436745,96.989565,109.461828
2025-07-29,588.5954,,619.780444,,454.499706,105.104603,115.153302,480.513781,98.174038,110.894423
2025-07-30,584.3175,,622.822873,,453.640117,104.476987,113.856132,485.487833,98.784821,110.990138
2025-07-31,583.9212,,621.893368,,452.714685,104.016736,113.738208,484.102696,98.269517,110.784848
2025-08-01,584.2226,,612.94618,,449.821139,104.435146,114.209906,473.843674,97.195148,109.58726
2025-08-04,588.8719,,618.61419,,454.073621,105.188285,115.09434,478.934978,98.021273,110.577131
2025-08-05,588.2165,,617.78689,,452.748394,105.146444,115.330189,477.429929,97.960274,110.778835
2025-08-06,588.2349,,613.302559,,454.754917,105.271967,115.035377,476.050066,97.362259,109.690172
2025-08-07,588.263,,613.13204,,454.374497,105.606695,115.212264,475.496869,97.640017,109.823049
2025-08-08,589.7223,,615.835708,,456.154021,105.523013,115.448113,478.277621,97.750371,110.259612
2025-08-11,587.2323,,614.586931,,455.748937,105.355649,115.153302,478.906009,97.810421,110.220426
2025-08-12,589.0165,,613.433548,,458.66043,105.39749,115.212264,479.603753,97.369793,109.736494
2025-08-13,592.4839,,615.373563,,460.26003,106.108787,116.037736,479.972968,97.76143,110.223407
2025-08-14,590.3582,,616.118714,,459.778768,105.690377,115.271226,481.780201,97.844893,110.022629
2025-08-15,588.6483,,611.384558,,458.846444,105.355649,114.917453,478.49475,97.066711,109.158326
2025-08-18,587.569,,612.555748,,458.59204,105.230126,114.799528,480.025704,97.315216,109.455894
2025-08-19,586.7481,,612.472015,,457.445138,105.020921,114.799528,479.429562,97.244332,109.594048
2025-08-20,588.2647,,613.870625,,456.834748,105.020921,114.858491,478.645996,97.215117,109.617394
2025-08-21,586.4917,,614.319535,,455.309588,105.104603,114.504717,478.840072,97.658063,109.690278
2025-08-22,593.8485,,615.896365,,460.505531,106.778243,116.391509,479.53252,98.235546,110.399113
2025-08-25,592.1354,,619.483776,,459.019458,106.066946,116.037736,482.160072,98.433492,111.024918
2025-08-26,593.7146,,620.047399,,460.383363,106.401674,116.037736,482.745261,98.571085,110.830352
2025-08-27,594.8877,,621.443361,,461.206138,106.443515,116.214623,483.740977,98.636962,111.029822
2025-08-28,597.99,,622.283264,,462.399464,107.112971,116.863208,483.128611,98.875839,111.220363
2025-08-29,596.9632,,621.039323,,460.511337,106.987448,116.450472,481.019965,98.73208,110.796259
2025-09-02,596.9183,,623.307519,,457.963594,106.65272,115.919811,480.141963,98.790077,110.702504
2025-09-03,599.7282,,625.232026,,460.126173,107.364017,116.745283,481.63154,99.288606,111.311079
2025-09-04,602.9051,,629.11049,,463.167911,107.866109,117.393868,485.252374,99.842834,112.030348
2025-09-05,605.2155,,627.894296,,463.251021,108.661088,118.867925,482.551996,100.001027,112.785555
2025-09-08,609.4302,,629.832095,,464.550865,109.748954,119.575472,482.042494,100.613237,113.019979
2025-09-09,608.9656,,632.162556,,464.829482,109.414226,119.221698,484.485641,100.75433,113.188842
2025-09-10,611.9459,,636.163558,,466.004775,109.916318,119.752358,486.40425,101.361224,113.855008
2025-09-11,615.0445,,637.145516,,468.692137,110.627615,120.754717,487.495932,101.659872,114.405921
2025-09-12,613.9182,,635.989583,,468.426628,110.251046,120.518868,487.228074,101.315555,114.184418
2025-09-15,616.6228,,637.395526,,470.231942,111.046025,120.990566,488.037052,101.823112,114.380831
2025-09-16,617.9759,,633.093573,,469.920259,111.171548,121.226415,483.361183,101.028507,113.581064
2025-09-17,616.5628,,634.544098,,469.239443,110.627615,120.931604,484.875497,100.995485,113.824725
2025-09-18,615.1293,,634.492191,,470.031134,110.251046,119.988208,486.785608,100.878009,113.190698
2025-09-19,616.4399,,637.949597,,471.429638,110.167364,120.283019,489.850714,101.135238,113.844552
2025-09-22,619.1447,,637.746582,,472.530262,110.292887,120.341981,488.693816,100.776066,113.366684
2025-09-23,620.6639,,638.645859,,471.301619,110.585774,120.813679,486.915705,100.938488,113.692556
2025-09-24,618.8461,,640.941721,,470.029324,110.292887,120.400943,488.778476,101.329828,114.04548
2025-09-25,618.8166,,644.866731,,468.477395,110.292887,120.459906,490.171316,101.955214,114.805539
2025-09-26,621.4066,,645.67291,,470.224383,110.502092,120.400943,490.561075,101.850021,114.413929
2025-09-29,624.5833,,647.507111,,471.369329,111.380753,121.34434,490.644269,102.427894,115.049835
2025-09-30,625.5163,,648.093016,,472.413693,111.548117,121.521226,491.442174,102.521481,115.149792
2025-10-01,627.2091,,649.979861,,473.847866,112.175732,121.757075,493.034961,103.119401,115.396879
2025-10-02,627.0216,,650.600802,,474.394806,112.259414,121.992925,494.223343,103.325801,115.76547
2025-10-03,628.0652,,650.218553,,474.174605,112.677824,122.051887,492.883358,103.477755,115.561037
2025-10-06,630.1794,,654.050402,,474.780603,112.677824,121.992925,494.75617,103.738362,115.796108
2025-10-07,631.0128,,657.999375,,474.041239,112.970711,122.641509,496.311882,104.497787,116.959931
2025-10-08,634.2575,,663.117634,,475.75376,113.682008,123.17217,499.411377,105.431557,117.774119
2025-10-09,629.6881,,661.938053,,474.713867,112.677824,122.523585,501.043021,105.071331,117.794188
2025-10-10,623.9314,,652.635981,,467.781999,112.09205,122.228774,491.279806,104.007079,116.928379
2025-10-13,632.0698,,664.102929,,472.454584,113.556485,123.231132,498.40416,105.836682,118.414013
2025-10-14,633.0458,,662.996847,,472.401099,113.974895,123.70283,496.750675,105.886221,118.486337
2025-10-15,636.14,,664.023629,,473.582264,114.435146,124.174528,496.337964,105.960543,118.542929
2025-10-16,638.2583,,663.891953,,472.330553,115.523013,124.882075,493.28534,106.591692,118.799154
2025-10-17,637.2061,,664.879563,,473.667845,114.769874,124.46934,496.235922,106.229438,118.778476
2025-10-20,646.6052,,675.254832,,476.951982,116.569038,125.825472,500.097175,107.985548,120.173685
2025-10-21,637.6186,,668.240783,,477.123796,115.313808,124.941038,502.058487,107.203072,119.753831
2025-10-22,637.3567,,667.390968,,475.636623,115.104603,125.058962,500.062506,106.916412,119.763615
2025-10-23,638.8892,,668.529268,,476.978975,115.857741,125.058962,501.124171,107.540946,119.680117
2025-10-24,639.651,,668.906117,,479.513174,115.899582,125.294811,503.470309,107.51223,119.830529
2025-10-27,640.3001,,668.457909,,483.043207,115.523013,125.471698,506.323065,106.982544,119.797727
2025-10-28,640.0088,,667.74094,,483.916048,115.690377,125.648585,506.924545,107.071333,119.892486
2025-10-29,639.2305,,669.895446,,483.140626,114.811715,124.941038,508.363464,106.730774,119.747637
2025-10-30,636.7883,,669.372955,,479.594056,114.811715,124.292453,506.171996,107.056542,119.489612
2025-10-31,637.2417,,671.533427,,480.420923,114.560669,124.115566,508.319298,107.090984,119.619506
2025-11-03,637.4619,,672.774378,,480.725519,114.811715,123.466981,509.405494,107.48685,119.17313
2025-11-04,633.2781,,670.477522,,477.403076,113.974895,122.877358,507.488496,107.041669,118.979989
2025-11-05,633.9485,,670.60912,,477.885227,113.891213,122.700472,507.563423,106.870936,118.706367
2025-11-06,632.6862,,666.109188,,475.517949,114.058577,123.17217,502.661026,106.521906,118.599255
2025-11-07,633.9296,,666.304601,,475.723432,114.225941,123.231132,502.039122,106.500205,118.458035
2025-11-10,639.843,,673.061178,,480.099691,115.188285,124.292453,507.06517,107.483883,119.574392
2025-11-11,641.9861,,673.834597,,481.332623,116.276151,124.764151,507.252521,108.261052,119.764967
2025-11-12,642.492,,673.743185,,481.4115,116.485356,125.353774,506.867397,108.355736,120.219904
2025-11-13,637.1159,,665.733956,,476.047096,115.355649,124.233491,499.440115,106.923963,118.722561
2025-11-14,636.3806,,665.680829,,475.783522,114.225941,123.584906,499.700462,105.990705,118.229772
2025-11-17,632.1294,,662.928006,,473.160348,113.682008,122.818396,498.218622,105.756247,117.797508
2025-11-18,631.0161,,662.423328,,470.874226,113.598326,122.523585,496.308066,105.784254,117.63246
2025-11-19,631.0154,,664.851047,,471.968812,113.179916,122.40566,499.28548,105.781004,117.950071
2025-11-20,626.1535,,660.294983,,467.88312,112.635983,121.816038,495.38836,105.363031,117.482711
2025-11-21,630.3473,,665.612365,,471.123507,113.221757,122.169811,499.490801,106.05357,117.982527
2025-11-24,636.2501,,671.343918,,475.673703,114.016736,123.17217,503.938541,106.718502,118.861743
2025-11-25,638.9658,,671.406443,,478.650201,114.560669,123.879717,504.983715,106.781828,119.047533
2025-11-26,643.1149,,674.216099,,480.946973,115.648536,124.528302,506.242939,107.548561,119.396314
2025-11-28,646.0114,,677.124214,,482.246161,116.066946,124.46934,507.514176,107.917192,119.317145
2025-12-01,643.9193,,674.309282,,480.097125,115.439331,123.643868,504.786855,107.234718,118.416599
2025-12-02,642.941,,672.346589,,480.865225,115.271967,123.70283,504.88991,106.930034,118.307976
2025-12-03,646.1013,,672.988512,,482.242498,115.8159,124.587264,504.340393,107.011176,118.684223
2025-12-04,645.8055,,674.211204,,481.996545,115.439331,124.587264,505.230298,106.905966,118.954309
2025-12-05,645.0499,,673.485987,,482.32929,115.439331,123.938679,505.626845,106.916066,118.346228
2025-12-08,642.1722,,670.873219,,481.140957,114.769874,123.408019,504.675845,106.358151,117.908371
2025-12-09,643.1199,,672.464258,,480.734495,114.309623,123.643868,504.700553,106.026389,118.23938
2025-12-10,646.9097,,672.424795,,483.26248,115.188285,124.587264,504.352724,106.209236,118.436621
2025-12-11,648.2435,,671.354425,,483.97579,115.439331,124.823113,503.255534,106.05262,118.228179
2025-12-12,643.1732,,666.006909,,480.256061,114.60251,123.879717,499.315313,105.268599,117.317636
2025-12-15,642.4345,,664.472257,,479.998802,114.686192,123.70283,498.470415,105.223574,117.014569
2025-12-16,639.8261,,662.106731,,479.588245,114.351464,123.408019,498.294183,104.969155,116.794324
2025-12-17,639.2637,,661.969892,,476.36273,113.933054,123.408019,495.27591,104.65545,116.872916
2025-12-18,640.8213,,664.516755,,478.993831,114.686192,124.115566,498.712385,105.495528,117.708427
2025-12-19,642.6754,,667.236208,,481.324946,114.644351,123.997642,501.738626,105.583124,117.737188
2025-12-22,646.9271,,668.663859,,483.046114,115.39749,124.410377,501.293802,105.80417,117.603817
2025-12-23,650.0969,,670.145422,,484.36832,116.066946,124.882075,501.323343,106.133731,117.7344
2025-12-24,651.6329,,672.664204,,485.808867,116.736402,125.707547,503.514506,106.894543,118.677659
2025-12-26,651.6698,,673.045189,,485.818995,116.820084,125.766509,503.781664,107.025696,118.793846
2025-12-29,648.4815,,669.661285,,485.020057,115.774059,125.53066,502.88483,106.052956,118.554958
2025-12-30,648.4089,,670.98841,,484.586572,116.066946,125.176887,503.487466,106.543884,118.468394
2025-12-31,643.7505,,666.286892,,481.975241,115.020921,124.115566,500.863813,105.60256,117.484953
2026-01-02,646.4112,,670.542135,,482.445727,115.606695,125.117925,502.477825,106.378559,118.69954
2026-01-05,654.2191,,678.525715,,484.72894,116.987448,126.238208,504.7697,107.630727,119.74192
2026-01-06,654.0468,,680.250526,,486.419536,117.531381,126.886792,507.95157,108.434584,120.694863
2026-01-07,652.4939,,679.385194,,485.67974,117.364017,126.709906,507.739377,108.399806,120.659771
2026-01-08,654.7943,,682.774514,,485.291161,117.280335,126.356132,508.072899,108.480462,120.498333
2026-01-09,658.3218,,687.780066,,487.6538,118.033473,127.240566,511.533636,109.388193,121.57639
2026-01-12,659.1533,,686.854372,,488.016876,119.079498,127.712264,510.580604,110.070046,121.709127
2026-01-13,660.2357,,689.400439,,487.611325,118.702929,127.948113,511.207918,109.948144,122.185239
2026-01-14,662.9094,,692.037703,,486.45049,119.330544,128.714623,509.877045,110.504793,122.889781
2026-01-15,662.0231,,693.255554,,487.008257,119.079498,128.891509,512.044582,110.614262,123.44026
2026-01-16,660.5355,,692.329907,,486.422103,118.953975,128.301887,511.895682,110.598645,122.987869
2026-01-20,657.1054,,681.217046,,479.742067,118.200837,127.240566,499.355122,108.698847,120.639178
2026-01-21,663.8499,,690.517268,,483.697278,119.790795,129.009434,505.160668,110.530469,122.726521
2026-01-22,667.496,,690.317104,,485.25196,120.0,129.481132,503.869999,110.08677,122.46691
2026-01-23,669.7485,,688.400914,,485.537841,120.753138,130.306604,501.076468,110.09866,122.492196
2026-01-26,672.9951,,688.692654,,487.314925,121.589958,131.426887,500.696433,110.373592,123.001406
2026-01-27,675.7385,,682.259675,,488.340693,122.426778,132.075472,495.045584,109.648167,121.956658
2026-01-28,678.93,,690.47666,,488.230866,122.301255,132.724057,498.540532,110.333866,123.448539
2026-01-29,679.8371,,690.423084,,487.649252,123.472803,132.959906,497.243644,111.233517,123.493314
2026-01-30,671.4538,,688.820059,,486.738248,120.543933,130.011792,501.344621,109.695528,121.978897
2026-02-02,667.3608,,688.116771,,487.968978,118.953975,129.186321,505.178547,108.80136,121.823279
2026-02-03,671.5776,,690.847524,,485.515269,120.167364,131.073113,501.46443,109.654499,123.313869
2026-02-04,671.8677,,691.877753,,483.986284,120.251046,130.71934,500.414509,109.847046,123.111254
2026-02-05,669.2733,,690.744909,,481.192248,119.58159,130.188679,498.636484,109.479406,122.885239
2026-02-06,676.3255,,695.80231,,486.84974,121.087866,131.544811,502.893802,110.505692,123.770211
2026-02-09,678.7857,,692.572084,,488.316187,122.008368,132.783019,500.247186,110.427142,123.904518
2026-02-10,679.6327,,694.619724,,488.105058,122.175732,132.959906,500.884265,110.767336,124.281317
2026-02-11,681.0414,,697.431508,,487.599019,122.635983,134.198113,501.351259,111.403769,125.68596
2026-02-12,677.2112,,693.520813,,483.954718,122.301255,133.903302,497.612557,111.101571,125.411961
2026-02-13,680.5602,,697.150138,,484.771201,122.635983,133.962264,498.594884,111.437563,125.503129
2026-02-17,678.2986,,695.665782,,485.259535,122.050209,133.372642,499.695036,111.038137,125.100423
2026-02-18,681.4146,,703.013123,,486.449411,123.012552,134.080189,503.896005,112.578471,126.511182
2026-02-19,681.9329,,704.26505,,485.721695,123.34728,134.198113,503.655094,112.999882,126.751529
2026-02-20,683.8037,,705.585731,,487.868022,124.142259,136.143868,505.442703,113.629712,128.47799
2026-02-23,684.3444,,705.927954,,485.273007,124.60251,135.141509,502.600635,114.01615,127.493115
2026-02-24,685.102,,707.405725,,487.373361,124.518828,135.377358,505.27331,114.051835,127.841446
2026-02-25,686.3047,,706.469451,,489.740021,125.188285,135.966981,506.166323,114.312578,128.003597
2026-02-26,686.4158,,707.332468,,488.425552,125.355649,136.084906,505.342628,114.586683,128.250357
2026-02-27,688.7933,,708.605171,,487.395677,126.108787,137.087264,503.440688,115.083926,128.980726
2026-03-02,689.1813,,716.719075,,486.771545,125.439331,136.320755,508.266981,115.718587,129.655148
2026-03-03,684.4157,,716.519419,,483.98136,123.640167,133.962264,508.730615,114.821047,128.263411
2026-03-04,685.0299,,715.744796,,485.950395,123.891213,134.021226,509.790627,114.826756,128.066212
2026-03-05,684.0922,,716.415182,,483.772256,122.887029,132.54717,508.677276,114.158987,126.950059
2026-03-06,683.45,,715.237414,,479.731587,123.640167,131.898585,504.072526,114.777557,126.23969
2026-03-09,684.4824,,715.062127,,482.881519,124.309623,133.018868,506.492841,115.196732,127.088731
2026-03-10,683.3737,,715.675064,,481.76888,124.058577,132.311321,506.579492,115.249311,126.726352
2026-03-11,682.3303,,717.13994,,480.538702,123.891213,131.839623,507.094454,115.505769,126.72652
2026-03-12,680.7757,,718.993151,,475.451963,123.096234,130.660377,504.171845,115.323919,126.205105
2026-03-13,679.7576,,723.860509,,473.681205,122.133891,129.775943,506.451895,115.369477,126.388428
2026-03-16,681.2118,,719.785146,,477.315278,122.803347,130.71934,506.380868,115.102522,126.320218
2026-03-17,681.9995,,718.463109,,478.457258,123.598326,131.367925,506.074903,115.501314,126.567459
2026-03-18,679.6388,,721.509383,,473.652174,121.966527,129.893868,504.864217,114.857245,126.114428
2026-03-19,679.0965,,712.380086,,473.164717,121.087866,129.186321,498.360792,112.676882,123.939321
2026-03-20,675.454,,709.661296,,467.500687,117.322176,125.943396,493.161122,109.342593,121.016071
2026-03-23,676.3582,,708.157148,,471.144341,117.866109,126.945755,495.288334,109.470158,121.557951
2026-03-24,676.4059,,708.426735,,469.689888,117.573222,126.415094,493.912482,109.232002,121.087355
2026-03-25,677.8455,,712.907081,,471.919832,119.246862,128.242925,498.335328,111.250786,123.352493
2026-03-26,675.7871,,712.579263,,465.794162,116.987448,126.650943,493.138103,109.424977,122.136091
2026-03-27,675.5713,,713.465595,,461.011185,117.029289,125.943396,488.837531,109.635279,121.64368
2026-03-30,675.9508,,716.95558,,461.022045,118.368201,126.886792,490.964501,111.369463,123.085215
2026-03-31,678.1961,,713.646246,,469.500915,120.711297,128.832547,496.03849,112.67551,123.983986
2026-04-01,677.9759,,711.100253,,471.736946,121.213389,129.599057,496.78412,112.777143,124.317058
2026-04-02,678.4205,,714.698948,,472.43905,121.757322,129.068396,499.713641,113.781901,124.353038
2026-04-06,678.7942,,714.888201,,473.428344,121.882845,129.245283,500.616891,113.86664,124.487863
2026-04-07,679.3992,,712.175279,,473.787379,121.799163,129.186321,498.650876,113.255704,123.848485
2026-04-08,680.57,,709.450837,,481.515725,123.096234,131.191038,503.977578,113.82776,125.073694
2026-04-09,680.5414,,707.189491,,483.300581,123.514644,130.955189,504.254522,113.855396,124.456122
2026-04-10,680.2356,,705.30424,,482.791414,123.096234,131.721698,502.606281,113.21809,124.906996
2026-04-13,680.9121,,703.976298,,485.99955,123.723849,132.016509,504.491773,113.468242,124.826713
2026-04-14,682.9347,,703.840746,,490.065939,125.062762,132.841981,507.108606,114.334463,125.211112
2026-04-15,682.6314,,703.32544,,492.069739,124.560669,132.900943,509.035369,113.842629,125.230592
2026-04-16,682.6031,,704.299064,,492.513307,124.518828,132.075472,510.220683,113.966654,124.630211
2026-04-17,684.7501,,707.643401,,496.827044,125.523013,133.195755,515.512049,115.069342,125.888206
2026-04-20,684.2313,,705.703504,,496.211913,125.104603,133.195755,513.851655,114.458102,125.638292
2026-04-21,681.9074,,705.905793,,493.513002,123.76569,132.075472,512.945445,113.651593,125.041973
2026-04-22,684.9402,,711.29238,,496.796793,124.853556,133.018868,517.994943,115.013901,126.334234
2026-04-23,684.0107,,711.786358,,495.313679,124.435146,132.370283,517.509495,114.863949,125.976508
2026-04-24,685.857,,711.521183,,497.899462,124.979079,132.54717,518.617482,115.01262,125.758406
2026-04-27,684.6617,,710.147836,,498.111609,124.60251,132.134434,518.74107,114.644558,125.343278
2026-04-28,684.1818,,710.140835,,496.597202,124.309623,131.544811,517.521592,114.454175,124.870255
2026-04-29,684.3149,,712.529842,,495.656513,123.598326,130.660377,518.178172,114.159897,124.423747
2026-04-30,686.7589,,711.715878,,498.89902,125.271967,131.957547,519.118189,115.162258,125.068776
2026-05-01,686.8933,,712.438192,,499.994223,125.020921,131.78066,520.683884,115.025604,125.003421
2026-05-04,685.1389,,712.405457,,498.278771,124.476987,131.132075,520.202257,114.813141,124.700976
2026-05-05,687.6975,,714.992498,,501.02518,125.146444,131.957547,523.015824,115.418777,125.473086
2026-05-06,688.8915,,712.856462,,506.067941,126.610879,133.549528,525.788795,116.218751,126.388025
2026-05-07,686.3779,,711.751816,,504.643983,125.564854,132.193396,525.413984,115.501415,125.368191
2026-05-08,688.6298,,710.360566,,507.619701,126.485356,133.490566,525.754183,115.740991,125.937745
2026-05-11,690.6413,,712.604847,,507.773124,126.527197,133.431604,526.038067,115.806792,125.912033
2026-05-12,689.5583,,714.038756,,506.726364,126.317992,132.900943,526.836106,116.029902,125.860996
2026-05-13,690.6596,,716.809335,,508.51109,126.569038,132.900943,529.896761,116.525505,126.147884
2026-05-14,692.6571,,721.58063,,510.856828,126.317992,133.018868,534.339173,116.730865,126.733704
2026-05-15,689.282,,720.819444,,505.869445,123.723849,130.71934,531.152513,114.77225,125.020637
2026-05-18,690.5457,,720.21423,,505.633908,124.393305,130.837264,529.488703,115.085391,124.799554
2026-05-19,688.7738,,721.44228,,502.837036,123.430962,129.127358,528.814634,114.684045,123.695968
2026-05-20,690.7272,,722.312128,,507.143902,124.769874,130.837264,532.476926,115.739607,125.130191
2026-05-21,690.5146,,722.587049,,507.997547,124.728033,130.955189,533.740501,115.780468,125.329216
2026-05-22,691.8289,,724.910847,,509.403176,124.895397,131.191038,535.918541,116.087712,125.719421
2026-05-26,691.7133,,722.957758,,512.000866,125.857741,132.311321,537.289963,116.686508,126.472501
2026-05-27,690.1624,,721.702877,,512.115655,125.271967,132.370283,537.683154,116.202361,126.593074
2026-05-28,691.9073,,722.043163,,514.231529,125.941423,132.665094,538.797019,116.58368,126.614727
2026-05-29,691.6502,,721.007421,,515.126396,126.066946,132.665094,539.160749,116.575792,126.480101
2026-06-01,693.5035,,724.803896,,515.862777,126.108787,132.959906,541.32401,116.91524,127.088094
2026-06-02,694.8293,,726.258214,,516.344481,126.569038,134.080189,541.880732,117.353036,128.171023
2026-06-03,693.8111,,727.219744,,513.727795,125.606695,133.431604,540.640676,116.786091,127.907329
2026-06-04,694.5099,,727.174774,,515.231601,125.648536,133.608491,541.644194,116.70023,127.940112
2026-06-05,690.0358,,728.033102,,506.240348,122.594142,130.778302,536.274931,114.736907,126.190744
2026-06-08,690.4453,,727.846117,,506.927449,122.719665,130.070755,536.546463,114.756785,125.401363
2026-06-09,689.7925,,726.42727,,506.451593,122.552301,130.247642,535.50416,114.485124,125.445719
2026-06-10,688.2037,,725.275553,,501.536616,121.129707,128.832547,530.688794,113.237591,124.172074
2026-06-11,690.742,,725.215867,,507.802699,123.221757,131.014151,535.300532,114.760584,125.800378
2026-06-12,691.4094,,726.688501,,509.201494,123.34728,131.721698,537.345868,114.999646,126.614264
2026-06-15,691.8872,,725.778891,,514.779129,124.351464,132.783019,542.177142,115.71079,127.386639
2026-06-16,691.5242,,724.204579,,513.189241,124.393305,132.429245,539.613322,115.559275,126.838207
2026-06-17,689.5546,,728.828397,,508.590709,123.221757,131.662736,539.72966,115.530843,127.271689
2026-06-18,690.5794,,732.720902,,512.370055,123.891213,132.193396,545.833187,116.605594,128.276478
2026-06-22,689.6588,,733.632967,,510.834847,123.138075,131.25,545.602445,116.195908,127.68979
2026-06-23,687.2718,,734.087051,,506.552617,121.882845,130.011792,543.243875,115.482331,127.003032
2026-06-24,686.8246,,735.10779,,507.406979,121.882845,130.011792,545.271572,115.718204,127.262437
2026-06-25,687.3363,683.761,734.904939,683.761,507.972238,122.426778,130.542453,545.322101,116.116042,127.651511
2026-06-26,686.9345,683.369994,733.520545,682.481643,505.953085,122.259414,130.424528,542.448407,115.806566,127.370406
2026-06-29,688.3355,684.748514,732.494486,681.511839,511.016062,122.635983,131.426887,545.99665,115.764667,127.908886
2026-06-30,687.9727,684.092509,732.262245,681.002,512.594798,122.468619,130.601415,547.798537,115.630972,127.132219
2026-07-01,686.2509,682.526008,733.228526,682.046125,511.863835,121.924686,129.775943,549.113484,115.558525,126.812751
2026-07-02,687.1966,683.471172,730.674916,679.675339,511.689511,122.343096,130.011792,546.261945,115.392234,126.426538
2026-07-06,688.6737,684.911565,731.791049,680.685046,514.475997,123.514644,130.542453,548.895852,116.424924,126.863786
2026-07-07,688.249,684.518848,733.223962,682.047444,512.06439,122.259414,128.832547,547.730433,115.53865,125.524633
2026-07-08,688.5094,684.811199,733.192974,682.051847,510.776787,121.799163,128.537736,546.123429,115.055303,125.184734
2026-07-09,689.5883,685.851398,733.442453,682.251191,513.646239,122.343096,129.009434,548.518789,115.427568,125.490236
2026-07-10,690.7736,686.878682,735.681448,684.182916,514.784093,122.552301,129.304245,550.46591,115.778911,125.944487
2026-07-13,690.3865,686.602095,737.504632,685.986709,511.63535,121.464435,128.125,548.762267,115.100051,125.175301
2026-07-14,691.432,687.607632,736.002239,684.555184,513.339693,122.552301,128.950472,548.637821,115.7191,125.535021
2026-07-15,691.5737,687.756059,733.411025,682.152547,514.833724,123.096234,129.009434,548.185052,115.799758,125.124611
2026-07-16,691.3794,687.57178,734.518487,683.1915,513.159868,122.050209,128.066038,547.381628,115.021424,124.432141
2026-07-17,691.401,687.596561,734.856105,683.508805,510.239607,122.343096,128.360849,544.499777,115.346836,124.772015
2026-07-20,690.661,686.861335,735.638862,684.237568,509.24179,121.841004,127.771226,544.596697,115.119029,124.464386
2026-07-21,691.9807,688.235369,738.066202,686.556746,511.348746,122.635983,128.596698,547.60798,116.030769,125.442141
2026-07-22,692.5025,688.734215,737.716627,686.211512,510.658075,123.138075,128.714623,546.197447,116.362892,125.403142
2026-07-23,690.9223,687.164605,738.265128,686.723708,506.367224,121.966527,127.653302,543.250292,115.605293,124.746251
2026-07-24,691.4996,687.759372,739.33036,687.735178,506.928131,122.050209,127.948113,544.18208,115.754812,125.110223
2026-07-27,691.2614,687.375003,739.225211,687.489885,507.476045,121.966527,128.066038,544.880475,115.698849,125.250867
2026-07-28,691.2221,687.422504,738.008167,686.444474,508.684186,122.133891,128.183962,545.309452,115.673443,125.166915
2026-07-29,689.3886,685.596367,730.889712,679.820683,503.214228,121.548117,127.063679,535.663308,114.311495,123.203057
2026-07-30,691.415,687.606793,729.146539,678.194549,508.421906,122.594142,128.125,538.33363,114.683162,123.572606
2026-07-31,691.7051,687.886172,729.287988,678.317117,510.095088,122.133891,127.417453,539.983463,114.226848,122.862488
2026-08-03,692.5682,688.731273,731.606554,680.460561,514.938133,122.301255,127.771226,546.161812,114.604025,123.441278
2026-08-04,695.1765,691.290965,732.833602,681.56815,521.360087,122.845188,129.42217,551.822378,114.874163,124.776062
2026-08-05,694.8769,690.999161,731.186314,680.042123,520.841127,124.016736,130.070755,550.271076,115.758901,125.173428
2026-08-06,694.9798,691.09447,733.147544,681.859248,519.741454,123.682008,129.540094,550.500599,115.738979,124.978618
2026-08-07,695.8976,691.970211,731.968914,680.726743,522.01319,124.728033,130.542453,551.289869,116.3765,125.577367
2026-08-10,697.7498,693.84711,734.902672,683.489747,521.146921,125.020921,130.424528,551.114095,116.806421,125.632409
2026-08-11,698.1348,694.194739,735.276321,683.802566,520.321484,125.146444,130.188679,550.217358,116.918631,125.399793
2026-08-12,698.5202,694.60085,736.83123,685.2712,521.337377,125.355649,130.837264,552.152641,117.296993,126.221348
2026-08-13,699.6615,695.725536,737.759866,686.124785,524.079756,125.39749,130.660377,554.850101,117.292383,126.00369
2026-08-14,699.5495,695.623695,735.02154,683.587476,523.003472,125.188285,130.424528,551.743752,116.680753,125.329468
2026-08-17,699.0454,695.124872,733.908324,682.554563,521.025058,125.062762,130.365566,549.219917,116.47115,125.17328
2026-08-18,699.332,695.415626,734.488308,683.099623,519.131001,124.560669,130.011792,547.431377,116.047646,124.881049
2026-08-19,701.5381,697.624598,730.356829,679.27203,520.788038,126.150628,132.075472,544.372364,116.500333,125.752986
2026-08-20,700.1165,696.205532,728.808178,677.826445,517.459709,126.066946,132.134434,540.842361,116.412086,125.797276
2026-08-21,700.728,696.813083,729.563432,678.528349,518.430744,126.443515,132.134434,541.945446,116.778815,125.817746
2026-08-24,700.7849,696.861857,730.410846,679.308872,517.946053,126.569038,132.665094,542.023658,117.021018,126.459498
2026-08-25,701.1163,697.199643,730.099017,679.026886,519.918004,127.364017,133.785377,543.597927,117.650117,127.412681
2026-08-26,700.9611,697.043094,731.259048,680.103608,519.668023,126.903766,133.254717,544.320343,117.43722,127.13708
2026-08-27,701.3465,697.423308,731.742736,680.550501,521.648258,127.112971,133.254717,546.455478,117.643943,127.151264
2026-08-28,700.5802,696.657966,735.360906,683.912279,520.208463,126.192469,132.075472,548.24077,117.49788,126.787709
2026-08-31,700.9286,697.005326,733.503691,682.185893,519.105749,126.025105,131.839623,545.4257,116.987513,126.178912
2026-09-01,700.0229,695.800583,734.129413,682.469552,516.322873,125.062762,131.367925,543.667007,116.343549,125.997527
2026-09-02,701.1083,696.879986,735.508799,683.752411,517.846159,125.648536,131.839623,545.449765,116.926813,126.491406
2026-09-03,702.4347,698.196742,734.548659,682.858226,521.334013,126.359833,132.606132,547.371157,117.213483,126.820811
2026-09-04,701.6008,697.369356,734.422074,682.742001,520.237,126.23431,132.370283,546.774332,117.21602,126.723876
2026-09-08,701.2212,696.988687,733.443711,681.829198,518.307938,125.523013,132.252358,544.315683,116.463281,126.510765
2026-09-09,700.8974,696.67383,732.462244,680.923631,516.392328,124.937238,131.485849,541.828458,115.818148,125.667251
2026-09-10,698.7427,694.522519,731.669671,680.177429,513.188566,123.76569,129.540094,539.542894,114.961377,124.055003
2026-09-11,700.1103,695.887119,733.77798,682.142519,515.666175,123.807531,129.775943,542.647853,115.106325,124.395511
2026-09-14,698.9503,694.726665,735.663587,683.888101,514.09296,123.179916,129.127358,543.282677,115.007665,124.297827
2026-09-15,699.5143,695.238486,736.831346,684.925627,512.588852,123.179916,128.950472,542.11558,115.097348,124.224351
2026-09-16,697.4159,693.149758,739.593751,687.490307,511.147709,122.719665,128.125,544.250759,115.443495,124.264642
2026-09-17,700.2441,695.9579,741.810015,689.547706,515.735355,124.142259,129.599057,548.556511,116.65861,125.561756
2026-09-18,699.9699,695.66659,740.848147,688.635005,515.341631,123.054393,128.950472,547.641432,115.531623,124.820258
2026-09-21,701.0293,696.409273,743.41271,690.711158,520.67289,124.393305,129.95283,554.38314,117.015862,126.035201
2026-09-22,700.3486,695.74184,743.68988,690.977401,520.711014,124.644351,130.011792,555.169511,117.40974,126.261998
2026-09-23,698.6098,694.011179,746.053162,693.169879,516.643115,122.426778,127.948113,553.958186,115.975283,124.962957
2026-09-24,697.6585,693.060681,745.286036,692.451675,515.392411,121.924686,126.768868,552.801675,115.538216,123.852567
2026-09-25,697.9127,693.302608,744.844175,692.03056,517.442364,122.008368,126.768868,554.469349,115.506882,123.734054
2026-09-28,695.7291,691.129076,743.800081,691.056143,514.109337,119.916318,125.943396,551.852202,113.722986,123.141307
2026-09-29,695.076,690.462291,745.041214,692.191217,513.432611,119.916318,125.294811,552.564132,114.019782,122.826873
