date,nav_theo_usd_bt,nav_theo_usd_live,nav_ucits_eur_bt,nav_ucits_eur_live,bench_6040_usd,bench_allw_usd,bench_rpar_usd,bench_6040_eur,bench_allw_eur,bench_rpar_eur
2006-01-31,100.0,,100.0,,100.0,,,100.0,,
2006-02-01,99.5869,,100.34628,,100.304355,,,101.069206,,
2006-02-02,99.1712,,99.720779,,99.637088,,,100.189249,,
2006-02-03,98.7832,,99.909089,,99.45591,,,100.589466,,
2006-02-06,99.4254,,101.020846,,99.606996,,,101.205356,,
2006-02-07,97.237,,98.673628,,99.045879,,,100.509233,,
2006-02-08,97.5472,,99.145653,,99.562453,,,101.193928,,
2006-02-09,97.6699,,99.129473,,99.496512,,,100.983382,,
2006-02-10,96.9347,,99.069772,,99.516204,,,101.708136,,
2006-02-13,96.3756,,98.498357,,99.435834,,,101.625995,,
2006-02-14,96.6866,,98.65034,,100.001889,,,102.032964,,
2006-02-15,96.4371,,98.619247,,100.260504,,,102.529166,,
2006-02-16,97.4541,,99.51695,,100.666547,,,102.797396,,
2006-02-17,97.8974,,99.735063,,100.672629,,,102.562387,,
2006-02-21,98.2593,,100.28865,,100.375861,,,102.448924,,
2006-02-22,98.2802,,100.301561,,100.892492,,,102.96758,,
2006-02-23,97.8591,,99.829897,,100.780487,,,102.810118,,
2006-02-24,98.579,,100.979496,,100.96861,,,103.427296,,
2006-02-27,98.0091,,100.59066,,100.911994,,,103.570017,,
2006-02-28,98.0377,,99.978536,,100.415635,,,102.403546,,
2006-03-01,98.5449,,100.478919,,100.958367,,,102.939752,,
2006-03-02,98.9964,,99.966703,,100.858141,,,101.846691,,
2006-03-03,98.5361,,99.526692,,100.493204,,,101.503471,,
2006-03-06,97.0079,,98.146216,,99.989342,,,101.162642,,
2006-03-07,96.5353,,98.719669,,99.993948,,,102.256578,,
2006-03-08,96.1949,,98.066349,,100.147087,,,102.095425,,
2006-03-09,95.973,,97.979809,,99.689574,,,101.774096,,
2006-03-10,96.1118,,98.055636,,100.27393,,,102.301944,,
2006-03-13,96.7616,,98.330738,,100.460414,,,102.089533,,
2006-03-14,97.8465,,99.027621,,101.226911,,,102.448838,,
2006-03-15,98.0812,,98.796344,,101.390829,,,102.130104,,
2006-03-16,98.7819,,98.579181,,101.68437,,,101.475694,,
2006-03-17,98.3664,,98.075974,,101.638648,,,101.338561,,
2006-03-20,97.8868,,97.838513,,101.528016,,,101.477933,,
2006-03-21,97.4041,,97.911493,,101.046428,,,101.572794,,
2006-03-22,97.7413,,98.388749,,101.483689,,,102.155928,,
2006-03-23,97.9043,,99.42548,,101.323507,,,102.897813,,
2006-03-24,98.659,,99.650828,,101.441098,,,102.460894,,
2006-03-27,98.9109,,100.071546,,101.383835,,,102.573499,,
2006-03-28,98.5474,,99.845038,,100.908685,,,102.237416,,
2006-03-29,99.2966,,100.403282,,101.205007,,,102.332958,,
2006-03-30,99.7134,,99.639636,,100.917231,,,100.842576,,
2006-03-31,99.1813,,99.500498,,101.063404,,,101.388659,,
2006-04-03,99.4512,,99.606873,,100.976931,,,101.134992,,
2006-04-04,99.8469,,99.032295,,101.418549,,,100.591122,,
2006-04-05,100.5027,,99.439361,,101.652093,,,100.576593,,
2006-04-06,100.6003,,100.008006,,101.559867,,,100.961923,,
2006-04-07,99.337,,99.7967,,100.803978,,,101.270466,,
2006-04-10,100.2518,,100.640883,,100.860083,,,101.251527,,
2006-04-11,99.6638,,99.778704,,100.430413,,,100.546201,,
2006-04-12,99.613,,100.05744,,100.507454,,,100.955885,,
2006-04-13,99.5194,,99.922143,,100.340383,,,100.746448,,
2006-04-17,100.6525,,99.888369,,100.3899,,,99.627763,,
2006-04-18,102.0645,,100.461362,,101.311931,,,99.720614,,
2006-04-19,103.121,,101.255325,,101.466089,,,99.630355,,
2006-04-20,101.7529,,100.439277,,101.491247,,,100.181002,,
2006-04-21,103.2648,,101.675738,,101.490144,,,99.928391,,
2006-04-24,102.3286,,100.428593,,101.5325,,,99.647275,,
2006-04-25,102.0481,,99.806836,,101.149003,,,98.927486,,
2006-04-26,101.9804,,99.564404,,101.09211,,,98.697158,,
2006-04-27,101.633,,98.583953,,101.483759,,,98.439189,,
2006-04-28,102.8286,,99.095336,,101.772798,,,98.077865,,
2006-05-01,102.8041,,99.284223,,101.115939,,,97.653862,,
2006-05-02,104.1736,,100.407423,,101.61518,,,97.941497,,
2006-05-03,103.5983,,99.702733,,101.362154,,,97.550672,,
2006-05-04,103.9488,,99.574974,,101.554824,,,97.281729,,
2006-05-05,104.844,,100.140555,,102.165282,,,97.582007,,
2006-05-08,104.5374,,99.989113,,102.122895,,,97.67966,,
2006-05-09,105.552,,100.571844,,102.220393,,,97.39743,,
2006-05-10,106.0698,,100.867575,,102.147248,,,97.137405,,
2006-05-11,105.4935,,99.905355,,101.375994,,,96.005959,,
2006-05-12,104.1148,,97.90565,,100.499323,,,94.505791,,
2006-05-15,102.4941,,97.391065,,100.645862,,,95.634848,,
2006-05-16,103.1307,,97.508204,,100.752869,,,95.260007,,
2006-05-17,101.6629,,96.995475,,99.487275,,,94.919735,,
2006-05-18,101.3212,,95.901773,,99.355617,,,94.041324,,
2006-05-19,101.0719,,96.197571,,99.766948,,,94.955553,,
2006-05-22,100.6756,,95.127765,,99.322607,,,93.84933,,
2006-05-23,100.8091,,95.640452,,98.761974,,,93.698285,,
2006-05-24,99.9782,,95.313319,,99.237717,,,94.607386,,
2006-05-25,101.2379,,96.152317,,99.971243,,,94.949289,,
2006-05-26,101.5889,,97.061986,,100.441702,,,95.965908,,
2006-05-30,100.6866,,95.10859,,99.291718,,,93.790984,,
2006-05-31,101.106,,95.952081,,99.866188,,,94.775469,,
2006-06-01,100.9742,,95.871904,,100.409289,,,95.335538,,
2006-06-02,102.0124,,95.980601,,100.842525,,,94.879899,,
2006-06-05,100.7369,,94.890677,,99.83105,,,94.037398,,
2006-06-06,100.5,,95.206034,,99.780276,,,94.524222,,
2006-06-07,99.3307,,94.451608,,99.211346,,,94.338116,,
2006-06-08,99.1699,,95.297515,,99.300836,,,95.423338,,
2006-06-09,98.8201,,95.044014,,99.161317,,,95.372192,,
2006-06-12,97.9392,,94.593405,,98.397721,,,95.036262,,
2006-06-13,95.5582,,92.691401,,97.825829,,,94.891,,
2006-06-14,95.9473,,92.603339,,98.128415,,,94.708437,,
2006-06-15,97.9236,,94.21904,,99.315794,,,95.558566,,
2006-06-16,97.7367,,94.00945,,98.853089,,,95.083264,,
2006-06-19,96.1357,,92.947513,,98.284685,,,95.02523,,
2006-06-20,96.4696,,93.225855,,98.507707,,,95.195431,,
2006-06-21,97.5772,,93.700348,,98.957385,,,95.025697,,
2006-06-22,97.169,,93.916669,,98.520108,,,95.222554,,
2006-06-23,97.6963,,94.939584,,98.536183,,,95.755768,,
2006-06-26,98.1404,,94.817863,,98.68286,,,95.341958,,
2006-06-27,97.7892,,94.51611,,98.276005,,,94.986621,,
2006-06-28,98.1883,,95.068133,,98.637489,,,95.503047,,
2006-06-29,100.2936,,96.278403,,99.970633,,,95.968366,,
2006-06-30,101.2798,,96.267321,,99.977457,,,95.029432,,
2006-07-03,102.0009,,96.861854,,100.285037,,,95.23244,,
2006-07-05,101.8986,,97.350235,,99.820154,,,95.364562,,
2006-07-06,102.2697,,97.284291,,100.029452,,,95.15325,,
2006-07-07,101.7316,,96.508122,,99.788035,,,94.66435,,
2006-07-10,101.637,,97.069799,,99.936092,,,95.445323,,
2006-07-11,102.9715,,97.982547,,100.264668,,,95.40686,,
2006-07-12,103.0207,,98.592702,,99.652943,,,95.369696,,
2006-07-13,102.6523,,98.348526,,98.71524,,,94.57653,,
2006-07-14,102.9298,,98.949706,,98.533245,,,94.723157,,
2006-07-17,101.48,,98.514146,,98.36687,,,95.492001,,
2006-07-18,101.0723,,98.267453,,98.634504,,,95.897308,,
2006-07-19,102.3436,,98.855196,,99.608926,,,96.213734,,
2006-07-20,101.1163,,97.344887,,99.240935,,,95.539469,,
2006-07-21,100.2534,,96.004806,,98.796847,,,94.60998,,
2006-07-24,101.2363,,97.42955,,99.937623,,,96.179707,,
2006-07-25,101.827,,98.442241,,100.120263,,,96.792236,,
2006-07-26,102.5849,,98.082979,,100.225678,,,95.827292,,
2006-07-27,102.6445,,98.271352,,100.239829,,,95.969131,,
2006-07-28,103.1685,,98.385624,,100.921977,,,96.24325,,
2006-07-31,103.5348,,98.603451,,100.806435,,,96.005038,,
2006-08-01,103.8433,,98.426909,,100.611987,,,95.364139,,
2006-08-02,104.3298,,99.189637,,101.032652,,,96.054934,,
2006-08-03,103.983,,98.744091,,101.204813,,,96.105876,,
2006-08-04,103.9383,,98.142019,,101.233134,,,95.587711,,
2006-08-07,104.2117,,98.660711,,101.089087,,,95.704429,,
2006-08-08,103.704,,98.241259,,100.855646,,,95.542946,,
2006-08-09,103.9576,,98.259455,,100.687626,,,95.168716,,
2006-08-10,103.3228,,98.186179,,100.850711,,,95.836989,,
2006-08-11,102.9548,,98.320657,,100.609882,,,96.081287,,
2006-08-14,102.2859,,97.812486,,100.612174,,,96.21196,,
2006-08-15,102.8716,,97.81093,,101.43371,,,96.443775,,
2006-08-16,103.3559,,97.873362,,102.071533,,,96.657124,,
2006-08-17,102.7375,,97.371195,,102.236498,,,96.896363,,
2006-08-18,103.335,,97.922218,,102.581621,,,97.208302,,
2006-08-21,103.9376,,98.027152,,102.416505,,,96.592555,,
2006-08-22,103.9649,,98.734615,,102.386501,,,97.235623,,
2006-08-23,103.3224,,98.254922,,102.231059,,,97.217106,,
2006-08-24,103.6043,,98.677371,,102.175439,,,97.31646,,
2006-08-25,103.8624,,98.985237,,102.289279,,,97.485987,,
2006-08-28,103.4129,,98.379461,,102.552787,,,97.561212,,
2006-08-29,103.3141,,97.940584,,102.636555,,,97.298279,,
2006-08-30,103.1874,,97.759489,,102.739423,,,97.335076,,
2006-08-31,103.391,,98.097629,,102.779896,,,97.517812,,
2006-09-01,103.8736,,98.371263,,103.148961,,,97.685009,,
2006-09-05,104.5377,,99.162403,,103.218347,,,97.91089,,
2006-09-06,103.2524,,98.027329,,102.681307,,,97.485136,,
2006-09-07,102.5839,,97.966452,,102.385628,,,97.777105,,
2006-09-08,101.9092,,97.729002,,102.610733,,,98.401759,,
2006-09-11,100.4586,,96.155864,,102.649172,,,98.252612,,
2006-09-12,100.6901,,96.4838,,103.358122,,,99.040366,,
2006-09-13,101.4075,,97.148259,,103.634584,,,99.281803,,
2006-09-14,100.2612,,95.785922,,103.579232,,,98.95585,,
2006-09-15,100.4881,,96.526093,,103.721158,,,99.631679,,
2006-09-18,101.3965,,97.007767,,103.79494,,,99.302396,,
2006-09-19,100.6727,,96.535607,,103.732249,,,99.469426,,
2006-09-20,100.378,,96.199903,,104.112419,,,99.778881,,
2006-09-21,101.0064,,96.082574,,103.985908,,,98.916838,,
2006-09-22,101.1349,,96.159665,,103.825016,,,98.717443,,
2006-09-25,101.5953,,96.908162,,104.388192,,,99.572203,,
2006-09-26,102.3607,,98.069151,,104.898339,,,100.500398,,
2006-09-27,103.1388,,98.729042,,104.957447,,,100.469932,,
2006-09-28,103.025,,98.604579,,104.898045,,,100.397259,,
2006-09-29,102.9316,,98.693894,,104.867191,,,100.549796,,
2006-10-02,102.4745,,97.808194,,104.668571,,,99.902355,,
2006-10-03,100.816,,96.255444,,104.79684,,,100.056205,,
2006-10-04,101.4067,,96.956484,,105.694479,,,101.056095,,
2006-10-05,101.9647,,97.658969,,105.683338,,,101.220577,,
2006-10-06,101.7337,,98.211462,,105.445137,,,101.794401,,
2006-10-09,101.5448,,98.021319,,105.572177,,,101.908951,,
2006-10-10,101.7615,,98.677105,,105.488265,,,102.290911,,
2006-10-11,101.2351,,98.347083,,105.366777,,,102.360893,,
2006-10-12,102.3086,,99.06539,,105.960409,,,102.601436,,
2006-10-13,103.0341,,100.142776,,106.017679,,,103.042631,,
2006-10-16,104.0148,,100.902349,,106.183115,,,103.005781,,
2006-10-17,103.4449,,100.253505,,106.045312,,,102.773692,,
2006-10-18,103.3478,,100.263308,,106.18024,,,103.011212,,
2006-10-19,104.1937,,100.33929,,106.265245,,,102.334203,,
2006-10-20,103.597,,99.812102,,106.26282,,,102.380527,,
2006-10-23,103.2949,,100.0523,,106.431408,,,103.090348,,
2006-10-24,103.9965,,100.675727,,106.66671,,,103.260673,,
2006-10-25,104.9723,,101.265563,,106.99123,,,103.213201,,
2006-10-26,105.3897,,100.947292,,107.343556,,,102.818788,,
2006-10-27,105.1232,,100.35992,,107.021998,,,102.17268,,
2006-10-30,104.9075,,100.232706,,106.982961,,,102.215682,,
2006-10-31,105.4823,,100.473934,,107.128292,,,102.041773,,
2006-11-01,105.5827,,100.624755,,106.777133,,,101.763101,,
2006-11-02,105.7839,,100.635057,,106.689377,,,101.496461,,
2006-11-03,106.1165,,101.451617,,106.354024,,,101.678699,,
2006-11-06,106.6029,,101.860562,,107.074878,,,102.311544,,
2006-11-07,106.7056,,101.535731,,107.42639,,,102.221598,,
2006-11-08,106.9196,,101.898877,,107.686515,,,102.62978,,
2006-11-09,107.6715,,102.039522,,107.352537,,,101.737243,,
2006-11-10,107.3613,,101.602981,,107.474557,,,101.710164,,
2006-11-13,107.2866,,101.849425,,107.588417,,,102.135946,,
2006-11-14,107.5538,,102.07917,,108.12742,,,102.623592,,
2006-11-15,107.8896,,102.246214,,108.235296,,,102.573827,,
2006-11-16,106.9366,,101.596497,,108.362482,,,102.951175,,
2006-11-17,107.4657,,101.86831,,108.494596,,,102.843615,,
2006-11-20,107.4536,,101.936322,,108.559987,,,102.985901,,
2006-11-21,108.2163,,102.428071,,108.682772,,,102.869592,,
2006-11-22,108.2675,,101.684847,,108.865706,,,102.246682,,
2006-11-24,108.5286,,100.754713,,108.621115,,,100.840602,,
2006-11-27,108.1027,,100.061316,,107.708263,,,99.69622,,
2006-11-28,108.6702,,100.083673,,108.101663,,,99.560058,,
2006-11-29,109.6295,,101.320257,,108.71079,,,100.471179,,
2006-11-30,110.5079,,101.453364,,108.873152,,,99.95256,,
2006-12-01,110.4681,,100.701985,,108.81207,,,99.192358,,
2006-12-04,110.7373,,100.901989,,109.356367,,,99.643706,,
2006-12-05,110.7579,,101.11781,,109.605612,,,100.065814,,
2006-12-06,110.1498,,100.782122,,109.520172,,,100.206041,,
2006-12-07,109.8333,,100.500102,,109.192906,,,99.914126,,
2006-12-08,109.4157,,100.74737,,109.225526,,,100.572262,,
2006-12-11,109.7608,,100.813157,,109.436561,,,100.515349,,
2006-12-12,109.8314,,100.513495,,109.477971,,,100.19005,,
2006-12-13,109.9073,,101.123433,,109.408808,,,100.664781,,
2006-12-14,110.3713,,102.091206,,109.924944,,,101.678336,,
2006-12-15,109.6913,,101.927533,,109.923519,,,102.143316,,
2006-12-18,108.8876,,101.072561,,109.768395,,,101.890141,,
2006-12-19,109.6491,,101.008182,,109.926971,,,101.264155,,
2006-12-20,109.2058,,100.790749,,109.870968,,,101.404661,,
2006-12-21,108.9846,,100.548427,,109.720274,,,101.227155,,
2006-12-22,108.471,,100.348737,,109.273667,,,101.091301,,
2006-12-26,108.8949,,101.079337,,109.644938,,,101.775544,,
2006-12-27,109.3377,,101.366523,,109.965381,,,101.948443,,
2006-12-28,109.4224,,101.167309,,109.769458,,,101.488184,,
2006-12-29,109.1491,,100.509504,,109.489199,,,100.822683,,
2007-01-03,108.0311,,99.721709,,109.464786,,,101.045121,,
2007-01-04,107.5725,,99.958698,,109.694431,,,101.930442,,
2007-01-05,106.7543,,99.808715,,109.142833,,,102.041846,,
2007-01-08,107.075,,99.95481,,109.467389,,,102.188111,,
2007-01-09,106.9854,,100.047862,,109.414044,,,102.319019,,
2007-01-10,106.4519,,100.033732,,109.57938,,,102.972651,,
2007-01-11,106.3459,,100.282944,,109.791965,,,103.532543,,
2007-01-12,107.6847,,101.35673,,110.225554,,,103.748274,,
2007-01-16,107.35,,101.026055,,110.166215,,,103.676368,,
2007-01-17,107.8115,,101.311359,,110.158874,,,103.517206,,
2007-01-18,107.4512,,100.770262,,109.998478,,,103.159159,,
2007-01-19,108.3835,,101.660279,,110.115061,,,103.284428,,
2007-01-22,108.0536,,101.436933,,109.925688,,,103.194383,,
2007-01-23,109.2208,,101.934438,,110.03751,,,102.696664,,
2007-01-24,109.6326,,102.768464,,110.558139,,,103.636054,,
2007-01-25,108.4642,,101.972,,109.721771,,,103.154298,,
2007-01-26,108.5174,,102.156316,,109.662073,,,103.233891,,
2007-01-29,108.1664,,101.495801,,109.565682,,,102.808789,,
2007-01-30,109.0184,,102.192719,,109.975319,,,103.089725,,
2007-01-31,109.8559,,102.479966,,110.451524,,,103.035598,,
2007-02-01,110.2709,,102.954002,,110.8724,,,103.51559,,
2007-02-02,110.1234,,103.260383,,111.02999,,,104.110473,,
2007-02-05,110.1426,,103.573967,,111.116613,,,104.489892,,
2007-02-06,110.4004,,103.368636,,111.21793,,,104.134094,,
2007-02-07,110.3326,,103.098704,,111.412038,,,104.107369,,
2007-02-08,110.9198,,103.401024,,111.358852,,,103.810315,,
2007-02-09,110.6599,,103.436347,,110.757709,,,103.527771,,
2007-02-12,109.9763,,103.12245,,110.49213,,,103.606133,,
2007-02-13,110.632,,103.156464,,111.040462,,,103.537325,,
2007-02-14,111.2987,,103.050961,,111.647224,,,103.373658,,
2007-02-15,111.2532,,102.922608,,111.804816,,,103.432919,,
2007-02-16,111.2961,,102.977968,,111.796316,,,103.440798,,
2007-02-20,110.7331,,102.472644,,111.959324,,,103.607394,,
2007-02-21,111.7673,,103.421822,,111.93295,,,103.575103,,
2007-02-22,111.7401,,103.491179,,111.79045,,,103.537813,,
2007-02-23,112.0633,,103.483053,,111.639522,,,103.091722,,
2007-02-26,112.4948,,103.70821,,111.677659,,,102.954893,,
2007-02-27,109.3702,,100.408882,,109.236353,,,100.286002,,
2007-02-28,110.1417,,101.216535,,109.88609,,,100.981638,,
2007-03-01,109.6817,,101.1225,,109.68366,,,101.124307,,
2007-03-02,108.2281,,99.736951,,108.905077,,,100.360815,,
2007-03-05,107.3709,,99.725632,,108.260035,,,100.551456,,
2007-03-06,108.8053,,100.773033,,109.34045,,,101.268677,,
2007-03-07,109.2114,,100.765318,,109.304806,,,100.851501,,
2007-03-08,109.7624,,101.605293,,109.824358,,,101.662647,,
2007-03-09,109.3124,,101.33534,,109.718471,,,101.711777,,
2007-03-12,109.4627,,100.897634,,109.954472,,,101.350927,,
2007-03-13,108.3687,,99.836249,,108.784831,,,100.219616,,
2007-03-14,108.8677,,100.098737,,109.224943,,,100.427206,,
2007-03-15,108.9241,,100.037106,,109.265242,,,100.350415,,
2007-03-16,108.8232,,99.373889,,109.076583,,,99.605271,,
2007-03-19,109.6035,,100.1692,,109.834244,,,100.380081,,
2007-03-20,110.1839,,100.586216,,110.244394,,,100.64144,,
2007-03-21,111.4163,,101.194545,,111.392284,,,101.172732,,
2007-03-22,111.6658,,101.839618,,111.258522,,,101.468179,,
2007-03-23,111.529,,102.044028,,111.293947,,,101.828965,,
2007-03-26,111.9675,,102.11477,,111.176657,,,101.393518,,
2007-03-27,111.8369,,101.835233,,111.031741,,,101.10208,,
2007-03-28,111.6589,,101.97102,,110.569868,,,100.976476,,
2007-03-29,111.664,,101.837977,,110.604602,,,100.871802,,
2007-03-30,111.3167,,101.308439,,110.577841,,,100.636009,,
2007-04-02,111.6831,,101.588661,,110.714089,,,100.707234,,
2007-04-03,112.1822,,102.310577,,111.37978,,,101.578767,,
2007-04-04,112.6834,,102.483213,,111.501328,,,101.408144,,
2007-04-05,112.8728,,102.181525,,111.640195,,,101.065672,,
2007-04-09,112.5245,,102.438322,,111.562892,,,101.562908,,
2007-04-10,113.2914,,102.48416,,111.715439,,,101.058535,,
2007-04-11,112.9445,,102.231208,,111.411593,,,100.843704,,
2007-04-12,113.4607,,102.317546,,111.76657,,,100.7898,,
2007-04-13,113.8989,,102.333167,,111.99791,,,100.625211,,
2007-04-16,114.753,,103.077685,,112.728035,,,101.258746,,
2007-04-17,114.6843,,102.772978,,113.036822,,,101.29661,,
2007-04-18,114.9196,,102.665991,,113.189529,,,101.120393,,
2007-04-19,114.1468,,101.945626,,113.151798,,,101.05698,,
2007-04-20,114.7787,,102.653268,,113.774038,,,101.75474,,
2007-04-23,114.7553,,102.760856,,113.559453,,,101.690001,,
2007-04-24,114.8327,,102.355186,,113.610377,,,101.265679,,
2007-04-25,115.1931,,102.691484,,114.251037,,,101.85166,,
2007-04-26,114.6425,,102.478683,,114.247046,,,102.125187,,
2007-04-27,114.7346,,102.192819,,114.178181,,,101.697223,,
2007-04-30,114.7848,,102.252515,,113.766206,,,101.345131,,
2007-05-01,114.877,,102.658109,,113.919024,,,101.802028,,
2007-05-02,115.1279,,102.973153,,114.32932,,,102.258884,,
2007-05-03,115.456,,103.594345,,114.653147,,,102.873975,,
2007-05-04,115.9581,,103.68519,,114.972464,,,102.803874,,
2007-05-07,116.153,,103.828916,,115.027008,,,102.822394,,
2007-05-08,115.9045,,104.050524,,114.885845,,,103.136051,,
2007-05-09,115.6972,,103.971913,,115.025421,,,103.368214,,
2007-05-10,114.9767,,103.66159,,114.37664,,,103.120582,,
2007-05-11,115.4267,,103.698165,,114.875435,,,103.202914,,
2007-05-14,115.1717,,103.36977,,114.733703,,,102.976656,,
2007-05-15,115.2545,,103.101558,,114.736706,,,102.638362,,
2007-05-16,115.3123,,103.733372,,115.215003,,,103.645845,,
2007-05-17,115.0801,,103.677925,,115.003317,,,103.60875,,
2007-05-18,115.3229,,103.765943,,115.460804,,,103.890027,,
2007-05-21,115.5822,,104.331299,,115.529036,,,104.28331,,
2007-05-22,115.0671,,104.020809,,115.370166,,,104.294781,,
2007-05-23,115.0218,,103.894876,,115.349616,,,104.19098,,
2007-05-24,114.3667,,103.541633,,114.737618,,,103.877443,,
2007-05-25,114.606,,103.619384,,114.998908,,,103.974627,,
2007-05-29,114.6976,,103.686781,,115.210398,,,104.15035,,
2007-05-30,115.249,,104.340422,,115.826604,,,104.863355,,
2007-05-31,115.2311,,104.13809,,115.646056,,,104.5131,,
2007-06-01,115.426,,104.360776,,115.946414,,,104.8313,,
2007-06-04,115.8662,,104.42483,,116.010031,,,104.554459,,
2007-06-05,115.3148,,103.666582,,115.605976,,,103.928346,,
2007-06-06,114.7429,,103.305234,,114.880833,,,103.429418,,
2007-06-07,112.6949,,101.990097,,113.31772,,,102.553755,,
2007-06-08,112.9661,,102.732638,,114.153183,,,103.812184,,
2007-06-11,113.0529,,102.896243,,114.294925,,,104.026685,,
2007-06-12,111.7087,,102.100867,,113.27522,,,103.532653,,
2007-06-13,113.108,,103.302151,,114.368735,,,104.453588,,
2007-06-14,113.4012,,103.569933,,114.891858,,,104.931358,,
2007-06-15,114.1088,,103.678754,,115.454058,,,104.901049,,
2007-06-18,114.0138,,103.329867,,115.395863,,,104.582421,,
2007-06-19,114.564,,103.727983,,115.722203,,,104.776638,,
2007-06-20,113.4554,,102.900504,,114.612187,,,103.949673,,
2007-06-21,113.5719,,103.121565,,114.934938,,,104.359183,,
2007-06-22,113.5191,,102.491853,,114.393213,,,103.281055,,
2007-06-25,113.4778,,102.477397,,114.111063,,,103.049272,,
2007-06-26,112.8763,,101.994817,,113.344426,,,102.417815,,
2007-06-27,113.4515,,102.522187,,114.407407,,,103.386006,,
2007-06-28,113.544,,102.636293,,114.360928,,,103.374741,,
2007-06-29,113.9981,,102.392025,,114.479036,,,102.823998,,
2007-07-02,114.7341,,102.38741,,115.219406,,,102.820492,,
2007-07-03,114.6313,,102.408432,,115.415034,,,103.108598,,
2007-07-05,114.0874,,101.99748,,115.150145,,,102.947605,,
2007-07-06,114.3088,,102.00039,,115.435625,,,103.005882,,
2007-07-09,114.6174,,102.260749,,115.56985,,,103.110518,,
2007-07-10,114.8097,,101.530723,,114.781588,,,101.505863,,
2007-07-11,114.6267,,101.383639,,115.165751,,,101.860412,,
2007-07-12,115.2506,,101.61019,,116.209459,,,102.455564,,
2007-07-13,115.597,,101.930376,,116.480925,,,102.709798,,
2007-07-16,115.798,,102.218824,,116.561805,,,102.89306,,
2007-07-17,115.5114,,101.899242,,116.444612,,,102.722482,,
2007-07-18,116.0758,,102.241333,,116.435452,,,102.55812,,
2007-07-19,116.4146,,102.532325,,116.705509,,,102.788544,,
2007-07-20,116.5106,,102.446172,,116.101455,,,102.086416,,
2007-07-23,116.5876,,102.662382,,116.289017,,,102.399462,,
2007-07-24,115.7922,,101.843957,,115.170957,,,101.297548,,
2007-07-25,116.0119,,102.78828,,115.288702,,,102.147515,,
2007-07-26,114.81,,101.545762,,113.806868,,,100.658524,,
2007-07-27,113.8849,,101.517815,,112.427629,,,100.218794,,
2007-07-30,114.5505,,101.678718,,113.453974,,,100.705406,,
2007-07-31,114.4332,,101.671102,,112.83218,,,100.248635,,
2007-08-01,114.4885,,101.839318,,113.064465,,,100.572617,,
2007-08-02,114.812,,101.858774,,113.579948,,,100.765723,,
2007-08-03,114.1113,,100.620325,,112.025092,,,98.780762,,
2007-08-06,114.3026,,100.745165,,113.075289,,,99.663426,,
2007-08-07,114.8753,,101.670089,,113.768254,,,100.690301,,
2007-08-08,115.0469,,101.371786,,114.662863,,,101.033397,,
2007-08-09,113.622,,100.994656,,112.677808,,,100.155397,,
2007-08-10,113.9527,,101.148091,,112.212083,,,99.603063,,
2007-08-13,114.0632,,101.863479,,112.539871,,,100.503079,,
2007-08-14,113.8449,,102.277092,,111.631061,,,100.288202,,
2007-08-15,112.9074,,102.121594,,110.76202,,,100.181158,,
2007-08-16,113.2326,,102.537787,,111.240473,,,100.733816,,
2007-08-17,114.059,,102.780846,,112.565633,,,101.435143,,
2007-08-20,114.075,,102.932598,,112.491879,,,101.50411,,
2007-08-21,114.2162,,103.121237,,112.835622,,,101.874768,,
2007-08-22,114.7071,,102.975586,,113.598696,,,101.980543,,
2007-08-23,114.9192,,102.998666,,113.596393,,,101.813073,,
2007-08-24,115.9174,,103.110347,,114.322109,,,101.69131,,
2007-08-27,115.8392,,103.199356,,113.824262,,,101.404279,,
2007-08-28,115.1621,,102.928016,,112.504073,,,100.552361,,
2007-08-29,116.0126,,103.119578,,113.737751,,,101.097543,,
2007-08-30,116.2236,,103.701399,,113.656735,,,101.411094,,
2007-08-31,116.8662,,104.297728,,114.351103,,,102.053119,,
2007-09-04,117.6778,,105.161002,,114.996067,,,102.764511,,
2007-09-05,117.7896,,104.936938,,114.5453,,,102.046641,,
2007-09-06,118.2663,,105.02299,,114.695813,,,101.852322,,
2007-09-07,118.5129,,104.645752,,114.024266,,,100.682331,,
2007-09-10,118.9055,,104.733776,,114.002762,,,100.41537,,
2007-09-11,119.6331,,105.100524,,114.715919,,,100.780664,,
2007-09-12,119.5794,,104.5622,,114.830076,,,100.409313,,
2007-09-13,119.2534,,104.41232,,115.18336,,,100.848797,,
2007-09-14,119.3395,,104.547941,,115.209525,,,100.929857,,
2007-09-17,119.743,,104.977077,,114.856278,,,100.692954,,
2007-09-18,120.7451,,104.977455,,116.985146,,,101.708499,,
2007-09-19,120.4482,,104.914403,,117.389203,,,102.249914,,
2007-09-20,119.595,,103.3787,,116.560062,,,100.755279,,
2007-09-21,120.0614,,103.589619,,116.876048,,,100.84128,,
2007-09-24,120.1182,,103.668792,,116.760299,,,100.770734,,
2007-09-25,119.7221,,102.95418,,116.649775,,,100.312156,,
2007-09-26,119.8648,,103.148398,,116.981197,,,100.666944,,
2007-09-27,120.7661,,103.741887,,117.473832,,,100.913725,,
2007-09-28,120.9319,,103.104768,,117.314453,,,100.020586,,
2007-10-01,121.9049,,104.138827,,117.946115,,,100.756984,,
2007-10-02,121.3902,,104.263274,,118.025148,,,101.372996,,
2007-10-03,120.9795,,104.38176,,117.907195,,,101.730959,,
2007-10-04,121.5679,,104.534069,,118.001143,,,101.467078,,
2007-10-05,121.6004,,104.584207,,118.47013,,,101.891973,,
2007-10-08,121.0117,,104.722442,,118.462091,,,102.516033,,
2007-10-09,121.6292,,104.824037,,119.029511,,,102.58354,,
2007-10-10,121.8202,,104.699179,,118.980962,,,102.258976,,
2007-10-11,121.72,,104.237235,,118.672034,,,101.627051,,
2007-10-12,121.9524,,104.574007,,118.974742,,,102.020669,,
2007-10-15,121.919,,104.348848,,118.375833,,,101.316299,,
2007-10-16,121.6952,,104.391747,,117.895861,,,101.132624,,
2007-10-17,122.1393,,104.515326,,118.276103,,,101.209565,,
2007-10-18,123.1867,,104.777342,,118.149513,,,100.492926,,
2007-10-19,122.8366,,104.464945,,116.512443,,,99.08664,,
2007-10-22,122.3115,,104.836827,,116.907438,,,100.204845,,
2007-10-23,122.855,,104.718671,,117.464682,,,100.124093,,
2007-10-24,123.4367,,105.188685,,117.539476,,,100.163265,,
2007-10-25,123.6366,,104.939748,,117.580902,,,99.799819,,
2007-10-26,124.7059,,105.354521,,118.368125,,,100.000218,,
2007-10-29,125.2442,,105.552562,,118.60364,,,99.95607,,
2007-10-30,124.361,,104.757389,,118.16535,,,99.538389,,
2007-10-31,124.9443,,104.849166,,118.773578,,,99.670898,,
2007-11-01,124.5467,,104.972004,,117.221146,,,98.797789,,
2007-11-02,125.8573,,105.411591,,117.357745,,,98.292801,,
2007-11-05,125.5601,,105.497003,,116.782867,,,98.122274,,
2007-11-06,126.7,,105.822855,,117.655712,,,98.268851,,
2007-11-07,126.1827,,104.806834,,115.739171,,,96.132481,,
2007-11-08,126.1413,,104.497577,,115.435794,,,95.628956,,
2007-11-09,126.1409,,104.539988,,114.645266,,,95.012915,,
2007-11-12,123.939,,103.683488,,113.897158,,,95.282797,,
2007-11-13,125.2944,,104.314897,,115.991276,,,96.569503,,
2007-11-14,125.5934,,104.221236,,115.774085,,,96.072868,,
2007-11-15,124.7566,,103.803168,,114.971502,,,95.661521,,
2007-11-16,124.9496,,103.701148,,115.060194,,,95.493496,,
2007-11-19,124.7313,,103.40702,,114.191561,,,94.669173,,
2007-11-20,125.518,,102.825107,,114.51438,,,93.810875,,
2007-11-21,125.0677,,102.332097,,113.460666,,,92.835064,,
2007-11-23,126.2297,,103.432531,,114.409348,,,93.746943,,
2007-11-26,126.2727,,103.227726,,113.313264,,,92.633409,,
2007-11-27,125.859,,103.187897,,113.90397,,,93.386338,,
2007-11-28,126.4542,,103.587162,,115.977875,,,95.005298,,
2007-11-29,126.6346,,104.417416,,116.133355,,,95.758543,,
2007-11-30,126.5198,,105.133517,,116.93318,,,97.167372,,
2007-12-03,126.9127,,105.193964,,116.715926,,,96.742177,,
2007-12-04,126.8319,,104.475935,,115.907551,,,95.477161,,
2007-12-05,126.4599,,105.220391,,116.990878,,,97.341733,,
2007-12-06,126.7497,,105.274185,,117.942259,,,97.959011,,
2007-12-07,125.9674,,104.503059,,117.659921,,,97.611142,,
2007-12-10,126.3516,,104.415648,,118.112724,,,97.607126,,
2007-12-11,126.3126,,104.789438,,116.404419,,,96.569572,,
2007-12-12,126.7087,,104.749914,,117.044205,,,96.760289,,
2007-12-13,125.4477,,104.22198,,116.719151,,,96.970299,,
2007-12-14,124.8375,,105.224395,,115.698206,,,97.520967,,
2007-12-17,124.8201,,105.377771,,114.77498,,,96.897307,,
2007-12-18,125.852,,106.145006,,115.406067,,,97.334788,,
2007-12-19,126.7261,,107.120042,,115.502155,,,97.632577,,
2007-12-20,126.7647,,107.552753,,115.899125,,,98.333921,,
2007-12-21,126.8509,,107.407008,,116.689081,,,98.802807,,
2007-12-24,126.8774,,107.055888,,117.224291,,,98.910843,,
2007-12-26,126.8481,,107.112943,,117.230053,,,98.991281,,
2007-12-27,127.1167,,105.664187,,116.611378,,,96.931768,,
2007-12-28,128.6167,,106.253556,,116.682261,,,96.39421,,
2007-12-31,128.5867,,107.123421,,116.183206,,,96.790278,,
2008-01-02,130.1757,,107.548064,,115.789008,,,95.662122,,
2008-01-03,130.2942,,107.389077,,115.8746,,,95.504376,,
2008-01-04,129.1302,,106.409503,,114.275347,,,94.168389,,
2008-01-07,129.2952,,106.970368,,114.159182,,,94.447819,,
2008-01-08,128.9858,,106.623689,,113.279512,,,93.640381,,
2008-01-09,129.4473,,107.349707,,113.887799,,,94.446326,,
2008-01-10,129.2862,,106.177482,,114.23989,,,93.820561,,
2008-01-11,129.4207,,106.472792,,113.882146,,,93.689418,,
2008-01-14,130.2153,,106.462966,,114.476854,,,93.595341,,
2008-01-15,129.5332,,106.375303,,113.128137,,,92.90313,,
2008-01-16,128.3828,,106.52215,,112.402243,,,93.262716,,
2008-01-17,128.0187,,106.289689,,110.931058,,,92.102385,,
2008-01-18,127.5154,,106.059417,,110.242452,,,91.692848,,
2008-01-22,127.7799,,106.1886,,109.632735,,,91.107808,,
2008-01-23,128.3829,,106.682417,,111.086224,,,92.309387,,
2008-01-24,128.2067,,105.632742,,111.534038,,,91.895714,,
2008-01-25,128.6437,,106.59821,,110.639821,,,91.679631,,
2008-01-28,129.3628,,106.39276,,111.832602,,,91.975275,,
2008-01-29,129.084,,106.201543,,112.02464,,,92.166261,,
2008-01-30,128.5751,,105.168632,,111.598786,,,91.282773,,
2008-01-31,129.3936,,105.855222,,113.018052,,,92.458599,,
2008-02-01,130.0101,,106.804459,,114.0556,,,93.697695,,
2008-02-04,128.8875,,105.659469,,113.169825,,,92.774424,,
2008-02-05,127.8097,,106.085733,,111.490482,,,92.540312,,
2008-02-06,127.4826,,105.927777,,110.91989,,,92.165499,,
2008-02-07,126.7446,,106.37901,,110.974611,,,93.142977,,
2008-02-08,127.5818,,106.879506,,110.752087,,,92.780697,,
2008-02-11,128.3083,,107.429636,,111.186506,,,93.093946,,
2008-02-12,127.8314,,106.564297,,111.789316,,,93.191109,,
2008-02-13,127.8243,,106.630765,,112.210329,,,93.605623,,
2008-02-14,126.6985,,105.201474,,111.482319,,,92.567033,,
2008-02-15,127.0123,,105.201207,,111.438617,,,92.301903,,
2008-02-19,127.3572,,105.146601,,111.41379,,,91.98366,,
2008-02-20,128.2849,,105.991692,,111.538785,,,92.155698,,
2008-02-21,128.3274,,105.3182,,111.351972,,,91.38648,,
2008-02-22,128.3521,,105.214173,,111.528508,,,91.423356,,
2008-02-25,128.3344,,105.210305,,112.208516,,,91.990084,,
2008-02-26,128.9822,,104.720942,,112.928178,,,91.686645,,
2008-02-27,129.0861,,103.791891,,112.95964,,,90.825384,,
2008-02-28,130.1434,,104.14059,,112.566776,,,90.075797,,
2008-02-29,129.9642,,104.082831,,111.23433,,,89.08287,,
2008-03-03,130.081,,104.016715,,111.06535,,,88.811224,,
2008-03-04,128.8599,,102.954285,,110.624722,,,88.385053,,
2008-03-05,129.0777,,102.803998,,110.753876,,,88.209979,,
2008-03-06,128.3007,,101.415773,,109.315771,,,86.409064,,
2008-03-07,127.705,,101.163936,,108.774153,,,86.167506,,
2008-03-10,127.9454,,101.377494,,108.147531,,,85.690659,,
2008-03-11,128.9837,,102.240172,,110.216902,,,87.364489,,
2008-03-12,129.8398,,101.509021,,110.050526,,,86.037726,,
2008-03-13,129.8396,,100.952494,,110.005783,,,85.531365,,
2008-03-14,130.0054,,100.860151,,109.169169,,,84.695088,,
2008-03-17,129.907,,100.783811,,108.699425,,,,,
2008-03-18,130.9322,,101.876286,,111.3017,,,86.976353,,
2008-03-19,129.9292,,101.091339,,109.783646,,,85.786231,,
2008-03-20,130.1129,,102.533563,,111.15505,,,87.972645,,
2008-03-24,129.7691,,102.293802,,112.164368,,,88.798513,,
2008-03-25,130.7205,,101.545837,,112.317621,,,87.627228,,
2008-03-26,130.4368,,100.075936,,111.355476,,,85.805249,,
2008-03-27,129.7013,,99.93546,,111.167284,,,86.02507,,
2008-03-28,129.6011,,99.692081,,110.63214,,,85.468492,,
2008-03-31,129.7049,,99.874934,,110.798351,,,85.685271,,
2008-04-01,129.2954,,100.669082,,112.827216,,,88.226624,,
2008-04-02,130.1087,,100.840547,,112.898806,,,87.880184,,
2008-04-03,130.3876,,101.066372,,113.05771,,,88.012291,,
2008-04-04,131.1856,,101.38756,,113.365472,,,87.993798,,
2008-04-07,131.1346,,101.475875,,113.392635,,,88.125808,,
2008-04-08,130.819,,101.223279,,113.323055,,,88.064445,,
2008-04-09,131.6772,,101.116957,,113.034305,,,87.175898,,
2008-04-10,131.3776,,101.458549,,112.981152,,,87.628641,,
2008-04-11,130.9194,,100.560439,,111.767637,,,86.220786,,
2008-04-14,130.6249,,100.306979,,111.489759,,,85.983063,,
2008-04-15,130.06,,100.145829,,111.404975,,,86.152217,,
2008-04-16,131.106,,99.948501,,113.059681,,,86.563384,,
2008-04-17,130.8945,,100.031904,,113.149208,,,86.844318,,
2008-04-18,130.9668,,100.711384,,113.972041,,,88.021432,,
2008-04-21,131.2805,,100.297889,,114.014336,,,87.483025,,
2008-04-22,131.3402,,99.849664,,113.779479,,,86.873162,,
2008-04-23,130.7719,,100.057717,,113.629378,,,87.317148,,
2008-04-24,129.6707,,100.521583,,113.751536,,,88.562014,,
2008-04-25,129.8114,,101.205008,,114.341066,,,89.529088,,
2008-04-28,130.118,,101.035195,,114.471368,,,89.269877,,
2008-04-29,129.5586,,101.148677,,114.264737,,,89.594003,,
2008-04-30,130.0513,,101.206418,,114.1358,,,89.204754,,
2008-05-01,130.0068,,102.136138,,115.474298,,,91.111133,,
2008-05-02,129.6374,,102.252309,,115.589037,,,91.565572,,
2008-05-05,129.9807,,101.967372,,115.275139,,,90.821938,,
2008-05-06,130.2182,,101.922836,,115.725795,,,90.970952,,
2008-05-07,129.4195,,102.209751,,114.619785,,,90.912784,,
2008-05-08,130.3714,,102.964864,,114.55633,,,90.865405,,
2008-05-09,130.5762,,102.534438,,114.454938,,,90.263677,,
2008-05-12,130.7705,,102.216267,,115.138863,,,90.386782,,
2008-05-13,129.9528,,102.095694,,114.888713,,,90.650855,,
2008-05-14,129.8844,,102.049211,,115.09628,,,90.821088,,
2008-05-15,131.4704,,103.459135,,116.211442,,,91.846477,,
2008-05-16,132.1435,,103.020543,,116.155725,,,90.947634,,
2008-05-19,132.3664,,103.750536,,116.425739,,,91.650397,,
2008-05-20,132.7586,,103.156751,,115.960039,,,90.493232,,
2008-05-21,132.5352,,102.012959,,114.723171,,,88.684558,,
2008-05-22,131.8196,,101.862009,,114.451966,,,88.823578,,
2008-05-23,131.6386,,101.44809,,113.713318,,,88.012571,,
2008-05-27,131.2939,,101.722169,,113.9669,,,88.679361,,
2008-05-28,131.2657,,102.047605,,114.061155,,,89.055773,,
2008-05-29,130.5976,,102.306082,,114.280786,,,89.910876,,
2008-05-30,131.0658,,102.421405,,114.616388,,,89.954071,,
2008-06-02,131.109,,102.587048,,114.081271,,,89.649348,,
2008-06-03,130.9984,,103.11707,,113.766124,,,89.939463,,
2008-06-04,130.7105,,102.919767,,113.569643,,,89.809719,,
2008-06-05,131.0159,,102.145384,,114.762044,,,89.859867,,
2008-06-06,130.8787,,100.897647,,112.828258,,,87.358004,,
2008-06-09,130.9887,,101.779543,,112.75855,,,87.993158,,
2008-06-10,130.51,,102.579854,,112.187177,,,88.559318,,
2008-06-11,130.4363,,101.961597,,111.257,,,87.345042,,
2008-06-12,130.0697,,102.427151,,111.234012,,,87.972981,,
2008-06-13,130.3557,,103.158204,,111.967289,,,88.989274,,
2008-06-16,130.4821,,102.492986,,112.048254,,,88.393648,,
2008-06-17,130.5178,,102.296962,,111.878032,,,88.066465,,
2008-06-18,130.6729,,102.266223,,111.418476,,,87.574297,,
2008-06-19,130.4625,,102.299127,,111.273268,,,87.629398,,
2008-06-20,130.3761,,101.435154,,110.325885,,,86.206633,,
2008-06-23,130.4051,,102.166475,,110.202215,,,86.711543,,
2008-06-24,130.4778,,101.895105,,110.159892,,,86.399843,,
2008-06-25,130.5252,,101.288628,,110.491513,,,86.112857,,
2008-06-26,130.5352,,100.712666,,108.749928,,,84.267127,,
2008-06-27,130.8593,,100.751716,,108.492483,,,83.891945,,
2008-06-30,130.9223,,101.024151,,108.749482,,,84.277479,,
2008-07-01,131.058,,100.890643,,108.799972,,,84.117991,,
2008-07-02,130.8409,,100.157158,,107.628034,,,82.744023,,
2008-07-03,130.6543,,101.146697,,107.714127,,,83.747803,,
2008-07-07,130.395,,100.786151,,107.198622,,,83.21505,,
2008-07-08,130.7246,,101.416175,,108.507169,,,84.54367,,
2008-07-09,130.4944,,100.772642,,107.428972,,,83.319172,,
2008-07-10,130.9058,,100.796454,,107.724536,,,83.305515,,
2008-07-11,130.5385,,99.666491,,106.736049,,,81.845429,,
2008-07-14,130.6742,,99.867941,,106.210437,,,81.522258,,
2008-07-15,130.304,,99.557477,,105.479137,,,80.938558,,
2008-07-16,130.0307,,99.882869,,106.710398,,,82.323647,,
2008-07-17,129.8768,,99.53447,,107.161677,,,82.48105,,
2008-07-18,130.0421,,99.820985,,107.31265,,,82.729719,,
2008-07-21,130.2704,,99.465544,,107.525918,,,82.454209,,
2008-07-22,130.0834,,100.185422,,108.164649,,,83.66441,,
2008-07-23,129.8267,,100.539298,,108.564436,,,84.436878,,
2008-07-24,129.7443,,100.602373,,107.510125,,,83.722475,,
2008-07-25,129.5729,,100.341474,,107.275528,,,83.433357,,
2008-07-28,129.5516,,100.05411,,106.530647,,,82.630327,,
2008-07-29,129.6957,,101.145291,,107.848704,,,84.471027,,
2008-07-30,130.1579,,101.59177,,109.042755,,,85.478632,,
2008-07-31,130.0424,,101.315581,,108.400786,,,84.819645,,
2008-08-01,129.9351,,101.650858,,108.006123,,,84.860521,,
2008-08-04,129.4913,,101.068226,,107.279773,,,84.09393,,
2008-08-05,129.5831,,101.938314,,108.943488,,,86.072241,,
2008-08-06,129.6497,,102.300507,,109.189775,,,86.528862,,
2008-08-07,129.7503,,102.929029,,108.436732,,,86.393025,,
2008-08-08,129.8755,,105.137968,,109.576834,,,89.088952,,
2008-08-11,129.5878,,105.664968,,110.152176,,,90.205443,,
2008-08-12,129.504,,105.477786,,109.649333,,,89.692591,,
2008-08-13,129.5697,,105.586473,,109.177702,,,89.353493,,
2008-08-14,129.6009,,106.2787,,109.77938,,,90.41318,,
2008-08-15,129.6815,,107.447911,,110.232364,,,91.72798,,
2008-08-18,129.576,,107.20925,,109.400741,,,90.907708,,
2008-08-19,129.6086,,106.648305,,108.65114,,,89.789836,,
2008-08-20,129.8281,,107.032489,,109.017908,,,90.264613,,
2008-08-21,130.4705,,106.461119,,109.146995,,,89.446476,,
2008-08-22,130.5148,,107.396151,,110.037989,,,90.937781,,
2008-08-25,130.1418,,107.240202,,108.837791,,,90.072723,,
2008-08-26,130.4006,,108.168311,,108.972633,,,90.784281,,
2008-08-27,130.7816,,107.965001,,109.660876,,,90.92029,,
2008-08-28,131.0582,,108.348587,,110.503795,,,91.750618,,
2008-08-29,130.3792,,108.045138,,109.779086,,,91.366982,,
2008-09-02,129.8105,,108.697875,,109.513852,,,92.098603,,
2008-09-03,129.86,,108.897588,,109.441876,,,92.172029,,
2008-09-04,129.3665,,109.79395,,107.628555,,,91.7396,,
2008-09-05,129.4662,,110.572524,,107.701873,,,92.381888,,
2008-09-08,129.8634,,111.768411,,109.316242,,,94.49085,,
2008-09-09,128.887,,110.884886,,107.55543,,,92.932653,,
2008-09-10,128.7928,,111.864637,,107.789586,,,94.026613,,
2008-09-11,128.9991,,112.043821,,108.664734,,,94.790019,,
2008-09-12,129.2609,,110.537741,,108.794992,,,93.43833,,
2008-09-15,129.0816,,110.192185,,105.859931,,,90.759232,,
2008-09-16,129.5538,,111.486165,,106.498425,,,92.042152,,
2008-09-17,129.9348,,110.274729,,103.732329,,,88.417331,,
2008-09-18,129.7662,,109.958157,,105.458669,,,89.747199,,
2008-09-19,130.1825,,109.350566,,108.169733,,,91.252955,,
2008-09-22,130.1305,,107.072676,,106.024385,,,87.614922,,
2008-09-23,129.6617,,107.630295,,104.513431,,,87.129994,,
2008-09-24,129.4675,,107.650647,,104.76123,,,87.48412,,
2008-09-25,129.853,,108.066532,,105.66404,,,88.31596,,
2008-09-26,129.9968,,108.15659,,105.491205,,,88.147365,,
2008-09-29,129.3264,,108.952148,,100.332061,,,84.890892,,
2008-09-30,129.0739,,111.345106,,102.957409,,,89.199632,,
2008-10-01,129.2828,,112.203656,,102.704286,,,89.521548,,
2008-10-02,128.3374,,112.908195,,100.631192,,,88.915526,,
2008-10-03,128.2773,,112.969775,,100.114087,,,88.548336,,
2008-10-06,127.7886,,115.054789,,97.07269,,,87.777338,,
2008-10-07,127.1244,,113.74579,,93.657013,,,84.162663,,
2008-10-08,126.649,,112.780053,,91.488153,,,81.821633,,
2008-10-09,124.9668,,111.691127,,87.74281,,,78.760474,,
2008-10-10,123.9126,,112.314473,,84.062289,,,76.523393,,
2008-10-13,125.7824,,112.593915,,92.685093,,,83.325453,,
2008-10-14,125.7027,,112.220147,,92.647087,,,83.067426,,
2008-10-15,124.3565,,112.010314,,87.771061,,,79.398743,,
2008-10-16,124.2687,,112.288969,,89.406365,,,81.136548,,
2008-10-17,123.8766,,112.353045,,89.217939,,,81.268176,,
2008-10-20,124.8785,,113.783805,,93.066082,,,85.164179,,
2008-10-21,124.5294,,115.909439,,91.725988,,,85.745643,,
2008-10-22,123.8905,,117.19911,,89.15596,,,84.705077,,
2008-10-23,124.2293,,116.779019,,89.149795,,,84.165458,,
2008-10-24,123.6105,,119.387723,,86.141091,,,83.557883,,
2008-10-27,123.4421,,120.124067,,83.958454,,,82.054786,,
2008-10-28,125.1046,,119.944569,,89.965029,,,86.627102,,
2008-10-29,124.8327,,117.096334,,90.252797,,,85.025337,,
2008-10-30,125.1255,,117.789057,,92.080681,,,87.056339,,
2008-10-31,124.8043,,119.104346,,92.273043,,,88.439374,,
2008-11-03,124.7736,,119.971617,,91.841209,,,88.688264,,
2008-11-04,125.809,,117.829388,,94.303144,,,88.703517,,
2008-11-05,125.3175,,117.621878,,92.499526,,,87.194411,,
2008-11-06,124.401,,118.967881,,89.274179,,,85.744146,,
2008-11-07,124.7654,,118.847048,,91.226903,,,87.275013,,
2008-11-10,124.7703,,118.987834,,90.274203,,,86.462494,,
2008-11-11,124.2903,,120.672247,,88.875429,,,86.661186,,
2008-11-12,123.5727,,120.125194,,86.222588,,,84.179312,,
2008-11-13,124.0962,,118.153119,,89.566772,,,85.645862,,
2008-11-14,123.8911,,118.711842,,86.985563,,,83.70933,,
2008-11-17,123.6797,,118.867169,,86.388989,,,83.386288,,
2008-11-18,124.455,,119.917563,,87.310093,,,84.490455,,
2008-11-19,124.0484,,120.765303,,84.061552,,,82.190415,,
2008-11-20,124.5013,,121.546886,,80.320167,,,78.753037,,
2008-11-21,125.8325,,121.626578,,82.667422,,,80.249589,,
2008-11-24,126.7427,,118.962314,,86.101469,,,81.165182,,
2008-11-25,127.6084,,118.750762,,87.342489,,,81.631064,,
2008-11-26,128.3373,,121.147438,,89.23223,,,84.597171,,
2008-11-28,128.5016,,123.000661,,89.840769,,,86.366462,,
2008-12-01,127.6397,,123.068088,,85.568166,,,82.859948,,
2008-12-02,128.5167,,122.9135,,87.578032,,,84.121684,,
2008-12-03,128.9574,,123.284552,,88.847639,,,85.306287,,
2008-12-04,128.9048,,122.660343,,87.732065,,,83.842881,,
2008-12-05,128.7586,,123.106114,,89.162784,,,85.616951,,
2008-12-08,129.8807,,121.809873,,90.977795,,,85.693135,,
2008-12-09,130.4024,,122.650189,,90.42373,,,85.415721,,
2008-12-10,131.2578,,122.556812,,90.726855,,,85.07872,,
2008-12-11,130.8882,,119.171155,,89.609278,,,81.940081,,
2008-12-12,131.1537,,119.218245,,90.25654,,,82.39742,,
2008-12-15,131.679,,116.955111,,89.590169,,,79.916379,,
2008-12-16,134.5008,,116.809041,,92.262395,,,80.472792,,
2008-12-17,136.0779,,114.744969,,91.923434,,,77.847568,,
2008-12-18,136.3844,,116.394439,,91.126331,,,78.105961,,
2008-12-19,136.1453,,118.916831,,90.76958,,,79.625791,,
2008-12-22,135.6019,,118.241706,,90.270045,,,79.053541,,
2008-12-23,135.1449,,117.995552,,90.059102,,,78.970765,,
2008-12-24,135.3354,,117.568295,,90.546843,,,78.999598,,
2008-12-26,136.0458,,117.643212,,90.734742,,,78.800342,,
2008-12-29,135.9807,,118.712504,,90.861278,,,79.665592,,
2008-12-30,137.0974,,118.585461,,92.166212,,,80.065741,,
2008-12-31,136.3476,,118.92094,,92.975783,,,81.442938,,
2009-01-02,135.8231,,119.214414,,94.426276,,,83.23783,,
2009-01-05,134.3059,,119.752852,,94.961106,,,85.037266,,
2009-01-06,134.1332,,120.473623,,95.130045,,,85.811629,,
2009-01-07,133.1631,,118.651211,,93.066101,,,83.28227,,
2009-01-08,133.5191,,118.470014,,93.013336,,,82.886351,,
2009-01-09,132.9629,,120.357046,,91.690198,,,83.35597,,
2009-01-12,132.2352,,120.328182,,90.565281,,,82.766535,,
2009-01-13,132.4952,,122.206682,,90.718359,,,84.035492,,
2009-01-14,132.3197,,121.963382,,88.962193,,,82.353713,,
2009-01-15,132.5656,,122.96853,,88.973832,,,82.889247,,
2009-01-16,132.4118,,121.138089,,89.575332,,,82.302914,,
2009-01-20,131.4552,,123.863683,,86.559441,,,81.91311,,
2009-01-21,131.0359,,122.342104,,88.616185,,,83.094342,,
2009-01-22,129.3629,,120.976139,,87.640333,,,82.312681,,
2009-01-23,130.0931,,121.800476,,87.810206,,,82.568135,,
2009-01-26,129.8491,,119.699762,,88.141739,,,81.603487,,
2009-01-27,131.4554,,121.442034,,88.865,,,82.450653,,
2009-01-28,130.6718,,120.669523,,90.685674,,,84.106036,,
2009-01-29,128.7425,,120.846816,,88.595363,,,83.521256,,
2009-01-30,128.492,,121.993494,,87.736232,,,83.658932,,
2009-02-02,128.9089,,122.029074,,87.521719,,,83.208752,,
2009-02-03,127.9206,,119.275937,,88.0957,,,82.497315,,
2009-02-04,127.8471,,120.973076,,87.789114,,,83.42789,,
2009-02-05,128.4873,,122.139743,,88.470124,,,84.462938,,
2009-02-06,128.8676,,121.208506,,90.07324,,,85.085959,,
2009-02-09,128.9203,,120.559451,,90.156031,,,84.673497,,
2009-02-10,129.111,,121.566292,,87.891468,,,83.113085,,
2009-02-11,130.1918,,122.659935,,88.199723,,,83.45629,,
2009-02-12,129.8559,,122.763028,,88.419118,,,83.9508,,
2009-02-13,128.1634,,120.895978,,87.748966,,,83.130922,,
2009-02-17,128.9288,,124.576795,,85.515843,,,82.986328,,
2009-02-18,128.6712,,124.845857,,85.333182,,,83.154064,,
2009-02-19,127.4751,,122.289628,,84.725358,,,81.630119,,
2009-02-20,127.8775,,121.11402,,84.05298,,,79.951415,,
2009-02-23,127.3789,,122.009599,,82.42452,,,79.291327,,
2009-02-24,127.7983,,120.957968,,84.235626,,,80.0715,,
2009-02-25,126.8663,,121.236817,,83.804537,,,80.431939,,
2009-02-26,126.0789,,120.282021,,82.810278,,,79.344221,,
2009-02-27,125.2361,,120.110429,,81.699316,,,78.694134,,
2009-03-02,124.6162,,120.458594,,79.606716,,,77.283317,,
2009-03-03,124.0485,,120.077873,,79.211451,,,77.007353,,
2009-03-04,124.2964,,119.360793,,80.178943,,,77.327902,,
2009-03-05,125.3577,,121.538714,,78.321263,,,76.263382,,
2009-03-06,125.1248,,120.369277,,78.493549,,,75.836622,,
2009-03-09,124.2565,,119.788011,,77.722619,,,75.251372,,
2009-03-10,124.1644,,119.038455,,80.571024,,,77.57858,,
2009-03-11,125.0391,,118.439584,,80.967812,,,77.025796,,
2009-03-12,126.5838,,119.189541,,82.9118,,,78.405967,,
2009-03-13,126.4499,,119.043178,,83.333977,,,78.791776,,
2009-03-16,125.5292,,117.702444,,83.076303,,,78.233117,,
2009-03-17,125.8913,,117.5885,,84.503999,,,79.271878,,
2009-03-18,128.8873,,116.324855,,86.172867,,,78.10983,,
2009-03-19,129.0797,,114.845309,,85.616878,,,76.504583,,
2009-03-20,128.0221,,114.728027,,84.336462,,,75.905407,,
2009-03-23,129.2517,,115.269138,,87.964385,,,78.787335,,
2009-03-24,128.9922,,116.445465,,86.689149,,,78.595308,,
2009-03-25,128.7185,,115.218766,,87.086892,,,78.290271,,
2009-03-26,129.5934,,116.482195,,88.215341,,,79.633084,,
2009-03-27,129.2574,,118.165114,,87.291117,,,80.145043,,
2009-03-30,128.4904,,118.361102,,85.644964,,,79.234242,,
2009-03-31,128.927,,118.306105,,86.290857,,,79.524476,,
2009-04-01,129.8835,,119.192806,,87.278174,,,80.440446,,
2009-04-02,129.7502,,117.195004,,88.704152,,,80.466991,,
2009-04-03,129.027,,116.30588,,89.119064,,,80.679731,,
2009-04-06,128.1158,,116.098289,,88.688832,,,80.716963,,
2009-04-07,127.9038,,117.169091,,87.388183,,,80.39982,,
2009-04-08,128.5389,,117.66577,,88.072957,,,80.97126,,
2009-04-09,128.7881,,118.905624,,90.118276,,,83.562667,,
2009-04-13,129.4378,,117.731562,,90.396003,,,82.575985,,
2009-04-14,129.2201,,118.485626,,89.450068,,,82.373786,,
2009-04-15,129.3659,,118.915291,,90.122454,,,83.200062,,
2009-04-16,129.0215,,118.958498,,90.854426,,,84.13026,,
2009-04-17,128.5834,,120.011766,,91.014326,,,85.314221,,
2009-04-20,128.5026,,120.900744,,88.937764,,,84.03806,,
2009-04-21,128.4106,,120.566922,,89.866438,,,84.74178,,
2009-04-22,128.0365,,119.693378,,89.631652,,,84.153171,,
2009-04-23,129.0144,,119.344775,,90.208032,,,83.807557,,
2009-04-24,129.3363,,118.731874,,91.071188,,,83.965456,,
2009-04-27,128.9285,,120.223102,,90.599584,,,84.847287,,
2009-04-28,127.3226,,117.725132,,90.429471,,,83.974308,,
2009-04-29,127.6641,,116.93541,,91.427669,,,84.106131,,
2009-04-30,126.7725,,116.504087,,91.623723,,,84.566196,,
2009-05-01,126.7105,,116.138077,,91.781385,,,84.486902,,
2009-05-04,128.5429,,116.573089,,93.683973,,,85.327352,,
2009-05-05,128.1085,,116.847693,,93.569126,,,85.713164,,
2009-05-06,129.209,,117.809032,,94.62716,,,86.651161,,
2009-05-07,127.6144,,115.868481,,93.664845,,,85.411235,,
2009-05-08,128.6256,,114.752019,,95.055008,,,85.168829,,
2009-05-11,128.6888,,115.192181,,94.008208,,,84.512467,,
2009-05-12,129.2186,,115.107048,,94.047075,,,84.138533,,
2009-05-13,129.2027,,115.506754,,92.669646,,,83.204354,,
2009-05-14,129.5065,,115.439636,,93.15821,,,83.398314,,
2009-05-15,129.3644,,116.588403,,92.790267,,,83.987713,,
2009-05-18,128.9394,,115.596087,,94.258777,,,84.869578,,
2009-05-19,128.8938,,114.97779,,94.227592,,,84.417557,,
2009-05-20,129.7147,,114.442076,,93.964345,,,83.259227,,
2009-05-21,128.5987,,112.55893,,93.033456,,,81.78154,,
2009-05-22,128.1686,,111.285906,,92.817887,,,80.939955,,
2009-05-26,127.8845,,111.167853,,94.168397,,,82.212763,,
2009-05-27,126.6579,,111.306565,,92.941323,,,82.029507,,
2009-05-28,127.983,,111.560593,,93.740373,,,82.064998,,
2009-05-29,130.1135,,111.891775,,95.139646,,,82.169395,,
2009-06-01,129.2648,,110.993912,,96.048262,,,82.828757,,
2009-06-02,129.6464,,110.214625,,96.361331,,,82.272428,,
2009-06-03,128.9819,,110.725972,,95.735446,,,82.540339,,
2009-06-04,129.0262,,110.603893,,95.955573,,,82.610541,,
2009-06-05,128.1946,,111.608199,,95.772063,,,83.740966,,
2009-06-08,127.9724,,111.942241,,95.424852,,,83.832406,,
2009-06-09,128.2162,,110.847473,,95.890869,,,83.259329,,
2009-06-10,127.7286,,111.04583,,95.643197,,,83.510473,,
2009-06-11,128.377,,110.62226,,96.023815,,,83.101147,,
2009-06-12,128.3763,,111.490136,,96.377965,,,84.062461,,
2009-06-15,127.7477,,112.519675,,95.194125,,,84.208956,,
2009-06-16,128.181,,112.631219,,94.469292,,,83.36784,,
2009-06-17,127.8952,,111.534442,,94.491989,,,82.760384,,
2009-06-18,127.2241,,111.288476,,94.662044,,,83.162865,,
2009-06-19,127.8571,,111.469231,,95.00755,,,83.188067,,
2009-06-22,126.8079,,111.195638,,93.35666,,,82.216598,,
2009-06-23,127.4423,,110.06257,,93.519983,,,81.115383,,
2009-06-24,127.3771,,111.185507,,93.900783,,,82.318754,,
2009-06-25,129.0058,,112.140175,,95.307107,,,83.205117,,
2009-06-26,128.9455,,111.432018,,95.265761,,,82.682462,,
2009-06-29,129.2438,,111.593026,,95.769692,,,83.047809,,
2009-06-30,128.7244,,111.527937,,95.310922,,,82.935071,,
2009-07-01,129.0313,,110.940728,,95.528913,,,82.490422,,
2009-07-02,127.5661,,110.754068,,94.062248,,,82.018631,,
2009-07-06,127.1936,,110.588615,,94.023591,,,82.102192,,
2009-07-07,126.6888,,110.648257,,93.052872,,,81.622312,,
2009-07-08,127.0751,,111.289464,,93.21799,,,81.990981,,
2009-07-09,126.7674,,109.944423,,93.223492,,,81.201442,,
2009-07-10,127.063,,110.74594,,93.210517,,,81.591775,,
2009-07-13,127.8057,,111.174078,,94.55618,,,82.606835,,
2009-07-14,127.5461,,111.030088,,94.766733,,,82.851841,,
2009-07-15,128.0302,,110.345322,,96.179638,,,83.252522,,
2009-07-16,128.5304,,110.455372,,96.210691,,,83.038037,,
2009-07-17,128.2104,,110.544518,,96.841719,,,83.858908,,
2009-07-20,129.3656,,110.524652,,97.504997,,,83.664261,,
2009-07-21,130.3704,,111.430097,,98.04615,,,84.164086,,
2009-07-22,130.0171,,111.171113,,97.900951,,,84.071955,,
2009-07-23,130.7245,,112.382229,,99.094337,,,85.558319,,
2009-07-24,131.2496,,112.253385,,99.333948,,,85.324138,,
2009-07-27,131.1359,,112.033974,,99.394968,,,85.283555,,
2009-07-28,130.5914,,112.068098,,99.191535,,,85.489896,,
2009-07-29,130.1111,,112.597783,,99.112735,,,86.142547,,
2009-07-30,131.4472,,113.53986,,99.783196,,,86.561979,,
2009-07-31,132.9128,,113.37437,,100.077195,,,85.734568,,
2009-08-03,133.5931,,112.67941,,100.984374,,,85.54359,,
2009-08-04,133.649,,112.780549,,101.018063,,,85.613112,,
2009-08-05,132.9518,,112.224151,,100.807911,,,85.459328,,
2009-08-06,132.6715,,112.440356,,100.508381,,,85.54992,,
2009-08-07,132.7427,,113.877277,,101.066144,,,87.077285,,
2009-08-10,132.9046,,114.270979,,101.247056,,,87.428111,,
2009-08-11,132.5123,,113.873279,,100.637686,,,86.855842,,
2009-08-12,132.8031,,113.849557,,101.259427,,,87.182908,,
2009-08-13,133.9963,,113.99625,,101.828477,,,87.004109,,
2009-08-14,133.4057,,114.300867,,101.434017,,,87.283373,,
2009-08-17,132.013,,113.971895,,100.107408,,,86.800063,,
2009-08-18,132.4053,,113.881954,,100.447813,,,86.768637,,
2009-08-19,133.412,,114.037829,,101.058522,,,86.756045,,
2009-08-20,134.1944,,114.465163,,101.74786,,,87.163965,,
2009-08-21,135.1362,,114.59632,,102.709,,,87.474249,,
2009-08-24,135.5386,,115.207573,,102.877882,,,87.823917,,
2009-08-25,135.7206,,115.410688,,103.056578,,,88.013387,,
2009-08-26,135.9471,,115.943912,,103.129519,,,88.33519,,
2009-08-27,135.9965,,115.302535,,103.235518,,,87.904887,,
2009-08-28,136.282,,115.858903,,103.186825,,,88.102437,,
2009-08-31,135.5281,,114.962333,,102.817435,,,87.592261,,
2009-09-01,134.3169,,114.819392,,101.382071,,,87.039923,,
2009-09-02,135.2827,,115.312555,,101.36759,,,86.777315,,
2009-09-03,135.9266,,115.958968,,101.796121,,,87.217548,,
2009-09-04,136.1668,,115.729405,,102.576299,,,87.557281,,
2009-09-08,136.666,,114.769608,,103.05046,,,86.913874,,
2009-09-09,136.9396,,114.376784,,103.600811,,,86.904994,,
2009-09-10,138.5794,,115.546355,,104.44271,,,87.459796,,
2009-09-11,139.1595,,116.012532,,104.434594,,,87.439806,,
2009-09-14,138.8867,,115.517361,,104.676368,,,87.439567,,
2009-09-15,139.2987,,115.55172,,104.878267,,,87.375085,,
2009-09-16,140.7887,,116.386666,,105.864221,,,87.893627,,
2009-09-17,140.9609,,116.264172,,105.966082,,,87.77824,,
2009-09-18,140.423,,116.115144,,105.901002,,,87.947488,,
2009-09-21,140.178,,116.098918,,105.707179,,,87.927667,,
2009-09-22,141.1391,,116.01759,,106.051019,,,87.551602,,
2009-09-23,140.2888,,115.764018,,105.627068,,,87.538394,,
2009-09-24,139.259,,115.44789,,104.97824,,,87.404697,,
2009-09-25,139.3075,,115.448734,,104.769993,,,87.201578,,
2009-09-28,140.7408,,117.018656,,105.885311,,,88.418585,,
2009-09-29,140.6247,,117.202675,,105.67191,,,88.452116,,
2009-09-30,140.6841,,116.825297,,105.508127,,,87.993491,,
2009-10-01,139.2384,,116.391982,,104.03498,,,87.340602,,
2009-10-02,138.831,,115.806175,,103.664884,,,86.845973,,
2009-10-05,140.2419,,116.401639,,104.623211,,,87.213177,,
2009-10-06,141.5745,,116.913042,,105.455193,,,87.461849,,
2009-10-07,142.2677,,117.743028,,105.803151,,,87.942792,,
2009-10-08,142.9778,,117.490886,,106.26332,,,87.698407,,
2009-10-09,142.2412,,117.541854,,106.356015,,,88.267726,,
2009-10-12,142.8829,,117.594131,,106.70425,,,88.198229,,
2009-10-13,143.1759,,117.192643,,106.681583,,,87.698595,,
2009-10-14,143.7517,,117.097873,,107.678255,,,88.092063,,
2009-10-15,143.7275,,116.896444,,107.843018,,,88.08992,,
2009-10-16,143.6664,,117.26332,,107.357047,,,88.005596,,
2009-10-19,144.7837,,117.635849,,107.979079,,,88.11146,,
2009-10-20,144.4094,,117.476196,,107.736683,,,88.021906,,
2009-10-21,143.7408,,116.377828,,107.134383,,,87.114775,,
2009-10-22,144.2205,,116.638042,,107.717903,,,87.493113,,
2009-10-23,142.9896,,115.91244,,106.921913,,,87.049258,,
2009-10-26,141.3935,,115.555543,,106.119611,,,87.102324,,
2009-10-27,141.7423,,116.410314,,105.994998,,,87.427913,,
2009-10-28,140.2078,,115.917485,,104.851409,,,87.06103,,
2009-10-29,141.7324,,116.26081,,106.118083,,,87.423131,,
2009-10-30,140.1705,,115.823633,,104.435947,,,86.668908,,
2009-11-02,140.796,,115.853061,,104.829143,,,86.630732,,
2009-11-03,141.281,,116.671461,,104.974401,,,87.063683,,
2009-11-04,141.2381,,115.550496,,105.071974,,,86.333549,,
2009-11-05,142.3712,,116.408576,,106.328685,,,87.314431,,
2009-11-06,142.6023,,116.776603,,106.53753,,,87.620291,,
2009-11-09,144.2227,,116.916712,,108.055629,,,87.97578,,
2009-11-10,144.203,,116.932712,,108.070292,,,88.01178,,
2009-11-11,144.8429,,117.497055,,108.425982,,,88.335626,,
2009-11-12,143.7049,,117.645444,,107.850813,,,88.674697,,
2009-11-13,144.4986,,117.730741,,108.24201,,,88.571672,,
2009-11-16,146.3243,,118.835953,,109.286231,,,89.139378,,
2009-11-17,146.6031,,119.812346,,109.40611,,,89.799258,,
2009-11-18,146.3917,,118.948699,,109.272396,,,89.17158,,
2009-11-19,145.5069,,118.535574,,108.459852,,,88.737437,,
2009-11-20,145.3367,,118.888464,,108.241036,,,88.926074,,
2009-11-23,146.3572,,118.938155,,109.060133,,,89.011451,,
2009-11-24,146.7804,,119.228672,,109.290967,,,89.159919,,
2009-11-25,147.5701,,118.552833,,109.569203,,,88.404592,,
2009-11-27,146.3253,,118.851057,,108.534365,,,88.536765,,
2009-11-30,146.672,,118.831758,,108.824021,,,88.548831,,
2009-12-01,147.4672,,118.889703,,109.528131,,,88.684402,,
2009-12-02,147.7411,,119.390011,,109.415904,,,88.801412,,
2009-12-03,146.6473,,118.450993,,108.912456,,,88.351706,,
2009-12-04,145.3601,,119.027742,,109.193619,,,89.799309,,
2009-12-07,145.1469,,119.022318,,109.138139,,,89.881423,,
2009-12-08,143.8789,,118.970384,,108.465478,,,90.075368,,
2009-12-09,143.9282,,118.840596,,108.666232,,,90.11276,,
2009-12-10,144.001,,118.848239,,109.001169,,,90.350624,,
2009-12-11,143.959,,119.640418,,109.173696,,,91.12339,,
2009-12-14,144.6057,,119.961374,,109.646468,,,91.353128,,
2009-12-15,144.24,,120.630975,,109.223386,,,91.740587,,
2009-12-16,144.5663,,120.961283,,109.399509,,,91.932157,,
2009-12-17,143.7349,,121.888069,,108.679666,,,92.55929,,
2009-12-18,144.1947,,122.291631,,109.055388,,,92.889649,,
2009-12-21,143.8202,,122.473841,,109.536622,,,93.68187,,
2009-12-22,143.7203,,122.655972,,109.646253,,,93.980367,,
2009-12-23,144.0005,,122.13545,,109.79315,,,93.524574,,
2009-12-24,144.2789,,122.113439,,110.027951,,,93.526874,,
2009-12-28,144.3326,,122.041638,,109.896326,,,93.325327,,
2009-12-29,144.2387,,122.184043,,109.864636,,,93.46809,,
2009-12-30,144.3849,,122.430733,,109.950387,,,93.634995,,
2009-12-31,143.5195,,121.736828,,109.257839,,,93.075726,,
2010-01-04,145.4516,,122.696812,,110.419669,,,93.547885,,
2010-01-05,145.9983,,123.576432,,110.798037,,,94.18737,,
2010-01-06,145.9721,,123.181185,,110.817817,,,93.919737,,
2010-01-07,146.1331,,124.185095,,111.052672,,,94.781296,,
2010-01-08,146.5154,,123.565037,,111.29278,,,94.265348,,
2010-01-11,146.6178,,122.838445,,111.352324,,,93.695698,,
2010-01-12,146.1243,,122.654054,,111.009058,,,93.581637,,
2010-01-13,146.3857,,122.652441,,111.391552,,,93.735166,,
2010-01-14,147.3246,,123.539589,,111.688686,,,94.061699,,
2010-01-15,146.5419,,123.890773,,111.019264,,,94.264516,,
2010-01-19,147.4707,,125.486708,,111.785708,,,95.532473,,
2010-01-20,146.5586,,126.314385,,111.221457,,,96.272631,,
2010-01-21,144.955,,125.131892,,109.945267,,,95.320015,,
2010-01-22,143.0852,,122.865211,,108.496643,,,93.567122,,
2010-01-25,143.3486,,123.165334,,108.832984,,,93.913565,,
2010-01-26,143.019,,123.570327,,108.614708,,,94.250107,,
2010-01-27,143.0228,,124.008992,,108.885756,,,94.818205,,
2010-01-28,142.1735,,123.731483,,108.102455,,,94.486524,,
2010-01-29,141.5347,,124.103941,,107.49579,,,94.664437,,
2010-02-01,142.978,,124.78806,,108.43698,,,95.050407,,
2010-02-02,144.1113,,125.469118,,109.275627,,,95.55092,,
2010-02-03,143.175,,125.297321,,108.868089,,,95.6859,,
2010-02-04,140.7051,,124.663191,,106.954775,,,95.170277,,
2010-02-05,140.9511,,125.410332,,107.10402,,,95.706928,,
2010-02-08,140.3598,,125.031553,,106.721313,,,95.477448,,
2010-02-09,141.2206,,124.447864,,107.447326,,,95.095017,,
2010-02-10,140.6593,,124.496496,,107.219416,,,95.30921,,
2010-02-11,141.6364,,125.756845,,107.832078,,,96.156243,,
2010-02-12,141.7169,,126.517633,,107.782437,,,96.638498,,
2010-02-16,143.4367,,126.637591,,108.909665,,,96.569845,,
2010-02-17,143.2022,,127.945106,,109.080127,,,97.879643,,
2010-02-18,143.5815,,129.060818,,109.457473,,,98.813003,,
2010-02-19,143.8327,,128.619026,,109.626362,,,98.454448,,
2010-02-22,143.4906,,128.316886,,109.560207,,,98.397929,,
2010-02-23,142.9636,,128.693811,,108.920834,,,98.472712,,
2010-02-24,143.5475,,128.893023,,109.56724,,,98.806896,,
2010-02-25,143.8286,,129.072974,,109.566854,,,98.751116,,
2010-02-26,144.2732,,128.818687,,109.613455,,,98.294638,,
2010-03-01,144.957,,129.968563,,110.366641,,,99.382451,,
2010-03-02,145.4255,,129.868537,,110.562979,,,99.162135,,
2010-03-03,145.5214,,129.175146,,110.618578,,,98.617258,,
2010-03-04,145.7099,,130.445431,,110.898094,,,99.709526,,
2010-03-05,146.2615,,130.54702,,111.762637,,,100.185838,,
2010-03-08,145.9108,,130.111725,,111.812518,,,100.136448,,
2010-03-09,145.9869,,130.493536,,111.970677,,,100.519929,,
2010-03-10,146.0584,,130.031604,,112.243027,,,100.35858,,
2010-03-11,146.4812,,130.17541,,112.526324,,,100.432426,,
2010-03-12,146.6282,,129.532445,,112.533184,,,99.842264,,
2010-03-15,146.4891,,130.227173,,112.611631,,,100.543108,,
2010-03-16,147.854,,130.526168,,113.228342,,,100.390453,,
2010-03-17,148.495,,131.439471,,113.662607,,,101.04256,,
2010-03-18,148.1917,,132.400094,,113.589896,,,101.924096,,
2010-03-19,147.4258,,132.411581,,113.211164,,,102.120865,,
2010-03-22,147.7178,,132.46246,,113.61391,,,102.320876,,
2010-03-23,148.0727,,133.371956,,114.097955,,,103.214364,,
2010-03-24,146.402,,133.691664,,113.533706,,,104.12497,,
2010-03-25,145.7968,,133.567412,,113.306616,,,104.251076,,
2010-03-26,146.1763,,132.395597,,113.343954,,,103.102143,,
2010-03-29,146.7003,,132.288708,,113.717756,,,102.989466,,
2010-03-30,146.8201,,133.074872,,113.785323,,,103.578482,,
2010-03-31,147.1512,,132.434991,,113.579763,,,102.662692,,
2010-04-01,147.9452,,132.373454,,114.026496,,,102.46571,,
2010-04-05,147.9891,,133.432093,,114.306938,,,103.508476,,
2010-04-06,148.252,,134.52316,,114.525467,,,104.368953,,
2010-04-07,148.5863,,135.406623,,114.328741,,,104.637972,,
2010-04-08,148.9242,,135.51342,,114.520121,,,104.657796,,
2010-04-09,149.7903,,134.929028,,115.018138,,,104.054481,,
2010-04-12,150.1138,,134.281187,,115.231859,,,103.523722,,
2010-04-13,150.2141,,134.152758,,115.363342,,,103.473583,,
2010-04-14,150.7803,,134.262907,,116.094618,,,103.823647,,
2010-04-15,150.9881,,135.249372,,116.241163,,,104.574366,,
2010-04-16,149.7031,,134.729687,,115.204186,,,104.129437,,
2010-04-19,149.8115,,135.026162,,115.37576,,,104.438374,,
2010-04-20,150.9139,,136.575653,,116.064498,,,105.491191,,
2010-04-21,151.3415,,137.425027,,116.02592,,,105.812158,,
2010-04-22,151.3472,,138.408185,,116.135671,,,106.665941,,
2010-04-23,152.1573,,138.31975,,116.5336,,,106.393555,,
2010-04-26,151.8537,,137.968448,,116.264824,,,106.090256,,
2010-04-27,150.8612,,139.213066,,114.760614,,,106.357485,,
2010-04-28,151.0003,,138.860789,,115.211826,,,106.407351,,
2010-04-29,152.0174,,139.65984,,116.092781,,,107.11646,,
2010-04-30,151.506,,138.318258,,115.110786,,,105.545192,,
2010-05-03,152.4921,,140.513261,,115.921474,,,107.276999,,
2010-05-04,151.3886,,141.725423,,114.465246,,,107.621984,,
2010-05-05,151.1228,,143.390151,,114.024089,,,108.657247,,
2010-05-06,150.7559,,145.252665,,111.820924,,,108.204575,,
2010-05-07,148.8541,,142.152847,,110.623721,,,106.100096,,
2010-05-10,150.9818,,143.547658,,113.538243,,,108.414267,,
2010-05-11,151.0351,,145.058367,,113.522113,,,109.501008,,
2010-05-12,151.8613,,146.371075,,114.426008,,,110.765791,,
2010-05-13,151.1619,,146.61877,,113.635881,,,110.696902,,
2010-05-14,150.5896,,147.857954,,112.565986,,,111.001704,,
2010-05-17,150.1104,,147.248305,,112.563841,,,110.8948,,
2010-05-18,149.9823,,149.430406,,111.799943,,,111.869915,,
2010-05-19,149.2056,,146.117883,,111.444795,,,109.610155,,
2010-05-20,147.1496,,143.287229,,108.875351,,,106.475754,,
2010-05-21,148.2417,,143.372249,,110.023976,,,106.869752,,
2010-05-24,147.2009,,144.655732,,109.147792,,,107.724104,,
2010-05-25,147.628,,145.386882,,109.265113,,,108.071395,,
2010-05-26,147.2619,,147.006753,,108.828927,,,109.109858,,
2010-05-27,148.779,,146.329562,,110.909211,,,109.554648,,
2010-05-28,147.9729,,146.635258,,110.119831,,,109.595952,,
2010-06-01,146.7777,,145.923078,,109.077056,,,108.910579,,
2010-06-02,148.3952,,147.274628,,110.741444,,,110.38016,,
2010-06-03,148.186,,148.127515,,110.947145,,,111.382625,,
2010-06-04,147.0442,,149.375056,,108.719168,,,110.919795,,
2010-06-07,146.8677,,149.752603,,108.033726,,,110.631856,,
2010-06-08,147.408,,149.683335,,108.679211,,,110.833648,,
2010-06-09,146.8623,,149.057001,,108.354984,,,110.449487,,
2010-06-10,148.1966,,148.548509,,110.128537,,,110.867099,,
2010-06-11,149.3836,,150.127005,,110.470724,,,111.500254,,
2010-06-14,148.884,,148.116437,,110.431628,,,110.337074,,
2010-06-15,150.6398,,148.517786,,111.945425,,,110.845443,,
2010-06-16,150.8217,,148.950794,,111.98815,,,111.076917,,
2010-06-17,151.6307,,148.790042,,112.192603,,,110.566536,,
2010-06-18,151.8516,,149.153679,,112.19819,,,110.681033,,
2010-06-21,151.1025,,149.209929,,112.099156,,,111.173473,,
2010-06-22,150.5225,,149.136281,,111.036438,,,110.489286,,
2010-06-23,150.5124,,148.645331,,110.937968,,,110.03528,,
2010-06-24,149.0339,,146.910679,,109.801567,,,108.705018,,
2010-06-25,149.7642,,146.926489,,110.137779,,,108.517844,,
2010-06-28,149.6619,,148.202682,,110.018554,,,109.416671,,
2010-06-29,148.0104,,147.647266,,108.105049,,,108.305849,,
2010-06-30,147.8049,,146.847026,,107.498091,,,107.262973,,
2010-07-01,146.8152,,142.489108,,107.181569,,,104.472867,,
2010-07-02,146.2853,,141.710096,,106.774747,,,103.882266,,
2010-07-06,146.9072,,141.454772,,107.332703,,,103.795696,,
2010-07-07,148.6866,,143.035582,,109.301418,,,105.601675,,
2010-07-08,149.0262,,142.690453,,109.938677,,,105.71961,,
2010-07-09,149.4122,,143.684715,,110.365705,,,106.593668,,
2010-07-12,149.2197,,144.028234,,110.458615,,,107.076415,,
2010-07-13,149.9418,,143.263605,,111.344613,,,106.845226,,
2010-07-14,150.454,,143.535272,,111.495856,,,106.828315,,
2010-07-15,150.9873,,141.743774,,111.571165,,,105.193353,,
2010-07-16,149.1042,,140.209824,,109.864042,,,103.756878,,
2010-07-19,149.0022,,139.96667,,110.212201,,,103.976305,,
2010-07-20,150.2059,,141.788687,,110.91855,,,105.155388,,
2010-07-21,150.0485,,143.039538,,110.247966,,,105.55232,,
2010-07-22,151.1424,,142.52331,,111.675401,,,105.76205,,
2010-07-23,151.0283,,142.186318,,112.183916,,,106.072505,,
2010-07-26,151.5906,,141.833707,,112.875448,,,106.066789,,
2010-07-27,150.6647,,140.944621,,112.847518,,,106.023408,,
2010-07-28,150.4535,,140.760044,,112.497071,,,105.703914,,
2010-07-29,150.2522,,139.662435,,112.212178,,,104.754218,,
2010-07-30,151.2949,,141.087955,,112.274656,,,105.152629,,
2010-08-02,152.3393,,140.519443,,113.736895,,,105.365538,,
2010-08-03,152.4469,,140.081949,,113.441131,,,104.690406,,
2010-08-04,152.6457,,141.00213,,113.813874,,,105.586662,,
2010-08-05,152.9456,,140.977084,,113.794709,,,105.343165,,
2010-08-06,153.2882,,140.210667,,113.605851,,,104.362815,,
2010-08-09,153.4002,,141.052814,,113.977358,,,105.256075,,
2010-08-10,153.1151,,141.281144,,113.679783,,,105.347,,
2010-08-11,151.7089,,143.386713,,111.844594,,,106.166036,,
2010-08-12,151.3415,,143.423037,,111.370732,,,105.999718,,
2010-08-13,151.8787,,144.796736,,111.271485,,,106.541435,,
2010-08-16,153.4946,,145.587186,,111.387447,,,106.105783,,
2010-08-17,154.1241,,145.424086,,112.157859,,,106.284089,,
2010-08-18,154.3381,,145.988587,,112.228457,,,106.615784,,
2010-08-19,154.048,,146.049407,,111.210494,,,105.891782,,
2010-08-20,153.5458,,146.903362,,110.931987,,,106.591689,,
2010-08-23,153.3054,,147.258605,,110.721513,,,106.813955,,
2010-08-24,153.3066,,147.606138,,109.910133,,,106.280614,,
2010-08-25,153.4499,,147.378774,,110.066662,,,106.168793,,
2010-08-26,153.4367,,146.696234,,109.683995,,,105.318759,,
2010-08-27,152.9777,,146.06327,,110.452943,,,105.916334,,
2010-08-30,153.0309,,146.917157,,109.796421,,,105.865468,,
2010-08-31,153.8511,,147.520523,,109.828081,,,105.764029,,
2010-09-01,154.7644,,146.898157,,111.699466,,,106.480267,,
2010-09-02,154.9174,,146.851906,,112.266759,,,106.881694,,
2010-09-03,155.0737,,146.198671,,113.039605,,,107.030773,,
2010-09-07,155.4864,,149.055617,,112.405104,,,108.221794,,
2010-09-08,155.5772,,148.695927,,112.847689,,,108.322467,,
2010-09-09,154.5434,,148.003401,,112.942596,,,108.630493,,
2010-09-10,154.7553,,148.038403,,113.185817,,,108.741077,,
2010-09-13,155.8163,,147.032176,,114.03909,,,108.075188,,
2010-09-14,156.6807,,146.540928,,114.164357,,,107.23751,,
2010-09-15,156.0097,,145.778769,,114.344127,,,107.307307,,
2010-09-16,155.4819,,144.546755,,114.248379,,,106.672214,,
2010-09-17,155.6475,,145.138005,,114.332348,,,107.073223,,
2010-09-20,157.2392,,146.352817,,115.402284,,,107.876642,,
2010-09-21,158.1537,,144.957731,,115.459899,,,106.283525,,
2010-09-22,158.3067,,143.573876,,115.127099,,,104.864006,,
2010-09-23,157.8921,,144.172304,,114.623672,,,105.115923,,
2010-09-24,158.7232,,143.023349,,115.868717,,,104.858946,,
2010-09-27,159.3423,,143.976058,,115.692896,,,104.987754,,
2010-09-28,160.243,,143.403253,,116.049131,,,104.302468,,
2010-09-29,160.0649,,142.793982,,115.895097,,,103.836877,,
2010-09-30,159.8517,,142.538937,,115.672563,,,103.590367,,
2010-10-01,160.1789,,141.338906,,115.902531,,,102.712214,,
2010-10-04,159.6229,,141.795139,,115.46039,,,103.008229,,
2010-10-05,161.2362,,141.64779,,116.855917,,,103.102859,,
2010-10-06,162.2085,,141.561855,,116.895026,,,102.456951,,
2010-10-07,161.3502,,140.845158,,116.835139,,,102.427989,,
2010-10-08,161.8413,,141.283992,,117.321778,,,102.862006,,
2010-10-11,162.0537,,141.966898,,117.365577,,,103.262262,,
2010-10-12,161.6038,,141.09895,,117.52755,,,103.058698,,
2010-10-13,162.5325,,141.525603,,118.078336,,,103.261345,,
2010-10-14,161.5543,,139.453257,,117.623328,,,101.970925,,
2010-10-15,160.8676,,139.967615,,117.671555,,,102.826068,,
2010-10-18,161.7564,,141.135892,,118.184444,,,103.564062,,
2010-10-19,160.2674,,141.940351,,117.296239,,,104.331998,,
2010-10-20,161.3802,,140.505126,,118.043782,,,103.218559,,
2010-10-21,160.5913,,140.257227,,118.128302,,,103.616746,,
2010-10-22,161.2085,,140.707321,,118.283805,,,103.687595,,
2010-10-25,161.7525,,140.820191,,118.497107,,,103.608272,,
2010-10-26,161.0031,,141.2399,,118.389101,,,104.305604,,
2010-10-27,160.1342,,141.400041,,118.102175,,,104.736026,,
2010-10-28,160.5124,,140.086671,,118.226157,,,103.627389,,
2010-10-29,161.2326,,140.838573,,118.383963,,,103.856669,,
2010-11-01,160.953,,140.852413,,118.387348,,,104.050282,,
2010-11-02,162.3213,,140.620548,,119.032684,,,103.564821,,
2010-11-03,161.4796,,138.850481,,119.310889,,,103.034475,,
2010-11-04,164.2221,,140.528796,,120.927378,,,103.927652,,
2010-11-05,163.8345,,141.933471,,121.0563,,,105.326976,,
2010-11-08,164.2008,,143.412783,,120.902197,,,106.052166,,
2010-11-09,162.6302,,143.557111,,120.14862,,,106.516051,,
2010-11-10,163.2725,,144.008018,,120.397544,,,106.650775,,
2010-11-11,163.2168,,145.18603,,120.12329,,,107.314881,,
2010-11-12,161.6721,,143.545196,,119.073772,,,106.179934,,
2010-11-15,160.5681,,143.674094,,118.709234,,,106.678391,,
2010-11-16,160.2339,,144.419945,,117.718587,,,106.559106,,
2010-11-17,160.0223,,143.798525,,117.771858,,,106.288972,,
2010-11-18,161.4512,,143.875503,,118.79524,,,106.320588,,
2010-11-19,161.9567,,143.868285,,119.047223,,,106.20823,,
2010-11-22,162.1736,,144.661355,,119.094886,,,106.693568,,
2010-11-23,161.3722,,146.758079,,118.111559,,,107.879383,,
2010-11-24,161.7997,,147.514334,,118.932038,,,108.900062,,
2010-11-26,161.2965,,148.016854,,118.203199,,,108.940211,,
2010-11-29,161.9178,,149.990924,,118.44411,,,110.19366,,
2010-11-30,161.9682,,151.675276,,118.013792,,,110.991714,,
2010-12-01,162.761,,150.6102,,119.271153,,,110.844005,,
2010-12-02,163.5991,,150.57543,,120.090226,,,111.007831,,
2010-12-03,163.914,,148.589497,,120.383166,,,109.600007,,
2010-12-06,164.496,,150.280251,,120.488637,,,110.551698,,
2010-12-07,163.3147,,149.715199,,120.156523,,,110.626895,,
2010-12-08,162.9021,,149.321193,,120.188611,,,110.644757,,
2010-12-09,163.5605,,150.206706,,120.552395,,,111.188403,,
2010-12-10,163.7725,,150.512822,,120.878341,,,111.571627,,
2010-12-13,164.2588,,149.131137,,120.960218,,,110.29479,,
2010-12-14,163.5598,,148.628599,,120.759334,,,110.209562,,
2010-12-15,162.2662,,149.296644,,120.342638,,,111.202426,,
2010-12-16,162.9484,,149.585822,,120.851459,,,111.420469,,
2010-12-17,163.9574,,151.17646,,121.192831,,,112.228417,,
2010-12-20,164.3582,,152.172717,,121.398623,,,112.883881,,
2010-12-21,165.3703,,153.460397,,121.953518,,,113.659539,,
2010-12-22,165.2698,,153.390552,,122.126936,,,113.838543,,
2010-12-23,165.058,,153.021079,,121.926228,,,113.523187,,
2010-12-27,165.5103,,152.859887,,122.10043,,,113.25528,,
2010-12-28,165.1219,,153.058142,,121.921395,,,113.502241,,
2010-12-29,165.6578,,152.280016,,122.312767,,,112.921222,,
2010-12-30,165.5581,,151.473669,,122.16174,,,112.252152,,
2010-12-31,165.9025,,150.611085,,122.378237,,,111.578612,,
2011-01-03,166.0826,,151.131213,,123.082078,,,112.485776,,
2011-01-04,165.7349,,151.410947,,123.058182,,,112.908478,,
2011-01-05,165.5623,,153.049763,,123.203811,,,114.384745,,
2011-01-06,165.4503,,154.696578,,123.066073,,,115.564447,,
2011-01-07,165.4945,,155.830934,,123.080003,,,116.393938,,
2011-01-10,165.6054,,155.457343,,123.117881,,,116.072846,,
2011-01-11,165.8056,,155.359764,,123.277824,,,116.01044,,
2011-01-12,166.0525,,153.750769,,123.943157,,,115.256968,,
2011-01-13,165.9734,,150.987767,,123.995291,,,113.287298,,
2011-01-14,165.9649,,150.866013,,124.436223,,,113.604293,,
2011-01-18,165.9304,,150.680296,,124.536471,,,113.579465,,
2011-01-19,165.7047,,149.5182,,123.80649,,,112.19549,,
2011-01-20,164.689,,148.614953,,123.519121,,,111.945042,,
2011-01-21,165.2003,,147.511665,,123.839048,,,111.056988,,
2011-01-24,165.424,,147.462301,,124.237146,,,111.2261,,
2011-01-25,165.6371,,147.170969,,124.435159,,,111.040241,,
2011-01-26,165.5945,,146.823001,,124.557565,,,110.915197,,
2011-01-27,165.3836,,146.392579,,124.827306,,,110.970866,,
2011-01-28,165.4802,,147.831086,,123.594536,,,110.889841,,
2011-01-31,165.8061,,147.216761,,124.059213,,,110.626337,,
2011-02-01,166.2473,,146.139861,,125.139317,,,110.479226,,
2011-02-02,166.1421,,146.262075,,124.936895,,,110.46266,,
2011-02-03,166.1267,,148.158229,,124.920191,,,111.890119,,
2011-02-04,165.8808,,148.492307,,124.962463,,,112.34666,,
2011-02-07,166.109,,148.663746,,125.45915,,,112.768293,,
2011-02-08,166.0953,,148.198718,,125.64915,,,112.59508,,
2011-02-09,166.0936,,147.044604,,125.573561,,,111.652168,,
2011-02-10,165.9623,,148.346797,,125.455128,,,112.623728,,
2011-02-11,166.2596,,149.197232,,126.10565,,,113.653113,,
2011-02-14,166.5418,,150.128674,,126.30773,,,114.35182,,
2011-02-15,166.59,,150.187714,,126.135385,,,114.207644,,
2011-02-16,166.9122,,149.55214,,126.607643,,,113.929773,,
2011-02-17,167.2442,,149.42891,,126.966335,,,113.931785,,
2011-02-18,167.3293,,148.63975,,127.10093,,,113.392533,,
2011-02-22,167.5339,,149.218376,,125.756834,,,112.492602,,
2011-02-23,167.9571,,148.536457,,125.333698,,,111.320539,,
2011-02-24,167.7773,,147.826857,,125.288108,,,110.867115,,
2011-02-25,168.0634,,148.591552,,126.221986,,,112.080159,,
2011-02-28,168.1207,,148.058602,,126.785321,,,112.138356,,
2011-03-01,168.0321,,148.306099,,125.483772,,,111.231316,,
2011-03-02,167.9143,,147.255994,,125.562336,,,110.590402,,
2011-03-03,167.9869,,146.214295,,126.687374,,,110.744077,,
2011-03-04,168.0741,,146.114446,,126.250877,,,110.229927,,
2011-03-07,167.8148,,146.067638,,125.677873,,,109.863979,,
2011-03-08,167.7431,,146.686829,,126.298753,,,110.922149,,
2011-03-09,167.8723,,146.761807,,126.311552,,,110.904671,,
2011-03-10,167.4304,,147.558638,,125.085732,,,110.716118,,
2011-03-11,167.6002,,146.55238,,125.617722,,,110.31689,,
2011-03-14,167.5671,,145.594562,,125.191574,,,109.245675,,
2011-03-15,167.4894,,145.468829,,124.346233,,,108.464596,,
2011-03-16,167.4836,,146.528413,,123.106826,,,108.169407,,
2011-03-17,168.3073,,145.936271,,124.050676,,,108.026967,,
2011-03-18,168.5077,,144.550167,,124.304746,,,107.092563,,
2011-03-21,169.2813,,144.666636,,125.33859,,,107.576388,,
2011-03-22,169.1072,,144.823265,,125.087342,,,107.587633,,
2011-03-23,169.2293,,146.047188,,125.278747,,,108.584491,,
2011-03-24,169.253,,145.16492,,125.855202,,,108.409972,,
2011-03-25,169.3681,,146.297831,,126.045778,,,109.347115,,
2011-03-28,169.344,,146.147213,,125.834812,,,109.06723,,
2011-03-29,169.3414,,145.877792,,126.282918,,,109.255522,,
2011-03-30,169.675,,146.018245,,126.891618,,,109.671797,,
2011-03-31,169.6199,,145.652235,,126.72706,,,109.290514,,
2011-04-01,169.745,,145.041499,,127.124599,,,109.09319,,
2011-04-04,169.7848,,145.153043,,127.266302,,,109.273165,,
2011-04-05,169.8126,,145.156395,,127.147587,,,109.155881,,
2011-04-06,169.6164,,143.881906,,127.239487,,,108.400929,,
2011-04-07,169.5851,,144.095657,,127.119171,,,108.479333,,
2011-04-08,169.572,,142.319901,,126.75989,,,106.847927,,
2011-04-11,169.2378,,142.528445,,126.57907,,,107.062858,,
2011-04-12,168.9517,,141.878628,,126.207509,,,106.441838,,
2011-04-13,169.0027,,142.256538,,126.251451,,,106.730299,,
2011-04-14,169.128,,141.931579,,126.267813,,,106.421392,,
2011-04-15,169.4897,,142.859348,,126.723746,,,107.274404,,
2011-04-18,169.2143,,144.548411,,125.951058,,,108.056485,,
2011-04-19,169.2938,,143.5802,,126.493718,,,107.744525,,
2011-04-20,169.6163,,141.998287,,127.451684,,,107.160283,,
2011-04-21,169.6758,,141.754274,,127.880537,,,107.298454,,
2011-04-25,169.5752,,141.406883,,127.827394,,,107.054493,,
2011-04-26,169.9206,,141.067888,,128.674868,,,107.287375,,
2011-04-27,170.0976,,139.849156,,129.133779,,,106.628741,,
2011-04-28,170.3003,,139.67952,,129.515194,,,106.686826,,
2011-04-29,170.8287,,140.185736,,129.739675,,,106.927288,,
2011-05-02,170.6044,,139.859116,,129.642303,,,106.738242,,
2011-05-03,170.4567,,139.78045,,129.380048,,,106.554654,,
2011-05-04,170.0887,,139.462685,,128.959055,,,106.195755,,
2011-05-05,168.9443,,141.313093,,128.377306,,,107.844964,,
2011-05-06,169.3522,,143.453594,,128.710281,,,109.4981,,
2011-05-09,170.0192,,143.885252,,129.071189,,,109.703473,,
2011-05-10,170.1375,,143.546689,,129.638658,,,109.85009,,
2011-05-11,169.1606,,144.909829,,128.909157,,,110.906028,,
2011-05-12,169.1268,,144.328643,,129.205264,,,110.737078,,
2011-05-13,168.8615,,145.590246,,128.691884,,,111.436009,,
2011-05-16,168.709,,144.890516,,128.311064,,,110.672207,,
2011-05-17,168.8377,,144.176053,,128.354463,,,110.079751,,
2011-05-18,169.1563,,144.3214,,128.964392,,,110.505814,,
2011-05-19,169.2049,,143.781647,,129.109102,,,110.184406,,
2011-05-20,169.2922,,145.397542,,128.542034,,,110.876124,,
2011-05-23,168.8897,,146.160837,,127.692502,,,110.98544,,
2011-05-24,169.4215,,146.079287,,127.638569,,,110.528633,,
2011-05-25,169.57,,146.331867,,127.890174,,,110.840845,,
2011-05-26,170.1259,,146.221002,,128.349303,,,110.791282,,
2011-05-27,170.7194,,145.312358,,128.696666,,,110.016982,,
2011-05-31,171.4738,,144.803777,,129.51557,,,109.84413,,
2011-06-01,170.6853,,144.821978,,127.990652,,,109.065994,,
2011-06-02,169.5609,,142.248716,,127.711497,,,107.603251,,
2011-06-03,169.4629,,140.77635,,127.013722,,,105.968909,,
2011-06-06,168.2693,,140.352565,,126.216072,,,105.731132,,
2011-06-07,168.3864,,139.342207,,126.269571,,,104.941468,,
2011-06-08,168.4532,,140.438507,,125.996458,,,105.496495,,
2011-06-09,168.9964,,141.603163,,126.497283,,,106.450928,,
2011-06-10,168.0238,,142.514033,,125.443139,,,106.857866,,
2011-06-13,167.2202,,141.054988,,125.426251,,,106.257821,,
2011-06-14,167.6833,,141.175269,,126.24975,,,106.751035,,
2011-06-15,167.5944,,143.713983,,125.03428,,,107.681569,,
2011-06-16,168.1249,,143.919167,,125.232447,,,107.665415,,
2011-06-17,168.221,,142.982557,,125.499594,,,107.131683,,
2011-06-20,168.4297,,143.157944,,125.814708,,,107.399176,,
2011-06-21,169.3722,,142.885132,,126.89875,,,107.516473,,
2011-06-22,169.1244,,143.262627,,126.409774,,,107.542481,,
2011-06-23,168.4094,,143.612598,,126.351473,,,108.21296,,
2011-06-24,166.8572,,142.988028,,125.422121,,,107.944774,,
2011-06-27,166.5801,,141.745416,,126.01096,,,107.687918,,
2011-06-28,167.3773,,141.598186,,126.798441,,,107.732764,,
2011-06-29,167.8111,,141.344533,,127.29825,,,107.684581,,
2011-06-30,168.0525,,140.882176,,128.008308,,,107.775981,,
2011-07-01,168.5544,,141.052955,,129.16988,,,108.561567,,
2011-07-05,169.4744,,142.797939,,129.300867,,,109.41882,,
2011-07-06,170.1714,,144.489815,,129.428657,,,110.370717,,
2011-07-07,170.855,,144.614727,,130.083692,,,110.580981,,
2011-07-08,171.3308,,146.090526,,129.800964,,,111.157119,,
2011-07-11,171.2462,,148.395633,,128.526235,,,111.8574,,
2011-07-12,171.5818,,149.251367,,128.2418,,,112.0339,,
2011-07-13,172.3943,,147.94996,,128.595445,,,110.83841,,
2011-07-14,171.3449,,147.293708,,127.937817,,,110.454828,,
2011-07-15,172.2421,,147.892422,,128.454,,,110.771235,,
2011-07-18,171.6585,,147.87803,,127.740151,,,110.519401,,
2011-07-19,173.2492,,148.804443,,129.104329,,,111.367436,,
2011-07-20,172.7928,,147.807808,,128.971264,,,110.799409,,
2011-07-21,172.8633,,145.694804,,129.957223,,,110.005511,,
2011-07-22,173.6747,,146.987044,,130.120478,,,110.601471,,
2011-07-25,173.1489,,146.424815,,129.5419,,,110.021602,,
2011-07-26,173.4348,,145.303099,,129.371137,,,108.8551,,
2011-07-27,172.108,,145.618513,,127.694836,,,108.507966,,
2011-07-28,172.2199,,146.068995,,127.566642,,,108.663725,,
2011-07-29,173.0307,,146.361509,,127.354599,,,108.190992,,
2011-08-01,173.0818,,147.662282,,127.152164,,,108.946851,,
2011-08-02,174.345,,149.246882,,125.416895,,,107.826267,,
2011-08-03,174.6698,,148.267913,,125.872899,,,107.308554,,
2011-08-04,173.847,,149.997187,,122.606536,,,106.243481,,
2011-08-05,172.7545,,147.051795,,122.176677,,,104.448456,,
2011-08-08,170.936,,146.587712,,117.423742,,,101.132956,,
2011-08-09,174.0046,,147.165847,,120.973981,,,102.75691,,
2011-08-10,173.7552,,148.997986,,118.167384,,,101.768404,,
2011-08-11,173.8713,,148.442087,,120.757839,,,103.542164,,
2011-08-12,174.9328,,149.257148,,121.456614,,,104.077731,,
2011-08-15,176.0007,,148.143966,,123.07705,,,104.044566,,
2011-08-16,176.3212,,148.789753,,122.547833,,,103.859657,,
2011-08-17,177.1929,,149.334614,,122.677193,,,103.83667,,
2011-08-18,176.5315,,149.738432,,119.579936,,,101.869023,,
2011-08-19,176.4686,,149.045527,,118.430057,,,100.458387,,
2011-08-22,177.1458,,149.991587,,118.429055,,,100.708716,,
2011-08-23,177.5091,,149.434315,,120.648387,,,102.005594,,
2011-08-24,176.3457,,148.73403,,121.396292,,,102.830902,,
2011-08-25,175.8717,,148.708753,,120.387435,,,102.233796,,
2011-08-26,177.8194,,149.124488,,121.500184,,,102.333898,,
2011-08-29,178.3158,,149.398562,,123.543766,,,103.956149,,
2011-08-30,179.866,,151.421594,,123.892568,,,104.750654,,
2011-08-31,179.4701,,151.839044,,124.179619,,,105.515056,,
2011-09-01,179.6461,,153.166859,,123.549715,,,105.794116,,
2011-09-02,180.1225,,154.277408,,121.811059,,,104.783727,,
2011-09-06,180.1397,,156.455938,,121.403918,,,105.898077,,
2011-09-07,180.3126,,155.488602,,123.347176,,,106.825381,,
2011-09-08,180.6782,,158.238392,,122.589723,,,107.828342,,
2011-09-09,179.7632,,159.949001,,120.72927,,,107.886244,,
2011-09-12,179.7255,,159.723738,,121.09493,,,108.083271,,
2011-09-13,179.9137,,159.912035,,121.781545,,,108.710414,,
2011-09-14,180.8895,,159.887432,,122.800943,,,109.012281,,
2011-09-15,180.6028,,158.227071,,123.932441,,,109.047087,,
2011-09-16,181.4707,,160.045083,,124.447197,,,110.228448,,
2011-09-19,181.2828,,161.046507,,123.814572,,,110.468695,,
2011-09-20,181.7788,,161.29031,,123.821486,,,110.340211,,
2011-09-21,181.0157,,162.154118,,121.718965,,,109.507218,,
2011-09-22,180.1901,,162.713016,,119.492395,,,108.368831,,
2011-09-23,177.8514,,160.1005,,119.688593,,,108.208385,,
2011-09-26,178.2233,,160.11162,,121.285555,,,109.430959,,
2011-09-27,178.7573,,160.023738,,122.031929,,,109.715215,,
2011-09-28,176.9723,,158.87739,,120.495075,,,108.642275,,
2011-09-29,177.8587,,159.027264,,121.052617,,,108.703471,,
2011-09-30,177.7966,,161.377561,,119.420058,,,108.860351,,
2011-10-03,178.0722,,164.30936,,117.570609,,,108.952626,,
2011-10-04,178.7242,,162.784639,,118.970949,,,108.828775,,
2011-10-05,180.0301,,163.965473,,120.128302,,,109.881702,,
2011-10-06,180.4947,,163.297373,,121.358023,,,110.269649,,
2011-10-07,179.4384,,162.887203,,120.777371,,,110.110796,,
2011-10-10,181.7805,,161.992928,,123.101056,,,110.17506,,
2011-10-11,181.4851,,161.759326,,123.288996,,,110.36349,,
2011-10-12,181.5911,,160.046773,,123.850642,,,109.628477,,
2011-10-13,181.7232,,160.349198,,123.726178,,,109.645489,,
2011-10-14,182.5676,,159.865493,,124.916213,,,109.855699,,
2011-10-17,182.0086,,161.079208,,123.680346,,,109.931213,,
2011-10-18,182.8941,,161.69103,,125.07662,,,111.054235,,
2011-10-19,181.795,,160.631741,,124.262079,,,110.270871,,
2011-10-20,181.383,,160.029266,,124.562432,,,110.372954,,
2011-10-21,182.4056,,159.635101,,126.009978,,,110.756167,,
2011-10-24,183.5252,,160.179066,,126.853315,,,111.194838,,
2011-10-25,184.2812,,161.096808,,125.63857,,,110.306637,,
2011-10-26,184.6207,,161.415649,,126.264377,,,110.871223,,
2011-10-27,185.7809,,159.185589,,128.713479,,,110.764214,,
2011-10-28,186.4426,,160.113684,,128.889285,,,111.166228,,
2011-10-31,186.2664,,163.412732,,127.278906,,,112.145166,,
2011-11-01,186.3685,,165.356665,,125.389395,,,111.733334,,
2011-11-02,187.2123,,165.562797,,126.614725,,,112.456703,,
2011-11-03,188.3457,,165.648128,,127.888829,,,112.962993,,
2011-11-04,187.8575,,165.817354,,127.40913,,,112.947012,,
2011-11-07,189.5529,,167.304125,,127.925639,,,113.398306,,
2011-11-08,189.5159,,166.559222,,128.842641,,,113.724858,,
2011-11-09,187.4572,,168.286511,,126.07661,,,113.672251,,
2011-11-10,187.1319,,167.205493,,126.698168,,,113.696162,,
2011-11-11,188.7756,,166.840939,,128.065164,,,113.67384,,
2011-11-14,188.9117,,168.460238,,127.382427,,,114.082973,,
2011-11-15,189.1407,,169.834214,,127.691509,,,115.152924,,
2011-11-16,188.1474,,169.911139,,126.455161,,,114.691952,,
2011-11-17,186.5156,,168.500086,,125.228267,,,113.621388,,
2011-11-18,186.4267,,167.75657,,125.141491,,,113.095547,,
2011-11-21,184.5715,,166.351896,,123.696888,,,111.968186,,
2011-11-22,185.2014,,166.726792,,123.447634,,,111.613481,,
2011-11-23,183.973,,167.638169,,121.849985,,,111.510831,,
2011-11-25,182.6618,,167.828363,,121.644754,,,112.249333,,
2011-11-28,185.4354,,169.268873,,123.763149,,,113.461511,,
2011-11-29,185.4006,,169.268881,,123.986177,,,113.687315,,
2011-11-30,188.2351,,170.19515,,126.921864,,,115.253937,,
2011-12-01,187.7959,,169.602527,,126.927906,,,115.126707,,
2011-12-02,188.472,,170.917815,,126.989223,,,115.659182,,
2011-12-05,188.7394,,171.220339,,127.877066,,,116.508658,,
2011-12-06,188.3981,,170.906893,,127.851734,,,116.482971,,
2011-12-07,188.8059,,171.14274,,128.233896,,,116.739684,,
2011-12-08,187.4459,,170.820638,,126.595643,,,115.865972,,
2011-12-09,187.5979,,170.439162,,127.85727,,,116.664736,,
2011-12-12,186.4649,,171.896844,,126.748912,,,117.351273,,
2011-12-13,185.8419,,173.325551,,126.145153,,,118.157767,,
2011-12-14,185.1149,,173.360373,,125.462231,,,118.003317,,
2011-12-15,184.9639,,172.763809,,125.626019,,,117.846897,,
2011-12-16,186.2885,,173.662137,,125.909478,,,117.882754,,
2011-12-19,186.1321,,174.145295,,125.15441,,,117.600558,,
2011-12-20,187.1703,,173.941311,,127.358329,,,118.868261,,
2011-12-21,186.7267,,174.009257,,127.377954,,,119.215564,,
2011-12-22,187.3515,,174.552701,,128.129481,,,119.89228,,
2011-12-23,187.3162,,174.613486,,128.755739,,,120.542944,,
2011-12-27,187.4021,,174.344644,,128.909187,,,120.445557,,
2011-12-28,186.7671,,175.460478,,127.983203,,,120.754872,,
2011-12-29,187.6177,,175.984873,,128.90216,,,121.432373,,
2011-12-30,187.7227,,176.103744,,128.452472,,,121.02275,,
2012-01-03,189.3014,,176.328855,,129.58331,,,121.224775,,
2012-01-04,188.8923,,177.458392,,129.630926,,,122.310479,,
2012-01-05,189.1244,,179.793888,,129.905844,,,124.030588,,
2012-01-06,189.1819,,180.885375,,129.751794,,,124.597692,,
2012-01-09,189.2177,,180.19964,,129.898324,,,124.242008,,
2012-01-10,190.3958,,181.155557,,130.559885,,,124.760415,,
2012-01-11,191.1784,,182.916602,,130.783567,,,125.672494,,
2012-01-12,191.2572,,181.453961,,130.92918,,,124.754972,,
2012-01-13,191.1347,,183.320605,,130.635679,,,125.836406,,
2012-01-17,192.1017,,183.382901,,130.956022,,,125.552643,,
2012-01-18,192.7637,,182.1809,,131.762532,,,125.066869,,
2012-01-19,192.365,,180.343207,,132.090419,,,124.370622,,
2012-01-20,192.1616,,180.697363,,132.249965,,,124.897438,,
2012-01-23,191.8044,,179.210944,,132.005027,,,123.87087,,
2012-01-24,191.6223,,178.708419,,131.954932,,,123.593988,,
2012-01-25,192.9801,,179.020257,,132.702316,,,123.63485,,
2012-01-26,193.3274,,179.298653,,132.399575,,,123.322682,,
2012-01-27,193.7008,,179.644957,,132.446796,,,,,
2012-01-30,194.0167,,179.461499,,132.324953,,,122.883002,,
2012-01-31,194.8591,,181.074218,,132.39435,,,123.516013,,
2012-02-01,194.8826,,180.035051,,132.996425,,,123.350767,,
2012-02-02,195.3239,,180.673381,,133.135154,,,123.637273,,
2012-02-03,194.842,,180.096079,,134.232462,,,124.565313,,
2012-02-06,195.6084,,181.129484,,134.214594,,,124.772615,,
2012-02-07,195.4084,,179.140453,,134.364914,,,123.667108,,
2012-02-08,195.4929,,179.247655,,134.553449,,,123.861181,,
2012-02-09,195.0281,,178.471506,,134.57413,,,123.637771,,
2012-02-10,194.9637,,179.598187,,134.046497,,,123.971412,,
2012-02-13,195.8651,,180.570844,,134.670797,,,124.647016,,
2012-02-14,196.0978,,181.527352,,134.606589,,,125.098919,,
2012-02-15,195.6978,,182.094382,,134.214708,,,125.380097,,
2012-02-16,196.2796,,181.734391,,135.09562,,,125.580183,,
2012-02-17,196.4662,,181.747979,,135.24526,,,125.609268,,
2012-02-21,196.3728,,180.365954,,135.195907,,,124.667905,,
2012-02-22,197.2603,,181.04023,,135.08884,,,124.472313,,
2012-02-23,197.7243,,179.752186,,135.486314,,,123.65949,,
2012-02-24,198.3232,,179.299098,,135.677538,,,123.148869,,
2012-02-27,198.9364,,180.524723,,135.99128,,,123.894315,,
2012-02-28,199.1395,,179.908656,,136.185409,,,123.521658,,
2012-02-29,196.9114,,179.666135,,135.812146,,,124.409019,,
2012-03-01,197.1903,,180.116623,,136.124563,,,124.831053,,
2012-03-02,197.3247,,181.744192,,135.9972,,,125.755487,,
2012-03-05,196.2189,,180.502799,,135.579205,,,125.214341,,
2012-03-06,195.1274,,180.928009,,134.498917,,,125.205735,,
2012-03-07,195.5538,,180.799372,,135.012468,,,125.320587,,
2012-03-08,196.0667,,179.590916,,135.705089,,,124.794243,,
2012-03-09,196.6666,,182.267621,,136.004811,,,126.546773,,
2012-03-12,196.3777,,181.492097,,136.063879,,,126.248516,,
2012-03-13,196.5362,,182.636863,,137.350627,,,128.142862,,
2012-03-14,194.1929,,181.150249,,136.962091,,,128.269633,,
2012-03-15,195.0194,,181.26613,,137.409826,,,128.225536,,
2012-03-16,195.5463,,180.489088,,137.538286,,,127.450882,,
2012-03-19,195.2745,,179.34092,,137.683432,,,126.950211,,
2012-03-20,194.7984,,179.094435,,137.517485,,,126.932407,,
2012-03-21,195.141,,179.515308,,137.524175,,,127.013504,,
2012-03-22,194.2708,,178.923291,,136.971746,,,126.650885,,
2012-03-23,195.5474,,179.189509,,137.363846,,,126.372001,,
2012-03-26,196.8554,,179.179329,,138.48677,,,126.551339,,
2012-03-27,196.694,,179.625506,,138.283052,,,126.783792,,
2012-03-28,195.781,,178.738027,,137.867766,,,126.36507,,
2012-03-29,196.0587,,179.183974,,137.87354,,,126.506214,,
2012-03-30,195.6073,,178.264855,,138.125144,,,126.377949,,
2012-04-02,196.7885,,179.609267,,138.737609,,,127.127972,,
2012-04-03,194.7572,,178.930712,,138.165323,,,127.440748,,
2012-04-04,194.2601,,179.711251,,137.456146,,,127.665546,,
2012-04-05,194.7529,,181.217938,,137.545104,,,128.493238,,
2012-04-09,195.1477,,181.028294,,136.858075,,,127.459244,,
2012-04-10,194.4012,,180.665283,,135.483898,,,126.409972,,
2012-04-11,194.321,,180.213279,,136.152163,,,126.767955,,
2012-04-12,195.6624,,180.378501,,137.158351,,,126.945566,,
2012-04-13,195.1551,,181.469957,,136.353428,,,127.294248,,
2012-04-16,194.8522,,180.260378,,136.307111,,,126.599318,,
2012-04-17,196.198,,181.708658,,137.533168,,,127.881105,,
2012-04-18,195.9439,,181.528641,,137.31768,,,127.719659,,
2012-04-19,195.4853,,180.903885,,136.753831,,,127.05483,,
2012-04-20,195.6059,,180.07652,,136.898969,,,126.529911,,
2012-04-23,195.3303,,180.508996,,136.261665,,,126.421463,,
2012-04-24,195.3043,,179.929668,,136.496063,,,126.249302,,
2012-04-25,196.2893,,180.563461,,137.636919,,,127.111861,,
2012-04-26,197.6706,,181.824467,,138.305045,,,127.72213,,
2012-04-27,197.9115,,181.592644,,138.434547,,,127.523315,,
2012-04-30,197.8,,181.639767,,138.100603,,,127.320434,,
2012-05-01,198.1275,,181.97075,,138.603367,,,127.805191,,
2012-05-02,197.9717,,182.91104,,138.404933,,,128.382628,,
2012-05-03,196.791,,181.905874,,137.833204,,,127.912572,,
2012-05-04,195.67,,181.877801,,136.55695,,,127.434537,,
2012-05-07,195.6299,,182.243221,,136.625359,,,127.780726,,
2012-05-08,195.1983,,182.470358,,136.346554,,,127.961213,,
2012-05-09,194.47,,182.863802,,135.876201,,,128.273343,,
2012-05-10,194.5264,,182.823506,,135.980136,,,128.305963,,
2012-05-11,194.5807,,183.190353,,135.784879,,,128.342984,,
2012-05-14,194.0817,,184.010188,,135.005231,,,128.506698,,
2012-05-15,193.4187,,184.72861,,134.503591,,,128.969634,,
2012-05-16,193.1699,,184.681052,,134.185359,,,128.797046,,
2012-05-17,193.6033,,185.351951,,133.029637,,,127.864711,,
2012-05-18,193.0716,,183.67562,,132.333638,,,126.392487,,
2012-05-21,194.7461,,184.719342,,133.679804,,,127.299674,,
2012-05-22,193.6992,,185.655761,,133.691899,,,128.648161,,
2012-05-23,194.2161,,187.663298,,133.803072,,,129.801014,,
2012-05-24,194.075,,188.279682,,133.91612,,,130.432136,,
2012-05-25,194.1546,,188.602228,,133.73008,,,130.42058,,
2012-05-29,195.1157,,189.728376,,134.677067,,,131.477553,,
2012-05-30,194.9604,,191.662266,,133.684452,,,131.943804,,
2012-05-31,195.3169,,192.02671,,133.668345,,,131.937508,,
2012-06-01,195.0384,,190.728723,,131.78169,,,129.380533,,
2012-06-04,194.4177,,189.096536,,131.623366,,,128.528267,,
2012-06-05,194.2951,,189.68905,,132.113548,,,129.492811,,
2012-06-06,195.4831,,188.893555,,133.734252,,,129.738377,,
2012-06-07,195.2565,,188.999076,,133.859635,,,130.083348,,
2012-06-08,195.9823,,190.385267,,134.479073,,,131.156277,,
2012-06-11,194.9818,,189.905003,,133.508884,,,130.548049,,
2012-06-12,195.8092,,190.392068,,134.382558,,,131.182696,,
2012-06-13,195.7311,,189.502222,,134.004252,,,130.253961,,
2012-06-14,196.9747,,189.564935,,134.821227,,,130.263794,,
2012-06-15,198.6545,,191.154306,,135.783569,,,131.174913,,
2012-06-18,199.0036,,192.382543,,135.92441,,,131.922864,,
2012-06-19,199.1949,,190.908199,,136.650575,,,131.484851,,
2012-06-20,199.1109,,190.521292,,136.424404,,,131.056461,,
2012-06-21,196.0457,,190.100514,,134.666719,,,131.100436,,
2012-06-22,196.0461,,189.645594,,135.211136,,,131.31517,,
2012-06-25,195.2905,,189.875569,,134.079116,,,130.878105,,
2012-06-26,195.5334,,190.317214,,134.429353,,,131.361807,,
2012-06-27,196.8643,,191.964562,,135.184359,,,132.342224,,
2012-06-28,196.6596,,192.136364,,135.008246,,,132.425798,,
2012-06-29,199.1901,,191.357675,,136.956094,,,132.092264,,
2012-07-02,200.1327,,193.500234,,137.312176,,,133.287793,,
2012-07-03,201.051,,193.871575,,137.80849,,,133.41411,,
2012-07-05,200.4442,,196.663669,,137.585526,,,135.525581,,
2012-07-06,199.6598,,197.577911,,136.835139,,,135.945014,,
2012-07-09,200.058,,197.536213,,136.842991,,,135.653575,,
2012-07-10,198.8506,,197.345804,,136.158388,,,135.663582,,
2012-07-11,199.3273,,197.996692,,136.15899,,,135.786114,,
2012-07-12,199.2391,,198.489688,,135.855415,,,135.880839,,
2012-07-13,201.0906,,199.661758,,137.250392,,,136.81528,,
2012-07-16,201.2264,,199.353733,,137.099908,,,136.362346,,
2012-07-17,201.5192,,199.278422,,137.644441,,,136.65339,,
2012-07-18,202.3067,,200.236329,,138.357418,,,137.484249,,
2012-07-19,202.5011,,200.476073,,138.530102,,,137.688351,,
2012-07-20,202.5699,,202.668258,,137.854229,,,138.467803,,
2012-07-23,201.756,,202.440398,,137.068223,,,138.078288,,
2012-07-24,201.2499,,202.866881,,136.431998,,,138.073269,,
2012-07-25,201.7462,,201.734584,,136.461913,,,136.99488,,
2012-07-26,203.4145,,201.363941,,137.777788,,,136.929458,,
2012-07-27,204.4097,,201.777338,,139.140477,,,137.893014,,
2012-07-30,204.9215,,203.201563,,139.235529,,,138.614121,,
2012-07-31,204.0344,,201.598391,,138.708788,,,137.595912,,
2012-08-01,203.5058,,202.383767,,138.566121,,,138.348302,,
2012-08-02,202.7441,,202.366237,,138.001825,,,138.290565,,
2012-08-03,204.1881,,200.434012,,139.513595,,,137.491361,,
2012-08-06,204.5608,,200.56504,,139.755535,,,137.568729,,
2012-08-07,204.5028,,200.521111,,140.030994,,,137.848772,,
2012-08-08,204.3028,,200.87586,,140.064139,,,138.260548,,
2012-08-09,204.5597,,202.127276,,140.125836,,,139.008369,,
2012-08-10,205.1326,,202.962256,,140.352053,,,139.417488,,
2012-08-13,204.7098,,201.83594,,140.298811,,,138.877454,,
2012-08-14,203.6705,,200.990538,,140.181149,,,138.884886,,
2012-08-15,202.9136,,200.74386,,140.095241,,,139.146531,,
2012-08-16,203.4013,,200.178902,,140.64615,,,138.966563,,
2012-08-17,203.8579,,200.99926,,140.827194,,,139.402745,,
2012-08-20,203.9943,,200.908886,,140.812282,,,139.232152,,
2012-08-21,204.139,,199.019891,,140.636218,,,137.652964,,
2012-08-22,205.5667,,199.503052,,140.90467,,,137.290364,,
2012-08-23,205.0019,,198.395832,,140.263405,,,136.281505,,
2012-08-24,205.6572,,199.831766,,140.723836,,,137.279649,,
2012-08-27,205.9935,,200.397194,,140.828241,,,137.545302,,
2012-08-28,206.1051,,199.45078,,140.788746,,,136.783221,,
2012-08-29,205.5903,,199.510029,,140.790645,,,137.168313,,
2012-08-30,204.9942,,199.305427,,140.217256,,,136.866419,,
2012-08-31,207.1347,,200.372174,,140.799851,,,136.742852,,
2012-09-04,206.8367,,200.155573,,140.7086,,,136.703179,,
2012-09-05,206.3277,,199.084598,,140.632086,,,136.233035,,
2012-09-06,207.6926,,199.923964,,142.221296,,,137.444179,,
2012-09-07,208.6608,,197.925347,,142.562573,,,135.763792,,
2012-09-10,208.0092,,198.216657,,142.085258,,,135.932878,,
2012-09-11,208.1938,,196.903179,,142.25347,,,135.072113,,
2012-09-12,207.8343,,195.888078,,142.429238,,,134.774528,,
2012-09-13,209.9335,,196.519766,,143.87309,,,135.214091,,
2012-09-14,209.0328,,193.548417,,144.015025,,,133.87543,,
2012-09-17,209.1414,,193.8542,,143.813666,,,133.829929,,
2012-09-18,209.4467,,195.162412,,143.783904,,,134.508836,,
2012-09-19,209.72,,195.393111,,143.942587,,,134.640771,,
2012-09-20,209.9368,,196.815345,,143.912292,,,135.45223,,
2012-09-21,210.0685,,196.758254,,143.965486,,,135.378065,,
2012-09-24,210.2336,,197.665207,,143.89796,,,135.831542,,
2012-09-25,209.5865,,197.507406,,143.069062,,,135.357928,,
2012-09-26,209.4475,,197.818037,,142.644271,,,135.257989,,
2012-09-27,210.5127,,198.209682,,143.411948,,,135.565689,,
2012-09-28,209.9406,,198.524359,,143.101196,,,135.855905,,
2012-10-01,210.6305,,198.696085,,143.298641,,,135.715049,,
2012-10-02,210.6522,,198.207475,,143.434476,,,135.495686,,
2012-10-03,210.8301,,198.605437,,143.775393,,,135.975595,,
2012-10-04,211.0303,,197.085145,,144.305034,,,135.303317,,
2012-10-05,209.9133,,195.804297,,144.191731,,,135.033183,,
2012-10-08,210.1342,,196.991293,,143.988925,,,135.518089,,
2012-10-09,208.9088,,197.133124,,143.068825,,,135.539465,,
2012-10-10,208.3172,,196.74591,,142.613833,,,135.225976,,
2012-10-11,209.1136,,196.662356,,142.734159,,,134.767375,,
2012-10-12,208.6752,,195.84101,,142.497914,,,134.263881,,
2012-10-15,209.1993,,196.405654,,143.235168,,,135.008561,,
2012-10-16,209.7089,,195.316908,,144.017588,,,134.665516,,
2012-10-17,209.8085,,194.428066,,144.229395,,,134.186105,,
2012-10-18,209.0132,,194.467824,,143.988495,,,134.499206,,
2012-10-19,207.6804,,193.889584,,142.61773,,,133.675056,,
2012-10-22,207.1901,,192.888216,,142.55058,,,133.236609,,
2012-10-23,206.0164,,192.876713,,141.494769,,,132.995294,,
2012-10-24,204.7823,,191.897182,,141.213711,,,132.852868,,
2012-10-25,205.0788,,192.781303,,141.339762,,,133.390957,,
2012-10-26,206.0729,,193.597531,,141.442246,,,133.406185,,
2012-10-31,206.6026,,193.827052,,141.516309,,,133.291664,,
2012-11-01,207.1809,,194.617399,,142.33593,,,134.234572,,
2012-11-02,205.4014,,194.50432,,141.61299,,,134.631546,,
2012-11-05,206.2643,,195.979377,,141.884847,,,135.344374,,
2012-11-06,207.1286,,196.51491,,142.385616,,,135.624903,,
2012-11-07,205.6389,,195.756935,,140.582411,,,134.357143,,
2012-11-08,205.3807,,195.87772,,139.642683,,,133.709259,,
2012-11-09,205.5213,,196.511306,,139.690698,,,134.096079,,
2012-11-12,205.6929,,196.779077,,139.730514,,,134.20502,,
2012-11-13,205.4541,,196.615608,,139.539768,,,134.066126,,
2012-11-14,203.9993,,194.746629,,138.426364,,,132.671601,,
2012-11-15,203.5909,,193.658743,,138.236005,,,132.013337,,
2012-11-16,204.0474,,194.676365,,138.662305,,,132.818468,,
2012-11-19,206.3118,,195.759825,,140.388894,,,133.736558,,
2012-11-20,205.5215,,194.941478,,140.324921,,,133.628683,,
2012-11-21,205.7933,,195.015179,,140.383458,,,133.558338,,
2012-11-23,207.5638,,194.455703,,141.557098,,,133.143083,,
2012-11-26,207.4601,,194.433469,,141.403582,,,133.049958,,
2012-11-27,206.9771,,194.419949,,141.041578,,,133.009779,,
2012-11-28,207.4631,,194.766607,,141.7387,,,133.591851,,
2012-11-29,208.0563,,194.899077,,142.20274,,,133.737981,,
2012-11-30,207.6837,,194.436175,,142.188357,,,133.646189,,
2012-12-03,207.18,,192.97339,,141.776075,,,132.577686,,
2012-12-04,207.0919,,192.255003,,141.698344,,,132.067878,,
2012-12-05,207.322,,192.895792,,141.895429,,,132.545094,,
2012-12-06,207.9104,,194.891553,,142.178743,,,133.804081,,
2012-12-07,207.8024,,195.424694,,142.386654,,,134.436146,,
2012-12-10,208.2129,,195.611002,,142.439631,,,134.34898,,
2012-12-11,208.4279,,194.829829,,142.996989,,,134.197485,,
2012-12-12,207.7836,,193.215846,,142.878488,,,133.38783,,
2012-12-13,206.8248,,192.283086,,142.257337,,,132.779501,,
2012-12-14,206.8697,,191.087107,,142.042044,,,131.725331,,
2012-12-17,207.1973,,191.372265,,142.915024,,,132.522823,,
2012-12-18,207.5813,,190.779013,,143.735732,,,132.624879,,
2012-12-19,206.8771,,190.146187,,143.192729,,,132.13384,,
2012-12-20,207.2526,,190.245365,,143.6848,,,132.416716,,
2012-12-21,206.9957,,190.838093,,142.959554,,,132.322841,,
2012-12-24,206.4707,,190.50143,,142.701622,,,132.186349,,
2012-12-26,206.2431,,189.61507,,142.411871,,,131.449066,,
2012-12-27,206.3579,,189.542871,,142.327508,,,131.248119,,
2012-12-28,205.2732,,188.801896,,141.495259,,,130.657359,,
2012-12-31,206.3854,,190.298522,,142.838472,,,132.226812,,
2013-01-02,208.5386,,192.280972,,144.96683,,,134.195015,,
2013-01-03,207.1132,,192.967351,,144.627199,,,135.283216,,
2013-01-04,207.8866,,193.397423,,145.063761,,,135.488055,,
2013-01-07,207.329,,192.172812,,144.800623,,,134.747343,,
2013-01-08,207.5926,,192.937884,,144.598317,,,134.923243,,
2013-01-09,207.725,,193.313655,,144.786193,,,135.275392,,
2013-01-10,208.7075,,191.247301,,145.470028,,,133.828518,,
2013-01-11,209.1607,,190.575187,,145.523562,,,133.118211,,
2013-01-14,208.992,,189.87644,,145.509342,,,132.724221,,
2013-01-15,209.6283,,191.538124,,145.584568,,,133.548357,,
2013-01-16,209.8687,,192.003098,,145.607664,,,133.740421,,
2013-01-17,209.973,,190.837595,,146.048248,,,133.264576,,
2013-01-18,210.528,,192.264812,,146.311471,,,134.148619,,
2013-01-22,211.1068,,192.654467,,146.751521,,,134.455124,,
2013-01-23,211.0359,,192.64761,,146.954632,,,134.681657,,
2013-01-24,210.7708,,191.566986,,146.900099,,,134.044871,,
2013-01-25,210.5601,,190.222131,,147.252849,,,133.55697,,
2013-01-28,210.2936,,190.012436,,147.056427,,,133.400626,,
2013-01-29,210.4668,,189.650219,,147.366622,,,133.317379,,
2013-01-30,210.3153,,188.466011,,146.995126,,,132.246137,,
2013-01-31,210.277,,188.28735,,146.834135,,,132.000108,,
2013-02-01,210.3721,,187.514822,,147.60924,,,132.092723,,
2013-02-04,210.268,,189.161223,,146.789816,,,132.578391,,
2013-02-05,210.4783,,188.38712,,147.551103,,,132.588003,,
2013-02-06,210.7791,,189.510232,,147.718745,,,133.339436,,
2013-02-07,210.6022,,191.098008,,147.623619,,,134.482877,,
2013-02-08,210.9888,,191.950246,,148.135416,,,135.302574,,
2013-02-11,210.7806,,191.167142,,148.050959,,,134.806776,,
2013-02-12,210.8113,,190.50711,,148.19095,,,134.448782,,
2013-02-13,210.5617,,190.292867,,148.202407,,,134.467173,,
2013-02-14,210.9004,,191.885618,,148.392855,,,135.54887,,
2013-02-15,210.4655,,191.472733,,148.297324,,,135.449443,,
2013-02-19,210.6837,,191.304752,,148.891785,,,135.732375,,
2013-02-20,209.8425,,192.058621,,147.819707,,,135.828398,,
2013-02-21,209.7842,,193.369335,,147.310724,,,136.322355,,
2013-02-22,210.3082,,193.883205,,148.209616,,,137.176037,,
2013-02-25,209.6363,,195.147627,,146.742957,,,137.142462,,
2013-02-26,210.3709,,195.781985,,147.331824,,,137.658019,,
2013-02-27,211.3124,,195.537032,,148.455587,,,137.917213,,
2013-02-28,210.9363,,196.392367,,148.332323,,,138.652264,,
2013-03-01,211.5474,,197.521036,,148.652036,,,139.34597,,
2013-03-04,211.5919,,197.491297,,149.079164,,,139.695932,,
2013-03-05,212.365,,197.836193,,149.837272,,,140.139495,,
2013-03-06,212.0314,,198.809691,,149.88436,,,141.094984,,
2013-03-07,211.6766,,196.316349,,149.935526,,,139.606633,,
2013-03-08,211.4595,,197.745749,,150.13594,,,140.955658,,
2013-03-11,211.9447,,197.512756,,150.519337,,,140.825977,,
2013-03-12,212.4664,,198.190356,,150.417762,,,140.867001,,
2013-03-13,212.3796,,199.206854,,150.494743,,,141.719854,,
2013-03-14,212.9629,,199.090392,,151.04858,,,141.768872,,
2013-03-15,213.202,,198.24223,,150.979393,,,140.94201,,
2013-03-18,213.2794,,200.117236,,150.530754,,,141.800809,,
2013-03-19,213.4254,,201.415458,,150.412492,,,142.511033,,
2013-03-20,213.293,,200.473488,,150.980371,,,142.468457,,
2013-03-21,213.1992,,200.949279,,150.213153,,,142.143411,,
2013-03-22,214.0439,,200.332053,,150.963257,,,141.852414,,
2013-03-25,213.4546,,201.906953,,150.559101,,,142.978474,,
2013-03-26,214.4088,,202.677067,,151.355509,,,143.640903,,
2013-03-27,215.1906,,204.726192,,151.482299,,,144.687125,,
2013-03-28,214.9005,,203.834476,,151.760203,,,144.516024,,
2013-04-01,215.0157,,203.424751,,151.450488,,,143.854081,,
2013-04-02,214.7118,,203.607836,,151.84101,,,144.559137,,
2013-04-03,213.8009,,202.299053,,150.977229,,,143.421301,,
2013-04-04,214.9072,,201.981301,,151.517324,,,142.968506,,
2013-04-05,216.4382,,202.448284,,151.287626,,,142.069706,,
2013-04-08,216.5244,,202.363873,,151.795798,,,142.430755,,
2013-04-09,217.0677,,201.710177,,152.134569,,,141.931373,,
2013-04-10,216.8685,,201.713174,,153.127855,,,142.991386,,
2013-04-11,217.4578,,201.788874,,153.434201,,,142.942803,,
2013-04-12,216.6471,,200.93383,,153.408616,,,142.845914,,
2013-04-15,211.8861,,197.585373,,151.298016,,,141.645716,,
2013-04-16,213.191,,196.704941,,152.644031,,,141.398277,,
2013-04-17,211.8613,,197.619849,,151.305882,,,141.694381,,
2013-04-18,211.745,,197.25861,,150.724291,,,140.969105,,
2013-04-19,212.4372,,197.861001,,151.521128,,,141.683969,,
2013-04-22,213.2751,,198.446804,,151.996064,,,141.988832,,
2013-04-23,214.1054,,200.18002,,152.91186,,,143.533133,,
2013-04-24,214.6913,,200.528869,,152.962399,,,143.438268,,
2013-04-25,215.1282,,201.023439,,153.30328,,,143.819803,,
2013-04-26,215.3422,,200.942307,,153.270081,,,143.587791,,
2013-04-29,216.0581,,200.520641,,153.923271,,,143.420325,,
2013-04-30,216.4204,,199.830208,,154.133897,,,142.882484,,
2013-05-01,215.7067,,198.9657,,153.349847,,,142.008982,,
2013-05-02,216.7796,,201.721543,,154.212563,,,144.069323,,
2013-05-03,216.8299,,201.006762,,154.920328,,,144.18424,,
2013-05-06,217.0727,,201.819723,,155.055486,,,144.731619,,
2013-05-07,217.3286,,202.014384,,155.500261,,,145.115707,,
2013-05-08,218.0294,,201.525559,,155.975137,,,144.739923,,
2013-05-09,217.4729,,202.708033,,155.626735,,,145.63572,,
2013-05-10,216.9119,,202.988196,,155.807854,,,146.384347,,
2013-05-13,216.4401,,202.787073,,155.822883,,,146.572219,,
2013-05-14,216.9843,,204.184457,,156.646495,,,147.990193,,
2013-05-15,217.478,,205.177892,,157.244218,,,148.938785,,
2013-05-16,217.487,,205.251689,,156.974182,,,148.730334,,
2013-05-17,217.5295,,206.046771,,157.728002,,,149.994157,,
2013-05-20,218.2695,,205.975777,,157.663215,,,149.372744,,
2013-05-21,218.6528,,205.980934,,157.847988,,,149.289381,,
2013-05-22,216.432,,204.634116,,156.935819,,,148.969217,,
2013-05-23,216.828,,203.813358,,156.633003,,,147.814977,,
2013-05-24,216.5908,,203.576229,,156.554472,,,147.730587,,
2013-05-28,215.6047,,203.896314,,156.732859,,,148.808965,,
2013-05-29,215.8452,,202.790766,,156.212614,,,147.346481,,
2013-05-30,216.2484,,201.475528,,156.537283,,,146.421576,,
2013-05-31,213.7152,,199.925902,,155.069363,,,145.638951,,
2013-06-03,215.1935,,200.069508,,155.617222,,,145.253732,,
2013-06-04,213.7147,,198.629322,,155.027795,,,144.65599,,
2013-06-05,213.0388,,197.851386,,153.694165,,,143.303124,,
2013-06-06,213.5864,,196.037207,,154.682321,,,142.535643,,
2013-06-07,213.5792,,196.514266,,155.677227,,,143.806363,,
2013-06-10,213.4119,,195.708603,,155.545349,,,143.207645,,
2013-06-11,213.1329,,194.617423,,154.585669,,,141.715822,,
2013-06-12,212.2749,,193.49968,,153.722491,,,140.681473,,
2013-06-13,213.5461,,194.108288,,155.421184,,,141.83406,,
2013-06-14,213.1549,,194.214472,,154.852384,,,141.651785,,
2013-06-17,213.4217,,194.112772,,155.527034,,,142.016666,,
2013-06-18,213.7001,,193.991539,,156.236956,,,142.390075,,
2013-06-19,212.7562,,194.549628,,154.521472,,,141.858351,,
2013-06-20,210.7339,,193.799499,,151.814255,,,140.167939,,
2013-06-21,210.526,,195.078098,,151.774833,,,141.195361,,
2013-06-24,209.8237,,194.452528,,150.376976,,,139.91307,,
2013-06-25,210.1047,,195.333872,,151.311137,,,141.231175,,
2013-06-26,210.3356,,196.520894,,152.466745,,,143.017428,,
2013-06-27,210.5789,,196.336279,,153.265181,,,143.465374,,
2013-06-28,210.6686,,196.853204,,152.886925,,,143.426999,,
2013-07-01,211.1343,,196.493948,,153.513288,,,143.434706,,
2013-07-02,211.0329,,197.675255,,153.427653,,,144.285826,,
2013-07-03,211.0557,,197.220982,,153.38009,,,143.894073,,
2013-07-05,210.7569,,199.706364,,153.70521,,,146.2233,,
2013-07-08,211.2621,,199.579948,,154.545309,,,146.578079,,
2013-07-09,211.7398,,201.406948,,155.283744,,,148.291354,,
2013-07-10,211.4029,,198.116478,,155.151635,,,145.976821,,
2013-07-11,212.6339,,197.390908,,156.838928,,,146.172741,,
2013-07-12,212.691,,197.883625,,156.798289,,,146.460311,,
2013-07-15,212.9978,,198.246442,,157.291204,,,146.978093,,
2013-07-16,212.8302,,196.561502,,157.041588,,,145.612204,,
2013-07-17,213.0199,,197.313805,,157.415195,,,146.386772,,
2013-07-18,213.2008,,197.720895,,157.817719,,,146.939104,,
2013-07-19,214.2239,,198.268905,,158.154905,,,146.955972,,
2013-07-22,214.796,,198.020509,,158.413215,,,146.620022,,
2013-07-23,214.5877,,197.276456,,158.183136,,,145.998536,,
2013-07-24,213.432,,196.560321,,157.629869,,,145.744683,,
2013-07-25,213.9281,,195.874654,,157.886711,,,145.135574,,
2013-07-26,214.2076,,196.134998,,157.967964,,,145.213546,,
2013-07-29,213.4564,,195.925284,,157.680686,,,145.304041,,
2013-07-30,213.4288,,195.645883,,157.655373,,,145.092296,,
2013-07-31,213.6787,,195.293297,,157.760699,,,144.758081,,
2013-08-01,213.7171,,196.709632,,158.500441,,,146.46529,,
2013-08-02,214.637,,196.482295,,158.873853,,,146.012202,,
2013-08-05,213.8983,,196.135421,,158.768504,,,146.160809,,
2013-08-06,213.1005,,194.693127,,158.163223,,,145.073986,,
2013-08-07,213.153,,194.307399,,157.940532,,,144.547096,,
2013-08-08,214.238,,194.65425,,158.368271,,,144.461941,,
2013-08-09,213.9844,,195.01265,,158.13779,,,144.68857,,
2013-08-12,213.6173,,195.256263,,157.983416,,,144.97661,,
2013-08-13,212.9373,,195.19975,,158.01013,,,145.422074,,
2013-08-14,212.5523,,194.962959,,157.443076,,,144.986562,,
2013-08-15,210.5257,,191.768592,,155.900158,,,142.572841,,
2013-08-16,210.0472,,191.617002,,155.414182,,,142.33958,,
2013-08-19,208.524,,190.117602,,154.623155,,,141.533322,,
2013-08-20,209.6606,,189.968539,,155.265415,,,141.239924,,
2013-08-21,208.4222,,189.718884,,154.453286,,,141.150242,,
2013-08-22,210.2173,,191.354329,,155.373675,,,141.99242,,
2013-08-23,211.5044,,192.232309,,155.900346,,,142.256442,,
2013-08-26,211.5005,,192.3251,,155.659071,,,142.107464,,
2013-08-27,210.5843,,191.171659,,154.328982,,,140.657502,,
2013-08-28,210.9213,,192.232651,,154.538639,,,141.403998,,
2013-08-29,211.0491,,193.775679,,154.803898,,,142.69723,,
2013-08-30,210.6812,,193.726121,,154.406784,,,142.543253,,
2013-09-03,210.8101,,194.587905,,154.681503,,,143.34439,,
2013-09-04,211.1857,,194.409116,,155.36009,,,143.585132,,
2013-09-05,210.7374,,195.276963,,155.058985,,,144.252789,,
2013-09-06,211.1105,,194.776457,,155.336289,,,143.885635,,
2013-09-09,211.7671,,194.239806,,156.354031,,,143.981507,,
2013-09-10,211.8186,,194.090816,,156.936474,,,144.3719,,
2013-09-11,212.3278,,193.936161,,157.442304,,,144.374754,,
2013-09-12,211.7857,,193.59665,,157.114639,,,144.1902,,
2013-09-13,212.03,,193.824341,,157.424531,,,144.47786,,
2013-09-16,212.0314,,193.322654,,158.096219,,,144.717795,,
2013-09-17,212.6516,,193.545561,,158.580721,,,144.904821,,
2013-09-18,214.4468,,192.806413,,160.218275,,,144.621161,,
2013-09-19,213.9947,,192.287591,,159.981412,,,144.323036,,
2013-09-20,212.9484,,191.391279,,159.307636,,,143.748143,,
2013-09-23,212.6092,,191.559424,,158.911449,,,143.745595,,
2013-09-24,212.868,,192.070179,,158.841158,,,143.889961,,
2013-09-25,212.7777,,191.24917,,158.646212,,,143.159787,,
2013-09-26,212.7854,,191.782139,,159.00906,,,143.881875,,
2013-09-27,212.4607,,191.034864,,158.602322,,,143.173108,,
2013-09-30,211.5045,,190.109007,,158.039945,,,142.615864,,
2013-10-01,211.8274,,190.390797,,158.74071,,,143.241884,,
2013-10-02,212.2455,,190.008009,,158.74148,,,142.672979,,
2013-10-03,211.0261,,188.382292,,157.901313,,,141.516648,,
2013-10-04,211.9069,,190.078607,,158.568092,,,142.797903,,
2013-10-07,211.156,,189.01874,,157.739639,,,141.76211,,
2013-10-08,209.5824,,187.715161,,156.601885,,,140.818403,,
2013-10-09,209.0375,,187.913795,,156.63075,,,141.360924,,
2013-10-10,211.4049,,190.099597,,158.723931,,,143.293485,,
2013-10-11,212.185,,190.529088,,159.358636,,,143.661402,,
2013-10-14,212.4889,,190.491026,,159.623973,,,143.666092,,
2013-10-15,211.8104,,190.392409,,158.892822,,,143.391865,,
2013-10-16,214.0359,,192.267768,,160.508013,,,144.755298,,
2013-10-17,215.547,,191.620276,,161.327945,,,143.988221,,
2013-10-18,216.5766,,192.418798,,162.084176,,,144.575423,,
2013-10-21,216.3998,,192.322156,,162.031011,,,144.573433,,
2013-10-22,217.8752,,192.197441,,162.824732,,,144.204251,,
2013-10-23,217.1799,,191.652229,,162.34327,,,143.828987,,
2013-10-24,217.5806,,191.66775,,162.63685,,,143.835377,,
2013-10-25,218.4576,,192.422177,,163.113195,,,144.243067,,
2013-10-28,218.5567,,192.751069,,163.230952,,,144.528359,,
2013-10-29,219.3081,,193.966745,,163.834103,,,145.477156,,
2013-10-30,218.3242,,193.235713,,163.222882,,,145.038882,,
2013-10-31,217.6603,,194.808148,,162.955064,,,146.424464,,
2013-11-01,217.1792,,195.717577,,163.035153,,,147.50636,,
2013-11-04,218.0019,,196.115889,,163.434083,,,147.609061,,
2013-11-05,216.8861,,195.678272,,162.933119,,,147.583615,,
2013-11-06,217.6736,,195.81765,,163.540712,,,147.70318,,
2013-11-07,215.9363,,195.627101,,162.352518,,,147.665921,,
2013-11-08,216.4806,,196.884612,,163.257385,,,149.067688,,
2013-11-11,216.4105,,196.248282,,163.234466,,,148.613165,,
2013-11-12,215.8812,,195.345724,,163.017764,,,148.095515,,
2013-11-13,217.2798,,195.860503,,163.967048,,,148.389092,,
2013-11-14,218.5417,,197.421053,,164.661914,,,149.337953,,
2013-11-15,219.2978,,197.557987,,165.10448,,,149.326561,,
2013-11-18,218.6006,,196.772426,,164.893677,,,149.016644,,
2013-11-19,218.1868,,195.932807,,164.499455,,,148.306791,,
2013-11-20,216.5947,,195.908237,,164.007323,,,148.931306,,
2013-11-21,217.842,,196.437195,,164.864212,,,149.254141,,
2013-11-22,218.9156,,196.332031,,165.45322,,,148.972999,,
2013-11-25,218.7032,,196.706026,,165.410337,,,149.363012,,
2013-11-26,218.7575,,195.950281,,165.455244,,,148.79261,,
2013-11-27,218.6922,,195.787923,,165.720836,,,148.952435,,
2013-11-29,218.8074,,195.706583,,165.685743,,,148.780651,,
2013-12-02,217.6539,,195.402299,,165.17126,,,148.872878,,
2013-12-03,217.5116,,194.586242,,164.828941,,,148.040677,,
2013-12-04,217.3358,,194.377478,,164.646816,,,147.837938,,
2013-12-05,216.3746,,192.474237,,164.068744,,,146.52444,,
2013-12-06,217.8737,,193.304216,,165.275859,,,147.218988,,
2013-12-09,218.5001,,193.335097,,165.60748,,,147.11498,,
2013-12-10,218.622,,193.143532,,165.358993,,,146.666867,,
2013-12-11,216.4707,,190.891982,,164.133525,,,145.312759,,
2013-12-12,215.6811,,190.653436,,163.715124,,,145.291175,,
2013-12-13,215.887,,190.979862,,163.736343,,,145.419972,,
2013-12-16,216.7716,,191.504605,,164.397614,,,145.810983,,
2013-12-17,216.207,,190.915637,,164.196541,,,145.563886,,
2013-12-18,218.1643,,193.785497,,165.851178,,,147.901996,,
2013-12-19,217.6698,,193.687312,,165.620604,,,147.956907,,
2013-12-20,219.1984,,194.976138,,166.314402,,,148.522356,,
2013-12-23,219.5361,,194.870167,,166.809462,,,148.654473,,
2013-12-24,219.7329,,195.34295,,166.928877,,,148.988248,,
2013-12-26,220.5489,,195.846392,,167.408183,,,149.246876,,
2013-12-27,220.6247,,195.117015,,167.428219,,,148.657751,,
2013-12-30,220.3344,,194.124531,,167.470443,,,148.133801,,
2013-12-31,221.0424,,195.038072,,167.888237,,,148.724311,,
2014-01-02,219.9541,,195.591087,,166.967926,,,149.062341,,
2014-01-03,219.9909,,196.808572,,166.974292,,,149.97083,,
2014-01-06,219.8328,,196.112958,,166.77178,,,149.366859,,
2014-01-07,220.5008,,196.885142,,167.416282,,,150.078457,,
2014-01-08,220.0426,,197.054937,,167.240719,,,150.362821,,
2014-01-09,220.317,,196.835237,,167.397584,,,150.148816,,
2014-01-10,221.1947,,196.754718,,168.007142,,,150.036205,,
2014-01-13,219.8483,,195.502726,,166.728217,,,148.852694,,
2014-01-14,220.5929,,196.053012,,167.7212,,,149.653831,,
2014-01-15,221.0085,,197.492222,,168.21022,,,150.907661,,
2014-01-16,221.3323,,197.566644,,168.233483,,,150.76452,,
2014-01-17,221.2739,,198.727057,,167.842437,,,151.337472,,
2014-01-21,221.5707,,198.63117,,168.167653,,,151.354529,,
2014-01-22,221.3737,,198.658188,,168.086316,,,151.436545,,
2014-01-23,221.5089,,196.624185,,167.43844,,,149.217174,,
2014-01-24,219.9089,,195.550894,,165.437806,,,147.696311,,
2014-01-27,218.7766,,194.518401,,164.81065,,,147.117041,,
2014-01-28,219.1824,,194.914844,,165.515083,,,147.772867,,
2014-01-29,219.5061,,195.306996,,164.753449,,,147.171464,,
2014-01-30,219.6478,,197.000322,,165.812211,,,149.305043,,
2014-01-31,220.0025,,198.283926,,165.357379,,,149.624035,,
2014-02-03,218.8896,,196.71359,,163.342173,,,147.375555,,
2014-02-04,219.0439,,196.992055,,163.870591,,,147.95732,,
2014-02-05,218.7093,,196.474579,,163.582353,,,147.534454,,
2014-02-06,218.9162,,195.838476,,164.853086,,,148.059094,,
2014-02-07,220.0657,,196.248723,,166.184709,,,148.786467,,
2014-02-10,220.4353,,196.414074,,166.431231,,,148.882678,,
2014-02-11,221.5901,,197.52845,,167.391572,,,149.806542,,
2014-02-12,221.1523,,197.792276,,167.333724,,,150.251644,,
2014-02-13,222.2887,,197.55583,,167.993349,,,149.893375,,
2014-02-14,223.527,,198.483682,,168.552191,,,150.261288,,
2014-02-18,223.877,,197.832113,,168.712096,,,149.675742,,
2014-02-19,223.453,,197.814027,,167.992635,,,149.306606,,
2014-02-20,224.1017,,198.597988,,168.55018,,,149.960473,,
2014-02-21,224.0511,,198.290076,,168.496691,,,149.714258,,
2014-02-24,225.2638,,199.392373,,168.999344,,,150.182747,,
2014-02-25,225.6473,,199.587962,,169.145323,,,150.204203,,
2014-02-26,225.6328,,200.422358,,169.294088,,,150.974505,,
2014-02-27,226.3758,,200.736201,,169.895341,,,151.249888,,
2014-02-28,226.8455,,199.84662,,170.108867,,,150.456681,,
2014-03-03,227.4444,,201.323998,,169.568272,,,150.689426,,
2014-03-04,227.1963,,200.981469,,170.749701,,,151.646574,,
2014-03-05,227.1016,,201.039595,,170.880096,,,151.869574,,
2014-03-06,227.1216,,199.210701,,170.964508,,,150.549069,,
2014-03-07,226.801,,198.670061,,170.816588,,,150.22264,,
2014-03-10,226.8912,,198.783448,,170.762696,,,150.201219,,
2014-03-11,226.5929,,198.755577,,170.248362,,,149.924931,,
2014-03-12,227.3904,,198.846789,,170.427674,,,149.625102,,
2014-03-13,227.2717,,199.253226,,169.458076,,,149.155805,,
2014-03-14,227.5431,,198.9331,,169.137223,,,148.456926,,
2014-03-17,227.3081,,198.497824,,170.019828,,,149.059032,,
2014-03-18,227.8308,,198.784356,,170.831703,,,149.642903,,
2014-03-19,226.3318,,198.91693,,169.980129,,,149.983061,,
2014-03-20,226.6861,,200.019276,,170.530385,,,151.065962,,
2014-03-21,227.1804,,200.330384,,170.229018,,,150.704925,,
2014-03-24,226.7517,,199.199564,,169.910677,,,149.856778,,
2014-03-25,227.121,,199.70149,,170.326994,,,150.357599,,
2014-03-26,226.7259,,200.039875,,169.805211,,,150.412643,,
2014-03-27,226.7228,,200.597636,,169.641434,,,150.688613,,
2014-03-28,227.0267,,200.695624,,170.037617,,,150.912031,,
2014-03-31,227.1549,,200.56831,,170.879947,,,151.477871,,
2014-04-01,227.1571,,200.23141,,171.454658,,,151.730562,,
2014-04-02,227.491,,200.889876,,171.690005,,,152.214748,,
2014-04-03,227.6534,,201.726373,,171.600755,,,152.660128,,
2014-04-04,227.224,,201.60156,,170.600041,,,151.962597,,
2014-04-07,226.1998,,200.120336,,169.577511,,,150.62087,,
2014-04-08,226.9568,,199.980903,,170.072077,,,150.451398,,
2014-04-09,227.6889,,199.789006,,171.181192,,,150.800806,,
2014-04-10,226.6042,,198.394746,,169.175778,,,148.702504,,
2014-04-11,226.3779,,198.219457,,168.322648,,,147.969668,,
2014-04-14,227.4354,,200.096605,,169.144052,,,149.401953,,
2014-04-15,228.2996,,200.912176,,169.849932,,,150.066713,,
2014-04-16,229.3758,,201.854888,,170.955362,,,151.040109,,
2014-04-17,228.8184,,201.386233,,170.875678,,,150.986102,,
2014-04-21,228.9807,,201.828609,,171.234822,,,151.528325,,
2014-04-22,229.4922,,202.097763,,171.683866,,,151.789228,,
2014-04-23,229.7296,,202.1399,,171.512401,,,151.512515,,
2014-04-24,230.3199,,202.439526,,171.784645,,,151.588438,,
2014-04-25,229.6743,,201.837054,,170.957531,,,150.832393,,
2014-04-28,229.5096,,201.444766,,171.238613,,,150.894955,,
2014-04-29,229.8417,,202.305893,,171.739474,,,151.763636,,
2014-04-30,230.2089,,201.847246,,172.193615,,,151.577817,,
2014-05-01,230.7274,,202.247896,,172.298821,,,151.629965,,
2014-05-02,231.1873,,202.601361,,172.237289,,,151.538665,,
2014-05-05,231.3265,,202.702893,,172.406817,,,151.672512,,
2014-05-06,230.7937,,201.454816,,171.560949,,,150.345361,,
2014-05-07,230.7158,,201.644528,,172.165181,,,151.067942,,
2014-05-08,229.9765,,202.020847,,172.101417,,,151.780179,,
2014-05-09,229.7309,,202.954838,,172.188142,,,152.721831,,
2014-05-12,230.5509,,203.737005,,173.134621,,,153.604841,,
2014-05-13,231.2379,,205.156852,,173.345791,,,154.403876,,
2014-05-14,231.5928,,205.29643,,173.050928,,,154.009731,,
2014-05-15,230.7249,,204.610625,,172.289518,,,153.394737,,
2014-05-16,230.5746,,204.702815,,172.569774,,,153.813682,,
2014-05-19,230.4878,,204.401852,,172.922909,,,153.959788,,
2014-05-20,229.857,,203.95254,,172.301726,,,153.48958,,
2014-05-21,230.3982,,204.653814,,173.144265,,,154.40692,,
2014-05-22,230.5803,,205.280531,,173.365669,,,154.955341,,
2014-05-23,231.1576,,206.191609,,173.849573,,,155.687708,,
2014-05-27,231.3589,,206.293973,,174.553687,,,156.259793,,
2014-05-28,231.9541,,207.488204,,174.677478,,,156.872262,,
2014-05-29,232.2717,,207.604273,,175.172315,,,157.189433,,
2014-05-30,232.2701,,207.152036,,175.410371,,,157.061251,,
2014-06-02,231.6786,,207.153357,,175.317495,,,157.379877,,
2014-06-03,231.0429,,206.118032,,175.074048,,,156.806124,,
2014-06-04,231.0709,,206.5796,,175.261699,,,157.30665,,
2014-06-05,231.8335,,206.325213,,176.036255,,,157.288192,,
2014-06-06,232.1416,,206.887175,,176.508476,,,157.929787,,
2014-06-09,232.3082,,207.763679,,176.551504,,,158.523772,,
2014-06-10,232.0426,,208.227724,,176.455332,,,158.973048,,
2014-06-11,232.0911,,208.523676,,176.136742,,,158.878354,,
2014-06-12,232.6166,,208.693519,,175.525327,,,158.09784,,
2014-06-13,233.0815,,209.266584,,175.828979,,,158.489473,,
2014-06-16,233.3872,,209.039315,,175.879688,,,158.155578,,
2014-06-17,232.8291,,208.944301,,176.03778,,,158.605061,,
2014-06-18,233.8551,,209.11945,,177.003897,,,158.908928,,
2014-06-19,234.4477,,209.470638,,177.023361,,,158.790914,,
2014-06-20,235.4409,,210.498806,,177.35546,,,159.195277,,
2014-06-23,235.2396,,210.218342,,177.26474,,,159.037822,,
2014-06-24,234.8759,,209.867101,,176.747232,,,158.553712,,
2014-06-25,235.4627,,210.039446,,177.319209,,,158.800702,,
2014-06-26,235.7407,,210.57327,,177.382842,,,159.073621,,
2014-06-27,235.7679,,210.015822,,177.589812,,,158.819299,,
2014-06-30,236.1477,,209.679675,,177.545571,,,158.270635,,
2014-07-01,236.1102,,209.844088,,178.161647,,,158.969605,,
2014-07-02,235.3927,,209.511205,,178.027156,,,159.081034,,
2014-07-03,235.5777,,210.43231,,178.505737,,,160.084142,,
2014-07-07,235.5759,,210.514229,,178.153175,,,159.83138,,
2014-07-08,235.7341,,210.54417,,177.610393,,,159.260133,,
2014-07-09,236.4771,,210.746386,,178.153864,,,159.398482,,
2014-07-10,236.1403,,210.951909,,177.755901,,,159.424574,,
2014-07-11,236.4306,,211.229869,,178.003107,,,159.660365,,
2014-07-14,236.0354,,210.701821,,178.478507,,,159.953946,,
2014-07-15,235.3439,,210.874226,,178.187319,,,160.293251,,
2014-07-16,236.4275,,212.535975,,178.643704,,,161.22785,,
2014-07-17,236.7321,,212.787766,,177.640396,,,160.305759,,
2014-07-18,236.9751,,213.043992,,178.646668,,,161.242448,,
2014-07-21,237.3255,,213.351118,,178.474805,,,161.081372,,
2014-07-22,237.9115,,214.795988,,179.059704,,,162.302975,,
2014-07-23,238.3003,,215.198153,,179.308136,,,162.566792,,
2014-07-24,237.2588,,214.236934,,179.087449,,,162.351032,,
2014-07-25,238.1406,,215.567947,,178.72823,,,162.428332,,
2014-07-28,237.9241,,215.218128,,178.777304,,,162.356875,,
2014-07-29,237.5832,,215.409831,,178.391951,,,162.383888,,
2014-07-30,236.4464,,214.564752,,178.149124,,,162.303264,,
2014-07-31,233.911,,212.371783,,175.948389,,,160.379683,,
2014-08-01,234.6341,,212.428616,,175.898649,,,159.882998,,
2014-08-04,235.0695,,212.924294,,176.640155,,,160.63355,,
2014-08-05,234.3241,,212.972698,,175.614761,,,160.245514,,
2014-08-06,235.2035,,213.674523,,175.657419,,,160.211376,,
2014-08-07,235.5337,,214.294772,,175.220851,,,160.052402,,
2014-08-08,236.5231,,214.442272,,176.462334,,,160.622634,,
2014-08-11,236.3439,,214.675246,,176.780387,,,161.209094,,
2014-08-12,235.5158,,214.169494,,176.596546,,,161.226956,,
2014-08-13,236.2752,,214.938845,,177.459579,,,162.074282,,
2014-08-14,236.8391,,215.438927,,177.998376,,,162.556635,,
2014-08-15,237.5058,,215.506808,,178.151168,,,162.290589,,
2014-08-18,237.1927,,215.78641,,178.896364,,,163.396282,,
2014-08-19,237.5519,,216.818989,,179.355949,,,164.351049,,
2014-08-20,237.6444,,217.891482,,179.575164,,,165.301512,,
2014-08-21,237.8055,,217.68621,,180.006839,,,165.430627,,
2014-08-22,237.9525,,218.50026,,179.8317,,,165.785225,,
2014-08-25,238.6698,,219.948046,,180.431453,,,166.937064,,
2014-08-26,238.9745,,220.638615,,180.513601,,,167.323822,,
2014-08-27,239.4674,,220.671371,,180.55943,,,167.046606,,
2014-08-28,240.1351,,221.467965,,180.647148,,,167.264689,,
2014-08-29,240.5058,,222.654401,,180.931622,,,168.165961,,
2014-09-02,238.4964,,220.779016,,180.650731,,,167.893382,,
2014-09-03,238.8322,,220.797328,,180.664958,,,167.684433,,
2014-09-04,237.3762,,222.95753,,180.420275,,,170.132859,,
2014-09-05,237.9504,,223.365697,,180.867309,,,170.454316,,
2014-09-08,236.96,,223.408928,,180.515448,,,170.866823,,
2014-09-09,236.3543,,222.098943,,179.725325,,,169.554823,,
2014-09-10,236.1521,,222.297263,,180.037816,,,170.146856,,
2014-09-11,235.7344,,221.813041,,180.089665,,,170.12604,,
2014-09-12,233.9822,,219.522068,,179.313279,,,168.898466,,
2014-09-15,234.3832,,220.309734,,179.217934,,,169.124514,,
2014-09-16,234.9592,,220.472718,,180.032913,,,169.60248,,
2014-09-17,234.3272,,221.538328,,180.094808,,,170.940611,,
2014-09-18,234.9697,,221.158547,,180.678231,,,170.732258,,
2014-09-19,235.4062,,223.155422,,180.700519,,,171.975601,,
2014-09-22,234.4473,,221.858913,,179.95626,,,170.968654,,
2014-09-23,234.6127,,222.024073,,179.399055,,,170.445911,,
2014-09-24,234.8117,,223.379161,,180.195536,,,172.101573,,
2014-09-25,233.967,,223.074828,,178.588881,,,170.949669,,
2014-09-26,234.7601,,225.063048,,179.441419,,,172.711197,,
2014-09-29,235.3532,,225.562278,,179.322493,,,172.543665,,
2014-09-30,234.2713,,225.554936,,178.990742,,,173.014183,,
2014-10-01,233.8225,,225.236997,,177.937614,,,172.08344,,
2014-10-02,233.1073,,223.721985,,177.839812,,,171.356139,,
2014-10-03,233.3311,,226.689164,,178.975839,,,174.570328,,
2014-10-06,233.7931,,224.594713,,178.922279,,,172.56398,,
2014-10-07,233.3409,,223.917897,,177.540923,,,171.046542,,
2014-10-08,235.095,,224.461904,,179.6028,,,172.159201,,
2014-10-09,232.6106,,222.83013,,177.323683,,,170.541093,,
2014-10-10,232.5421,,223.882981,,176.158449,,,170.271066,,
2014-10-13,231.7221,,220.927508,,174.631077,,,167.155918,,
2014-10-14,231.8318,,222.70002,,174.953922,,,168.728646,,
2014-10-15,232.0145,,219.746605,,174.361007,,,165.796097,,
2014-10-16,232.2657,,220.479218,,174.219241,,,166.033829,,
2014-10-17,232.8157,,221.832726,,175.362175,,,167.75179,,
2014-10-20,233.6002,,221.907139,,176.463829,,,168.295169,,
2014-10-21,235.283,,224.957646,,178.49272,,,171.335992,,
2014-10-22,234.6315,,225.562325,,177.695637,,,171.504254,,
2014-10-23,235.6831,,226.580445,,178.76752,,,172.544248,,
2014-10-24,236.2124,,226.662702,,179.620643,,,173.041991,,
2014-10-27,235.6274,,225.586765,,179.500624,,,172.532803,,
2014-10-28,236.7628,,226.036519,,180.624454,,,173.124918,,
2014-10-29,236.3663,,227.49992,,180.299665,,,174.224208,,
2014-10-30,236.5789,,228.027697,,181.111783,,,175.257328,,
2014-10-31,237.1197,,230.255833,,182.348904,,,177.772282,,
2014-11-03,236.5087,,230.380186,,182.269756,,,178.250396,,
2014-11-04,235.8856,,228.56817,,181.901977,,,176.957767,,
2014-11-05,235.8318,,229.638028,,182.618629,,,178.527206,,
2014-11-06,236.1068,,231.977531,,182.931545,,,180.444611,,
2014-11-07,238.6472,,232.974751,,183.281769,,,179.634467,,
2014-11-10,236.9175,,231.898821,,183.454979,,,180.280515,,
2014-11-11,237.9219,,231.870096,,183.597645,,,179.636803,,
2014-11-12,237.3585,,231.996126,,183.488459,,,180.053922,,
2014-11-13,237.4067,,231.334621,,183.641581,,,179.653868,,
2014-11-14,239.3468,,232.375775,,183.7332,,,179.088935,,
2014-11-17,238.8856,,233.273047,,183.715174,,,180.109868,,
2014-11-18,240.019,,232.809008,,184.418989,,,179.588153,,
2014-11-19,238.9788,,231.428915,,184.073149,,,178.964368,,
2014-11-20,240.038,,232.732737,,184.401262,,,179.497851,,
2014-11-21,241.3247,,236.838119,,185.076627,,,182.355678,,
2014-11-24,241.4487,,235.929429,,185.412956,,,181.892675,,
2014-11-25,241.5591,,235.41478,,185.494148,,,181.492392,,
2014-11-26,241.5558,,234.829873,,185.84183,,,181.383273,,
2014-11-28,239.2424,,233.613958,,185.83133,,,182.178642,,
2014-12-01,240.3398,,234.335449,,184.887839,,,180.983312,,
2014-12-02,240.2383,,235.865216,,185.464953,,,182.810609,,
2014-12-03,241.4632,,238.464035,,185.822689,,,184.241968,,
2014-12-04,241.5327,,237.233764,,185.924231,,,183.338825,,
2014-12-05,240.7192,,238.193666,,185.788571,,,184.567981,,
2014-12-08,240.2859,,237.239687,,185.231426,,,183.608005,,
2014-12-09,241.4531,,237.232247,,185.271661,,,182.75439,,
2014-12-10,239.5053,,233.917645,,183.615555,,,180.042573,,
2014-12-11,240.1793,,235.292336,,184.150307,,,181.118387,,
2014-12-12,239.1583,,233.335048,,182.592971,,,178.853096,,
2014-12-15,237.1302,,231.819579,,181.638914,,,178.27483,,
2014-12-16,237.5638,,230.875179,,180.948781,,,176.551141,,
2014-12-17,239.0532,,235.494754,,182.986712,,,180.977305,,
2014-12-18,240.9216,,238.399764,,185.508948,,,184.294694,,
2014-12-19,242.5809,,241.140851,,186.103685,,,185.732133,,
2014-12-22,241.9631,,240.546387,,186.734675,,,186.377102,,
2014-12-23,241.0067,,240.709701,,186.537654,,,187.046194,,
2014-12-24,241.2821,,240.41001,,186.629089,,,186.691553,,
2014-12-26,242.6283,,242.215877,,187.0331,,,187.455208,,
2014-12-29,242.8592,,242.97912,,187.33446,,,188.169814,,
2014-12-30,243.0146,,242.986618,,186.81159,,,187.530406,,
2014-12-31,241.4598,,242.615291,,185.722957,,,187.351343,,
2015-01-02,242.4053,,245.589022,,185.86932,,,189.056858,,
2015-01-05,241.9102,,246.463565,,184.021144,,,188.227971,,
2015-01-06,243.0073,,248.485087,,183.16245,,,188.033548,,
2015-01-07,243.7476,,250.288355,,184.51921,,,190.221574,,
2015-01-08,243.9183,,251.525876,,186.367812,,,192.942135,,
2015-01-09,244.8394,,251.373358,,185.657862,,,191.367936,,
2015-01-12,244.9658,,251.671038,,184.846331,,,190.658647,,
2015-01-13,244.4328,,252.422551,,184.552592,,,191.340412,,
2015-01-14,244.725,,252.398413,,184.064928,,,190.58873,,
2015-01-15,246.7249,,257.918163,,183.389282,,,192.468997,,
2015-01-16,248.0231,,260.876929,,184.557277,,,194.891368,,
2015-01-20,250.2444,,263.459527,,184.909774,,,195.446229,,
2015-01-21,249.9771,,261.808679,,185.341109,,,194.882776,,
2015-01-22,251.4832,,269.017784,,186.959078,,,200.787401,,
2015-01-23,251.5131,,272.903903,,186.530675,,,203.196997,,
2015-01-26,251.5837,,272.178852,,186.752111,,,202.840786,,
2015-01-27,250.3492,,267.447013,,185.238942,,,198.674315,,
2015-01-28,248.918,,268.140021,,184.127815,,,199.132718,,
2015-01-29,248.9151,,267.340957,,185.082375,,,199.570896,,
2015-01-30,249.7546,,269.244012,,183.953416,,,199.094059,,
2015-02-02,251.2928,,269.449519,,185.31678,,,199.494074,,
2015-02-03,251.7304,,266.631089,,186.644215,,,198.475791,,
2015-02-04,251.0388,,269.046652,,186.330421,,,200.488006,,
2015-02-05,251.882,,266.852111,,187.297581,,,199.215702,,
2015-02-06,249.3369,,267.917061,,186.550623,,,201.246532,,
2015-02-09,248.8861,,267.215381,,186.045653,,,200.538715,,
2015-02-10,249.3831,,267.808111,,187.147296,,,201.770723,,
2015-02-11,249.0853,,267.141424,,187.185191,,,201.549866,,
2015-02-12,250.3097,,266.923972,,188.274825,,,201.567282,,
2015-02-13,250.719,,267.769125,,188.65622,,,202.284344,,
2015-02-17,249.3934,,265.71145,,188.522102,,,201.653365,,
2015-02-18,249.7144,,266.377949,,188.752622,,,202.146192,,
2015-02-19,249.0299,,266.323126,,188.608058,,,202.50489,,
2015-02-20,249.7428,,266.848441,,189.300616,,,203.068054,,
2015-02-23,250.5098,,268.697631,,189.420174,,,203.977956,,
2015-02-24,251.787,,269.950855,,190.071328,,,204.590705,,
2015-02-25,252.2866,,269.976975,,190.030024,,,204.160939,,
2015-02-26,250.8846,,272.384833,,189.625381,,,206.691812,,
2015-02-27,251.0541,,272.739359,,189.438578,,,206.617361,,
2015-03-02,250.2744,,272.074659,,189.76596,,,207.11324,,
2015-03-03,249.4748,,271.389847,,189.192253,,,206.627513,,
2015-03-04,248.8606,,273.13645,,188.763237,,,207.997837,,
2015-03-05,248.8238,,274.354316,,188.915802,,,209.125047,,
2015-03-06,244.3477,,274.069715,,186.82953,,,210.385692,,
2015-03-09,245.4182,,274.978673,,187.492575,,,210.908561,,
2015-03-10,243.928,,277.223248,,185.840408,,,212.044021,,
2015-03-11,243.9084,,281.146006,,185.725307,,,214.928562,,
2015-03-12,244.9924,,280.064046,,187.20557,,,214.852989,,
2015-03-13,244.1585,,282.990523,,186.380712,,,216.879697,,
2015-03-16,246.317,,283.392993,,188.02946,,,217.189342,,
2015-03-17,246.212,,282.475549,,187.685279,,,216.182106,,
2015-03-18,249.6511,,279.458711,,189.582854,,,213.059603,,
2015-03-19,248.6503,,283.594915,,188.801403,,,216.188485,,
2015-03-20,250.5081,,281.600402,,190.040343,,,214.474265,,
2015-03-23,250.3353,,278.048429,,189.827156,,,211.677443,,
2015-03-24,250.1448,,278.370926,,189.392123,,,211.59831,,
2015-03-25,248.4349,,275.366556,,187.588121,,,208.747753,,
2015-03-26,247.5383,,276.508064,,187.047538,,,209.76609,,
2015-03-27,248.1242,,277.098881,,187.407509,,,210.121516,,
2015-03-30,249.2601,,279.757747,,188.818273,,,212.760629,,
2015-03-31,248.3312,,281.322775,,187.956999,,,213.771594,,
2015-04-01,248.9202,,281.172557,,187.803147,,,212.977411,,
2015-04-02,248.6006,,277.79934,,188.104829,,,211.031297,,
2015-04-06,249.6937,,277.927439,,188.910996,,,211.105217,,
2015-04-07,249.795,,280.803987,,188.623806,,,212.879539,,
2015-04-08,249.6787,,281.58456,,189.015743,,,214.014505,,
2015-04-09,249.4232,,284.487112,,189.329603,,,216.80144,,
2015-04-10,250.7455,,287.600773,,189.947197,,,218.72966,,
2015-04-13,249.8021,,287.402675,,189.520537,,,218.911657,,
2015-04-14,250.4277,,285.753467,,189.812409,,,217.446105,,
2015-04-15,251.8219,,286.572375,,190.421402,,,217.557707,,
2015-04-16,251.1457,,283.741777,,190.350992,,,215.908912,,
2015-04-17,250.9519,,282.485865,,189.095477,,,213.700364,,
2015-04-20,250.8591,,284.030358,,190.08377,,,216.071668,,
2015-04-21,250.582,,283.785335,,189.867933,,,215.878598,,
2015-04-22,249.3571,,282.698348,,190.200776,,,216.486942,,
2015-04-23,250.4421,,281.294719,,190.602011,,,214.931272,,
2015-04-24,250.5841,,280.337906,,190.995902,,,214.521216,,
2015-04-27,250.7635,,279.953804,,190.553199,,,213.577836,,
2015-04-28,250.5385,,277.389652,,190.621734,,,211.887866,,
2015-04-29,249.0222,,272.061162,,189.980951,,,208.38019,,
2015-04-30,247.1086,,267.661353,,188.836356,,,205.353121,,
2015-05-01,247.5391,,268.841465,,189.848453,,,207.003361,,
2015-05-04,247.4917,,269.969344,,190.023565,,,208.103394,,
2015-05-05,245.8502,,267.214908,,188.653343,,,205.860257,,
2015-05-06,244.0537,,261.486722,,187.933815,,,202.156198,,
2015-05-07,244.9473,,264.33348,,188.567714,,,204.298294,,
2015-05-08,247.3144,,268.230803,,190.30532,,,207.218279,,
2015-05-11,244.5993,,266.570282,,189.273521,,,207.092452,,
2015-05-12,244.7924,,265.419734,,188.925235,,,205.65683,,
2015-05-13,244.8576,,262.183987,,188.951325,,,203.123609,,
2015-05-14,246.442,,262.601458,,190.24565,,,203.52372,,
2015-05-15,247.9106,,263.36304,,190.693439,,,203.382401,,
2015-05-18,247.2816,,265.729742,,190.749696,,,205.792766,,
2015-05-19,246.0546,,268.298208,,190.449565,,,208.489484,,
2015-05-20,246.1372,,269.767454,,190.489838,,,209.605173,,
2015-05-21,247.3486,,270.631585,,191.056724,,,209.869456,,
2015-05-22,246.9831,,272.735371,,190.701259,,,211.419808,,
2015-05-26,245.9652,,275.064257,,189.656062,,,212.934048,,
2015-05-27,247.1027,,275.530344,,190.80858,,,213.603188,,
2015-05-28,246.7959,,274.087154,,190.649923,,,212.57161,,
2015-05-29,246.165,,272.277142,,189.969417,,,210.953364,,
2015-06-01,245.7538,,273.481946,,189.995497,,,212.270487,,
2015-06-02,245.1566,,267.304642,,189.583344,,,207.530045,,
2015-06-03,244.2416,,263.403582,,189.593487,,,205.278442,,
2015-06-04,243.4531,,263.375634,,188.78674,,,205.045224,,
2015-06-05,242.597,,265.499621,,188.258522,,,206.84785,,
2015-06-08,241.8074,,260.358053,,187.676691,,,202.875523,,
2015-06-09,241.4598,,260.198104,,187.445575,,,202.792726,,
2015-06-10,242.9302,,260.866934,,188.607989,,,203.336572,,
2015-06-11,244.145,,263.650229,,189.379761,,,205.320243,,
2015-06-12,242.9706,,262.277164,,188.424387,,,204.202828,,
2015-06-15,242.6947,,261.514929,,188.022345,,,203.4059,,
2015-06-16,243.8174,,263.546947,,188.76507,,,204.848513,,
2015-06-17,243.742,,261.41079,,188.956825,,,203.457456,,
2015-06-18,245.1725,,262.435645,,190.115089,,,204.30808,,
2015-06-19,245.112,,262.63219,,189.833546,,,204.208695,,
2015-06-22,244.2343,,261.844068,,190.045933,,,204.556155,,
2015-06-23,243.7254,,265.334831,,189.957175,,,207.618984,,
2015-06-24,243.1447,,263.906223,,189.245377,,,206.218674,,
2015-06-25,242.2752,,262.967174,,188.818573,,,205.757265,,
2015-06-26,241.7345,,263.37024,,188.617474,,,206.313609,,
2015-06-29,240.524,,260.271687,,186.684127,,,202.812067,,
2015-06-30,240.328,,262.235025,,186.873065,,,204.715592,,
2015-07-01,239.9301,,263.928103,,187.581628,,,207.161521,,
2015-07-02,240.0938,,263.364673,,187.581714,,,206.578425,,
2015-07-06,240.5697,,264.54311,,187.536791,,,207.042688,,
2015-07-07,241.5404,,266.705794,,188.34754,,,208.795199,,
2015-07-08,239.8291,,263.254842,,186.633142,,,205.674829,,
2015-07-09,239.3961,,263.789423,,186.556323,,,206.380266,,
2015-07-10,240.3334,,261.923548,,187.651955,,,205.320066,,
2015-07-13,241.6547,,267.157153,,188.784383,,,209.534487,,
2015-07-14,242.4773,,267.801116,,189.402118,,,210.011954,,
2015-07-15,242.1458,,269.053102,,189.564314,,,211.463558,,
2015-07-16,243.3304,,272.145282,,190.540308,,,213.948473,,
2015-07-17,243.0525,,272.878803,,190.647035,,,214.890715,,
2015-07-20,241.4493,,271.176535,,190.570832,,,214.882216,,
2015-07-21,241.1476,,268.12042,,190.249614,,,212.367776,,
2015-07-22,240.6804,,267.76749,,190.08054,,,212.311084,,
2015-07-23,240.3748,,266.100319,,189.648841,,,210.777641,,
2015-07-24,238.8687,,264.548663,,188.461064,,,209.549125,,
2015-07-27,237.785,,260.789739,,187.895524,,,206.890413,,
2015-07-28,239.8561,,263.663001,,189.20328,,,208.80696,,
2015-07-29,241.0431,,266.879025,,189.919282,,,211.108969,,
2015-07-30,240.9825,,268.044718,,189.954829,,,212.124081,,
2015-07-31,240.6944,,266.45655,,190.081727,,,211.260678,,
2015-08-03,239.8339,,266.277439,,189.783005,,,211.543171,,
2015-08-04,239.2502,,267.321227,,189.333373,,,212.386152,,
2015-08-05,239.0592,,266.510156,,189.57228,,,212.178328,,
2015-08-06,238.999,,266.011274,,188.727006,,,210.889957,,
2015-08-07,238.9803,,265.003001,,188.643945,,,210.014581,,
2015-08-10,241.1811,,266.113282,,189.969593,,,210.43853,,
2015-08-11,241.1295,,265.499714,,189.18894,,,209.1353,,
2015-08-12,242.1171,,263.891142,,189.279011,,,207.118883,,
2015-08-13,241.0493,,262.838066,,188.980782,,,206.879719,,
2015-08-14,241.5025,,264.308932,,189.363993,,,208.068099,,
2015-08-17,242.5823,,266.233696,,190.129718,,,209.494104,,
2015-08-18,241.7631,,266.627192,,189.654753,,,209.988756,,
2015-08-19,241.114,,263.622686,,188.993325,,,207.455383,,
2015-08-20,240.3575,,259.954999,,186.743896,,,202.770512,,
2015-08-21,237.2567,,253.426945,,183.499292,,,196.78255,,
2015-08-24,231.8474,,242.659919,,178.834465,,,187.916505,,
2015-08-25,228.764,,241.553913,,177.405502,,,188.066468,,
2015-08-26,232.4392,,249.819791,,181.164342,,,195.482586,,
2015-08-27,235.5024,,254.649669,,183.952791,,,199.697234,,
2015-08-28,236.3045,,256.956837,,183.885667,,,200.74926,,
2015-08-31,235.4738,,255.386516,,182.947499,,,199.20477,,
2015-09-01,232.4419,,249.754244,,179.880447,,,194.044039,,
2015-09-02,233.8252,,253.264107,,181.840799,,,197.738643,,
2015-09-03,233.9041,,255.673038,,182.024051,,,199.753207,,
2015-09-04,232.4132,,253.519113,,180.526948,,,197.701445,,
2015-09-08,234.4834,,254.480364,,183.080915,,,199.481735,,
2015-09-09,232.593,,252.327384,,181.627467,,,197.818616,,
2015-09-10,233.045,,251.223808,,182.146696,,,197.13339,,
2015-09-11,233.491,,250.396817,,182.725367,,,196.732173,,
2015-09-14,233.058,,250.38525,,182.341624,,,196.674671,,
2015-09-15,233.6627,,252.137863,,183.375483,,,198.658813,,
2015-09-16,235.2392,,253.330836,,184.273436,,,199.23195,,
2015-09-17,235.7581,,250.783973,,184.491232,,,197.027467,,
2015-09-18,234.496,,252.400801,,182.73398,,,197.466073,,
2015-09-21,234.3469,,254.618623,,183.112657,,,199.740993,,
2015-09-22,233.268,,255.044239,,181.862065,,,199.627496,,
2015-09-23,232.9891,,253.240689,,181.632533,,,198.202629,,
2015-09-24,233.6442,,252.948617,,181.326092,,,197.085872,,
2015-09-25,233.1872,,253.315591,,181.17232,,,197.590903,,
2015-09-28,229.9324,,248.598061,,178.613808,,,193.878871,,
2015-09-29,229.9728,,248.593102,,178.788976,,,194.031046,,
2015-09-30,231.6208,,251.962957,,180.814251,,,197.473892,,
2015-10-01,232.0495,,252.043651,,181.161735,,,197.551114,,
2015-10-02,235.9567,,255.985615,,183.002317,,,199.323141,,
2015-10-05,237.5907,,258.242264,,184.683139,,,201.531537,,
2015-10-06,238.5237,,257.332961,,184.477257,,,199.813395,,
2015-10-07,239.3062,,258.893987,,185.335117,,,201.299927,,
2015-10-08,239.875,,258.646217,,186.241021,,,201.611069,,
2015-10-09,240.6943,,257.75333,,186.242536,,,200.23281,,
2015-10-12,241.0973,,258.073501,,186.543685,,,200.470054,,
2015-10-13,240.5823,,257.044697,,185.839454,,,199.342906,,
2015-10-14,241.574,,255.964935,,185.577083,,,197.411531,,
2015-10-15,242.9128,,259.356876,,187.186952,,,200.650768,,
2015-10-16,243.0763,,260.421144,,187.623924,,,201.808627,,
2015-10-19,242.4645,,260.316263,,187.758056,,,202.38094,,
2015-10-20,242.4252,,259.789977,,187.463307,,,201.687411,,
2015-10-21,241.9692,,259.447682,,186.938132,,,201.235915,,
2015-10-22,243.4546,,266.447778,,188.857732,,,207.5137,,
2015-10-23,243.7785,,269.142852,,189.968137,,,210.564959,,
2015-10-26,243.5525,,267.794087,,189.72334,,,209.433929,,
2015-10-27,243.4605,,267.886759,,189.609821,,,209.460171,,
2015-10-28,244.1495,,271.768778,,190.675317,,,213.086574,,
2015-10-29,242.9371,,269.091214,,190.287608,,,211.608968,,
2015-10-30,242.8567,,268.381059,,189.996573,,,210.797486,,
2015-11-02,243.8389,,269.14843,,191.18963,,,211.870787,,
2015-11-03,243.356,,269.965984,,191.379214,,,213.147205,,
2015-11-04,242.315,,271.179285,,191.034191,,,214.637303,,
2015-11-05,241.6377,,269.909469,,190.888231,,,214.067367,,
2015-11-06,239.4976,,271.184199,,190.457371,,,216.510463,,
2015-11-09,238.4169,,269.603945,,189.342213,,,214.958461,,
2015-11-10,238.6517,,270.556496,,189.746224,,,215.965541,,
2015-11-11,237.5786,,268.946178,,189.206989,,,215.036964,,
2015-11-12,236.3309,,265.737286,,187.68509,,,211.874967,,
2015-11-13,235.4753,,265.975729,,186.563769,,,211.564036,,
2015-11-16,237.3292,,270.00644,,188.334848,,,215.115409,,
2015-11-17,236.4837,,270.189934,,188.305954,,,215.998081,,
2015-11-18,238.5561,,272.092316,,190.045128,,,217.620788,,
2015-11-19,239.2444,,270.993412,,189.985163,,,216.050127,,
2015-11-20,238.8452,,272.826483,,190.349535,,,218.292952,,
2015-11-23,238.5175,,272.636601,,190.238053,,,218.312795,,
2015-11-24,239.4372,,273.515559,,190.454908,,,218.424056,,
2015-11-25,239.091,,273.59311,,190.479945,,,218.831114,,
2015-11-27,238.1534,,273.413228,,190.591526,,,219.67681,,
2015-11-30,238.5601,,274.564655,,190.143605,,,219.708284,,
2015-12-01,240.5208,,275.045425,,191.501751,,,219.858076,,
2015-12-02,238.0252,,272.660953,,190.232125,,,218.777047,,
2015-12-03,235.6149,,261.875471,,188.074935,,,209.865417,,
2015-12-04,239.0786,,267.25722,,190.519828,,,213.819254,,
2015-12-07,237.594,,266.536312,,189.942842,,,213.925095,,
2015-12-08,237.0117,,264.562343,,189.2058,,,212.036476,,
2015-12-09,236.4461,,260.732617,,188.319975,,,208.486281,,
2015-12-10,236.7827,,263.122911,,188.597356,,,210.407969,,
2015-12-11,235.672,,260.827711,,186.589932,,,207.325078,,
2015-12-14,234.8794,,259.801504,,186.800233,,,207.439776,,
2015-12-15,235.6574,,262.227177,,187.985766,,,210.009757,,
2015-12-16,237.1456,,264.277457,,189.505659,,,212.024046,,
2015-12-17,235.1442,,264.073195,,187.87768,,,211.827883,,
2015-12-18,234.2205,,262.065091,,186.030168,,,208.970767,,
2015-12-21,235.3519,,262.165589,,186.887403,,,209.004624,,
2015-12-22,235.7011,,261.543264,,187.849465,,,209.271352,,
2015-12-23,236.9408,,264.032283,,189.22684,,,211.698512,,
2015-12-24,237.2435,,263.355731,,189.074726,,,210.717119,,
2015-12-28,236.5904,,262.352864,,188.818939,,,210.2094,,
2015-12-29,236.7268,,263.571548,,189.837718,,,212.202987,,
2015-12-30,235.4799,,261.885841,,189.018423,,,211.047493,,
2015-12-31,235.0356,,263.03035,,188.084782,,,211.321537,,
2016-01-04,235.12,,263.999682,,186.476812,,,210.21154,,
2016-01-05,235.2593,,266.100133,,186.706115,,,212.01897,,
2016-01-06,235.0113,,265.040388,,185.570883,,,210.112087,,
2016-01-07,233.1506,,259.340418,,182.900527,,,204.252092,,
2016-01-08,232.0854,,258.396716,,181.851904,,,203.270758,,
2016-01-11,230.6784,,258.261152,,181.751875,,,204.290863,,
2016-01-12,232.2835,,260.094107,,182.792672,,,205.489114,,
2016-01-13,230.6542,,257.806704,,180.231509,,,202.246701,,
2016-01-14,231.3019,,258.866232,,181.981988,,,204.476072,,
2016-01-15,230.4705,,256.890464,,179.716047,,,201.111722,,
2016-01-19,229.9935,,256.358783,,179.788033,,,201.192278,,
2016-01-20,229.8737,,256.780869,,178.472758,,,200.153505,,
2016-01-21,230.3299,,257.548415,,178.971968,,,200.914584,,
2016-01-22,232.3416,,261.721217,,181.227747,,,204.95312,,
2016-01-25,231.1301,,258.99345,,179.540338,,,201.981782,,
2016-01-26,233.5137,,261.209356,,181.097331,,,203.379091,,
2016-01-27,232.5832,,259.583315,,179.933288,,,201.61732,,
2016-01-28,233.0589,,258.999072,,180.562198,,,201.454622,,
2016-01-29,236.5545,,265.561326,,183.404422,,,206.709914,,
2016-02-01,236.5489,,264.147612,,183.289004,,,205.484967,,
2016-02-02,235.7681,,262.523367,,181.521553,,,202.921941,,
2016-02-03,236.8006,,259.284383,,182.166396,,,200.253315,,
2016-02-04,237.7532,,257.934608,,182.4082,,,198.676039,,
2016-02-05,236.3841,,257.681836,,180.259968,,,197.279848,,
2016-02-08,237.0434,,257.474743,,179.078355,,,195.284489,,
2016-02-09,236.7177,,254.85306,,179.076438,,,193.55993,,
2016-02-10,237.5084,,255.783618,,179.163035,,,193.713573,,
2016-02-11,238.5008,,256.096917,,177.815226,,,191.690833,,
2016-02-12,239.3124,,258.633713,,179.813975,,,195.101793,,
2016-02-16,238.8396,,260.622646,,181.458771,,,198.793265,,
2016-02-17,240.6484,,262.900824,,183.203472,,,200.937298,,
2016-02-18,242.0518,,264.964968,,182.96628,,,201.080098,,
2016-02-19,241.7576,,264.155318,,182.936703,,,200.677165,,
2016-02-22,242.618,,267.480234,,184.545344,,,204.262976,,
2016-02-23,241.875,,266.878914,,183.164269,,,202.899942,,
2016-02-24,242.4739,,267.726826,,183.685081,,,203.61917,,
2016-02-25,243.9804,,269.221508,,185.210824,,,205.181909,,
2016-02-26,242.8011,,270.186203,,184.817923,,,206.478336,,
2016-02-29,242.7913,,271.477408,,184.036764,,,206.596542,,
2016-03-01,243.7844,,272.755925,,186.41831,,,209.399064,,
2016-03-02,245.1817,,274.266275,,186.839314,,,209.831414,,
2016-03-03,246.804,,273.87348,,187.357481,,,208.730884,,
2016-03-04,246.6822,,272.588798,,187.614934,,,208.139968,,
2016-03-07,247.3678,,273.053533,,187.674035,,,207.982461,,
2016-03-08,246.2923,,271.965132,,186.639939,,,206.911612,,
2016-03-09,246.074,,272.183918,,187.153613,,,207.832201,,
2016-03-10,246.6635,,268.288376,,187.284175,,,204.510653,,
2016-03-11,246.9609,,269.402423,,188.96084,,,206.94884,,
2016-03-14,246.3409,,269.869062,,188.851771,,,207.709101,,
2016-03-15,246.3063,,269.551822,,188.600429,,,207.217922,,
2016-03-16,248.4647,,269.151827,,189.577741,,,206.175884,,
2016-03-17,249.4727,,268.006129,,190.460812,,,205.42118,,
2016-03-18,249.9067,,269.654271,,190.968282,,,206.875248,,
2016-03-21,249.0649,,269.372355,,190.968718,,,207.357914,,
2016-03-22,249.0441,,269.933403,,190.852973,,,207.681202,,
2016-03-23,247.7716,,269.445409,,190.266479,,,207.730101,,
2016-03-24,247.6999,,269.507263,,190.222622,,,207.790024,,
2016-03-28,247.9089,,269.233468,,190.344926,,,207.537279,,
2016-03-29,250.6105,,269.944084,,191.625211,,,207.226401,,
2016-03-30,249.5712,,267.634214,,192.101149,,,206.821182,,
2016-03-31,250.0987,,267.263953,,192.066695,,,206.062471,,
2016-04-01,250.4736,,267.333246,,192.784078,,,206.576095,,
2016-04-04,249.7404,,266.630282,,192.488764,,,206.32124,,
2016-04-05,250.0964,,267.172252,,191.439048,,,205.320505,,
2016-04-06,250.6823,,267.384629,,192.680804,,,206.333196,,
2016-04-07,250.9954,,268.224555,,191.464414,,,205.418108,,
2016-04-08,251.0249,,267.862863,,191.703414,,,205.373044,,
2016-04-11,251.287,,267.897993,,191.486375,,,204.953437,,
2016-04-12,252.4461,,269.606571,,192.429079,,,206.324308,,
2016-04-13,253.0666,,272.933053,,193.633806,,,209.662313,,
2016-04-14,251.9065,,271.841048,,193.50893,,,209.649852,,
2016-04-15,252.5759,,272.336184,,193.593109,,,209.566192,,
2016-04-18,253.1605,,272.114578,,194.397165,,,209.779806,,
2016-04-19,254.3438,,272.274293,,194.757041,,,209.313163,,
2016-04-20,253.567,,272.915874,,194.680238,,,210.366132,,
2016-04-21,252.5138,,271.989396,,193.951389,,,209.738248,,
2016-04-22,252.1106,,273.201092,,193.960823,,,211.019812,,
2016-04-25,251.477,,271.394423,,193.671691,,,209.839229,,
2016-04-26,251.8239,,271.034964,,193.805303,,,209.416993,,
2016-04-27,253.3569,,272.099541,,194.284963,,,209.484623,,
2016-04-28,253.0609,,271.099088,,193.375423,,,207.980286,,
2016-04-29,253.3221,,269.076573,,192.737491,,,205.535525,,
2016-05-02,253.3071,,267.098006,,193.612411,,,204.962478,,
2016-05-03,252.6252,,267.155231,,192.742275,,,204.635926,,
2016-05-04,251.813,,266.535124,,192.126582,,,204.165166,,
2016-05-05,252.46,,269.139092,,192.301915,,,205.819113,,
2016-05-06,252.8411,,269.658874,,192.610022,,,206.235686,,
2016-05-09,251.9851,,269.15916,,192.749623,,,206.702499,,
2016-05-10,253.8774,,271.454713,,194.228846,,,208.499473,,
2016-05-11,253.688,,269.925116,,193.137611,,,206.313722,,
2016-05-12,253.1362,,270.550358,,193.096179,,,207.197936,,
2016-05-13,252.8026,,271.902972,,192.236986,,,207.580835,,
2016-05-16,253.6469,,272.4134,,193.246622,,,208.366889,,
2016-05-17,252.9662,,271.900923,,192.0467,,,207.239684,,
2016-05-18,250.8964,,271.979868,,191.763922,,,208.702244,,
2016-05-19,250.7606,,272.133552,,191.411961,,,208.549786,,
2016-05-20,251.5553,,272.638222,,192.192984,,,209.126316,,
2016-05-23,251.3926,,272.408458,,192.021635,,,208.898898,,
2016-05-24,251.9396,,274.966775,,193.478719,,,211.99952,,
2016-05-25,252.6229,,275.334343,,194.274276,,,212.579242,,
2016-05-26,252.7883,,274.566922,,194.42988,,,212.017711,,
2016-05-27,252.8338,,276.667968,,194.912041,,,214.131375,,
2016-05-31,252.8319,,276.163764,,194.735576,,,213.549231,,
2016-06-01,253.3339,,275.302186,,194.941539,,,212.685866,,
2016-06-02,254.0584,,277.008168,,195.49541,,,213.99985,,
2016-06-03,255.8538,,273.770209,,195.565699,,,210.089761,,
2016-06-06,256.4225,,274.574486,,196.053516,,,210.764068,,
2016-06-07,257.2423,,275.403805,,196.31344,,,211.006325,,
2016-06-08,258.581,,276.032408,,196.723576,,,210.832599,,
2016-06-09,258.9826,,278.288921,,196.622572,,,212.117544,,
2016-06-10,257.9623,,278.851319,,195.607898,,,212.285698,,
2016-06-13,257.6741,,277.466568,,194.768199,,,210.55998,,
2016-06-14,257.4429,,279.35797,,194.498703,,,211.89209,,
2016-06-15,257.8281,,278.377043,,194.507495,,,210.842131,,
2016-06-16,258.0266,,279.484945,,194.899633,,,211.94484,,
2016-06-17,257.8927,,278.101009,,194.412117,,,210.477043,,
2016-06-20,257.7088,,276.925059,,194.94902,,,210.315825,,
2016-06-21,257.1035,,278.039172,,195.223965,,,211.95761,,
2016-06-22,256.937,,276.582206,,195.079103,,,210.826998,,
2016-06-23,257.6245,,275.098315,,196.470312,,,210.627751,,
2016-06-24,256.8895,,281.788281,,192.645402,,,212.154921,,
2016-06-27,256.4507,,282.809942,,190.900085,,,211.356104,,
2016-06-28,258.7052,,284.277578,,193.066661,,,212.991672,,
2016-06-29,260.5679,,284.792773,,194.983879,,,213.956086,,
2016-06-30,262.8402,,287.705701,,196.734021,,,216.199176,,
2016-07-01,265.0219,,289.325312,,197.154406,,,216.087199,,
2016-07-05,265.1465,,291.037282,,196.514105,,,216.558055,,
2016-07-06,266.2836,,291.61927,,197.359352,,,216.993835,,
2016-07-07,265.7846,,292.120129,,197.2303,,,217.63222,,
2016-07-08,268.6671,,295.641054,,199.119527,,,219.97939,,
2016-07-11,267.9241,,294.564831,,199.329303,,,220.017968,,
2016-07-12,267.1898,,293.685806,,199.954678,,,220.654373,,
2016-07-13,268.3508,,294.219757,,200.048866,,,220.202842,,
2016-07-14,267.5284,,292.579255,,200.652899,,,220.311397,,
2016-07-15,266.5198,,293.783411,,200.200481,,,221.554612,,
2016-07-18,266.8178,,292.879712,,200.569074,,,221.032608,,
2016-07-19,267.1266,,294.698112,,200.578351,,,222.158105,,
2016-07-20,266.5468,,294.242709,,201.006571,,,222.771884,,
2016-07-21,266.6627,,294.055577,,200.625385,,,222.111435,,
2016-07-22,267.0809,,295.917868,,201.178592,,,223.783473,,
2016-07-25,265.9422,,294.106734,,200.759107,,,222.900403,,
2016-07-26,266.3537,,294.744137,,200.817996,,,223.103795,,
2016-07-27,267.6634,,294.291516,,200.916335,,,221.779749,,
2016-07-28,267.5075,,293.650037,,201.060486,,,221.584161,,
2016-07-29,269.018,,292.862082,,201.460149,,,220.185565,,
2016-08-01,267.4135,,291.313625,,201.171319,,,220.019625,,
2016-08-02,266.5079,,288.723027,,200.1698,,,217.714712,,
2016-08-03,267.1398,,291.302597,,200.602977,,,219.614505,,
2016-08-04,267.7602,,292.543275,,200.876922,,,220.339332,,
2016-08-05,267.3153,,293.219301,,201.59343,,,222.005125,,
2016-08-08,267.6602,,293.489052,,201.569603,,,221.896798,,
2016-08-09,268.3789,,293.522596,,201.852197,,,221.638163,,
2016-08-10,268.2448,,291.816526,,201.644351,,,220.233063,,
2016-08-11,268.3668,,292.958535,,201.99032,,,221.373592,,
2016-08-12,268.8694,,292.957399,,202.077772,,,221.054585,,
2016-08-15,268.936,,292.390546,,202.286891,,,220.80048,,
2016-08-16,268.2372,,289.174016,,201.613029,,,218.211051,,
2016-08-17,269.022,,289.822179,,201.9948,,,218.475074,,
2016-08-18,270.0577,,289.205481,,202.377466,,,217.585523,,
2016-08-19,269.0113,,288.934982,,202.019196,,,217.841255,,
2016-08-22,269.2246,,289.156416,,202.137239,,,217.962766,,
2016-08-23,269.7555,,290.105941,,202.40458,,,218.536779,,
2016-08-24,268.429,,289.748211,,201.749264,,,218.63575,,
2016-08-25,268.0014,,288.855774,,201.584789,,,218.132128,,
2016-08-26,267.1712,,290.191553,,201.231693,,,219.436766,,
2016-08-29,268.9387,,292.231449,,202.046551,,,220.41593,,
2016-08-30,267.9494,,292.358501,,201.79617,,,221.051641,,
2016-08-31,267.2038,,291.166065,,201.440185,,,220.374899,,
2016-09-01,267.3462,,290.290857,,201.513557,,,219.675437,,
2016-09-02,268.0218,,292.18051,,201.95841,,,221.034952,,
2016-09-06,269.843,,291.504868,,202.496472,,,219.619048,,
2016-09-07,269.8169,,291.868296,,202.521741,,,219.941566,,
2016-09-08,268.8466,,290.374296,,201.963219,,,218.999838,,
2016-09-09,263.5435,,285.295425,,198.710828,,,215.964276,,
2016-09-12,265.6417,,287.469531,,200.4876,,,217.821615,,
2016-09-13,262.0952,,284.031088,,198.54046,,,216.009932,,
2016-09-14,261.9518,,283.141219,,198.589252,,,215.504001,,
2016-09-15,262.9811,,284.380201,,199.82736,,,216.944007,,
2016-09-16,262.6998,,286.430169,,199.428691,,,218.305432,,
2016-09-19,262.6469,,285.78042,,199.388465,,,217.810147,,
2016-09-20,262.7615,,286.487165,,199.41698,,,218.284782,,
2016-09-21,265.326,,288.383181,,200.962325,,,219.291931,,
2016-09-22,266.4678,,289.045344,,201.890144,,,219.864062,,
2016-09-23,265.657,,287.783247,,201.204843,,,218.826827,,
2016-09-26,265.1248,,286.428272,,200.325159,,,217.27958,,
2016-09-27,265.5566,,288.0261,,201.171904,,,219.058423,,
2016-09-28,266.543,,288.882046,,201.787579,,,219.566251,,
2016-09-29,265.7092,,287.868011,,200.694713,,,218.293415,,
2016-09-30,266.1634,,288.036663,,201.515617,,,218.940463,,
2016-10-03,265.6255,,288.095689,,201.141699,,,219.021625,,
2016-10-04,262.8206,,285.244373,,200.249479,,,218.19609,,
2016-10-05,263.2518,,285.653709,,200.675485,,,218.615387,,
2016-10-06,262.8014,,286.620636,,200.760485,,,219.824403,,
2016-10-07,262.3689,,284.881297,,200.358245,,,218.412098,,
2016-10-10,263.1085,,287.20034,,200.941921,,,220.210746,,
2016-10-11,261.2064,,287.296082,,199.305228,,,220.080959,,
2016-10-12,261.3833,,288.736703,,199.491227,,,221.241119,,
2016-10-13,261.1525,,287.164053,,199.211958,,,219.922254,,
2016-10-14,260.0994,,288.22197,,199.135285,,,221.540862,,
2016-10-17,260.0272,,287.424118,,198.864298,,,220.688213,,
2016-10-18,261.1896,,289.211244,,199.730835,,,222.035439,,
2016-10-19,262.1642,,290.454424,,200.100085,,,222.571612,,
2016-10-20,261.779,,291.195304,,199.848481,,,223.186696,,
2016-10-21,261.7206,,292.363571,,199.948524,,,224.244315,,
2016-10-24,261.8662,,292.593432,,200.337039,,,224.731662,,
2016-10-25,261.7418,,292.271772,,199.9375,,,224.143388,,
2016-10-26,261.0307,,290.927256,,199.542536,,,223.278136,,
2016-10-27,260.055,,290.22561,,199.021276,,,222.9913,,
2016-10-28,259.7922,,287.606294,,198.667072,,,220.808637,,
2016-10-31,259.9094,,287.777971,,198.768638,,,220.953716,,
2016-11-01,259.48,,285.348196,,197.869976,,,218.458542,,
2016-11-02,259.1293,,283.884006,,197.236982,,,216.935506,,
2016-11-03,258.659,,283.192692,,196.591657,,,216.091368,,
2016-11-04,258.8361,,282.501221,,196.625697,,,215.453546,,
2016-11-07,260.529,,286.898838,,199.137794,,,220.162981,,
2016-11-08,260.7048,,287.503907,,199.542911,,,220.927061,,
2016-11-09,260.2967,,290.082595,,200.068737,,,223.846407,,
2016-11-10,259.5839,,289.795626,,200.039141,,,224.205851,,
2016-11-11,257.8906,,288.857526,,199.621557,,,224.477854,,
2016-11-14,257.4467,,291.513475,,199.392342,,,226.671891,,
2016-11-15,259.1443,,293.920267,,200.388515,,,228.180531,,
2016-11-16,259.1608,,294.722621,,200.338537,,,228.731798,,
2016-11-17,258.7588,,296.076783,,200.65029,,,230.497864,,
2016-11-18,258.395,,296.805859,,200.125317,,,230.785375,,
2016-11-21,259.2951,,296.645756,,201.101223,,,230.981092,,
2016-11-22,259.4167,,296.784872,,201.407543,,,231.332925,,
2016-11-23,258.7158,,298.075575,,201.196062,,,232.723801,,
2016-11-25,258.8811,,297.170482,,201.63453,,,232.374313,,
2016-11-28,258.7996,,296.458297,,201.352188,,,231.56571,,
2016-11-29,258.7666,,295.421172,,201.67816,,,231.158653,,
2016-11-30,258.3763,,296.700279,,201.064599,,,231.802854,,
2016-12-01,257.8167,,294.038501,,200.356208,,,229.410793,,
2016-12-02,258.2641,,294.576393,,200.670108,,,229.791771,,
2016-12-05,258.4749,,291.948975,,201.464172,,,228.456905,,
2016-12-06,258.5813,,293.347398,,201.828705,,,229.871932,,
2016-12-07,259.6564,,293.58899,,203.616119,,,231.137694,,
2016-12-08,259.5116,,297.29071,,203.766216,,,234.35522,,
2016-12-09,259.2668,,298.648135,,204.254385,,,236.212119,,
2016-12-12,259.427,,296.584538,,204.044789,,,234.19452,,
2016-12-13,259.9319,,297.455462,,204.962444,,,235.480281,,
2016-12-14,258.5818,,298.444438,,203.508129,,,235.81161,,
2016-12-15,258.5035,,301.821202,,203.907721,,,239.020349,,
2016-12-16,258.6207,,300.8255,,203.724407,,,237.90979,,
2016-12-19,259.0711,,302.780522,,204.201252,,,239.599138,,
2016-12-20,258.8417,,302.98428,,204.598788,,,240.440043,,
2016-12-21,258.9017,,301.967118,,204.429434,,,239.37901,,
2016-12-22,258.7457,,301.449688,,204.220736,,,238.868797,,
2016-12-23,258.9204,,301.24905,,204.41803,,,238.779205,,
2016-12-27,259.1834,,301.318579,,204.661322,,,238.87593,,
2016-12-28,258.9058,,302.392562,,203.781512,,,238.952728,,
2016-12-29,259.3517,,300.617312,,204.000177,,,237.395957,,
2016-12-30,258.9372,,299.306429,,203.725533,,,236.4204,,
2017-01-03,259.8263,,303.587255,,204.740939,,,240.172348,,
2017-01-04,260.2561,,301.723147,,205.501025,,,239.188112,,
2017-01-05,260.9686,,299.165609,,205.740837,,,236.789152,,
2017-01-06,260.7313,,300.968162,,205.905009,,,238.622937,,
2017-01-09,260.7799,,299.893801,,205.634253,,,237.414216,,
2017-01-10,260.7203,,300.339489,,205.61422,,,237.798234,,
2017-01-11,261.1707,,300.062215,,206.063183,,,237.686846,,
2017-01-12,261.0639,,299.091537,,205.789066,,,236.69958,,
2017-01-13,261.0695,,298.299594,,205.918075,,,236.215766,,
2017-01-17,261.7128,,297.008017,,205.761987,,,234.437046,,
2017-01-18,261.2014,,298.761988,,205.685357,,,236.195219,,
2017-01-19,260.7522,,297.30275,,205.008485,,,234.671672,,
2017-01-20,261.0094,,296.600149,,205.494912,,,234.441331,,
2017-01-23,261.0598,,294.887814,,205.403158,,,232.938797,,
2017-01-24,261.6215,,296.422928,,206.059578,,,234.395385,,
2017-01-25,261.986,,296.39394,,206.913209,,,235.01595,,
2017-01-26,261.7172,,297.91964,,206.841798,,,236.386713,,
2017-01-27,261.4777,,297.354662,,206.707233,,,236.000898,,
2017-01-30,260.5237,,296.247596,,205.907675,,,235.07044,,
2017-01-31,261.1361,,294.031461,,206.086366,,,232.966802,,
2017-02-01,260.6361,,294.269766,,206.026366,,,233.534886,,
2017-02-02,260.9718,,294.919943,,206.148813,,,233.888725,,
2017-02-03,261.9549,,295.287063,,207.032393,,,234.300968,,
2017-02-06,262.2481,,296.604897,,207.044171,,,235.096878,,
2017-02-07,262.1725,,298.340148,,207.131118,,,236.639807,,
2017-02-08,262.9947,,298.870129,,207.530847,,,236.775117,,
2017-02-09,263.239,,300.47348,,208.069369,,,238.441559,,
2017-02-10,263.9346,,301.703713,,208.550807,,,239.339341,,
2017-02-13,264.2786,,303.34624,,209.114946,,,240.979212,,
2017-02-14,264.6587,,304.32271,,209.417186,,,241.756631,,
2017-02-15,265.287,,304.305463,,209.951723,,,241.785978,,
2017-02-16,265.3071,,302.161729,,210.020033,,,240.142592,,
2017-02-17,265.5766,,304.353357,,210.404375,,,242.081133,,
2017-02-21,266.4963,,307.687108,,211.144241,,,244.745798,,
2017-02-22,266.0777,,306.40648,,211.093652,,,244.052089,,
2017-02-23,266.8715,,306.626422,,211.314467,,,243.755542,,
2017-02-24,267.6264,,308.11403,,211.794836,,,244.802459,,
2017-02-27,267.5474,,307.257814,,211.834853,,,244.240401,,
2017-02-28,267.3395,,307.303546,,211.46086,,,244.035114,,
2017-03-01,269.0415,,310.139712,,212.85135,,,246.338561,,
2017-03-02,267.2609,,309.289534,,211.879504,,,246.170854,,
2017-03-03,267.3475,,306.004942,,212.02228,,,243.641745,,
2017-03-06,266.5164,,306.201061,,211.612393,,,244.085365,,
2017-03-07,265.3826,,305.400631,,211.119578,,,243.918018,,
2017-03-08,263.8577,,304.302548,,210.67691,,,243.933049,,
2017-03-09,263.6214,,303.035365,,210.580737,,,243.024009,,
2017-03-10,264.3486,,301.177299,,211.145717,,,241.515708,,
2017-03-13,264.1288,,301.491971,,211.079346,,,241.893177,,
2017-03-14,263.2705,,301.830045,,210.620723,,,242.426034,,
2017-03-15,266.4529,,301.837936,,212.199707,,,241.332627,,
2017-03-16,266.0739,,300.520923,,211.858365,,,240.234813,,
2017-03-17,266.056,,301.219922,,211.811028,,,240.755983,,
2017-03-20,266.2548,,301.408506,,211.798287,,,240.712359,,
2017-03-21,265.051,,298.094409,,210.343871,,,237.504658,,
2017-03-22,265.6081,,299.072339,,210.750456,,,238.243655,,
2017-03-23,265.2209,,299.004683,,210.649777,,,238.423543,,
2017-03-24,265.2102,,298.64367,,210.484345,,,237.958256,,
2017-03-27,265.3464,,296.967827,,210.557338,,,236.583509,,
2017-03-28,266.217,,299.317163,,211.28486,,,238.49655,,
2017-03-29,267.043,,301.595873,,211.588151,,,239.912805,,
2017-03-30,266.7317,,303.812687,,211.84042,,,242.246767,,
2017-03-31,266.532,,304.058121,,211.602869,,,242.352045,,
2017-04-03,266.9016,,304.125881,,211.692298,,,242.17268,,
2017-04-04,267.0199,,304.200805,,211.702005,,,242.136125,,
2017-04-05,266.6482,,304.053729,,211.41281,,,242.025354,,
2017-04-06,267.0348,,305.023844,,211.759525,,,242.843659,,
2017-04-07,266.7201,,306.215158,,211.45025,,,243.723288,,
2017-04-10,267.2155,,306.613077,,211.637906,,,243.803744,,
2017-04-11,268.1421,,307.418056,,211.716978,,,243.69013,,
2017-04-12,267.9964,,305.507955,,211.349581,,,241.887174,,
2017-04-13,266.9571,,305.843165,,210.632515,,,242.270538,,
2017-04-17,267.9365,,306.068201,,211.713381,,,242.802148,,
2017-04-18,268.0635,,303.73601,,211.672728,,,240.791635,,
2017-04-19,266.6899,,302.707204,,211.308067,,,240.796491,,
2017-04-20,267.833,,303.87134,,212.208607,,,241.716633,,
2017-04-21,267.4172,,303.13932,,211.821426,,,241.068636,,
2017-04-24,268.5087,,300.4406,,213.099552,,,239.387066,,
2017-04-25,268.6145,,298.883693,,213.566315,,,238.574163,,
2017-04-26,268.8532,,299.755612,,213.588443,,,239.082479,,
2017-04-27,268.4886,,300.279923,,213.776712,,,240.037296,,
2017-04-28,268.4209,,299.443889,,213.65075,,,239.288284,,
2017-05-01,267.7986,,298.733218,,213.749328,,,239.385511,,
2017-05-02,267.9804,,298.028114,,213.922762,,,238.852114,,
2017-05-03,267.3108,,298.597312,,213.674357,,,239.629169,,
2017-05-04,266.3317,,294.819084,,213.751831,,,237.55297,,
2017-05-05,267.4192,,295.603015,,214.276708,,,237.798509,,
2017-05-08,267.2492,,297.465277,,214.086577,,,239.236363,,
2017-05-09,266.6655,,298.16689,,213.978889,,,240.204644,,
2017-05-10,267.1504,,298.90426,,214.229496,,,240.643109,,
2017-05-11,266.9623,,298.828563,,213.958301,,,240.44691,,
2017-05-12,267.0999,,297.051604,,214.06724,,,239.015614,,
2017-05-15,268.1025,,296.992929,,214.746443,,,238.830129,,
2017-05-16,268.1842,,294.198946,,214.731714,,,236.495021,,
2017-05-17,266.966,,290.862619,,212.886711,,,232.861878,,
2017-05-18,267.167,,292.58145,,213.350581,,,234.571742,,
2017-05-19,268.7014,,291.478597,,214.183974,,,233.260715,,
2017-05-22,269.4614,,291.530434,,214.782723,,,233.294537,,
2017-05-23,269.1757,,292.677325,,214.905046,,,234.594446,,
2017-05-24,269.8027,,292.42537,,215.358497,,,234.341204,,
2017-05-25,269.9955,,292.83275,,216.011856,,,235.211524,,
2017-05-26,270.4635,,294.132806,,215.949772,,,235.779173,,
2017-05-30,270.0758,,293.558867,,216.003379,,,235.715404,,
2017-05-31,270.2997,,292.296924,,216.065185,,,234.574805,,
2017-06-01,271.6202,,294.550201,,217.056957,,,236.313676,,
2017-06-02,272.6511,,293.846447,,217.764816,,,235.623602,,
2017-06-05,272.3334,,294.200416,,217.537011,,,235.935568,,
2017-06-06,272.9141,,294.244666,,217.297944,,,235.210188,,
2017-06-07,272.3077,,294.104702,,217.430634,,,235.765724,,
2017-06-08,271.9218,,294.837812,,217.416025,,,236.672932,,
2017-06-09,271.9483,,295.31694,,217.14499,,,236.738948,,
2017-06-12,272.0257,,295.192684,,217.120176,,,236.544973,,
2017-06-13,273.0024,,296.104552,,217.773711,,,237.13844,,
2017-06-14,272.8566,,295.711609,,217.893266,,,237.080376,,
2017-06-15,272.3446,,297.082095,,217.587098,,,238.291602,,
2017-06-16,272.7538,,296.181075,,217.663702,,,237.295987,,
2017-06-19,273.3739,,298.146034,,218.636227,,,239.393305,,
2017-06-20,272.3633,,297.425411,,217.887232,,,238.87965,,
2017-06-21,272.0799,,296.174152,,217.866568,,,238.09988,,
2017-06-22,272.2114,,296.77436,,217.845944,,,238.444569,,
2017-06-23,272.6963,,296.208593,,218.028063,,,237.765419,,
2017-06-26,272.5907,,296.374583,,218.181249,,,238.158032,,
2017-06-27,271.0192,,290.608905,,216.873453,,,233.471105,,
2017-06-28,272.2828,,290.985981,,218.067363,,,233.970131,,
2017-06-29,270.3842,,287.368013,,216.748517,,,231.276304,,
2017-06-30,270.628,,288.166246,,216.877205,,,231.847371,,
2017-07-03,270.7473,,289.670947,,216.945324,,,233.028471,,
2017-07-05,270.5759,,289.819141,,217.294737,,,233.671125,,
2017-07-06,268.56,,285.829039,,215.939228,,,230.735518,,
2017-07-07,268.8455,,286.695113,,216.746858,,,232.05355,,
2017-07-10,269.1979,,287.096094,,216.930895,,,232.270958,,
2017-07-11,269.2652,,285.502321,,216.904518,,,230.89573,,
2017-07-12,270.9082,,288.628925,,218.153646,,,233.344767,,
2017-07-13,270.8696,,288.954986,,218.266123,,,233.762126,,
2017-07-14,272.1074,,288.528493,,218.971761,,,233.106484,,
2017-07-17,272.3013,,288.41713,,219.001208,,,232.881899,,
2017-07-18,272.9356,,287.222169,,219.267533,,,231.659433,,
2017-07-19,274.0484,,289.344977,,219.998735,,,233.199034,,
2017-07-20,274.2948,,286.736372,,220.081306,,,230.97568,,
2017-07-21,274.4145,,286.035095,,220.121193,,,230.352013,,
2017-07-24,274.0646,,286.269267,,220.006745,,,230.714913,,
2017-07-25,274.0001,,286.044603,,220.01388,,,230.595594,,
2017-07-26,274.4567,,284.367493,,220.181749,,,229.036827,,
2017-07-27,274.2764,,285.602195,,219.932824,,,229.922269,,
2017-07-28,274.4873,,284.019164,,219.957106,,,228.497406,,
2017-07-31,274.5769,,281.899693,,219.841274,,,226.598862,,
2017-08-01,275.309,,283.594933,,220.37784,,,227.910255,,
2017-08-02,275.1855,,282.183748,,220.376748,,,226.876811,,
2017-08-03,275.1776,,281.887948,,220.301978,,,226.568596,,
2017-08-04,274.6958,,283.657888,,220.396545,,,228.489114,,
2017-08-07,274.8168,,283.282345,,220.632667,,,228.330502,,
2017-08-08,274.3059,,283.754181,,220.232864,,,228.721576,,
2017-08-09,275.139,,284.504617,,220.299963,,,228.701744,,
2017-08-10,273.5663,,282.505935,,218.525818,,,226.561245,,
2017-08-11,273.7898,,281.576697,,218.790699,,,225.90518,,
2017-08-14,274.5535,,283.373747,,220.051733,,,228.021243,,
2017-08-15,273.8693,,283.749209,,219.914172,,,228.75069,,
2017-08-16,274.4025,,283.535645,,220.299229,,,228.533813,,
2017-08-17,272.3754,,282.437306,,218.362507,,,227.326539,,
2017-08-18,272.1449,,281.367915,,218.105688,,,226.391048,,
2017-08-21,272.4878,,280.444069,,218.273385,,,225.537036,,
2017-08-22,273.7276,,282.977781,,219.55884,,,227.878085,,
2017-08-23,273.8835,,282.021387,,219.296371,,,226.707301,,
2017-08-24,273.2726,,281.58075,,218.872103,,,226.420201,,
2017-08-25,274.1037,,279.567607,,219.244644,,,224.501285,,
2017-08-28,274.6876,,278.785532,,219.275746,,,223.429062,,
2017-08-29,274.8541,,279.105971,,219.555247,,,223.83532,,
2017-08-30,275.5767,,281.923818,,220.165418,,,226.129001,,
2017-08-31,277.2941,,283.068586,,221.078699,,,226.577006,,
2017-09-01,277.4101,,284.330618,,221.066107,,,227.479053,,
2017-09-05,277.9022,,283.641715,,220.481121,,,225.926624,,
2017-09-06,278.1987,,283.813287,,220.823825,,,226.173357,,
2017-09-07,279.4098,,282.537981,,221.029929,,,224.390349,,
2017-09-08,278.8583,,281.692113,,220.771151,,,223.89857,,
2017-09-11,279.3272,,284.137182,,221.944897,,,226.661571,,
2017-09-12,279.8133,,284.272485,,222.269148,,,226.706277,,
2017-09-13,279.594,,285.992732,,222.236146,,,228.22317,,
2017-09-14,280.1494,,285.769783,,222.245669,,,227.602906,,
2017-09-15,280.3082,,285.395365,,222.403004,,,227.336752,,
2017-09-18,280.0343,,284.920827,,222.654173,,,227.437301,,
2017-09-19,280.2792,,284.083462,,222.736596,,,226.654605,,
2017-09-20,280.1072,,286.392374,,222.711895,,,228.611713,,
2017-09-21,279.339,,284.384759,,222.339496,,,227.252802,,
2017-09-22,279.9972,,284.914078,,222.433387,,,227.236496,,
2017-09-25,281.0332,,288.362583,,222.367648,,,229.071346,,
2017-09-26,280.5169,,289.209529,,222.416113,,,230.217166,,
2017-09-27,279.9376,,289.777117,,222.676109,,,231.416523,,
2017-09-28,279.9728,,288.797968,,222.846101,,,230.781621,,
2017-09-29,280.31,,288.504436,,223.244186,,,230.681065,,
2017-10-02,280.6143,,290.784622,,223.878424,,,232.911947,,
2017-10-03,281.0094,,290.896497,,224.239855,,,233.049586,,
2017-10-04,281.3095,,290.850525,,224.377396,,,232.906947,,
2017-10-05,281.9227,,292.671806,,225.134421,,,234.644636,,
2017-10-06,281.507,,291.672384,,224.837465,,,233.879782,,
2017-10-09,281.9488,,291.968395,,224.746375,,,233.65559,,
2017-10-10,282.657,,291.025993,,225.110493,,,232.694255,,
2017-10-11,283.2398,,290.386542,,225.334246,,,231.935535,,
2017-10-12,283.2501,,291.09428,,225.240208,,,232.395336,,
2017-10-13,284.1306,,292.295673,,225.628497,,,233.032351,,
2017-10-16,284.0034,,292.712221,,225.720026,,,233.563673,,
2017-10-17,283.9115,,293.35366,,225.785452,,,234.219134,,
2017-10-18,283.3315,,292.217909,,225.769944,,,233.773877,,
2017-10-19,283.7018,,291.034458,,225.881242,,,232.63785,,
2017-10-20,283.6553,,292.805238,,226.31344,,,234.539595,,
2017-10-23,283.1489,,292.979053,,225.88273,,,234.651108,,
2017-10-24,282.9178,,292.428814,,225.9269,,,234.447562,,
2017-10-25,281.7718,,289.986874,,225.200137,,,232.684445,,
2017-10-26,281.4978,,293.753329,,225.279984,,,236.019718,,
2017-10-27,283.1575,,296.618302,,226.577449,,,238.289248,,
2017-10-30,283.3604,,295.681792,,226.322321,,,237.099534,,
2017-10-31,283.5208,,295.963483,,226.47513,,,237.351296,,
2017-11-01,284.419,,297.626896,,226.699991,,,238.167754,,
2017-11-02,284.7318,,296.916588,,226.797492,,,237.440405,,
2017-11-03,285.2274,,298.740267,,227.338087,,,239.052126,,
2017-11-06,286.6969,,300.256104,,227.636081,,,239.346916,,
2017-11-07,286.5964,,300.73636,,227.560694,,,239.734394,,
2017-11-08,286.816,,300.735768,,227.737167,,,239.736141,,
2017-11-09,286.34,,299.021949,,227.17629,,,238.17816,,
2017-11-10,284.9801,,297.063397,,226.768628,,,237.320617,,
2017-11-13,285.1459,,297.13177,,226.895692,,,237.370146,,
2017-11-14,284.8843,,293.567868,,226.667355,,,234.502171,,
2017-11-15,284.3075,,293.152397,,226.161072,,,234.121272,,
2017-11-16,284.9735,,294.37342,,227.218591,,,235.643718,,
2017-11-17,285.6954,,294.65845,,226.910158,,,234.956507,,
2017-11-20,285.3222,,295.65811,,227.10352,,,236.263149,,
2017-11-21,286.621,,296.862261,,228.079584,,,237.165374,,
2017-11-22,287.1495,,295.278893,,228.120655,,,235.508636,,
2017-11-24,287.3366,,292.833353,,228.413572,,,233.705743,,
2017-11-27,287.0236,,293.274047,,228.347117,,,234.244523,,
2017-11-28,288.9739,,296.778397,,229.736899,,,236.87668,,
2017-11-29,288.4206,,295.975122,,229.424697,,,236.367079,,
2017-11-30,289.8147,,295.986617,,230.48618,,,236.327599,,
2017-12-01,290.7091,,297.124712,,230.461109,,,236.480689,,
2017-12-04,290.4576,,297.620809,,230.288179,,,236.902739,,
2017-12-05,289.6798,,297.812813,,229.877038,,,237.267715,,
2017-12-06,289.2884,,298.156755,,229.998882,,,237.989198,,
2017-12-07,288.9767,,298.417383,,230.312633,,,238.779445,,
2017-12-08,290.152,,299.712547,,231.036733,,,239.595291,,
2017-12-11,290.6029,,300.201261,,231.423403,,,240.014639,,
2017-12-12,290.7552,,301.04159,,231.624956,,,240.76993,,
2017-12-13,291.4305,,299.597464,,231.870136,,,239.31275,,
2017-12-14,290.7641,,300.12551,,231.323372,,,239.717384,,
2017-12-15,292.318,,302.538578,,232.513385,,,241.596729,,
2017-12-18,293.3647,,302.709602,,233.277368,,,241.662262,,
2017-12-19,292.2602,,300.128098,,232.459645,,,239.663798,,
2017-12-20,292.3094,,299.349232,,232.178885,,,238.712948,,
2017-12-21,293.6648,,300.663826,,232.54199,,,239.02788,,
2017-12-22,293.9792,,301.374046,,232.55039,,,239.344915,,
2017-12-26,294.6176,,302.04888,,232.46081,,,239.268858,,
2017-12-27,295.3912,,302.123501,,232.818682,,,239.068672,,
2017-12-28,295.9375,,301.260375,,233.039116,,,238.170914,,
2017-12-29,295.5041,,299.25304,,232.607776,,,236.492394,,
2018-01-02,297.2417,,299.682128,,233.468294,,,236.318056,,
2018-01-03,299.0036,,302.562544,,234.360122,,,238.089558,,
2018-01-04,300.0899,,302.303007,,234.898385,,,237.568583,,
2018-01-05,300.8798,,304.126929,,235.773829,,,239.262882,,
2018-01-08,301.266,,306.054274,,236.011452,,,240.712859,,
2018-01-09,300.8424,,306.39974,,236.073163,,,241.386987,,
2018-01-10,300.4545,,305.720381,,235.855186,,,240.940051,,
2018-01-11,302.5933,,305.74961,,236.920392,,,240.340485,,
2018-01-12,304.6723,,303.523827,,237.837977,,,237.880536,,
2018-01-16,304.6508,,302.106141,,237.373918,,,236.324157,,
2018-01-17,305.9449,,305.256904,,238.628891,,,239.035931,,
2018-01-18,304.8066,,302.823826,,238.173746,,,237.562261,,
2018-01-19,305.4325,,304.002149,,238.629812,,,238.45366,,
2018-01-22,307.3371,,304.715322,,239.750353,,,238.647256,,
2018-01-23,308.1688,,304.63311,,240.292849,,,238.47737,,
2018-01-24,308.5138,,302.302196,,240.131753,,,236.22953,,
2018-01-25,308.5553,,302.681969,,240.447498,,,236.805447,,
2018-01-26,310.3368,,303.555119,,241.933468,,,237.584511,,
2018-01-29,308.9152,,303.318928,,240.811984,,,237.38661,,
2018-01-30,306.4146,,300.359044,,239.167474,,,235.370084,,
2018-01-31,306.6609,,300.334098,,239.317279,,,235.308806,,
2018-02-01,305.9987,,297.411821,,238.857272,,,233.074628,,
2018-02-02,301.7522,,294.53013,,235.456065,,,230.731587,,
2018-02-05,299.6476,,294.56895,,229.931619,,,226.930436,,
2018-02-06,301.3784,,296.023863,,232.383279,,,229.159233,,
2018-02-07,300.6485,,298.05461,,231.414162,,,230.32688,,
2018-02-08,301.5339,,299.325356,,226.051731,,,225.285422,,
2018-02-09,300.2314,,297.969138,,227.969818,,,227.148782,,
2018-02-12,301.1984,,297.921947,,229.998658,,,228.398384,,
2018-02-13,301.7402,,297.029594,,230.376387,,,227.678698,,
2018-02-14,300.7576,,293.698458,,231.928554,,,227.382567,,
2018-02-15,301.7894,,293.36755,,233.82082,,,228.196594,,
2018-02-16,302.1864,,296.049696,,234.042666,,,230.198574,,
2018-02-20,301.6191,,297.228072,,233.071698,,,230.588908,,
2018-02-21,300.3026,,297.236616,,232.073639,,,230.614662,,
2018-02-22,300.6713,,296.467096,,232.26151,,,229.921538,,
2018-02-23,301.3713,,298.03477,,234.72224,,,233.043594,,
2018-02-26,301.9545,,298.034509,,236.423507,,,234.279124,,
2018-02-27,301.7894,,299.94391,,234.446158,,,233.936008,,
2018-02-28,301.5654,,300.672565,,233.284695,,,233.515884,,
2018-03-01,301.817,,299.122777,,231.327744,,,230.17142,,
2018-03-02,301.0351,,297.153583,,231.899161,,,229.816338,,
2018-03-05,301.4367,,297.072408,,233.449211,,,230.981123,,
2018-03-06,302.3082,,296.314683,,233.824332,,,230.096936,,
2018-03-07,301.6239,,295.455762,,233.754782,,,229.882073,,
2018-03-08,301.4409,,297.667747,,234.588025,,,232.569805,,
2018-03-09,301.7386,,298.153043,,236.858066,,,234.971095,,
2018-03-12,302.782,,298.453877,,236.734891,,,234.275747,,
2018-03-13,302.7044,,297.038313,,235.946343,,,232.447497,,
2018-03-14,302.8914,,297.757772,,235.375419,,,232.303181,,
2018-03-15,301.5981,,297.994836,,235.223116,,,233.333999,,
2018-03-16,301.2643,,298.059882,,235.330189,,,233.749875,,
2018-03-19,301.0037,,296.662512,,233.31891,,,230.8653,,
2018-03-20,300.4555,,298.393736,,233.408112,,,232.725181,,
2018-03-21,301.9078,,297.490867,,233.126426,,,230.626229,,
2018-03-22,301.4744,,297.935571,,229.812181,,,228.014702,,
2018-03-23,300.6972,,295.93099,,226.873979,,,224.16285,,
2018-03-26,302.6035,,295.64352,,230.566907,,,226.156606,,
2018-03-27,302.5941,,296.616439,,228.477633,,,224.851784,,
2018-03-28,301.5615,,297.878781,,228.114738,,,226.222035,,
2018-03-29,302.2929,,298.780895,,230.127281,,,228.355182,,
2018-04-02,302.2444,,298.698961,,227.061138,,,225.287008,,
2018-04-03,302.2168,,299.448214,,228.70835,,,227.511331,,
2018-04-04,302.5644,,299.594845,,230.207632,,,228.851685,,
2018-04-05,302.4509,,300.429437,,231.165813,,,230.530875,,
2018-04-06,301.9073,,298.91011,,228.288932,,,226.918411,,
2018-04-09,302.4932,,298.488668,,229.037366,,,226.901026,,
2018-04-10,304.4022,,299.52392,,231.157287,,,228.354304,,
2018-04-11,304.7337,,299.573692,,230.509079,,,227.504039,,
2018-04-12,303.9853,,299.824733,,231.438301,,,229.175397,,
2018-04-13,303.7512,,299.513648,,231.050748,,,228.730395,,
2018-04-16,303.7733,,298.332826,,232.214661,,,228.959657,,
2018-04-17,303.7185,,298.524989,,233.724788,,,230.63866,,
2018-04-18,303.7534,,298.445884,,233.573063,,,230.401388,,
2018-04-19,303.3326,,298.722914,,232.570139,,,229.943581,,
2018-04-20,302.7507,,299.588987,,231.125741,,,229.618508,,
2018-04-23,302.4663,,301.200263,,231.063271,,,231.008074,,
2018-04-24,302.2863,,300.447597,,229.071092,,,228.580113,,
2018-04-25,302.2754,,302.205797,,229.287801,,,230.143558,,
2018-04-26,302.4617,,303.811183,,230.844285,,,232.79325,,
2018-04-27,302.4849,,303.255692,,231.086251,,,232.593331,,
2018-04-30,302.0763,,304.067215,,230.043745,,,232.477679,,
2018-05-01,301.6162,,305.781454,,230.209177,,,234.313331,,
2018-05-02,301.2791,,306.485042,,229.284309,,,234.170672,,
2018-05-03,301.7088,,305.967188,,229.081039,,,233.2351,,
2018-05-04,301.9854,,306.974933,,230.927302,,,235.673165,,
2018-05-07,302.0421,,308.000907,,231.350638,,,236.849844,,
2018-05-08,302.0977,,309.566239,,231.249966,,,237.906187,,
2018-05-09,301.9352,,309.74958,,232.48007,,,239.442146,,
2018-05-10,302.3084,,308.440627,,233.995061,,,239.687807,,
2018-05-11,302.295,,307.837911,,234.468839,,,239.714419,,
2018-05-14,301.7775,,307.614976,,234.442696,,,239.924839,,
2018-05-15,301.4615,,309.598027,,233.05605,,,240.294924,,
2018-05-16,301.1455,,310.082915,,233.54078,,,241.424908,,
2018-05-17,300.8532,,310.141816,,233.298733,,,241.454864,,
2018-05-18,301.1234,,311.069244,,233.186195,,,241.842872,,
2018-05-21,301.236,,310.581206,,234.253197,,,242.47765,,
2018-05-22,301.0287,,310.712673,,233.86141,,,242.341346,,
2018-05-23,301.2604,,313.153275,,234.497717,,,244.7211,,
2018-05-24,301.4531,,312.717206,,234.472187,,,244.197517,,
2018-05-25,301.3729,,314.547728,,234.341782,,,245.555673,,
2018-05-29,302.9015,,319.118476,,233.341398,,,246.808554,,
2018-05-30,302.9432,,315.834179,,234.977156,,,245.946954,,
2018-05-31,302.6047,,314.695945,,234.033523,,,244.34949,,
2018-06-01,302.3092,,315.275941,,235.289141,,,246.353785,,
2018-06-04,301.7899,,313.636635,,235.743046,,,245.968143,,
2018-06-05,301.8605,,313.203971,,235.9166,,,245.752169,,
2018-06-06,301.7038,,311.536452,,236.882699,,,245.572267,,
2018-06-07,302.752,,311.966972,,237.071177,,,245.255209,,
2018-06-08,302.7799,,312.828304,,237.371274,,,246.220976,,
2018-06-11,302.7762,,312.415595,,237.454495,,,245.985356,,
2018-06-12,302.55,,313.17632,,237.663588,,,246.985976,,
2018-06-13,302.423,,311.80503,,237.118206,,,245.443248,,
2018-06-14,302.9017,,318.370993,,237.725437,,,250.85648,,
2018-06-15,301.7458,,316.079362,,237.573582,,,249.84516,,
2018-06-18,301.4703,,315.345166,,237.293831,,,249.198819,,
2018-06-19,301.8413,,316.676004,,236.848828,,,249.47419,,
2018-06-20,300.9746,,316.249778,,236.911682,,,249.922149,,
2018-06-21,301.0072,,315.395357,,236.053648,,,248.317322,,
2018-06-22,301.1685,,314.140211,,236.390629,,,247.549543,,
2018-06-25,301.8099,,313.520733,,234.416067,,,244.477022,,
2018-06-26,301.2123,,314.425998,,234.874423,,,246.149728,,
2018-06-27,302.0234,,317.818788,,233.874854,,,247.081592,,
2018-06-28,302.1585,,317.567873,,234.665879,,,247.610797,,
2018-06-29,301.8868,,314.177804,,234.950791,,,245.485686,,
2018-07-02,301.0661,,314.470498,,235.16063,,,246.604249,,
2018-07-03,302.1453,,315.086091,,234.864528,,,245.894439,,
2018-07-05,302.5986,,314.694985,,236.091915,,,246.50283,,
2018-07-06,302.6944,,313.389832,,237.391793,,,246.753945,,
2018-07-09,302.5552,,313.035108,,238.583311,,,247.82572,,
2018-07-10,302.6283,,313.270707,,239.03384,,,248.420553,,
2018-07-11,301.5848,,314.10282,,238.014341,,,248.876218,,
2018-07-12,302.1969,,314.802356,,239.425014,,,250.400608,,
2018-07-13,302.1774,,314.410256,,239.63314,,,250.322271,,
2018-07-16,301.3087,,312.780927,,239.396089,,,249.495967,,
2018-07-17,300.6185,,313.421308,,239.943945,,,251.154231,,
2018-07-18,300.389,,313.779428,,240.211705,,,251.914111,,
2018-07-19,300.5628,,313.885459,,239.821301,,,251.444194,,
2018-07-20,299.8146,,311.030752,,239.457556,,,249.400308,,
2018-07-23,298.4225,,310.298857,,239.392309,,,249.906006,,
2018-07-24,299.1904,,311.323651,,240.256018,,,250.990119,,
2018-07-25,300.4277,,311.427611,,241.49632,,,251.330703,,
2018-07-26,299.7612,,313.010684,,241.09751,,,252.751857,,
2018-07-27,299.5383,,312.485375,,240.184281,,,251.558968,,
2018-07-30,299.1965,,310.744857,,239.338248,,,249.561412,,
2018-07-31,299.9242,,311.886996,,240.127371,,,250.694792,,
2018-08-01,298.1549,,310.890115,,239.785844,,,251.018882,,
2018-08-02,298.1777,,312.929568,,240.603438,,,253.507701,,
2018-08-03,298.9606,,314.250355,,241.442471,,,254.796451,,
2018-08-06,298.5895,,314.191702,,242.032454,,,255.688781,,
2018-08-07,298.5101,,312.89216,,242.33796,,,255.020437,,
2018-08-08,298.3459,,312.412977,,242.274546,,,254.703356,,
2018-08-09,298.8291,,315.174922,,242.21806,,,256.479806,,
2018-08-10,299.503,,319.085788,,241.451514,,,258.258191,,
2018-08-13,298.5807,,318.142216,,240.964717,,,257.769134,,
2018-08-14,298.4072,,319.801669,,241.795265,,,260.157954,,
2018-08-15,297.1044,,318.371785,,240.852077,,,259.115727,,
2018-08-16,297.301,,317.700346,,242.0653,,,259.699877,,
2018-08-17,297.9749,,316.761016,,242.638358,,,258.958035,,
2018-08-20,299.0586,,316.655951,,243.147486,,,258.475289,,
2018-08-21,299.6904,,314.886794,,243.407576,,,256.763682,,
2018-08-22,300.2608,,314.767916,,243.402173,,,256.173476,,
2018-08-23,299.5065,,315.585469,,243.147744,,,257.216532,,
2018-08-24,301.4388,,315.390913,,244.130605,,,256.442581,,
2018-08-27,302.2705,,314.69027,,245.162263,,,256.24716,,
2018-08-28,301.2043,,313.135121,,245.05593,,,255.772423,,
2018-08-29,302.3874,,314.024043,,245.824972,,,256.296748,,
2018-08-30,302.0258,,314.61064,,245.270342,,,256.502904,,
2018-08-31,301.4067,,315.868402,,245.264372,,,258.051052,,
2018-09-04,300.4522,,315.409171,,244.906426,,,258.11723,,
2018-09-05,300.261,,313.891154,,244.463462,,,256.573616,,
2018-09-06,300.2579,,314.060753,,244.18468,,,256.422142,,
2018-09-07,299.3743,,315.072052,,243.552834,,,257.339493,,
2018-09-10,299.4379,,314.054204,,243.899335,,,256.818525,,
2018-09-11,299.0224,,313.272483,,244.219,,,256.871465,,
2018-09-12,299.6938,,313.397918,,244.311992,,,256.496251,,
2018-09-13,299.8684,,311.852978,,245.249109,,,256.061638,,
2018-09-14,299.0749,,312.869132,,245.089846,,,257.410322,,
2018-09-17,299.2238,,311.379727,,244.311359,,,255.24412,,
2018-09-18,298.9829,,311.625187,,244.891984,,,256.258724,,
2018-09-19,298.413,,310.820669,,244.863718,,,256.055718,,
2018-09-20,299.6857,,309.363242,,246.181619,,,255.138619,,
2018-09-21,299.4527,,309.920097,,246.127803,,,255.740829,,
2018-09-24,299.251,,309.690255,,245.542871,,,255.115677,,
2018-09-25,299.4386,,309.399781,,245.35866,,,254.525616,,
2018-09-26,299.253,,309.969382,,245.143617,,,254.928718,,
2018-09-27,298.8552,,312.118255,,245.626061,,,257.543555,,
2018-09-28,298.9278,,313.211163,,245.537103,,,258.289018,,
2018-10-01,298.9253,,313.882151,,246.02187,,,259.355552,,
2018-10-02,300.1055,,315.970154,,246.054554,,,260.088651,,
2018-10-03,298.6074,,316.293904,,245.662017,,,261.243899,,
2018-10-04,297.7164,,314.353166,,244.227165,,,258.896951,,
2018-10-05,296.7283,,313.160256,,243.192749,,,257.677311,,
2018-10-08,296.0068,,313.170908,,243.157379,,,258.276603,,
2018-10-09,297.1765,,314.422115,,243.087479,,,258.213592,,
2018-10-10,294.5178,,310.873223,,238.435818,,,252.674347,,
2018-10-11,294.1893,,308.504161,,235.572482,,,248.01423,,
2018-10-12,294.1342,,309.401835,,237.556227,,,250.877474,,
2018-10-15,293.7196,,308.386682,,236.70123,,,249.506055,,
2018-10-16,295.3461,,310.244448,,239.862052,,,252.960209,,
2018-10-17,294.9964,,311.844103,,239.688301,,,254.381512,,
2018-10-18,294.1905,,312.295637,,237.543602,,,253.161988,,
2018-10-19,293.3783,,309.799554,,237.387527,,,251.66834,,
2018-10-22,292.613,,310.312159,,236.736739,,,252.051174,,
2018-10-23,292.4526,,309.985222,,236.129566,,,251.277591,,
2018-10-24,290.0584,,309.555364,,232.07387,,,248.654898,,
2018-10-25,291.33,,311.388073,,234.491864,,,251.630009,,
2018-10-26,291.3827,,310.644166,,232.235029,,,248.567906,,
2018-10-29,290.1345,,310.148438,,231.364707,,,248.304862,,
2018-10-30,290.6408,,311.494928,,233.293694,,,251.024024,,
2018-10-31,290.2128,,311.905127,,234.745285,,,253.291558,,
2018-11-01,291.8788,,311.042133,,236.247092,,,252.755741,,
2018-11-02,290.6085,,310.262281,,235.131716,,,252.028567,,
2018-11-05,291.3743,,310.550787,,235.966623,,,252.493299,,
2018-11-06,291.2619,,309.912043,,236.877017,,,253.043734,,
2018-11-07,292.4074,,311.128169,,239.996945,,,256.374351,,
2018-11-08,291.3793,,311.736772,,239.56271,,,257.315793,,
2018-11-09,290.1226,,311.164487,,238.275331,,,256.56974,,
2018-11-12,288.307,,312.450594,,235.762374,,,256.518417,,
2018-11-13,287.4107,,309.517453,,235.533336,,,254.655161,,
2018-11-14,287.3847,,309.002223,,234.578624,,,253.223661,,
2018-11-15,288.5123,,309.713365,,236.159919,,,254.518698,,
2018-11-16,290.2484,,309.090647,,236.688122,,,253.052353,,
2018-11-19,289.5467,,307.368731,,234.273184,,,249.678722,,
2018-11-20,287.5234,,307.446433,,231.642698,,,248.675366,,
2018-11-21,288.2629,,307.847264,,232.173072,,,248.929452,,
2018-11-23,286.9554,,307.751287,,231.214573,,,248.95369,,
2018-11-26,287.9456,,309.028616,,233.437696,,,251.522665,,
2018-11-27,287.5372,,309.705809,,233.937712,,,252.972573,,
2018-11-28,289.3056,,309.45011,,237.343146,,,254.875671,,
2018-11-29,290.0217,,309.497179,,237.073149,,,253.995754,,
2018-11-30,290.5657,,312.107817,,237.922325,,,256.574435,,
2018-12-03,293.4513,,314.266052,,239.968038,,,258.007732,,
2018-12-04,292.8622,,313.906159,,235.555478,,,253.482284,,
2018-12-06,292.5919,,312.679124,,235.568911,,,252.739109,,
2018-12-07,291.2979,,310.83725,,232.421237,,,248.994297,,
2018-12-10,291.2219,,311.793374,,232.739097,,,250.167036,,
2018-12-11,291.132,,312.754788,,232.808158,,,251.090398,,
2018-12-12,291.4234,,311.646823,,233.433874,,,250.622495,,
2018-12-13,291.0584,,311.582652,,233.419708,,,250.869892,,
2018-12-14,288.8748,,310.700589,,230.85426,,,249.280438,,
2018-12-17,287.9349,,308.48881,,228.293019,,,245.55887,,
2018-12-18,288.1504,,308.363693,,228.413546,,,245.405197,,
2018-12-19,287.3319,,307.068808,,226.447275,,,242.961156,,
2018-12-20,286.4685,,304.284396,,224.148815,,,239.032605,,
2018-12-21,284.2001,,303.890182,,221.352445,,,237.626382,,
2018-12-24,282.7792,,301.572438,,217.903385,,,233.306076,,
2018-12-26,286.53,,306.856522,,224.346644,,,241.214118,,
2018-12-27,288.0133,,306.377663,,225.514707,,,240.844823,,
2018-12-28,288.9016,,307.005615,,225.67539,,,240.767832,,
2018-12-31,290.2526,,308.317304,,227.092261,,,242.182079,,
2019-01-02,291.2768,,312.193076,,227.303169,,,244.591156,,
2019-01-03,291.0088,,310.526032,,224.422107,,,240.42267,,
2019-01-04,292.5525,,312.069177,,228.669419,,,244.89112,,
2019-01-07,293.5219,,310.991188,,229.586194,,,244.214378,,
2019-01-08,294.0008,,312.424357,,230.81991,,,246.256401,,
2019-01-09,295.1789,,310.909669,,231.542904,,,244.848971,,
2019-01-10,294.3936,,311.223113,,231.933466,,,246.164138,,
2019-01-11,294.7961,,312.504636,,232.108124,,,247.026168,,
2019-01-14,294.0868,,311.769039,,231.138057,,,246.006623,,
2019-01-15,294.6089,,313.816688,,232.736917,,,248.893375,,
2019-01-16,295.1526,,314.994748,,233.150422,,,249.81056,,
2019-01-17,295.9391,,315.911774,,234.147677,,,250.940757,,
2019-01-18,296.2091,,316.948638,,235.949362,,,253.470364,,
2019-01-22,295.4999,,316.253804,,234.116119,,,251.551912,,
2019-01-23,295.2734,,315.397776,,234.49795,,,251.472929,,
2019-01-24,295.9495,,318.253502,,234.741607,,,253.43322,,
2019-01-25,297.6675,,317.277639,,235.889189,,,252.425933,,
2019-01-28,296.8742,,315.878181,,234.753518,,,250.770918,,
2019-01-29,297.7318,,316.649339,,234.811322,,,250.720754,,
2019-01-30,299.8649,,317.573313,,237.250709,,,252.257317,,
2019-01-31,301.8035,,320.539495,,238.79192,,,254.621335,,
2019-02-01,301.5584,,320.072257,,238.662375,,,254.31879,,
2019-02-04,301.5458,,320.557047,,239.588322,,,255.702856,,
2019-02-05,302.6456,,322.614807,,240.39471,,,257.27212,,
2019-02-06,301.897,,323.014884,,240.160328,,,257.978131,,
2019-02-07,301.4625,,323.189982,,238.831706,,,257.059976,,
2019-02-08,302.2056,,324.547596,,239.216392,,,257.919818,,
2019-02-11,301.6117,,325.19388,,239.19915,,,258.923638,,
2019-02-12,303.0179,,325.305003,,241.063861,,,259.819925,,
2019-02-13,302.976,,327.108713,,241.350835,,,261.607733,,
2019-02-14,303.8097,,327.018488,,241.17901,,,260.632198,,
2019-02-15,305.8471,,329.313581,,242.835956,,,262.504138,,
2019-02-19,307.4295,,329.581232,,243.134442,,,261.686493,,
2019-02-20,307.3302,,329.58522,,243.439975,,,262.103169,,
2019-02-21,304.839,,326.968424,,242.700862,,,261.351196,,
2019-02-22,306.4448,,328.798129,,243.856501,,,262.68139,,
2019-02-25,306.2395,,327.816942,,244.022085,,,262.251033,,
2019-02-26,306.7266,,327.430188,,244.030309,,,261.534468,,
2019-02-27,305.1136,,326.249751,,243.749559,,,261.66784,,
2019-02-28,303.936,,324.959135,,243.308718,,,261.169324,,
2019-03-01,302.8184,,323.989331,,244.059215,,,262.157053,,
2019-03-04,303.1091,,324.972453,,243.652527,,,262.262612,,
2019-03-05,303.2031,,325.990325,,243.510199,,,262.848872,,
2019-03-06,302.6522,,325.435438,,242.77222,,,262.082417,,
2019-03-07,302.2767,,328.307193,,241.826002,,,263.69179,,
2019-03-08,302.8724,,327.83244,,241.66021,,,262.612421,,
2019-03-11,304.011,,328.693204,,243.77319,,,264.609393,,
2019-03-12,305.6884,,329.279773,,244.508006,,,264.421684,,
2019-03-13,306.8597,,329.385739,,245.433171,,,264.494157,,
2019-03-14,305.2558,,328.316343,,245.19109,,,264.759254,,
2019-03-15,306.739,,329.305607,,246.169171,,,265.327142,,
2019-03-18,307.3629,,329.640643,,246.679414,,,265.607359,,
2019-03-19,307.2981,,329.115312,,246.674555,,,265.234769,,
2019-03-20,308.7385,,328.861741,,246.625258,,,263.741215,,
2019-03-21,309.9693,,331.351474,,248.307939,,,266.488651,,
2019-03-22,309.1657,,332.621669,,245.946674,,,265.655049,,
2019-03-25,309.8212,,332.988013,,246.021616,,,265.465827,,
2019-03-26,310.4825,,335.061365,,247.130717,,,267.751458,,
2019-03-27,310.4003,,335.613181,,246.569534,,,267.654272,,
2019-03-28,310.23,,336.176519,,247.130277,,,268.860763,,
2019-03-29,310.8095,,336.855531,,248.067366,,,269.921153,,
2019-04-01,310.4976,,336.664559,,249.376317,,,271.464002,,
2019-04-02,310.8623,,337.303672,,249.555567,,,271.855524,,
2019-04-03,309.7708,,335.290389,,249.605619,,,271.239461,,
2019-04-04,310.7021,,336.670098,,250.082827,,,272.058384,,
2019-04-05,311.6863,,337.884125,,250.88061,,,273.045522,,
2019-04-08,311.7964,,336.571897,,250.945025,,,271.958872,,
2019-04-09,311.6806,,336.476772,,250.2349,,,271.213364,,
2019-04-10,312.6088,,337.113599,,250.943659,,,271.687205,,
2019-04-11,311.0677,,336.080724,,250.770318,,,272.008644,,
2019-04-12,311.0366,,334.673014,,251.593711,,,271.785866,,
2019-04-15,310.9702,,334.459478,,251.483444,,,271.551384,,
2019-04-16,309.9168,,334.003185,,251.408388,,,272.021443,,
2019-04-17,309.5369,,333.212705,,251.031363,,,271.30325,,
2019-04-18,310.1866,,335.842107,,251.454884,,,273.331746,,
2019-04-22,310.2537,,335.064294,,251.466684,,,272.652524,,
2019-04-23,311.2557,,337.04766,,252.997814,,,275.048107,,
2019-04-24,311.6867,,339.747725,,252.895482,,,276.756127,,
2019-04-25,311.4184,,340.132302,,252.791167,,,277.193724,,
2019-04-26,312.3995,,340.949624,,253.701426,,,277.984565,,
2019-04-29,311.5366,,338.606516,,253.769999,,,276.913674,,
2019-04-30,312.3299,,338.566726,,253.903448,,,276.323103,,
2019-05-01,311.0191,,337.799425,,252.828755,,,275.686944,,
2019-05-02,309.641,,336.998138,,252.271914,,,275.648624,,
2019-05-03,311.5603,,338.163661,,253.924903,,,276.699266,,
2019-05-06,311.5294,,338.175412,,253.428766,,,276.195619,,
2019-05-07,310.6178,,337.450999,,251.013138,,,273.778109,,
2019-05-08,309.8453,,336.581687,,250.780045,,,273.499435,,
2019-05-09,310.1329,,336.218147,,250.382051,,,272.517496,,
2019-05-10,310.7525,,336.346975,,251.165128,,,272.929276,,
2019-05-13,309.3295,,335.111093,,247.538465,,,269.232848,,
2019-05-14,310.0499,,336.449197,,248.956971,,,271.225226,,
2019-05-15,311.4161,,338.022238,,250.00374,,,272.438578,,
2019-05-16,311.5922,,339.02764,,251.281243,,,274.489976,,
2019-05-17,310.4533,,338.297119,,250.327742,,,273.86018,,
2019-05-20,309.5528,,337.034905,,249.199888,,,272.39923,,
2019-05-21,310.3785,,338.14893,,250.545274,,,274.044121,,
2019-05-22,310.2566,,338.273799,,250.243058,,,273.922217,,
2019-05-23,310.0083,,337.053901,,248.704078,,,271.473118,,
2019-05-24,310.4658,,336.882466,,249.080278,,,271.34503,,
2019-05-28,309.8855,,337.563418,,247.835909,,,271.041779,,
2019-05-29,309.3411,,337.860432,,246.863475,,,270.691384,,
2019-05-30,310.7679,,339.473671,,247.536217,,,271.472962,,
2019-05-31,311.4287,,338.99234,,245.994251,,,268.82775,,
2019-06-03,313.2177,,338.764882,,245.850113,,,266.95643,,
2019-06-04,314.481,,339.792647,,248.962584,,,270.067009,,
2019-06-05,314.6712,,340.928387,,250.201744,,,272.153791,,
2019-06-06,316.329,,341.05886,,251.155914,,,271.863952,,
2019-06-07,318.8952,,342.126517,,252.944021,,,272.446391,,
2019-06-10,317.8243,,341.586523,,253.383339,,,273.406963,,
2019-06-11,317.8749,,341.20352,,253.319437,,,272.98807,,
2019-06-12,317.6656,,342.150992,,253.18075,,,273.776512,,
2019-06-13,319.2355,,344.168165,,254.031417,,,274.957034,,
2019-06-14,319.1094,,346.165745,,253.832789,,,276.445867,,
2019-06-17,319.5196,,346.270847,,253.862873,,,276.207523,,
2019-06-18,321.9792,,349.706369,,255.733867,,,278.857197,,
2019-06-19,322.775,,349.540179,,256.434255,,,278.798954,,
2019-06-20,326.5439,,351.570343,,258.076183,,,278.956491,,
2019-06-21,325.8549,,348.446253,,257.584044,,,276.533905,,
2019-06-24,327.2114,,348.988175,,257.581312,,,275.812868,,
2019-06-25,326.3165,,349.025816,,256.073371,,,274.979819,,
2019-06-26,325.3335,,347.897885,,255.692538,,,274.510489,,
2019-06-27,326.1782,,348.798103,,256.523499,,,275.400184,,
2019-06-28,327.2469,,349.974778,,257.269256,,,276.227545,,
2019-07-01,326.7137,,351.961996,,258.753443,,,279.854601,,
2019-07-02,328.7837,,354.204519,,259.340113,,,280.499055,,
2019-07-03,330.7952,,356.595906,,260.74882,,,282.200249,,
2019-07-05,328.4705,,355.771344,,260.140383,,,282.878705,,
2019-07-08,327.5371,,355.083046,,259.22302,,,282.13755,,
2019-07-09,327.9238,,355.7021,,259.386163,,,282.473807,,
2019-07-10,329.3015,,355.831305,,260.205603,,,282.283163,,
2019-07-11,327.8697,,354.189709,,260.188599,,,282.189472,,
2019-07-12,329.0197,,354.924257,,260.994122,,,282.658724,,
2019-07-15,329.397,,355.71318,,261.197811,,,283.183365,,
2019-07-16,327.8415,,355.552553,,260.589522,,,283.736175,,
2019-07-17,328.6898,,356.008871,,259.791709,,,282.499555,,
2019-07-18,330.0274,,355.793459,,260.523444,,,281.976334,,
2019-07-19,328.3008,,355.720647,,259.542129,,,282.333806,,
2019-07-22,328.9481,,356.778152,,260.047485,,,283.166201,,
2019-07-23,328.9953,,358.659633,,261.059981,,,285.726812,,
2019-07-24,330.4698,,360.642227,,261.947298,,,286.996505,,
2019-07-25,328.5308,,358.310692,,261.049061,,,285.840458,,
2019-07-26,329.5579,,360.148173,,262.109944,,,287.574832,,
2019-07-29,329.5034,,359.439171,,261.867533,,,286.790689,,
2019-07-30,329.9576,,359.611957,,261.468141,,,286.096572,,
2019-07-31,328.3923,,360.488142,,259.800083,,,286.322312,,
2019-08-01,329.2366,,361.098686,,259.264834,,,285.482375,,
2019-08-02,328.251,,359.317507,,258.127524,,,283.67726,,
2019-08-05,325.1539,,352.858129,,253.922845,,,276.650094,,
2019-08-06,328.2704,,356.38014,,256.330355,,,279.382819,,
2019-08-07,328.8618,,357.012617,,256.363201,,,279.411134,,
2019-08-08,333.1962,,362.323076,,259.483181,,,283.284659,,
2019-08-09,331.3702,,359.755013,,258.28705,,,281.523027,,
2019-08-12,331.84,,359.770279,,256.772667,,,279.48804,,
2019-08-13,333.7763,,363.246308,,259.025884,,,283.013248,,
2019-08-14,330.3224,,360.539625,,254.759604,,,279.166582,,
2019-08-15,331.7747,,363.155079,,255.626876,,,280.913919,,
2019-08-16,333.2774,,365.365726,,257.799592,,,283.740973,,
2019-08-19,333.9768,,366.512548,,259.397751,,,285.796327,,
2019-08-20,333.8353,,365.654203,,258.486191,,,284.245466,,
2019-08-21,334.4884,,366.868661,,259.69446,,,285.963186,,
2019-08-22,333.6035,,366.063228,,259.376148,,,285.741573,,
2019-08-23,330.9166,,361.217368,,255.793183,,,280.321833,,
2019-08-26,332.2559,,363.901315,,257.4478,,,283.085741,,
2019-08-27,333.4043,,365.485069,,257.16465,,,283.026825,,
2019-08-28,334.8825,,367.529704,,258.262732,,,284.56378,,
2019-08-29,336.4825,,369.973717,,260.184146,,,287.214994,,
2019-08-30,336.3256,,372.126867,,260.209142,,,289.049046,,
2019-09-03,336.0223,,372.29954,,259.273777,,,288.403736,,
2019-09-04,338.555,,372.964251,,261.217828,,,288.907407,,
2019-09-05,338.126,,372.532158,,262.778536,,,290.66516,,
2019-09-06,338.7628,,373.551981,,263.016033,,,291.17591,,
2019-09-09,337.6788,,371.60838,,262.647733,,,290.183857,,
2019-09-10,336.0656,,369.967048,,262.040744,,,289.618097,,
2019-09-11,337.1712,,372.289946,,263.182118,,,291.746129,,
2019-09-12,336.905,,370.207238,,263.558257,,,290.758194,,
2019-09-13,334.799,,367.610632,,262.829415,,,289.731535,,
2019-09-16,337.1629,,372.64631,,262.619105,,,291.407851,,
2019-09-17,337.5918,,370.67379,,263.177185,,,290.112282,,
2019-09-18,337.6224,,372.139198,,263.403376,,,291.483106,,
2019-09-19,337.9259,,372.095878,,263.541923,,,291.340578,,
2019-09-20,339.0437,,374.126419,,263.170609,,,291.553306,,
2019-09-23,339.3273,,375.267077,,263.181446,,,292.209828,,
2019-09-24,339.0155,,374.003642,,262.22773,,,290.43756,,
2019-09-25,337.6502,,375.128832,,262.728735,,,293.04809,,
2019-09-26,337.4127,,375.651117,,262.573077,,,293.488671,,
2019-09-27,336.6894,,374.133186,,261.860406,,,292.13562,,
2019-09-30,336.6814,,375.607445,,262.61216,,,294.135732,,
2019-10-01,334.5734,,372.057324,,260.928755,,,291.311935,,
2019-10-02,331.8887,,368.172654,,258.235179,,,287.6023,,
2019-10-03,334.5671,,370.974616,,259.905279,,,289.330322,,
2019-10-04,337.5154,,373.817562,,262.186769,,,291.537729,,
2019-10-07,335.3178,,371.593487,,261.224308,,,290.631685,,
2019-10-08,333.0608,,369.560572,,258.823038,,,288.325417,,
2019-10-09,334.2426,,370.368207,,260.242304,,,289.512741,,
2019-10-10,334.0328,,368.998933,,260.936159,,,289.393084,,
2019-10-11,334.9034,,368.948205,,262.224507,,,290.026052,,
2019-10-14,335.5152,,369.960802,,262.231446,,,290.299421,,
2019-10-15,335.7589,,369.977841,,263.445996,,,291.445712,,
2019-10-16,335.3282,,368.208324,,263.372952,,,290.343818,,
2019-10-17,335.6202,,366.78308,,263.806747,,,289.444291,,
2019-10-18,334.7081,,364.299513,,263.191695,,,287.595732,,
2019-10-21,335.4698,,365.796641,,263.97681,,,288.981437,,
2019-10-22,336.1521,,367.33795,,263.613292,,,289.211236,,
2019-10-23,337.0629,,368.15124,,264.161362,,,289.669318,,
2019-10-24,337.4857,,369.492742,,264.447278,,,290.674896,,
2019-10-25,338.1422,,371.046894,,264.94544,,,291.879614,,
2019-10-28,337.3387,,369.478207,,265.622773,,,292.082713,,
2019-10-29,337.3066,,369.034105,,265.587933,,,291.721133,,
2019-10-30,338.5768,,369.148096,,266.377956,,,291.581259,,
2019-10-31,339.8406,,370.496104,,266.354887,,,291.532475,,
2019-11-01,341.8799,,372.272014,,267.874539,,,292.843875,,
2019-11-04,342.347,,374.006714,,268.250951,,,294.219891,,
2019-11-05,340.1926,,373.461993,,267.674302,,,295.01637,,
2019-11-06,340.2027,,373.746453,,267.872814,,,295.451263,,
2019-11-07,338.7073,,372.652517,,267.925234,,,295.945001,,
2019-11-08,338.1302,,373.094688,,268.276039,,,297.190469,,
2019-11-11,337.5571,,371.952562,,267.982602,,,296.459106,,
2019-11-12,338.2193,,373.491312,,268.434447,,,297.603648,,
2019-11-13,338.9927,,374.433798,,268.674527,,,297.940181,,
2019-11-14,340.3327,,375.405684,,269.216476,,,298.137556,,
2019-11-15,341.4626,,375.700953,,270.328552,,,298.613171,,
2019-11-18,341.4401,,374.905973,,270.661686,,,298.36818,,
2019-11-19,341.6453,,374.917954,,270.68066,,,298.219407,,
2019-11-20,342.4206,,375.975784,,270.341424,,,298.009751,,
2019-11-21,341.913,,375.883539,,269.923428,,,297.917601,,
2019-11-22,342.1385,,377.507189,,270.345588,,,299.474917,,
2019-11-25,343.3338,,378.994601,,271.708192,,,301.118254,,
2019-11-26,344.0475,,379.53775,,272.229572,,,301.501697,,
2019-11-27,344.3186,,380.562004,,272.829696,,,302.74325,,
2019-11-29,343.4991,,379.101341,,272.079649,,,301.469696,,
2019-12-02,341.0727,,374.269318,,270.57217,,,298.083734,,
2019-12-03,341.68,,374.851139,,269.978542,,,297.362645,,
2019-12-04,342.4083,,375.772222,,270.792001,,,298.355541,,
2019-12-05,342.1153,,374.554665,,270.968529,,,297.837553,,
2019-12-06,343.2757,,377.323624,,272.283769,,,300.476545,,
2019-12-09,342.9609,,376.858342,,271.832617,,,299.883781,,
2019-12-10,343.0479,,375.982008,,271.613373,,,298.869319,,
2019-12-11,344.5175,,376.330593,,272.374109,,,298.704626,,
2019-12-12,345.0606,,377.001754,,273.308887,,,299.791724,,
2019-12-13,345.9623,,378.282692,,273.846674,,100.0,300.616665,,100.0
2019-12-16,346.8871,,378.429366,,274.748306,,100.884434,300.918987,,100.654489
2019-12-17,346.8066,,378.151516,,274.800173,,100.353774,300.824624,,100.074748
2019-12-18,346.3672,,378.895809,,274.596494,,99.941038,301.575404,,99.986002
2019-12-19,347.2736,,379.658446,,275.388472,,100.176887,302.262967,,100.161572
2019-12-20,348.6242,,382.652516,,276.140893,,100.294811,304.295587,,100.67875
2019-12-23,349.3991,,383.056913,,276.306773,,100.235849,304.124173,,100.502508
2019-12-24,350.1656,,384.042709,,276.456829,,100.471698,304.404631,,100.777155
2019-12-26,351.6366,,385.263276,,277.438973,,100.648585,305.174961,,100.851769
2019-12-27,351.4659,,382.384809,,277.538276,,100.648585,303.150445,,100.146878
2019-12-30,350.3078,,380.29441,,276.624967,,100.589623,301.494503,,99.870131
2019-12-31,350.2641,,379.440551,,276.770857,,100.176887,301.013768,,99.249414
2020-01-02,353.52,,384.691908,,278.626643,,101.591981,304.396456,,101.104572
2020-01-03,354.3132,,386.108014,,277.685175,,102.063679,303.803005,,101.719685
2020-01-06,355.2234,,385.68245,,278.237681,,101.945755,303.29283,,101.230122
2020-01-07,354.5023,,386.438785,,277.652047,,101.474057,303.864817,,101.164696
2020-01-08,353.2338,,386.685633,,278.405357,,101.356132,305.978745,,101.47478
2020-01-09,353.9833,,387.499133,,279.658624,,101.415094,307.3506,,101.531983
2020-01-10,354.3509,,387.486335,,279.372294,,102.122642,306.707271,,102.130909
2020-01-13,354.3999,,386.965603,,280.448781,,102.181604,307.432812,,102.038436
2020-01-14,354.45,,387.270742,,280.291951,,102.358491,307.459716,,102.281217
2020-01-15,355.2911,,387.399384,,280.840115,,102.59434,307.43381,,102.308167
2020-01-16,355.9253,,388.547418,,282.240551,,102.417453,309.330302,,102.251913
2020-01-17,355.5115,,389.779214,,282.635545,,102.417453,311.106932,,102.695472
2020-01-21,355.3483,,389.821767,,282.633971,,102.417453,311.282059,,102.753854
2020-01-22,355.3502,,389.454849,,282.711778,,102.59434,311.073017,,102.833888
2020-01-23,355.9043,,391.523393,,283.055016,,102.771226,312.617455,,103.397092
2020-01-24,355.7221,,392.288495,,281.752994,,102.889151,311.947243,,103.771146
2020-01-27,355.1548,,391.840603,,279.395082,,102.535377,309.47701,,103.461266
2020-01-28,354.7126,,391.239106,,281.042777,,102.358491,311.21173,,103.252796
2020-01-29,355.3346,,392.36301,,281.165934,,103.007075,311.695941,,104.023131
2020-01-30,355.8801,,392.206576,,281.728983,,102.830189,311.717068,,103.643986
2020-01-31,354.3159,,388.240782,,278.98481,,102.712264,306.908528,,102.930746
2020-02-03,353.7653,,388.874735,,280.190843,,102.476415,309.219107,,103.022178
2020-02-04,353.4126,,389.025219,,282.381806,,102.653302,312.068782,,103.342974
2020-02-05,355.429,,392.863329,,284.172034,,102.712264,315.346384,,103.830092
2020-02-06,356.0889,,394.198434,,284.814095,,102.948113,316.545267,,104.22866
2020-02-07,356.3366,,395.842366,,284.237347,,103.125,317.001174,,104.770281
2020-02-10,357.2682,,398.070317,,285.641236,,103.419811,319.524545,,105.38565
2020-02-11,357.414,,398.083182,,285.793551,,103.537736,319.574842,,105.466186
2020-02-12,357.8055,,400.084364,,286.774068,,103.596698,321.930654,,105.940687
2020-02-13,358.4606,,402.051975,,286.680409,,103.478774,322.817207,,106.146175
2020-02-14,358.9418,,402.94486,,287.077886,,103.714623,323.548365,,106.481431
2020-02-18,359.8813,,405.429647,,286.781587,,104.245283,324.358567,,107.405109
2020-02-19,361.376,,406.646257,,287.57767,,104.481132,324.885644,,107.524554
2020-02-20,362.1144,,408.210173,,287.128371,,104.658019,324.961584,,107.900347
2020-02-21,362.7374,,406.530062,,285.583473,,104.95283,321.33001,,107.573869
2020-02-24,360.2489,,403.536525,,280.26201,,104.245283,315.182652,,106.794504
2020-02-25,354.6518,,396.233667,,275.369834,,103.242925,308.875496,,105.492554
2020-02-26,352.5052,,393.849862,,274.64907,,103.066038,308.078358,,105.315685
2020-02-27,348.0753,,384.689657,,267.259906,,102.181604,296.543906,,103.281449
2020-02-28,347.5006,,383.183632,,267.375001,,102.181604,295.998887,,103.047251
2020-03-02,353.1521,,385.62046,,274.285528,,103.183962,300.690049,,103.044017
2020-03-03,353.7247,,385.004257,,270.325691,,104.540094,295.396506,,104.062759
2020-03-04,356.9707,,389.776134,,277.05036,,104.834906,303.710131,,104.68896
2020-03-05,358.4116,,387.745,,271.874871,,105.424528,295.291608,,104.308121
2020-03-06,361.2518,,389.151943,,269.978951,,105.837264,291.982604,,104.270173
2020-03-09,357.3969,,379.889472,,257.184565,,103.242925,274.45381,,100.364258
2020-03-10,356.509,,384.23351,,264.008964,,102.240566,285.667806,,100.776736
2020-03-11,352.9809,,380.788878,,254.787714,,99.115566,275.949377,,97.788373
2020-03-12,350.177,,380.628263,,236.074156,,93.21934,257.620103,,92.668417
2020-03-13,351.467,,384.81042,,249.661267,,94.28066,274.429837,,94.405477
2020-03-16,358.8608,,390.220716,,234.945672,,91.92217,256.489527,,91.414876
2020-03-17,359.1292,,397.043488,,240.130721,,90.153302,266.534218,,91.155169
2020-03-18,360.7902,,402.064564,,229.18037,,85.790094,256.410833,,87.436047
2020-03-19,355.25,,403.966867,,231.511112,,84.846698,264.302571,,88.238661
2020-03-20,354.8578,,403.268157,,226.447939,,87.676887,258.360332,,91.124886
2020-03-23,346.4315,,392.635285,,225.127827,,90.09434,256.164544,,93.385998
2020-03-24,351.4551,,396.113178,,238.102203,,94.339623,269.420565,,97.242448
2020-03-25,356.2134,,397.949102,,241.210808,,95.754717,270.540275,,97.833988
2020-03-26,356.6851,,393.122257,,249.958645,,97.936321,276.585057,,98.718547
2020-03-27,359.0997,,392.167711,,245.917838,,96.698113,269.627826,,96.579977
2020-03-30,359.4453,,395.726734,,250.798265,,96.34434,277.207513,,97.006557
2020-03-31,354.7293,,391.005655,,248.295827,,96.049528,274.772513,,96.826341
2020-04-01,355.8344,,394.671409,,241.255584,,94.988208,268.647621,,96.353997
2020-04-02,356.1687,,398.899888,,244.7356,,96.698113,275.184012,,99.046348
2020-04-03,353.3692,,397.540759,,242.674609,,96.403302,274.091265,,99.187555
2020-04-06,356.1913,,401.250313,,252.92837,,99.056604,286.05366,,102.053479
2020-04-07,356.9952,,398.485612,,253.233832,,98.643868,283.785292,,100.700741
2020-04-08,358.5365,,401.488885,,258.429884,,99.292453,290.536548,,101.687764
2020-04-09,359.6842,,400.113169,,262.065766,,100.353774,292.677721,,102.095711
2020-04-13,358.2621,,399.353411,,260.143574,,100.707547,291.130376,,102.666996
2020-04-14,357.5965,,395.93949,,264.797576,,101.238208,294.352313,,102.516156
2020-04-15,359.2155,,400.280365,,261.854271,,100.766509,292.945457,,102.692267
2020-04-16,360.0147,,403.858407,,262.749802,,100.471698,295.916498,,103.077753
2020-04-17,359.7543,,402.330046,,266.88084,,100.294811,299.648258,,102.581075
2020-04-20,362.4916,,405.77951,,263.904162,,100.117925,296.589855,,102.498217
2020-04-21,363.7461,,407.345104,,259.150951,,99.764151,291.363301,,102.176488
2020-04-22,364.9478,,409.933189,,262.600485,,100.707547,296.139094,,103.456231
2020-04-23,366.6145,,413.582252,,262.838547,,101.238208,297.686542,,104.450136
2020-04-24,365.3158,,410.399637,,264.98378,,101.591981,298.865436,,104.378307
2020-04-27,362.1532,,406.598758,,266.792769,,101.591981,300.722319,,104.314686
2020-04-28,363.5072,,408.473526,,266.482534,,102.240566,300.633611,,105.071867
2020-04-29,365.4198,,408.651003,,270.733657,,103.242925,303.962936,,105.592506
2020-04-30,362.1681,,402.019157,,268.984043,,101.474057,299.765024,,103.01581
2020-05-01,362.8698,,401.814811,,264.713427,,100.707547,294.285574,,101.988085
2020-05-04,362.8396,,404.522697,,265.248235,,100.884434,296.892075,,102.864302
2020-05-05,363.9799,,408.32534,,266.633062,,101.120283,300.303794,,103.747947
2020-05-06,360.3066,,405.863643,,265.113926,,99.941038,299.818454,,102.958947
2020-05-07,364.6763,,409.306767,,267.366354,,101.356132,301.277034,,104.040809
2020-05-08,365.3174,,409.893878,,269.741139,,101.709906,303.854833,,104.370228
2020-05-11,363.7408,,409.201247,,269.451916,,100.943396,304.32953,,103.856851
2020-05-12,362.8472,,406.675612,,266.500751,,100.766509,299.875288,,103.288715
2020-05-13,361.9084,,406.707026,,263.848516,,100.589623,297.684044,,103.382849
2020-05-14,364.8148,,410.493045,,266.070733,,101.238208,300.57188,,104.18138
2020-05-15,365.4461,,410.716808,,266.871915,,101.415094,301.12021,,104.239915
2020-05-18,367.2518,,409.021662,,271.591275,,102.476415,303.679921,,104.380316
2020-05-19,366.7957,,408.266833,,270.030876,,102.240566,301.752708,,104.077156
2020-05-20,369.5399,,409.245511,,273.065168,,103.242925,303.603504,,104.567131
2020-05-21,367.5992,,408.185767,,272.021227,,102.830189,303.252216,,104.427826
2020-05-22,368.5899,,411.152283,,272.380849,,102.59434,305.037851,,104.663434
2020-05-26,368.0865,,407.487469,,274.226279,,102.535377,304.783412,,103.812681
2020-05-27,369.6159,,408.388466,,276.833098,,102.948113,307.085085,,104.028783
2020-05-28,368.7647,,404.744261,,276.441986,,103.066038,304.616378,,103.456848
2020-05-29,370.2716,,405.497601,,277.481127,,103.596698,305.083854,,103.759078
2020-06-01,370.8527,,404.904789,,278.082493,,104.186321,304.819682,,104.033803
2020-06-02,371.3738,,404.221289,,279.570845,,104.599057,305.504554,,104.123317
2020-06-03,370.3472,,400.810813,,281.526966,,104.481132,305.892093,,103.414286
2020-06-04,369.5885,,396.295962,,280.746206,,103.773585,302.226805,,101.765442
2020-06-05,370.5899,,399.083937,,285.122442,,104.481132,308.261976,,102.901296
2020-06-08,374.4207,,403.037914,,287.319862,,105.424528,310.505708,,103.786298
2020-06-09,374.9891,,402.030089,,286.185415,,105.483491,308.038711,,103.427663
2020-06-10,376.7059,,402.705835,,285.686358,,106.132075,306.614642,,103.763464
2020-06-11,370.3617,,398.488736,,275.616155,,103.950472,297.723104,,102.288957
2020-06-12,370.9266,,400.663874,,277.714612,,104.481132,301.168001,,103.214897
2020-06-15,371.7652,,399.16157,,279.631373,,104.481132,301.428125,,102.595937
2020-06-16,372.7513,,402.345296,,282.645754,,104.658019,306.295146,,103.315284
2020-06-17,372.1375,,402.393738,,281.847786,,104.540094,305.97102,,103.381534
2020-06-18,373.4671,,405.175659,,282.02895,,104.834906,307.186819,,104.018171
2020-06-19,373.7032,,406.607464,,281.096413,,105.011792,307.058921,,104.495817
2020-06-22,375.013,,404.887216,,282.144446,,105.542453,305.827923,,104.214279
2020-06-23,375.4668,,403.685003,,282.915986,,105.955189,305.384119,,104.185099
2020-06-24,372.7288,,402.775177,,278.558102,,105.011792,302.20624,,103.781543
2020-06-25,374.359,,405.719668,,280.490425,,105.542453,305.192397,,104.61098
2020-06-26,373.0687,,404.364535,,276.617431,,105.483491,301.010521,,104.563724
2020-06-29,374.3423,,404.842612,,279.146859,,105.601415,303.087445,,104.447815
2020-06-30,375.8991,,406.819395,,281.399664,,105.837264,305.753774,,104.756571
2020-07-01,375.3326,,405.574454,,282.637401,,105.778302,306.620949,,104.535356
2020-07-02,376.4267,,407.172908,,283.709505,,106.485849,308.098957,,105.342266
2020-07-06,377.9765,,406.318638,,286.327089,,107.488208,309.016928,,105.675685
2020-07-07,378.5416,,408.225607,,284.727097,,107.606132,308.271459,,106.12946
2020-07-08,379.2838,,406.989813,,285.990474,,107.724057,308.097873,,105.716859
2020-07-09,379.3677,,408.703183,,285.319143,,108.313679,308.600388,,106.719377
2020-07-10,380.1099,,409.042423,,286.922518,,108.195755,309.985724,,106.483348
2020-07-13,379.7746,,407.002749,,285.435486,,108.254717,307.112349,,106.103708
2020-07-14,382.4251,,407.840711,,287.830533,,108.903302,308.176087,,106.217858
2020-07-15,383.3034,,408.347523,,289.427932,,109.375,309.560531,,106.565745
2020-07-16,382.4884,,408.48155,,288.934759,,109.021226,309.793182,,106.48233
2020-07-17,383.096,,407.640754,,289.558176,,109.375,309.33118,,106.438893
2020-07-20,384.3014,,408.133915,,291.080762,,109.964623,310.357403,,106.806089
2020-07-21,387.1842,,408.363007,,291.520938,,110.67217,308.685626,,106.752855
2020-07-22,389.617,,409.401607,,292.623284,,111.084906,308.701267,,106.752733
2020-07-23,391.0217,,409.945749,,290.660326,,111.438679,305.935005,,106.849819
2020-07-24,391.1451,,408.027226,,289.50229,,111.497642,303.194375,,106.372468
2020-07-27,393.6227,,407.218882,,290.6872,,112.205189,301.919781,,106.16296
2020-07-28,394.0065,,408.868515,,289.659435,,112.441038,301.7768,,106.713025
2020-07-29,396.6885,,408.991448,,291.926773,,113.03066,302.173539,,106.579379
2020-07-30,395.3893,,405.742199,,291.399548,,112.912736,300.214752,,105.969407
2020-07-31,397.225,,410.101062,,292.827266,,112.558962,303.517489,,106.278816
2020-08-03,397.6889,,411.047758,,294.092937,,112.912736,305.176646,,106.734311
2020-08-04,402.0801,,414.167407,,295.002075,,114.150943,305.074774,,107.536315
2020-08-05,403.1391,,413.136952,,295.873726,,114.917453,304.413149,,107.705385
2020-08-06,406.0094,,415.608976,,297.228018,,115.330189,305.461487,,107.970258
2020-08-07,403.6831,,416.492618,,297.211975,,114.091981,307.858346,,107.65499
2020-08-10,403.8578,,418.291615,,297.637816,,114.445755,309.497169,,108.408336
2020-08-11,395.6488,,409.715923,,295.841668,,112.441038,307.574425,,106.490322
2020-08-12,396.3027,,408.860677,,298.075386,,112.735849,308.739584,,106.370857
2020-08-13,396.5895,,408.138271,,297.316702,,112.676887,307.187333,,106.05063
2020-08-14,396.1992,,406.793066,,297.201336,,112.205189,306.357553,,105.362288
2020-08-17,397.9948,,407.627979,,297.935789,,113.266509,306.356536,,106.096342
2020-08-18,399.1035,,406.656539,,298.491502,,113.856132,305.345892,,106.098918
2020-08-19,395.8626,,406.581384,,297.566742,,112.558962,306.835281,,105.729311
2020-08-20,396.9173,,406.843161,,298.326049,,112.794811,306.998359,,105.737349
2020-08-21,397.1955,,409.427366,,299.080957,,112.853774,309.513215,,106.390032
2020-08-24,398.5521,,411.052288,,300.850731,,112.971698,311.516408,,106.559931
2020-08-25,398.1312,,408.987427,,301.230076,,113.207547,310.670463,,106.358311
2020-08-26,399.3487,,410.397647,,303.024504,,113.561321,312.642651,,106.732167
2020-08-27,397.591,,408.888569,,303.003539,,112.323113,312.848454,,105.645222
2020-08-28,399.8426,,408.381695,,304.340619,,113.03066,312.072149,,105.581001
2020-08-31,399.5589,,406.956837,,303.95048,,113.207547,310.805189,,105.452098
2020-09-01,401.5438,,409.830004,,305.920105,,114.209906,313.47054,,106.60729
2020-09-02,403.29,,413.577472,,308.820788,,114.504717,317.953666,,107.392785
2020-09-03,398.3957,,408.672086,,302.468109,,113.443396,311.499828,,106.427009
2020-09-04,395.9448,,406.70017,,300.385705,,112.912736,309.768219,,106.07058
2020-09-08,392.2848,,405.045442,,295.594901,,111.851415,306.419991,,105.622406
2020-09-09,395.1746,,407.040519,,299.088405,,112.676887,309.290147,,106.144077
2020-09-10,392.5632,,403.943433,,295.984557,,112.028302,305.772136,,105.4268
2020-09-11,392.8164,,403.214247,,296.215981,,112.146226,305.261919,,105.279358
2020-09-14,394.9899,,404.775416,,298.573658,,112.912736,307.183238,,105.823805
2020-09-15,395.0771,,405.449204,,299.478252,,113.502358,308.558683,,106.529965
2020-09-16,395.4826,,406.916467,,298.704362,,113.266509,308.558373,,106.583924
2020-09-17,394.157,,404.44008,,297.163073,,113.089623,306.124206,,106.125562
2020-09-18,391.7984,,402.379942,,294.966427,,112.441038,304.133416,,105.611404
2020-09-21,388.1466,,400.891801,,293.023096,,111.20283,303.844324,,105.041166
2020-09-22,388.9241,,403.852949,,294.896374,,111.084906,307.429631,,105.493514
2020-09-23,383.3939,,399.759677,,290.550175,,110.082547,304.153499,,104.974681
2020-09-24,384.5502,,400.680103,,291.018852,,110.200472,304.427405,,105.012378
2020-09-25,386.7263,,404.326689,,293.88704,,110.377358,308.480008,,105.540951
2020-09-28,389.9638,,406.453151,,296.91403,,111.379717,310.69539,,106.170684
2020-09-29,389.0586,,402.795342,,295.967208,,111.379717,307.631571,,105.460017
2020-09-30,388.3091,,402.822107,,297.118439,,111.143868,309.444823,,105.446833
2020-10-01,389.186,,402.868916,,298.424457,,111.497642,310.140762,,105.556392
2020-10-02,387.4018,,402.062731,,296.59802,,111.20283,309.042579,,105.550509
2020-10-05,388.1327,,400.523559,,299.379093,,111.025943,310.161,,104.7815
2020-10-06,385.7377,,399.666916,,296.926124,,110.67217,308.86764,,104.871346
2020-10-07,387.4919,,400.569529,,299.944,,110.849057,311.295862,,104.799591
2020-10-08,390.8871,,404.161796,,301.695245,,111.674528,313.177298,,105.601565
2020-10-09,392.763,,403.653623,,303.335539,,112.382075,312.982078,,105.630087
2020-10-12,395.5303,,407.141283,,306.513134,,112.794811,316.761477,,106.18589
2020-10-13,394.3926,,408.289857,,305.338642,,112.676887,317.350722,,106.680975
2020-10-14,394.0895,,407.920498,,304.261593,,112.676887,316.188222,,106.666442
2020-10-15,394.1451,,409.288341,,303.934979,,112.323113,316.863208,,106.673042
2020-10-16,392.825,,407.708571,,303.764976,,112.087264,316.523755,,106.394529
2020-10-19,389.3656,,402.195248,,300.845367,,111.674528,311.989926,,105.498379
2020-10-20,389.0932,,400.145918,,301.468193,,111.615566,311.26059,,104.978853
2020-10-21,388.2901,,398.134489,,300.977789,,111.379717,309.831678,,104.446021
2020-10-22,388.062,,399.206998,,301.750356,,110.731132,311.646825,,104.178733
2020-10-23,389.4466,,399.293369,,302.550942,,111.320755,311.430095,,104.383686
2020-10-26,387.0422,,398.468114,,299.353487,,111.025943,309.412221,,104.537481
2020-10-27,387.4029,,399.306112,,299.00275,,110.966981,309.411293,,104.604211
2020-10-28,380.4611,,393.77021,,292.701435,,109.198113,304.141257,,103.361794
2020-10-29,380.8629,,396.661358,,294.282099,,109.316038,307.703869,,104.123177
2020-10-30,378.1927,,394.824085,,292.118149,,108.608491,306.173024,,103.697092
2020-11-02,382.4155,,399.369768,,294.300738,,109.846698,308.566616,,104.915345
2020-11-03,384.2154,,398.844272,,297.366138,,110.377358,309.911714,,104.790254
2020-11-04,391.0614,,405.608053,,302.146902,,111.792453,314.628204,,106.044075
2020-11-05,395.064,,406.293201,,305.793411,,113.620283,315.731643,,106.866176
2020-11-06,392.842,,402.23863,,305.480345,,113.03066,314.027024,,105.845996
2020-11-09,393.8554,,405.34171,,307.206672,,112.028302,317.419075,,105.44465
2020-11-10,394.0629,,405.541529,,306.747604,,112.5,316.934014,,105.885042
2020-11-11,394.9022,,407.644117,,308.180112,,112.441038,319.384711,,106.152146
2020-11-12,395.0912,,406.947719,,306.904436,,113.03066,317.3674,,106.475535
2020-11-13,397.925,,408.765243,,309.47876,,113.738208,319.169564,,106.854157
2020-11-16,400.8008,,411.194738,,311.782454,,114.799528,321.135655,,107.713807
2020-11-17,400.9032,,410.894094,,311.029758,,114.917453,320.04438,,107.718097
2020-11-18,398.6494,,408.904728,,308.874,,114.622642,318.075529,,107.526061
2020-11-19,400.063,,409.646154,,309.87837,,114.799528,318.558828,,107.50605
2020-11-20,400.1934,,410.374188,,308.730749,,115.566038,317.839514,,108.380873
2020-11-23,401.2118,,411.981449,,309.819223,,115.683962,319.396544,,108.639917
2020-11-24,402.8311,,411.887329,,312.637291,,115.978774,320.932801,,108.45417
2020-11-25,401.5465,,409.815557,,312.308027,,115.860849,320.002691,,108.143796
2020-11-27,402.3764,,408.925478,,313.050331,,116.509434,319.406481,,108.28918
2020-11-30,399.9532,,407.799169,,312.381001,,115.212264,319.771431,,107.435591
2020-12-01,400.7871,,403.766251,,314.037461,,115.978774,317.625693,,106.858014
2020-12-02,400.8984,,402.344671,,314.2934,,115.978774,316.677407,,106.452226
2020-12-03,402.6838,,403.27426,,314.460558,,116.627358,316.169821,,106.819143
2020-12-04,402.9295,,404.122878,,315.744825,,116.745283,317.935117,,107.086819
2020-12-07,404.3037,,406.010285,,315.548908,,117.158019,318.136786,,107.60034
2020-12-08,406.1345,,408.010588,,316.112339,,117.865566,318.831253,,108.293104
2020-12-09,403.3574,,405.988943,,314.219631,,117.099057,317.523138,,107.792831
2020-12-10,405.4007,,406.175826,,314.478154,,117.688679,316.328227,,107.839179
2020-12-11,405.6407,,407.228466,,314.395492,,117.688679,316.877062,,108.054684
2020-12-14,403.256,,403.720921,,313.475846,,117.334906,315.081126,,107.433556
2020-12-15,406.1539,,406.387896,,316.096679,,118.160377,317.532336,,108.127039
2020-12-16,406.1924,,404.880222,,316.327449,,118.278302,316.555261,,107.823185
2020-12-17,407.2816,,403.668963,,317.389255,,118.75,315.820762,,107.640695
2020-12-18,405.6952,,402.539675,,316.564935,,118.691038,315.347591,,107.705791
2020-12-21,405.0091,,402.239733,,315.887276,,118.278302,314.970737,,107.432968
2020-12-22,404.5836,,404.453851,,315.749784,,117.865566,316.89957,,107.760588
2020-12-23,404.6216,,403.758096,,315.827247,,118.278302,316.402322,,107.941778
2020-12-24,405.9557,,405.212411,,316.695661,,118.514151,317.368702,,108.189873
2020-12-28,406.9053,,405.019644,,318.337425,,118.808962,318.118062,,108.154414
2020-12-29,406.5202,,403.55588,,317.997538,,118.691038,316.929885,,107.75856
2020-12-30,407.9773,,403.476928,,318.35213,,119.398585,316.088251,,107.992648
2020-12-31,409.0444,,407.082171,,319.412513,,119.516509,319.14015,,108.780697
2021-01-04,408.2215,,405.347382,,316.645354,,120.459906,315.662147,,109.392191
2021-01-05,409.4042,,404.894676,,317.824088,,120.990566,315.569099,,109.434331
2021-01-06,406.9552,,401.453708,,318.334585,,120.518868,315.275761,,108.731711
2021-01-07,408.1368,,404.391297,,321.042234,,120.636792,319.356751,,109.317107
2021-01-08,406.2153,,404.160769,,321.99528,,120.04717,321.636458,,109.235075
2021-01-11,405.2593,,405.506131,,320.482766,,119.28066,321.948942,,109.155789
2021-01-12,406.4956,,404.873721,,320.631527,,120.224057,320.617963,,109.51344
2021-01-13,407.9491,,407.959167,,321.553325,,120.400943,322.835741,,110.11663
2021-01-14,406.8129,,407.000379,,320.629751,,120.695755,322.048888,,110.434406
2021-01-15,404.363,,407.122448,,319.355775,,119.575472,322.809496,,110.105255
2021-01-19,407.1403,,408.10037,,321.028343,,120.341981,323.060724,,110.319519
2021-01-20,410.498,,412.285222,,323.710555,,121.34434,326.408508,,111.459875
2021-01-21,408.6487,,408.500852,,323.700746,,121.108491,324.866128,,110.720934
2021-01-22,407.7953,,407.349655,,323.013143,,120.695755,323.938986,,110.262907
2021-01-25,409.9074,,410.593011,,324.107635,,121.285377,325.93646,,111.10831
2021-01-26,408.6479,,408.563882,,323.767671,,120.636792,324.984067,,110.306927
2021-01-27,403.9295,,405.574202,,319.018945,,119.221698,321.587465,,109.479388
2021-01-28,405.1087,,406.33535,,320.585809,,119.457547,322.83099,,109.581927
2021-01-29,399.7849,,400.588905,,316.592746,,118.042453,318.486756,,108.174043
2021-02-01,401.408,,404.660033,,319.867638,,118.926887,323.737106,,109.646972
2021-02-02,402.0165,,405.815249,,322.38733,,119.162736,326.723473,,110.011289
2021-02-03,402.1955,,406.28269,,322.382759,,119.044811,326.949597,,109.980044
2021-02-04,402.5757,,409.162225,,324.528587,,118.75,331.145472,,110.380892
2021-02-05,402.8481,,406.462332,,325.13698,,118.985849,329.354225,,109.796022
2021-02-08,404.3912,,408.158163,,326.676948,,120.283019,331.026809,,111.030786
2021-02-09,404.2853,,405.626589,,326.600301,,120.400943,328.982604,,110.479236
2021-02-10,404.9151,,406.241715,,326.633648,,120.695755,329.002617,,110.745183
2021-02-11,404.4321,,405.399154,,326.793689,,120.400943,328.873415,,110.377211
2021-02-12,404.3299,,405.607736,,327.46428,,120.106132,329.80117,,110.19144
2021-02-16,403.6783,,405.388943,,326.679831,,119.811321,329.364436,,110.039005
2021-02-17,403.9806,,408.102885,,326.978413,,119.870283,331.62413,,110.74726
2021-02-18,403.1265,,405.394047,,326.074588,,118.455189,329.208364,,108.943773
2021-02-19,402.8011,,404.227539,,325.332025,,118.573113,327.778115,,108.826278
2021-02-22,402.814,,402.933318,,323.427646,,118.21934,324.805707,,108.150731
2021-02-23,403.0315,,403.280293,,323.687158,,118.042453,325.17067,,108.023573
2021-02-24,404.0658,,403.916289,,325.789778,,118.278302,326.959993,,108.132604
2021-02-25,400.7612,,400.402201,,319.877365,,115.801887,320.857493,,105.812927
2021-02-26,401.1397,,404.037767,,319.932324,,115.919811,323.520888,,106.781567
2021-03-01,402.5001,,406.131434,,324.519198,,116.037736,328.744801,,107.080937
2021-03-02,401.9878,,404.218849,,323.010992,,116.450472,326.091049,,107.092053
2021-03-03,400.4876,,403.648497,,319.976936,,115.507075,323.780604,,106.471938
2021-03-04,399.3526,,405.811753,,317.243061,,113.974057,323.651872,,105.922059
2021-03-05,401.1309,,409.535798,,320.652786,,114.799528,328.668935,,107.19096
2021-03-08,400.316,,410.825642,,319.186173,,113.79717,328.864164,,106.806667
2021-03-09,402.1095,,410.807449,,322.402748,,115.566038,330.682033,,107.978305
2021-03-10,402.9867,,410.702726,,323.820849,,116.037736,331.32909,,108.155454
2021-03-11,403.3555,,409.1885,,325.778015,,116.686321,331.799019,,108.259917
2021-03-12,402.5479,,409.527701,,325.307928,,115.153302,332.260147,,107.140685
2021-03-15,403.2508,,411.123529,,326.604624,,115.742925,334.30072,,107.920476
2021-03-16,402.7589,,411.412122,,326.304444,,115.507075,334.636118,,107.907798
2021-03-17,402.8687,,408.9028,,326.971806,,115.389151,333.184471,,107.110942
2021-03-18,400.8601,,409.03261,,323.612869,,113.620283,331.519268,,106.031102
2021-03-19,401.0473,,409.674075,,323.349313,,114.091981,331.613891,,106.58849
2021-03-22,401.9574,,409.557584,,325.156458,,114.799528,332.617592,,106.976246
2021-03-23,401.496,,411.949684,,323.943469,,114.504717,333.695282,,107.448074
2021-03-24,401.6752,,413.407063,,323.117925,,114.445755,333.873394,,107.724594
2021-03-25,401.6813,,415.124856,,324.143342,,114.445755,336.319554,,108.17057
2021-03-26,403.0412,,415.484794,,327.063011,,115.271226,338.497144,,108.677317
2021-03-29,402.3183,,415.761969,,326.742687,,114.268868,338.99925,,107.997873
2021-03-30,401.8517,,417.030996,,326.31619,,114.033019,339.984435,,108.22945
2021-03-31,402.1413,,416.787185,,327.138836,,114.268868,340.396959,,108.311834
2021-04-01,405.2842,,418.410842,,329.698376,,115.330189,341.725944,,108.892649
2021-04-05,405.9807,,417.901998,,332.274426,,115.683962,343.387012,,108.90668
2021-04-06,406.6032,,416.300943,,332.616874,,115.683962,341.899738,,108.323345
2021-04-07,406.1911,,416.292716,,332.641597,,115.566038,342.265286,,108.32057
2021-04-08,407.4134,,415.775351,,333.920388,,116.391509,342.124562,,108.631815
2021-04-09,407.5319,,416.420628,,335.224045,,115.742925,343.893269,,108.162666
2021-04-12,407.1463,,415.583007,,335.255759,,115.507075,343.559074,,107.827164
2021-04-13,408.2023,,415.370517,,336.241428,,116.15566,343.502047,,108.096816
2021-04-14,407.8947,,414.010992,,335.454707,,116.273585,341.83426,,107.933728
2021-04-15,410.9753,,417.591025,,338.134712,,118.042453,344.939619,,109.694781
2021-04-16,410.8455,,416.859864,,338.461528,,118.21934,344.777365,,109.701454
2021-04-19,409.9322,,414.046405,,337.367976,,117.806604,342.104454,,108.822557
2021-04-20,409.104,,413.278565,,336.09379,,117.275943,340.869019,,108.350369
2021-04-21,410.8869,,415.079658,,338.130553,,118.101415,342.934721,,109.113016
2021-04-22,409.7463,,414.609575,,336.315169,,117.924528,341.655669,,109.129142
2021-04-23,410.8261,,412.873982,,338.478401,,118.278302,341.513862,,108.711847
2021-04-26,411.118,,413.563916,,338.776807,,118.691038,342.143036,,109.195912
2021-04-27,410.4913,,412.783201,,338.406152,,118.160377,341.644312,,108.66814
2021-04-28,411.7905,,412.887494,,338.419007,,118.867925,340.665411,,109.001479
2021-04-29,412.5048,,413.832375,,339.641641,,118.21934,342.085192,,108.466666
2021-04-30,411.1021,,415.926078,,338.44653,,117.570755,343.775094,,108.787267
2021-05-03,412.7163,,415.928885,,338.96559,,118.21934,342.958019,,108.960301
2021-05-04,412.1827,,417.144333,,337.883822,,118.21934,343.306379,,109.420179
2021-05-05,413.2863,,418.550414,,338.04496,,118.926887,343.707587,,110.151172
2021-05-06,415.3178,,418.498597,,339.689942,,119.752358,343.648171,,110.35953
2021-05-07,416.7672,,416.56846,,341.148131,,120.695755,342.336919,,110.330898
2021-05-10,414.9235,,415.895066,,338.891958,,120.165094,341.031807,,110.155547
2021-05-11,412.737,,413.134601,,336.784879,,119.457547,338.445418,,109.356365
2021-05-12,408.6929,,411.717169,,332.02799,,117.570755,335.810653,,108.321208
2021-05-13,410.3585,,413.042558,,334.723248,,117.924528,338.247919,,108.554497
2021-05-14,414.2468,,414.666341,,338.116977,,119.221698,339.80087,,109.145851
2021-05-17,414.8228,,415.130124,,337.471638,,119.693396,339.060187,,109.547918
2021-05-18,413.1045,,410.920962,,335.562118,,119.516509,335.111386,,108.727293
2021-05-19,412.0668,,411.640163,,334.849131,,118.573113,335.828214,,108.329975
2021-05-20,414.0943,,411.73035,,337.472971,,119.162736,336.876341,,108.359352
2021-05-21,414.2437,,413.441106,,337.366451,,119.044811,338.047339,,108.662707
2021-05-24,416.0641,,414.136001,,339.555706,,119.752358,339.321721,,109.013208
2021-05-25,416.1979,,413.095546,,339.439103,,120.459906,338.244222,,109.346642
2021-05-26,416.502,,415.306343,,339.786349,,120.341981,340.153769,,109.744038
2021-05-27,416.3955,,415.145668,,339.74139,,120.636792,340.064134,,109.998451
2021-05-28,416.7218,,415.545962,,340.102372,,121.049528,340.48689,,110.394707
2021-06-01,417.3741,,415.470545,,339.854069,,121.992925,339.644906,,111.061029
2021-06-02,418.4403,,416.661526,,340.356417,,122.051887,340.252815,,111.149291
2021-06-03,417.0312,,418.083536,,339.273808,,121.049528,341.478008,,110.986441
2021-06-04,418.651,,418.330983,,341.699973,,122.287736,342.792041,,111.754008
2021-06-07,418.458,,417.352576,,341.402606,,122.051887,341.850282,,111.328928
2021-06-08,418.7534,,418.209873,,341.704084,,122.641509,342.613122,,112.017462
2021-06-09,418.8294,,418.114034,,341.664198,,122.936321,342.432476,,112.240632
2021-06-10,419.5252,,419.176952,,342.898291,,123.70283,343.971572,,113.039775
2021-06-11,419.3058,,421.006156,,343.181543,,123.349057,345.938889,,113.267604
2021-06-14,418.953,,420.273582,,343.307089,,123.113208,345.754186,,112.949351
2021-06-15,418.9009,,419.978734,,342.98329,,122.641509,345.228671,,112.451641
2021-06-16,417.9478,,423.61359,,341.396735,,121.521226,347.396222,,112.645096
2021-06-17,417.3023,,426.131925,,341.7529,,121.816038,350.367157,,113.765366
2021-06-18,416.6668,,427.018138,,339.353421,,121.992925,349.162459,,114.341628
2021-06-21,417.7307,,426.168465,,341.920146,,121.580189,350.209154,,113.438385
2021-06-22,418.256,,425.975137,,343.159225,,122.169811,350.877595,,113.793716
2021-06-23,418.0331,,426.144394,,342.837953,,122.346698,350.875376,,114.064544
2021-06-24,418.7061,,426.630118,,344.096845,,122.582547,351.998491,,114.230787
2021-06-25,418.7271,,426.515675,,344.561747,,122.523585,352.361845,,114.13949
2021-06-28,418.9333,,427.201767,,345.376196,,122.995283,353.588757,,114.706735
2021-06-29,418.7658,,427.99668,,345.561733,,122.818396,354.578767,,114.800802
2021-06-30,419.3162,,429.961705,,345.818695,,123.17217,356.003683,,115.508258
2021-07-01,420.1262,,431.07587,,346.896542,,123.408019,357.34837,,115.805619
2021-07-02,421.1926,,431.598159,,348.788767,,123.820755,358.822137,,116.039167
2021-07-06,421.2906,,433.180976,,348.850021,,124.292453,360.117517,,116.881202
2021-07-07,421.9893,,435.128594,,349.834452,,124.587264,362.156803,,117.490334
2021-07-08,421.3647,,432.576659,,348.281729,,124.056604,358.966162,,116.476182
2021-07-09,422.3217,,432.28148,,350.057973,,124.174528,359.733674,,116.243334
2021-07-12,422.5691,,433.183925,,350.721951,,124.882075,360.95697,,117.081158
2021-07-13,421.5948,,435.238633,,349.702211,,123.879717,362.450295,,116.961977
2021-07-14,422.8389,,434.361515,,350.491498,,124.646226,361.469602,,117.102953
2021-07-15,422.9605,,435.369337,,350.074172,,125.117925,361.772862,,117.784967
2021-07-16,420.0568,,432.728519,,348.31185,,124.233491,360.241412,,117.046516
2021-07-19,418.6225,,431.404487,,345.951375,,124.410377,357.927477,,117.254901
2021-07-20,420.59,,434.18288,,348.800417,,124.292453,361.500279,,117.346683
2021-07-21,421.5325,,434.646511,,350.03836,,124.115566,362.358674,,117.042527
2021-07-22,422.756,,436.645056,,350.807872,,124.941038,363.769251,,118.020155
2021-07-23,423.8626,,437.910786,,352.874908,,124.941038,366.015275,,118.053253
2021-07-26,424.5396,,437.309493,,353.266736,,125.707547,365.335043,,118.425263
2021-07-27,424.6254,,436.87224,,352.629283,,125.589623,364.237572,,118.171988
2021-07-28,425.2219,,436.510691,,352.670653,,126.29717,363.468242,,118.57283
2021-07-29,426.5592,,436.336033,,353.320305,,126.533019,362.850938,,118.374441
2021-07-30,425.0943,,435.475122,,352.495035,,126.120283,362.534181,,118.161313
2021-08-02,425.3518,,435.768286,,352.351395,,126.709906,362.410881,,118.721731
2021-08-03,427.4631,,438.049417,,354.11471,,127.063679,364.322783,,119.085314
2021-08-04,426.0097,,437.544778,,353.051679,,126.709906,364.04845,,119.021629
2021-08-05,426.7663,,438.492274,,354.082041,,126.179245,365.252852,,118.569246
2021-08-06,423.6903,,438.045477,,353.798834,,125.294811,367.235759,,118.472096
2021-08-09,421.4439,,436.56575,,353.378041,,124.882075,367.508455,,118.310231
2021-08-10,421.7273,,437.552781,,353.452266,,124.941038,368.169147,,118.553982
2021-08-11,423.312,,438.485934,,354.111945,,125.294811,368.259154,,118.697201
2021-08-12,423.6602,,439.104772,,354.76321,,125.0,369.153468,,118.487574
2021-08-13,426.4191,,439.513658,,355.671002,,125.884434,368.045974,,118.664295
2021-08-16,427.0867,,440.889544,,356.246615,,126.002358,369.217593,,118.961034
2021-08-17,425.2266,,441.526293,,354.730075,,125.0,369.787346,,118.702117
2021-08-18,422.7938,,438.981493,,352.415619,,124.823113,367.35896,,118.529081
2021-08-19,423.0311,,440.525889,,352.98549,,124.351415,369.040374,,118.430122
2021-08-20,424.8692,,441.487017,,354.688667,,124.351415,370.022291,,118.175031
2021-08-23,428.7413,,443.845126,,356.557527,,125.294811,370.581412,,118.626448
2021-08-24,428.7665,,443.474695,,356.683367,,125.648585,370.381036,,118.855123
2021-08-25,428.0887,,442.149198,,356.867184,,125.294811,370.049293,,118.353327
2021-08-26,426.6318,,441.356887,,355.618118,,124.882075,369.350296,,118.154182
2021-08-27,431.3327,,444.544225,,357.918337,,126.709906,370.343243,,119.433308
2021-08-30,431.6808,,444.880358,,359.025245,,126.768868,371.469682,,119.482807
2021-08-31,430.4299,,443.151679,,358.484097,,126.415094,370.542263,,119.031308
2021-09-01,430.1358,,441.693043,,358.645461,,126.709906,369.741497,,118.997501
2021-09-02,431.8593,,442.129628,,359.45067,,127.063679,369.457535,,118.97099
2021-09-03,431.3942,,441.523331,,359.165409,,126.768868,369.055555,,118.659981
2021-09-07,428.2852,,439.815009,,357.999504,,126.002358,369.09426,,118.339017
2021-09-08,428.0586,,440.531216,,357.973537,,125.943396,369.864179,,118.538975
2021-09-09,428.6673,,440.747235,,357.521705,,126.886792,369.053681,,119.315802
2021-09-10,426.06,,438.641478,,355.539556,,126.356132,367.489341,,118.972767
2021-09-13,428.2588,,440.838009,,356.272557,,126.533019,368.190853,,119.121159
2021-09-14,428.3225,,441.198704,,355.43665,,126.945755,367.572857,,119.589714
2021-09-15,430.667,,443.110589,,357.0885,,127.181604,368.862313,,119.676019
2021-09-16,427.8825,,442.124036,,356.502913,,126.533019,369.828666,,119.57373
2021-09-17,424.838,,440.49826,,354.289124,,125.412736,368.804787,,118.925446
2021-09-20,421.9565,,437.521738,,351.021221,,124.587264,365.412343,,118.145697
2021-09-21,422.2067,,437.878269,,350.876051,,124.764151,365.342239,,118.339681
2021-09-22,425.6079,,442.716265,,352.974413,,125.707547,368.618315,,119.58851
2021-09-23,426.447,,441.654285,,354.86049,,125.707547,368.971584,,119.066899
2021-09-24,426.0024,,441.875173,,354.963162,,124.351415,369.648312,,117.964299
2021-09-27,426.5023,,443.335566,,354.163784,,124.46934,369.601081,,118.327554
2021-09-28,420.2501,,437.292759,,349.287709,,122.818396,364.8931,,116.879996
2021-09-29,420.47,,440.78503,,349.739682,,122.464623,368.09051,,117.412619
2021-09-30,418.6501,,439.684777,,347.144335,,122.346698,366.03128,,117.515401
2021-10-01,423.0693,,443.662945,,350.04823,,123.408019,368.542366,,118.357922
2021-10-04,420.8467,,440.355934,,347.243147,,123.231132,364.780403,,117.926842
2021-10-05,421.9313,,442.313119,,349.082245,,123.466981,367.395409,,118.372607
2021-10-06,423.0404,,445.145537,,350.008347,,123.525943,369.757055,,118.875037
2021-10-07,423.8645,,446.143992,,351.436855,,123.525943,371.375455,,118.91003
2021-10-08,423.9428,,445.41656,,350.746942,,123.525943,369.97372,,118.694223
2021-10-11,422.0189,,444.224459,,349.003246,,123.231132,368.822936,,118.632398
2021-10-12,423.3686,,446.402748,,348.994003,,124.233491,369.440129,,119.800659
2021-10-13,426.1472,,446.971635,,350.078978,,125.294811,368.641517,,120.189275
2021-10-14,430.6226,,451.439832,,353.873284,,126.474057,372.450637,,121.25979
2021-10-15,430.7949,,451.682781,,355.140331,,126.238208,373.835779,,121.050366
2021-10-18,431.8942,,452.265901,,355.686156,,126.415094,373.939483,,121.067538
2021-10-19,432.5975,,452.126123,,356.918644,,126.061321,374.509396,,120.495202
2021-10-20,433.4616,,452.414706,,357.658797,,126.179245,374.776959,,120.444317
2021-10-21,433.2256,,453.152673,,357.920788,,126.061321,375.867906,,120.593692
2021-10-22,435.2368,,454.38846,,357.965085,,126.415094,375.197763,,120.701571
2021-10-25,437.1356,,457.872847,,359.268634,,126.886792,377.803436,,121.550693
2021-10-26,437.5573,,458.737461,,359.713283,,127.59434,378.620074,,122.341271
2021-10-27,438.0447,,458.9793,,359.2465,,128.183962,377.907145,,122.834586
2021-10-28,439.861,,457.910597,,361.209799,,127.358491,377.522334,,121.256616
2021-10-29,440.0159,,462.699682,,361.605052,,126.82783,381.753659,,121.971313
2021-11-01,440.345,,461.254368,,361.884467,,126.82783,380.570616,,121.499444
2021-11-02,441.2584,,463.288928,,363.06061,,126.768868,382.697791,,121.726141
2021-11-03,439.8065,,460.476049,,364.093324,,126.533019,382.71546,,121.160645
2021-11-04,443.2813,,466.407752,,365.618489,,127.535377,386.21789,,122.72395
2021-11-05,447.4742,,470.274004,,366.952308,,128.596698,387.177832,,123.601885
2021-11-08,448.1457,,470.268281,,366.868134,,129.658019,386.504302,,124.433736
2021-11-09,449.9079,,471.812031,,366.546173,,130.71934,385.915275,,125.371131
2021-11-10,446.7199,,473.137877,,363.787044,,129.481132,386.827671,,125.421275
2021-11-11,447.437,,475.085274,,363.588208,,129.775943,387.585349,,126.021944
2021-11-12,448.3924,,476.361823,,365.207834,,129.893868,389.526203,,126.2059
2021-11-15,447.1475,,478.211101,,364.756262,,128.891509,391.642208,,126.068174
2021-11-16,447.313,,480.391243,,365.561919,,128.301887,394.150788,,126.016934
2021-11-17,447.4276,,480.544033,,365.375133,,128.419811,393.973756,,126.140559
2021-11-18,448.0465,,478.982941,,366.25688,,128.537736,393.097821,,125.6724
2021-11-19,446.999,,481.717908,,366.133627,,128.773585,396.135483,,126.918617
2021-11-22,443.961,,480.411428,,364.824198,,127.417453,396.341942,,126.098446
2021-11-23,443.2341,,479.070501,,364.541105,,126.238208,395.576659,,124.787013
2021-11-24,445.7665,,483.980631,,365.458507,,127.181604,398.360728,,126.286567
2021-11-26,441.909,,475.162688,,361.593987,,127.063679,390.344956,,124.952001
2021-11-29,443.9762,,478.049268,,364.346679,,126.945755,393.86344,,125.009626
2021-11-30,439.8935,,471.685551,,360.330404,,127.004717,387.903613,,124.548122
2021-12-01,437.8363,,470.25114,,357.945191,,127.063679,385.969077,,124.810701
2021-12-02,440.8412,,474.236842,,361.223161,,128.007075,390.127523,,125.938755
2021-12-03,441.0386,,474.230985,,359.911794,,128.007075,388.532445,,125.880832
2021-12-06,441.8539,,476.050803,,361.972789,,128.125,391.533044,,126.24692
2021-12-07,445.7503,,480.956313,,366.239268,,128.714623,396.731588,,127.014756
2021-12-08,444.6113,,476.567774,,366.429994,,128.007075,394.323879,,125.484607
2021-12-09,443.1283,,477.047567,,364.963183,,127.417453,394.456522,,125.450796
2021-12-10,445.1566,,478.248597,,367.051551,,127.299528,395.900307,,125.077729
2021-12-13,444.6592,,479.119923,,365.614783,,127.181604,395.511015,,125.32957
2021-12-14,441.9978,,477.275965,,363.836609,,126.415094,394.433452,,124.841994
2021-12-15,443.9438,,478.175317,,367.127029,,126.650943,397.002651,,124.761301
2021-12-16,443.967,,476.385392,,365.381705,,126.886792,393.615716,,124.519242
2021-12-17,442.4944,,478.764756,,363.225292,,126.82783,394.555737,,125.499288
2021-12-20,438.9067,,473.24458,,360.699017,,125.53066,390.459762,,123.787148
2021-12-21,442.3221,,476.517231,,364.426935,,126.768868,394.156168,,124.900705
2021-12-22,445.7709,,478.473046,,366.745259,,128.125,395.210212,,125.774311
2021-12-23,446.1373,,478.972047,,367.937882,,127.830189,396.582938,,125.512612
2021-12-27,449.8999,,482.892162,,371.137284,,128.360849,399.932532,,126.002495
2021-12-28,448.743,,482.429876,,370.892295,,128.360849,400.315316,,126.206405
2021-12-29,447.5238,,479.528948,,370.733107,,127.889151,398.820939,,125.327017
2021-12-30,448.5728,,481.612313,,370.438958,,128.950472,399.299887,,126.619294
2021-12-31,449.2403,,479.769777,,369.83619,,128.596698,396.53495,,125.601926
2022-01-03,446.3845,,480.493444,,370.09965,,127.948113,399.958492,,125.957651
2022-01-04,447.9281,,482.475387,,370.01001,,126.650943,400.12733,,124.763512
2022-01-05,444.4617,,477.662444,,365.300374,,125.176887,394.143853,,123.033451
2022-01-06,444.2489,,478.16079,,364.928758,,124.823113,394.342491,,122.872562
2022-01-07,443.3186,,474.387465,,363.635663,,124.823113,390.662395,,122.158746
2022-01-10,443.2772,,475.851023,,363.244805,,124.705189,391.483005,,122.431295
2022-01-11,447.4913,,478.633523,,365.503487,,126.356132,392.489397,,123.602469
2022-01-12,447.7404,,475.743986,,366.095376,,126.650943,390.534275,,123.074409
2022-01-13,446.5717,,473.955391,,363.329312,,126.591981,387.136923,,122.875351
2022-01-14,445.5329,,474.501574,,362.601903,,125.353774,387.708966,,122.097732
2022-01-18,442.2625,,474.795298,,357.865211,,124.115566,385.712455,,121.861032
2022-01-19,442.8564,,474.665815,,355.951926,,124.115566,383.031301,,121.664419
2022-01-20,441.6791,,474.755925,,353.664461,,123.997642,381.656667,,121.895949
2022-01-21,439.9396,,471.485469,,350.049738,,123.525943,376.63693,,121.072564
2022-01-24,441.0787,,473.507693,,350.777475,,123.231132,378.059833,,120.98839
2022-01-25,440.9854,,474.421352,,348.075658,,123.054245,375.95127,,121.073451
2022-01-26,438.0816,,473.783633,,346.764518,,121.639151,376.510925,,120.312493
2022-01-27,438.4185,,478.223589,,346.204728,,122.169811,379.134237,,121.876039
2022-01-28,441.8697,,481.880041,,351.449758,,122.877358,384.791839,,122.554394
2022-01-31,444.5826,,481.152587,,355.252238,,123.643868,385.998017,,122.381353
2022-02-01,446.0847,,481.176195,,356.631047,,123.879717,386.210291,,122.20791
2022-02-02,448.5919,,482.544802,,358.874699,,124.174528,387.567136,,122.160567
2022-02-03,443.8964,,471.927672,,353.225598,,122.759434,377.019556,,119.360603
2022-02-04,443.4544,,470.815458,,353.327756,,121.933962,376.614804,,118.396465
2022-02-07,443.4698,,471.181576,,352.783171,,122.464623,376.313672,,119.000066
2022-02-08,442.8864,,471.707792,,354.08889,,122.641509,378.626402,,119.462197
2022-02-09,443.615,,472.202495,,357.291391,,123.879717,381.82336,,120.596461
2022-02-10,442.7249,,470.991108,,352.116353,,122.110849,376.082255,,118.807899
2022-02-11,445.3112,,477.174935,,348.87493,,122.641509,375.319954,,120.188744
2022-02-14,444.4941,,477.967682,,347.38329,,121.698113,375.024244,,119.681957
2022-02-15,443.9358,,475.165029,,350.523625,,121.285377,376.668656,,118.725785
2022-02-16,444.4582,,475.146878,,350.925273,,122.051887,376.642645,,119.331132
2022-02-17,444.4779,,475.75783,,346.710621,,121.403302,372.581087,,118.84436
2022-02-18,444.5567,,477.477516,,345.663591,,121.521226,372.732525,,119.368632
2022-02-22,443.8074,,476.483295,,343.287121,,121.285377,370.022845,,119.089614
2022-02-23,442.8894,,476.381187,,339.018011,,120.518868,366.100207,,118.556854
2022-02-24,443.2507,,481.489964,,342.326675,,120.04717,373.333051,,119.261987
2022-02-25,444.6027,,479.552083,,346.990759,,121.521226,375.750427,,119.874866
2022-02-28,446.3121,,483.696085,,347.469324,,123.584906,378.066561,,122.493106
2022-03-01,447.4244,,489.148764,,345.078013,,123.761792,378.753341,,123.742872
2022-03-02,446.7058,,488.429036,,347.221284,,123.466981,381.157183,,123.46476
2022-03-03,447.139,,491.231037,,346.662767,,123.113208,382.356374,,123.697294
2022-03-04,448.6383,,499.029295,,345.516214,,123.584906,385.847788,,125.720885
2022-03-07,448.0016,,501.842866,,338.61611,,123.408019,380.814691,,126.428177
2022-03-08,448.22,,500.119807,,336.581083,,124.410377,377.042594,,126.955563
2022-03-09,448.1292,,491.958777,,341.723962,,123.466981,376.633365,,123.962009
2022-03-10,447.2592,,495.053883,,340.035258,,122.110849,377.863574,,123.611747
2022-03-11,445.6593,,496.569851,,337.410648,,122.287736,377.445321,,124.615649
2022-03-14,443.0443,,492.351993,,334.61929,,120.04717,373.333883,,122.009256
2022-03-15,443.5834,,492.249138,,339.337446,,118.514151,378.058802,,120.27966
2022-03-16,445.9627,,491.377454,,343.955776,,119.752358,380.484689,,120.673823
2022-03-17,447.8386,,490.921592,,346.764565,,121.462264,381.630617,,121.771117
2022-03-18,448.967,,493.926674,,349.34251,,122.169811,385.849004,,122.920486
2022-03-21,449.058,,495.609976,,347.919418,,121.403302,385.508678,,122.540714
2022-03-22,449.0561,,495.050592,,349.983387,,120.872642,387.35958,,121.867893
2022-03-23,449.662,,496.849434,,347.863577,,122.110849,385.891717,,123.397161
2022-03-24,451.268,,498.896031,,350.691108,,122.051887,389.240617,,123.404874
2022-03-25,451.2703,,499.561839,,350.611651,,121.875,389.669788,,123.389851
2022-03-28,451.2791,,499.562483,,352.447813,,121.34434,391.703366,,122.850357
2022-03-29,452.9221,,496.71808,,355.731474,,121.875,391.675707,,122.240014
2022-03-30,453.2441,,493.810389,,354.789535,,122.40566,388.075971,,121.966868
2022-03-31,451.5996,,496.104595,,351.449682,,122.051887,387.61515,,122.624289
2022-04-01,451.7514,,497.129365,,351.79872,,122.40566,388.670923,,123.192343
2022-04-04,452.5693,,501.589045,,353.718326,,122.641509,393.584876,,124.311912
2022-04-05,449.3451,,500.988941,,349.608666,,120.518868,391.334562,,122.889698
2022-04-06,448.1117,,500.187189,,347.158468,,119.28066,389.037917,,121.766724
2022-04-07,448.5157,,501.264062,,347.900867,,118.632075,390.357312,,121.256032
2022-04-08,448.8985,,501.78414,,346.646662,,118.632075,389.021574,,121.278331
2022-04-11,447.3364,,499.684233,,342.499543,,116.981132,384.095564,,119.505951
2022-04-12,447.6292,,502.643786,,342.170721,,117.216981,385.747075,,120.377341
2022-04-13,448.6061,,500.863208,,344.799424,,117.747642,386.490102,,120.231559
2022-04-14,447.3896,,502.268036,,341.098489,,116.391509,384.456617,,119.504226
2022-04-18,447.8372,,505.027793,,340.768421,,116.509434,385.80899,,120.162377
2022-04-19,447.6822,,504.553461,,343.235026,,115.919811,388.371051,,119.483334
2022-04-20,448.2893,,502.280845,,343.862123,,116.92217,386.803567,,119.811199
2022-04-21,446.498,,501.142117,,340.032049,,115.448113,383.159083,,118.506052
2022-04-22,444.0657,,500.051049,,334.298437,,113.738208,377.936943,,117.134762
2022-04-25,442.8473,,502.603593,,336.355046,,113.148585,383.254641,,117.444591
2022-04-26,441.7858,,504.896277,,330.922547,,112.205189,379.694811,,117.27776
2022-04-27,441.7909,,508.83888,,330.958668,,112.264151,382.697098,,118.254295
2022-04-28,443.9023,,514.031971,,335.91288,,113.502358,390.523597,,120.204279
2022-04-29,441.2931,,508.935743,,327.662293,,111.792453,379.385011,,117.912706
2022-05-02,440.7201,,510.099235,,328.127777,,109.669811,381.287615,,116.089039
2022-05-03,441.5953,,510.373638,,329.330974,,110.966981,382.132748,,117.292399
2022-05-04,444.161,,508.519065,,336.190754,,112.794811,386.429675,,118.104989
2022-05-05,441.5029,,509.264662,,327.694205,,109.551887,379.486761,,115.569211
2022-05-06,441.4764,,508.944359,,325.963148,,108.431604,377.267335,,114.322312
2022-05-09,437.7939,,504.130205,,320.350731,,105.896226,370.353642,,111.523349
2022-05-10,437.7058,,505.522713,,321.187475,,106.014151,372.421599,,111.978467
2022-05-11,437.7361,,506.235818,,318.594503,,107.429245,369.91051,,113.625377
2022-05-12,437.1719,,512.116256,,318.629768,,106.839623,374.731807,,114.461906
2022-05-13,438.3888,,511.992668,,322.664707,,107.606132,378.332495,,114.935349
2022-05-16,438.6205,,511.251513,,322.155783,,107.783019,376.989713,,114.896905
2022-05-17,439.5945,,506.755639,,325.444194,,108.372642,376.652414,,114.255813
2022-05-18,437.3992,,508.292866,,318.092014,,107.841981,371.113441,,114.61361
2022-05-19,437.4081,,502.529273,,317.2415,,108.018868,365.916865,,113.497546
2022-05-20,437.7291,,503.931481,,317.699138,,108.018868,367.197736,,113.730775
2022-05-23,438.8737,,499.17495,,320.851792,,108.490566,366.383228,,112.854143
2022-05-24,439.0958,,497.431048,,320.374818,,108.903302,364.376086,,112.830616
2022-05-25,439.8377,,500.843073,,322.604111,,109.492925,368.805174,,114.026969
2022-05-26,441.0778,,500.119095,,326.372635,,110.259434,371.526557,,114.33687
2022-05-27,442.7012,,501.351923,,331.400813,,110.966981,376.793536,,114.931232
2022-05-31,441.2289,,499.842879,,329.434692,,109.728774,374.67678,,113.684797
2022-06-01,441.1847,,503.854064,,327.302911,,109.846698,375.277113,,114.731755
2022-06-02,442.6679,,500.838329,,331.203891,,110.908019,376.212174,,114.761121
2022-06-03,441.5357,,500.797095,,327.717351,,110.966981,373.175652,,115.107084
2022-06-06,441.2531,,501.538741,,327.515143,,110.141509,373.736907,,114.493293
2022-06-07,442.7713,,503.104435,,329.908673,,111.025943,376.348599,,115.375995
2022-06-08,442.0229,,501.452609,,327.214612,,110.023585,372.679671,,114.151921
2022-06-09,440.4167,,504.412736,,322.395016,,109.021226,370.705023,,114.194617
2022-06-10,438.8633,,507.30294,,315.784157,,107.54717,366.476676,,113.697105
2022-06-13,434.0947,,507.143252,,306.527782,,103.301887,359.528976,,110.373986
2022-06-14,433.1033,,505.54778,,305.243828,,101.82783,357.713634,,108.704997
2022-06-15,434.2014,,505.601356,,309.21605,,103.950472,361.490532,,110.70208
2022-06-16,432.6625,,498.76457,,303.366856,,102.830189,351.101236,,108.41248
2022-06-17,431.7388,,500.194578,,303.742943,,102.712264,353.298655,,108.830972
2022-06-21,433.1877,,500.0908,,307.851462,,102.771226,356.80576,,108.506709
2022-06-22,433.1057,,498.415322,,308.566576,,103.419811,356.503875,,108.846265
2022-06-23,433.1429,,500.680937,,310.895125,,103.419811,360.795952,,109.33165
2022-06-24,434.6191,,500.493309,,316.622226,,104.186321,366.057031,,109.726739
2022-06-27,434.3714,,499.026323,,315.340859,,103.537736,363.714292,,108.786048
2022-06-28,433.5836,,501.20465,,311.522755,,102.830189,361.534634,,108.711424
2022-06-29,433.4804,,504.843999,,312.088586,,102.830189,364.908103,,109.526869
2022-06-30,432.6397,,501.702096,,311.128873,,102.122642,362.224441,,108.306343
2022-07-01,433.3157,,505.23299,,314.14327,,103.419811,367.733271,,110.281667
2022-07-05,432.5606,,512.312459,,314.727387,,103.242925,374.231537,,111.830576
2022-07-06,431.701,,515.518121,,314.522367,,101.650943,377.077227,,111.015751
2022-07-07,432.747,,517.983238,,317.062558,,101.945755,381.017117,,111.599716
2022-07-08,432.3672,,516.039946,,316.442677,,101.474057,379.178337,,110.763816
2022-07-11,431.4328,,522.490805,,314.854799,,101.179245,382.819187,,112.064803
2022-07-12,430.3361,,521.380778,,313.358616,,101.474057,381.159514,,112.438376
2022-07-13,430.3528,,520.441476,,312.824859,,102.122642,379.810015,,112.948798
2022-07-14,428.9954,,520.79967,,311.927445,,101.238208,380.18024,,112.402202
2022-07-15,430.4966,,518.875934,,315.989253,,102.004717,382.370169,,112.441431
2022-07-18,430.2276,,515.708929,,314.019475,,101.591981,377.903448,,111.372538
2022-07-19,434.4241,,516.557665,,318.939053,,102.417453,380.741739,,111.375887
2022-07-20,434.6516,,519.266022,,320.074273,,102.653302,383.899263,,112.158928
2022-07-21,437.1956,,519.700661,,323.09835,,103.832547,385.593865,,112.881637
2022-07-22,436.8292,,519.91583,,322.310657,,104.775943,385.135839,,114.049994
2022-07-25,437.5911,,520.628959,,322.064702,,104.599057,384.698823,,113.815108
2022-07-26,435.8925,,523.88891,,319.752105,,104.540094,385.82566,,114.909253
2022-07-27,440.4328,,525.429134,,325.18305,,105.896226,389.475625,,115.538649
2022-07-28,444.6762,,530.153283,,328.564404,,107.252358,393.274664,,116.943672
2022-07-29,449.6386,,534.549328,,331.454261,,108.608491,395.608574,,118.086509
2022-08-01,450.6126,,533.895586,,331.326673,,108.903302,394.118922,,118.006615
2022-08-02,447.4454,,535.086758,,328.652949,,106.957547,394.584097,,116.978998
2022-08-03,449.8106,,538.052842,,332.321954,,107.959906,399.091212,,118.105479
2022-08-04,449.6484,,533.574809,,332.512323,,108.136792,396.139271,,117.356745
2022-08-05,447.697,,534.64609,,330.689181,,106.78066,396.478905,,116.623781
2022-08-08,450.0793,,536.910907,,331.059005,,107.959906,396.493873,,117.784458
2022-08-09,450.2371,,535.942176,,329.982342,,107.724057,394.353087,,117.273979
2022-08-10,452.6487,,534.313575,,334.468582,,107.959906,396.376727,,116.549317
2022-08-11,452.7128,,533.250148,,333.76111,,107.075472,394.695186,,115.348118
2022-08-12,457.4757,,542.233234,,337.743701,,107.959906,401.904851,,117.028841
2022-08-15,455.1112,,544.682697,,338.743996,,107.841981,407.019812,,118.039189
2022-08-16,455.1732,,544.060615,,338.962077,,107.900943,406.761279,,117.952772
2022-08-17,452.9943,,541.073187,,336.706207,,107.193396,403.768362,,117.096418
2022-08-18,454.5353,,547.936607,,337.582037,,107.841981,408.563831,,118.8948
2022-08-19,450.7496,,545.868286,,333.917165,,106.485849,405.984213,,117.938803
2022-08-22,446.7114,,546.289159,,329.168351,,105.601415,404.139692,,118.107531
2022-08-23,447.8685,,546.231618,,328.643148,,105.837264,402.41002,,118.053054
2022-08-24,448.702,,547.53381,,328.914402,,105.71934,402.952369,,117.983067
2022-08-25,452.2017,,551.212354,,332.438833,,107.193396,406.833202,,119.499775
2022-08-26,445.8638,,543.999478,,325.427951,,107.075472,398.62911,,119.480924
2022-08-29,444.9899,,541.303453,,323.514155,,105.660377,395.095259,,117.547963
2022-08-30,441.5931,,536.200345,,321.546465,,105.070755,391.982283,,116.680684
2022-08-31,439.127,,531.110555,,319.397392,,103.301887,387.832362,,114.26556
2022-09-01,437.1527,,534.395428,,319.442796,,102.004717,392.049185,,114.041292
2022-09-02,437.4444,,534.37051,,317.787936,,102.59434,389.739942,,114.61866
2022-09-06,436.3855,,535.730878,,315.87925,,100.884434,389.327744,,113.269461
2022-09-07,437.5364,,531.837601,,320.168878,,102.181604,390.716589,,113.592555
2022-09-08,437.3483,,531.99726,,321.010195,,101.709906,392.029425,,113.150769
2022-09-09,439.2103,,531.629134,,323.986709,,102.59434,393.714436,,113.57218
2022-09-12,439.9883,,528.4824,,325.884264,,102.417453,392.980209,,112.505998
2022-09-13,436.9314,,532.951271,,316.653157,,100.884434,387.771562,,112.540985
2022-09-14,437.5898,,533.048393,,317.541936,,101.29717,388.345631,,112.851949
2022-09-15,435.6038,,529.737412,,314.991137,,100.471698,384.578683,,111.744211
2022-09-16,435.3091,,528.564777,,313.457772,,99.351415,382.117918,,110.328277
2022-09-19,434.596,,527.177641,,314.725738,,99.351415,383.284631,,110.219293
2022-09-20,433.6063,,528.773425,,311.998698,,98.70283,381.98359,,110.081908
2022-09-21,433.2681,,535.461743,,309.131451,,98.584906,383.559561,,111.428033
2022-09-22,432.3529,,534.488249,,306.250184,,96.875,380.09664,,109.527659
2022-09-23,430.0775,,539.754633,,302.789363,,95.518868,381.51196,,109.635481
2022-09-26,428.6223,,542.306284,,299.450073,,92.924528,380.375193,,107.525766
2022-09-27,428.596,,543.16617,,298.466999,,91.686321,379.750895,,106.267741
2022-09-28,431.4576,,539.004993,,303.917464,,94.693396,381.178335,,108.189886
2022-09-29,430.4399,,533.131702,,299.469169,,93.101415,372.384839,,105.460682
2022-09-30,429.3879,,532.637278,,296.406502,,91.981132,369.136823,,104.350086
2022-10-03,432.5784,,535.273226,,302.069828,,94.516509,375.263157,,106.962285
2022-10-04,435.3566,,530.046541,,308.005249,,96.285377,376.482572,,107.211535
2022-10-05,435.2796,,535.579291,,306.92757,,95.165094,379.14842,,107.089145
2022-10-06,435.152,,540.349773,,304.544898,,94.221698,379.66731,,107.003312
2022-10-07,433.0964,,540.585663,,298.801033,,93.160377,374.438013,,106.346572
2022-10-10,431.6217,,541.072621,,296.898201,,92.099057,373.660974,,105.589267
2022-10-11,431.2371,,540.161613,,295.84454,,91.92217,372.039495,,105.302862
2022-10-12,431.439,,540.603891,,295.359634,,92.275943,371.559864,,105.745176
2022-10-13,433.0469,,538.505822,,299.662211,,92.629717,374.115185,,105.346015
2022-10-14,430.582,,538.625141,,294.913887,,91.745283,370.376874,,104.96072
2022-10-17,432.0173,,533.926776,,299.702953,,92.511792,371.868569,,104.565872
2022-10-18,432.8294,,534.023819,,302.019277,,92.688679,374.10751,,104.588245
2022-10-19,432.2332,,537.675456,,299.694903,,91.686321,374.282339,,104.308318
2022-10-20,431.5126,,536.312614,,297.46283,,91.332547,371.171928,,103.815549
2022-10-21,433.7417,,534.981101,,301.975848,,91.686321,373.93607,,103.424663
2022-10-24,434.123,,534.524056,,304.029842,,91.509434,375.827506,,103.046355
2022-10-25,435.4507,,531.390426,,308.147132,,92.747642,377.529376,,103.511812
2022-10-26,435.7385,,525.506579,,307.293463,,93.573113,372.068953,,103.208534
2022-10-27,435.6354,,531.498447,,306.925927,,94.044811,375.950182,,104.936356
2022-10-28,436.3775,,532.313032,,311.008034,,94.221698,380.885328,,105.115795
2022-10-31,435.6197,,536.149698,,309.236134,,93.455189,382.10848,,105.194801
2022-11-01,436.2575,,537.141329,,308.652626,,94.575472,381.534247,,106.496782
2022-11-02,434.0878,,537.682764,,303.790929,,93.278302,377.781967,,105.667509
2022-11-03,433.6001,,540.886727,,301.472422,,92.334906,377.556915,,105.340449
2022-11-04,438.2358,,535.025452,,304.061092,,93.514151,372.687931,,104.413398
2022-11-07,438.9186,,532.628348,,305.420467,,93.691038,372.097127,,103.980199
2022-11-08,441.2066,,532.634853,,306.930525,,94.457547,372.002236,,104.288531
2022-11-09,439.0135,,533.265159,,303.272562,,93.691038,369.842097,,104.082015
2022-11-10,445.0261,,530.040246,,315.877091,,97.818396,377.710782,,106.550676
2022-11-11,446.4494,,524.292656,,317.622415,,98.525943,374.481667,,105.819191
2022-11-14,445.7042,,524.715105,,315.651271,,98.054245,373.08026,,105.573652
2022-11-15,447.7836,,526.072923,,318.190027,,99.115566,375.303156,,106.495667
2022-11-16,446.6168,,522.395041,,317.519361,,99.528302,372.865404,,106.46893
2022-11-17,445.5504,,522.797541,,316.415159,,98.525943,372.745035,,105.730334
2022-11-18,444.9578,,524.008919,,317.09192,,97.936321,374.906456,,105.481414
2022-11-21,443.7394,,526.835449,,316.31327,,98.054245,377.035547,,106.46962
2022-11-22,446.5489,,526.908632,,319.528997,,99.351415,378.5249,,107.214285
2022-11-23,447.9706,,523.902933,,321.492423,,100.707547,377.476524,,107.714865
2022-11-25,447.8032,,524.226589,,321.482307,,100.53066,377.839029,,107.632318
2022-11-28,444.5148,,522.61645,,318.190286,,100.058962,375.579306,,107.588326
2022-11-29,444.9211,,523.671476,,317.415183,,99.528302,375.077921,,107.135849
2022-11-30,449.9854,,525.728214,,324.390179,,101.709906,380.494556,,108.677195
2022-12-01,452.4216,,522.523502,,325.325787,,103.832547,377.223616,,109.675169
2022-12-02,452.1042,,521.453466,,325.644058,,105.424528,377.083963,,111.206709
2022-12-05,446.8241,,517.671778,,321.102346,,103.183962,373.490248,,109.33077
2022-12-06,446.5273,,518.845893,,318.704862,,103.65566,371.789349,,110.152839
2022-12-07,448.652,,519.175993,,319.521244,,104.658019,371.212524,,110.76175
2022-12-08,448.7657,,516.901587,,320.637165,,105.011792,370.783122,,110.621256
2022-12-09,446.7,,515.582277,,318.44263,,103.007075,369.004038,,108.733005
2022-12-12,447.458,,516.241509,,321.215488,,103.478774,372.061737,,109.185313
2022-12-13,451.0628,,515.789453,,323.538813,,103.832547,371.432346,,108.587856
2022-12-14,450.5955,,512.843192,,322.582254,,103.301887,368.600657,,107.527192
2022-12-15,446.7117,,511.059136,,318.02961,,102.948113,365.282843,,107.714588
2022-12-16,445.9854,,512.257694,,315.452846,,101.82783,363.764392,,106.966219
2022-12-19,442.7318,,507.398849,,313.074795,,101.002358,360.225749,,105.865044
2022-12-20,444.4769,,508.717849,,312.474578,,100.648585,359.054487,,105.353207
2022-12-21,445.8064,,511.052615,,315.630634,,101.82783,363.258974,,106.75743
2022-12-22,442.0803,,507.407964,,312.882466,,100.412736,360.541474,,105.404032
2022-12-23,442.6045,,506.956648,,313.538916,,99.941038,360.549035,,104.691436
2022-12-27,442.3348,,505.45718,,311.885727,,99.46934,357.805201,,103.952467
2022-12-28,439.4297,,503.424598,,309.339705,,98.879717,355.793967,,103.601143
2022-12-29,442.7222,,504.851145,,313.135923,,99.705189,358.494772,,103.982944
2022-12-30,442.4506,,502.730638,,312.047157,,99.233491,355.966135,,103.119581
2023-01-03,444.4056,,512.262918,,312.000853,,99.764151,361.066391,,105.172019
2023-01-04,447.6684,,513.337185,,314.134348,,101.061321,361.642614,,105.984794
2023-01-05,446.4819,,515.893808,,311.87902,,100.825472,361.793288,,106.54646
2023-01-06,453.4929,,518.192959,,317.530503,,103.478774,364.270796,,108.139559
2023-01-09,454.3585,,514.894174,,317.746278,,103.891509,361.507807,,107.674207
2023-01-10,453.4997,,513.676751,,318.601261,,103.773585,362.308301,,107.500883
2023-01-11,455.6197,,514.936203,,321.80187,,104.834906,365.138295,,108.360037
2023-01-12,460.2948,,515.641982,,323.438375,,106.308962,363.765606,,108.916677
2023-01-13,461.3448,,517.791583,,323.702929,,105.660377,364.748801,,108.456059
2023-01-17,459.6721,,518.037682,,323.122003,,104.95283,365.592793,,108.173197
2023-01-18,460.4641,,518.612943,,321.340954,,105.778302,363.355336,,108.957335
2023-01-19,462.6609,,519.307066,,319.648593,,106.191038,360.206975,,109.008811
2023-01-20,461.4223,,516.790766,,322.692458,,105.483491,362.846441,,108.047062
2023-01-23,461.7287,,516.486813,,324.689388,,105.778302,364.634998,,108.213455
2023-01-24,463.4564,,517.742943,,325.063037,,106.721698,364.57827,,109.036107
2023-01-25,464.1377,,517.08807,,325.288585,,107.193396,363.834923,,109.218953
2023-01-26,466.7077,,521.08778,,327.206828,,107.429245,366.780441,,109.698516
2023-01-27,465.6633,,521.007878,,327.464455,,106.957547,367.836086,,109.445024
2023-01-30,461.6336,,517.313371,,324.651002,,106.073113,365.250592,,108.711106
2023-01-31,465.7486,,521.34802,,328.054004,,105.955189,368.67136,,108.470266
2023-02-01,468.6043,,518.453371,,331.062857,,107.429245,367.732301,,108.702182
2023-02-02,468.361,,521.931885,,334.108223,,107.016509,373.799018,,109.067709
2023-02-03,462.8719,,521.397264,,330.684022,,105.365566,373.971951,,108.547279
2023-02-06,461.0682,,522.61962,,328.744613,,104.304245,374.108067,,108.127169
2023-02-07,464.2553,,526.340154,,331.095399,,104.893868,376.860541,,108.760711
2023-02-08,462.3739,,524.858143,,329.107052,,104.834906,375.062552,,108.834564
2023-02-09,459.236,,519.965911,,326.876273,,104.186321,371.569649,,107.88522
2023-02-10,460.9311,,524.857206,,326.77521,,103.596698,373.570129,,107.885573
2023-02-13,463.1151,,525.258106,,329.472997,,104.186321,375.164327,,108.070417
2023-02-14,462.7639,,523.989625,,328.923809,,103.832547,373.918036,,107.524895
2023-02-15,460.6434,,524.033863,,329.305155,,103.242925,376.106567,,107.415537
2023-02-16,456.7497,,520.310324,,326.02979,,102.358491,372.871633,,106.640053
2023-02-17,455.2517,,517.532138,,325.84817,,102.476415,371.893786,,106.542278
2023-02-21,449.5537,,513.484219,,320.703512,,101.002358,367.762234,,105.508961
2023-02-22,449.2322,,515.033222,,320.788834,,101.061321,369.233839,,105.964804
2023-02-23,451.6353,,518.247723,,322.264643,,101.591981,371.261633,,106.615724
2023-02-24,448.0775,,516.578755,,319.459563,,100.235849,369.757665,,105.686322
2023-02-27,449.2103,,514.760537,,320.369787,,100.825472,368.57424,,105.666691
2023-02-28,448.7758,,516.047812,,319.640273,,100.766509,369.011492,,105.971488
2023-03-01,448.6485,,511.374069,,318.166941,,100.884434,364.087209,,105.164448
2023-03-02,449.4433,,515.620484,,319.396335,,100.766509,367.877365,,105.72648
2023-03-03,455.7389,,521.038546,,323.472597,,102.948113,371.286482,,107.642667
2023-03-06,454.6626,,517.598132,,323.288628,,102.181604,369.497739,,106.386982
2023-03-07,450.3188,,518.960924,,320.144278,,101.002358,370.406169,,106.453121
2023-03-08,450.172,,519.146076,,320.321582,,100.766509,370.864433,,106.277081
2023-03-09,447.9851,,514.822065,,317.245626,,100.235849,366.021936,,105.348647
2023-03-10,450.5187,,514.804106,,315.979344,,102.240566,362.498122,,106.84759
2023-03-13,451.9042,,511.960167,,316.71287,,102.59434,360.224621,,106.298099
2023-03-14,452.707,,512.793197,,319.104118,,102.004717,362.890285,,105.671435
2023-03-15,451.9084,,519.448547,,319.186584,,102.181604,368.344881,,107.41802
2023-03-16,454.4098,,520.708949,,322.044509,,101.82783,370.493965,,106.715167
2023-03-17,456.1588,,520.022144,,320.588004,,101.945755,366.91962,,106.288733
2023-03-20,457.6025,,519.083282,,321.921818,,102.417453,366.620676,,106.251466
2023-03-21,458.4157,,517.682323,,324.071868,,102.417453,367.420236,,105.776728
2023-03-22,457.4568,,512.349425,,322.002226,,103.478774,362.07032,,105.993624
2023-03-23,458.6643,,514.949508,,322.831887,,103.596698,363.884889,,106.372148
2023-03-24,459.0531,,518.686399,,324.324233,,103.301887,367.907993,,106.748675
2023-03-27,456.63,,514.142238,,323.28262,,102.181604,365.442529,,105.221348
2023-03-28,457.87,,513.398699,,322.654389,,102.830189,363.218566,,105.44974
2023-03-29,460.1209,,515.846455,,325.634609,,103.242925,366.519372,,105.857368
2023-03-30,462.7905,,515.946517,,326.913842,,103.891509,365.907615,,105.928448
2023-03-31,467.1131,,523.753105,,330.30745,,104.658019,371.826913,,107.322153
2023-04-03,472.1035,,526.78814,,331.641764,,105.483491,371.523144,,107.645422
2023-04-04,471.8714,,523.865376,,331.039261,,105.660377,368.972017,,107.280429
2023-04-05,473.3447,,527.82914,,330.953336,,105.955189,370.510479,,108.056371
2023-04-06,472.453,,526.053118,,331.621654,,106.073113,370.707828,,108.016129
2023-04-10,471.0547,,527.632477,,330.911532,,105.542453,372.12596,,108.118414
2023-04-11,472.6187,,526.657268,,331.037794,,106.014151,370.350254,,108.042177
2023-04-12,472.2179,,522.313529,,330.394058,,106.073113,366.892594,,107.301662
2023-04-13,475.7432,,523.58799,,332.967164,,106.485849,367.905585,,107.18186
2023-04-14,472.3791,,522.396772,,331.824033,,105.424528,368.413499,,106.626163
2023-04-17,470.3317,,523.451445,,331.870114,,104.775943,370.81576,,106.64636
2023-04-18,471.527,,522.504867,,332.199673,,105.011792,369.573533,,106.42267
2023-04-19,470.538,,522.232444,,331.965662,,104.716981,369.896479,,106.291507
2023-04-20,470.4452,,521.581854,,331.477617,,104.834906,368.965303,,106.299604
2023-04-21,468.6782,,518.525695,,331.405721,,104.245283,368.106442,,105.478573
2023-04-24,471.0037,,518.404697,,332.130407,,104.95283,367.004285,,105.645516
2023-04-25,468.8494,,519.457293,,329.804517,,105.129717,366.852067,,106.525672
2023-04-26,465.4768,,512.669687,,328.469376,,104.42217,363.205464,,105.182773
2023-04-27,468.5252,,516.518495,,331.928886,,104.42217,367.380296,,105.282925
2023-04-28,472.637,,521.567024,,334.298227,,105.011792,370.368778,,105.982164
2023-05-01,468.6307,,519.19606,,332.734401,,103.242925,370.097578,,104.610013
2023-05-02,468.1329,,517.437377,,331.7794,,104.245283,368.176392,,105.379795
2023-05-03,467.255,,513.632363,,331.003649,,104.481132,365.299512,,105.038521
2023-05-04,465.2333,,513.723273,,329.435067,,104.186321,365.212944,,105.21592
2023-05-05,468.0727,,516.48332,,332.674048,,104.540094,368.535898,,105.496531
2023-05-08,466.8772,,515.857128,,331.995671,,104.009434,368.279105,,105.1022
2023-05-09,466.5561,,517.496548,,331.001731,,103.419811,368.596951,,104.910663
2023-05-10,467.4201,,517.515268,,332.782054,,104.068396,369.907868,,105.377272
2023-05-11,466.5675,,519.647445,,332.843659,,104.186321,372.179534,,106.124906
2023-05-12,465.5385,,521.674833,,331.823165,,103.773585,373.309354,,106.351448
2023-05-15,465.6622,,520.604182,,332.176152,,103.832547,372.840433,,106.165273
2023-05-16,461.554,,516.595604,,330.540747,,102.712264,371.424955,,105.138747
2023-05-17,464.1451,,520.598073,,332.751507,,103.125,374.702598,,105.785235
2023-05-18,464.3135,,524.138136,,334.046509,,102.417453,378.581401,,105.735476
2023-05-19,464.8042,,522.948816,,333.458208,,102.240566,376.659079,,105.202168
2023-05-22,464.1304,,521.852659,,333.414358,,102.004717,376.36573,,104.891536
2023-05-23,463.0768,,522.780927,,331.324026,,101.945755,375.523854,,105.256315
2023-05-24,460.7003,,521.031836,,329.547009,,101.002358,374.180393,,104.469517
2023-05-25,460.585,,522.08165,,330.769847,,100.766509,376.419782,,104.461717
2023-05-26,464.1243,,526.225987,,333.447321,,101.533019,379.56233,,105.282839
2023-05-30,465.0412,,526.685954,,334.413004,,101.768868,380.243108,,105.411394
2023-05-31,463.6425,,527.337116,,333.775939,,101.474057,381.134283,,105.553449
2023-06-01,467.2819,,527.881131,,336.083604,,102.476415,381.173231,,105.874996
2023-06-02,469.4948,,533.100633,,338.303588,,102.535377,385.658496,,106.479119
2023-06-05,468.9402,,532.197506,,337.896563,,102.476415,384.996723,,106.36325
2023-06-06,470.388,,534.819168,,338.494093,,103.007075,386.384514,,107.110018
2023-06-07,468.5322,,532.41539,,337.071009,,102.358491,384.547901,,106.376901
2023-06-08,471.766,,531.943315,,339.014341,,103.419811,383.773228,,106.648503
2023-06-09,471.4401,,533.242567,,339.067441,,103.125,385.036825,,106.677924
2023-06-12,473.1563,,534.770783,,341.151475,,103.301887,387.104469,,106.778448
2023-06-13,473.2253,,533.039989,,341.850277,,103.066038,386.585589,,106.174377
2023-06-14,473.7591,,532.112894,,342.2226,,103.773585,385.898235,,106.597089
2023-06-15,478.6843,,531.710591,,345.721368,,104.893868,385.540706,,106.558607
2023-06-16,477.3202,,530.394074,,344.586337,,104.540094,384.418952,,106.239017
2023-06-20,474.5525,,528.415006,,343.764192,,104.42217,384.29913,,106.339814
2023-06-21,474.0342,,524.570693,,342.930736,,104.540094,380.994448,,105.800943
2023-06-22,471.9183,,523.668772,,342.963161,,103.537736,382.080803,,105.075345
2023-06-23,471.0996,,525.841707,,341.821061,,103.478774,383.053115,,105.634522
2023-06-26,471.4146,,525.508169,,341.141398,,103.537736,381.793698,,105.557091
2023-06-27,473.3437,,525.025245,,343.115215,,103.537736,382.086285,,105.030287
2023-06-28,473.9734,,528.026503,,343.635465,,103.832547,384.3418,,105.790718
2023-06-29,473.9429,,530.417965,,343.386033,,102.830189,385.82709,,105.250736
2023-06-30,478.4789,,533.187515,,346.136945,,103.891509,387.242508,,105.87893
2023-07-03,478.3597,,533.084004,,346.215505,,104.304245,387.351701,,106.305407
2023-07-05,476.6347,,533.867927,,345.277656,,103.125,388.270627,,105.639039
2023-07-06,472.2328,,527.295398,,342.756996,,101.29717,384.239535,,103.444511
2023-07-07,472.9734,,524.241436,,342.268334,,101.415094,380.872167,,102.803886
2023-07-10,474.3482,,524.216725,,343.174783,,101.650943,380.756101,,102.739473
2023-07-11,477.8278,,527.687979,,344.790484,,102.240566,382.277684,,103.262192
2023-07-12,482.3171,,526.925765,,347.564025,,104.127358,381.214561,,104.038464
2023-07-13,484.9042,,525.113471,,350.086611,,105.188679,380.619122,,104.178601
2023-07-14,482.4035,,522.456601,,349.295328,,104.42217,379.796043,,103.429587
2023-07-17,483.2445,,523.073856,,350.184806,,104.599057,380.54961,,103.546677
2023-07-18,486.7921,,527.068715,,351.859475,,104.95283,382.481871,,103.927427
2023-07-19,488.4032,,530.272438,,352.750468,,105.660377,384.508584,,104.916795
2023-07-20,486.425,,531.356297,,350.617624,,105.247642,384.522338,,105.146452
2023-07-21,486.745,,531.925717,,350.714838,,105.247642,384.787997,,105.18993
2023-07-24,488.0011,,536.224279,,351.395145,,105.365566,387.64958,,105.885547
2023-07-25,489.3667,,538.484089,,351.823636,,105.601415,388.670306,,106.272404
2023-07-26,489.84,,537.181582,,352.313624,,105.483491,387.89501,,105.79464
2023-07-27,485.0815,,537.319074,,349.709704,,103.714623,388.904633,,105.067849
2023-07-28,488.376,,539.111584,,352.29776,,104.540094,390.438036,,105.540596
2023-07-31,490.3229,,542.063031,,352.881872,,104.95283,391.665076,,106.114339
2023-08-01,487.351,,539.385745,,351.343719,,103.537736,390.39809,,104.801759
2023-08-02,482.451,,536.232611,,348.068331,,102.299528,388.402851,,103.988652
2023-08-03,480.6483,,533.677603,,346.54226,,101.061321,386.300845,,102.623977
2023-08-04,481.5526,,531.820777,,346.743823,,102.122642,384.457369,,103.146837
2023-08-07,482.5242,,533.169878,,348.576942,,102.004717,386.690097,,103.081105
2023-08-08,482.1707,,535.016148,,348.005958,,102.063679,387.67754,,103.573726
2023-08-09,481.398,,533.306933,,346.708722,,102.240566,385.616495,,103.587774
2023-08-10,480.2582,,531.705064,,345.8783,,101.179245,384.44765,,102.447119
2023-08-11,480.5468,,533.789164,,345.336116,,100.707547,385.118119,,102.307716
2023-08-14,481.2191,,536.442628,,346.369204,,100.294811,387.648032,,102.251855
2023-08-15,477.0548,,532.00533,,343.572117,,99.233491,384.665744,,101.208803
2023-08-16,473.9943,,529.670941,,341.737092,,98.466981,383.39199,,100.631966
2023-08-17,472.71,,528.585609,,340.029086,,98.349057,381.728426,,100.578012
2023-08-18,473.716,,529.895731,,340.431976,,98.466981,382.314351,,100.733818
2023-08-21,473.866,,528.730529,,341.070482,,98.054245,382.068172,,100.059319
2023-08-22,473.5982,,530.882565,,340.663533,,98.17217,383.382206,,100.644284
2023-08-23,478.84,,535.888737,,344.247629,,100.117925,386.788054,,102.47274
2023-08-24,474.9641,,534.137449,,341.062244,,99.292453,385.073626,,102.122347
2023-08-25,477.0512,,537.264849,,342.424709,,99.587264,387.174207,,102.574532
2023-08-28,479.0222,,538.277885,,344.017085,,99.941038,388.104605,,102.708658
2023-08-29,483.6982,,540.484879,,347.889177,,101.179245,390.272439,,103.398162
2023-08-30,484.9087,,539.689608,,348.701227,,101.120283,389.63274,,102.928267
2023-08-31,484.9074,,543.659933,,348.587644,,101.238208,392.372347,,103.806672
2023-09-01,485.4073,,547.766668,,348.264037,,100.589623,394.562508,,103.813727
2023-09-05,483.0495,,547.703887,,346.607327,,99.705189,394.557055,,103.391361
2023-09-06,481.5026,,545.700553,,345.079723,,99.587264,392.638684,,103.221904
2023-09-07,481.1427,,546.883319,,344.870325,,99.528302,393.545082,,103.461716
2023-09-08,482.3126,,548.084959,,345.261166,,99.764151,393.899017,,103.682651
2023-09-11,482.2263,,545.336213,,346.458532,,99.764151,393.353115,,103.181126
2023-09-12,482.5391,,545.507271,,345.369072,,99.941038,391.984925,,103.329468
2023-09-13,482.0588,,546.213794,,345.805709,,99.823113,393.380379,,103.444181
2023-09-14,483.8822,,552.725694,,347.416149,,100.117925,398.417033,,104.59096
2023-09-15,480.5454,,548.054194,,344.580143,,99.587264,394.54561,,103.873601
2023-09-18,482.3447,,548.464926,,344.895907,,99.882075,393.728885,,103.870258
2023-09-19,480.6015,,547.11219,,344.075857,,99.292453,393.245134,,103.376021
2023-09-20,478.3104,,545.459159,,342.0992,,99.056604,391.671851,,103.311378
2023-09-21,470.9238,,537.166583,,337.770526,,96.992925,386.810261,,101.183735
2023-09-22,471.679,,538.669895,,337.890841,,97.582547,387.409682,,101.920283
2023-09-25,470.7977,,540.312916,,337.673632,,96.226415,389.068484,,100.999129
2023-09-26,467.0789,,537.099648,,334.533069,,95.400943,386.208262,,100.329718
2023-09-27,467.0866,,540.688475,,334.136588,,94.988208,388.321669,,100.561491
2023-09-28,468.0567,,538.570438,,335.698436,,95.813679,387.803077,,100.82863
2023-09-29,465.8902,,535.646616,,335.082652,,95.341981,386.780546,,100.25159
2023-10-02,462.9761,,537.214186,,334.069632,,93.808962,389.173972,,99.550979
2023-10-03,458.3557,,532.401716,,330.343134,,92.275943,385.229895,,98.025171
2023-10-04,458.9686,,531.220455,,332.716742,,92.924528,386.620036,,98.363616
2023-10-05,457.9698,,527.893262,,332.718992,,92.570755,385.039033,,97.587769
2023-10-06,460.2256,,528.608957,,334.575648,,92.334906,385.812203,,96.99335
2023-10-09,466.9947,,537.292506,,337.252216,,93.867925,389.557465,,98.77075
2023-10-10,467.7581,,536.212011,,338.176256,,94.516509,389.203037,,99.091226
2023-10-11,470.2744,,538.375685,,339.625093,,95.754717,390.347818,,100.255125
2023-10-12,467.5709,,539.9227,,337.218437,,93.808962,390.942884,,99.069678
2023-10-13,471.0217,,545.010128,,336.775456,,94.929245,391.220837,,100.456025
2023-10-16,471.8523,,543.205204,,338.159694,,94.516509,390.838714,,99.512543
2023-10-17,471.8227,,542.303254,,337.172115,,94.162736,389.074633,,98.981664
2023-10-18,470.6362,,543.023902,,333.855902,,93.21934,386.732405,,98.36757
2023-10-19,469.1032,,538.912572,,331.58889,,92.393868,382.443935,,97.074547
2023-10-20,466.6356,,535.536265,,329.616615,,92.099057,379.785168,,96.667059
2023-10-23,465.5764,,530.539331,,329.790387,,92.099057,377.296266,,95.982955
2023-10-24,465.9065,,534.876237,,331.759515,,93.101415,382.380565,,97.751431
2023-10-25,464.7471,,534.736934,,327.908417,,91.686321,378.786022,,96.480677
2023-10-26,463.9145,,533.970988,,326.449335,,92.334906,377.236225,,97.198134
2023-10-27,463.6537,,533.847707,,325.510825,,92.099057,376.276396,,96.982001
2023-10-30,464.2235,,531.663826,,327.53266,,92.158019,376.601886,,96.528471
2023-10-31,464.2397,,533.723753,,328.688687,,91.863208,379.382155,,96.58911
2023-11-01,465.0467,,534.884221,,332.245546,,93.278302,383.654481,,98.119687
2023-11-02,467.7089,,535.322726,,336.863901,,95.224057,387.090406,,99.677935
2023-11-03,468.9971,,531.488077,,339.529068,,96.049528,386.294228,,99.547627
2023-11-06,467.6836,,530.51882,,339.318049,,95.459906,386.432374,,99.033462
2023-11-07,467.0445,,530.660363,,340.612392,,95.872642,388.54088,,99.624324
2023-11-08,466.2104,,529.252634,,341.231937,,96.462264,388.90957,,100.149971
2023-11-09,464.7029,,529.60352,,338.487712,,94.811321,387.289993,,98.820713
2023-11-10,466.6077,,530.933198,,341.980571,,95.224057,390.667516,,99.09391
2023-11-13,467.8057,,531.579896,,341.766305,,95.106132,389.897248,,98.837981
2023-11-14,474.2056,,529.931416,,347.472065,,97.346698,389.843926,,99.491624
2023-11-15,473.3638,,530.565999,,347.049049,,96.757075,390.528846,,99.183496
2023-11-16,474.1686,,531.198692,,348.059141,,97.287736,391.466982,,99.676919
2023-11-17,476.258,,530.756466,,348.597402,,97.641509,390.027333,,99.517578
2023-11-20,477.7441,,530.88937,,350.433564,,98.408019,390.959959,,100.011857
2023-11-21,478.8885,,533.590148,,350.125546,,98.17217,391.665286,,100.040094
2023-11-22,479.0168,,534.840942,,351.068946,,98.408019,393.53576,,100.488576
2023-11-24,479.7502,,533.474605,,350.557626,,97.759434,391.359511,,99.419041
2023-11-27,480.7803,,533.609731,,350.970495,,98.466981,391.079969,,99.949357
2023-11-28,483.0747,,534.249171,,351.784329,,98.820755,390.592536,,99.951666
2023-11-29,483.0602,,535.372785,,352.323119,,99.587264,392.025271,,100.941822
2023-11-30,483.2065,,539.672556,,352.700173,,98.820755,395.476904,,100.938777
2023-12-01,488.1747,,545.532052,,355.179835,,100.648585,398.48428,,102.864373
2023-12-04,483.2189,,542.141834,,353.523044,,99.528302,398.203089,,102.124021
2023-12-05,481.9646,,542.728032,,354.428207,,100.176887,400.694405,,103.16846
2023-12-06,481.2522,,543.531844,,353.931722,,100.825472,401.318927,,104.144139
2023-12-07,482.1224,,543.031475,,355.597607,,100.825472,402.109571,,103.860465
2023-12-08,481.4259,,543.995874,,355.798027,,100.589623,403.633848,,103.95171
2023-12-11,480.6646,,542.848029,,356.646548,,100.117925,404.382208,,103.40946
2023-12-12,480.5776,,541.261424,,358.048486,,100.117925,404.858519,,103.125887
2023-12-13,488.2496,,545.866636,,362.801639,,102.535377,407.222515,,104.840889
2023-12-14,492.856,,545.096404,,364.669996,,105.011792,404.921828,,106.219352
2023-12-15,490.9111,,547.844656,,363.981448,,104.658019,407.804219,,106.816758
2023-12-18,492.787,,548.437848,,364.911487,,104.481132,407.730875,,106.345312
2023-12-19,495.6153,,548.712265,,366.408184,,104.95283,407.270558,,106.268958
2023-12-20,492.1945,,546.992262,,363.908002,,104.716981,406.02607,,106.432398
2023-12-21,494.8262,,546.345972,,365.962311,,105.129717,405.666653,,106.158032
2023-12-22,495.6793,,547.123917,,366.206214,,104.834906,405.815391,,105.828619
2023-12-26,498.0382,,548.338619,,367.43238,,105.188679,406.145357,,105.917443
2023-12-27,499.1052,,546.390979,,368.770635,,106.544811,405.308437,,106.673375
2023-12-28,497.2661,,546.533261,,368.522896,,106.073113,406.64001,,106.621642
2023-12-29,496.1607,,546.489264,,367.605469,,105.247642,406.498666,,106.01906
2024-01-02,495.3597,,550.514888,,365.67695,,104.716981,408.003483,,106.43337
2024-01-03,494.1609,,550.072653,,363.949882,,104.540094,406.734625,,106.425787
2024-01-04,492.1829,,546.719485,,362.657669,,103.596698,404.438774,,105.243735
2024-01-05,491.8221,,546.493474,,362.611574,,103.007075,404.516732,,104.678214
2024-01-08,493.741,,548.154727,,366.276992,,103.714623,408.254986,,105.306764
2024-01-09,491.922,,547.114544,,365.90918,,103.007075,408.576333,,104.775894
2024-01-10,492.0521,,545.179412,,366.872339,,102.653302,408.094943,,104.019218
2024-01-11,492.6326,,545.842488,,367.601912,,103.125,408.9214,,104.501003
2024-01-12,494.4039,,548.980925,,368.019481,,103.65566,410.264616,,105.2642
2024-01-16,490.9067,,548.776732,,366.120447,,101.945755,410.902328,,104.226506
2024-01-17,488.8078,,546.068874,,364.500142,,101.179245,408.813176,,103.374408
2024-01-18,490.5219,,548.296153,,366.314242,,101.179245,411.082027,,103.433337
2024-01-19,494.0851,,551.214724,,369.069952,,101.650943,413.376352,,103.715287
2024-01-22,494.5872,,552.515143,,369.807298,,101.886792,414.757911,,104.095393
2024-01-23,494.7734,,554.210213,,370.100033,,101.591981,416.202987,,104.073442
2024-01-24,495.258,,553.157767,,370.009796,,101.29717,414.904959,,103.473022
2024-01-25,498.9821,,559.295534,,371.888011,,102.063679,418.491316,,104.626069
2024-01-26,498.9389,,558.88641,,371.436181,,101.82783,417.713275,,104.316974
2024-01-29,502.2489,,563.736841,,373.792008,,102.830189,421.216449,,105.557808
2024-01-30,503.42,,564.306276,,373.904709,,103.007075,420.787895,,105.599966
2024-01-31,499.0352,,560.807989,,370.921458,,103.183962,418.487854,,106.04923
2024-02-01,504.2753,,563.907947,,374.683722,,104.95283,420.652265,,107.336388
2024-02-02,504.8864,,569.045692,,375.675538,,103.125,425.093312,,106.299136
2024-02-05,501.8078,,567.897713,,373.620583,,101.886792,424.503615,,105.453964
2024-02-06,503.5372,,569.224312,,375.054676,,102.653302,425.661482,,106.129742
2024-02-07,505.6514,,570.669758,,376.626698,,102.535377,426.739294,,105.832653
2024-02-08,506.1579,,570.949868,,376.26459,,102.063679,426.11144,,105.292026
2024-02-09,506.0808,,570.571723,,377.518659,,101.945755,427.313578,,105.116728
2024-02-12,506.848,,572.020221,,377.450287,,102.240566,427.672467,,105.528361
2024-02-13,501.1572,,568.951599,,372.942798,,100.53066,425.070984,,104.378773
2024-02-14,503.0621,,570.107972,,375.644257,,101.356132,427.395707,,105.050433
2024-02-15,507.6087,,572.857462,,377.541841,,101.82783,427.760319,,105.09845
2024-02-16,506.3178,,571.299864,,375.949865,,101.886792,425.881472,,105.140762
2024-02-20,505.2837,,568.38163,,374.846738,,101.474057,423.32739,,104.393167
2024-02-21,506.1922,,568.803593,,374.585862,,101.415094,422.587019,,104.222572
2024-02-22,511.4094,,574.469648,,379.377274,,101.82783,427.846104,,104.610957
2024-02-23,511.9226,,575.31724,,380.090055,,102.59434,428.852039,,105.448108
2024-02-26,510.9788,,572.483676,,378.926184,,102.240566,426.218925,,104.760069
2024-02-27,510.4695,,572.276976,,379.158079,,101.886792,426.751127,,104.464005
2024-02-28,510.6094,,572.745432,,379.151596,,102.181604,426.976137,,104.823305
2024-02-29,512.381,,576.4879,,380.210609,,102.771226,429.476393,,105.750158
2024-03-01,517.3459,,580.344533,,383.080534,,103.891509,431.4325,,106.585284
2024-03-04,517.5857,,579.645444,,382.470388,,103.773585,430.027136,,106.286788
2024-03-05,517.2033,,579.163841,,380.993078,,104.42217,428.326679,,106.941229
2024-03-06,519.7145,,579.733096,,382.393282,,105.129717,428.244114,,107.250929
2024-03-07,523.2503,,581.038201,,384.998921,,105.542453,429.212736,,107.185167
2024-03-08,522.8099,,581.276555,,383.747508,,105.424528,428.353638,,107.199553
2024-03-11,523.2696,,582.245609,,383.37962,,105.424528,428.279836,,107.283934
2024-03-12,523.9805,,582.988609,,385.471384,,105.070755,430.581112,,106.915114
2024-03-13,525.1157,,583.136248,,384.814857,,105.188679,429.027127,,106.830766
2024-03-14,524.351,,585.738082,,383.382032,,104.363208,429.962919,,106.620591
2024-03-15,522.5675,,583.50451,,381.786847,,103.714623,427.996947,,105.914182
2024-03-18,524.049,,585.982239,,382.990296,,103.65566,429.950258,,106.002934
2024-03-19,526.177,,588.719114,,384.652296,,103.891509,432.078337,,106.308658
2024-03-20,529.4964,,589.384596,,387.100429,,104.658019,432.590831,,106.541936
2024-03-21,530.8954,,594.321065,,387.973092,,104.834906,436.045345,,107.332285
2024-03-22,529.8457,,596.060478,,388.025285,,105.129717,438.246873,,108.162997
2024-03-25,529.7489,,594.268847,,387.10073,,104.658019,435.968166,,107.37365
2024-03-26,528.9732,,593.738352,,386.830706,,104.716981,435.913441,,107.495641
2024-03-27,532.8701,,598.289135,,389.291214,,105.837264,438.815797,,108.677759
2024-03-28,535.1488,,603.170514,,389.052097,,106.25,440.241718,,109.523368
2024-04-01,535.2141,,605.675553,,387.518685,,105.188679,440.273995,,108.866386
2024-04-02,536.0277,,605.109233,,385.93674,,105.129717,437.401792,,108.538633
2024-04-03,537.6598,,603.215603,,386.277299,,105.365566,435.092978,,108.112525
2024-04-04,534.5362,,599.661343,,383.821111,,105.601415,432.290485,,108.345524
2024-04-05,539.38,,605.139959,,385.457527,,105.247642,434.1656,,107.990529
2024-04-08,539.1759,,603.62418,,385.445463,,105.424528,433.228463,,107.941917
2024-04-09,540.5217,,605.259041,,386.244226,,106.25,434.218216,,108.810147
2024-04-10,536.0233,,606.619519,,382.078816,,104.540094,434.113767,,108.200161
2024-04-11,539.6051,,611.60678,,383.840086,,104.481132,436.781727,,108.30448
2024-04-12,534.3967,,610.685265,,380.94617,,104.068396,437.054074,,108.763917
2024-04-15,532.0507,,608.82273,,377.153157,,103.242925,433.28482,,108.046435
2024-04-16,530.4117,,607.261605,,376.323594,,102.358491,432.555724,,107.176336
2024-04-17,528.5525,,602.065606,,375.682721,,102.771226,429.630194,,107.06303
2024-04-18,527.8912,,602.979001,,374.785633,,102.59434,429.792257,,107.174995
2024-04-19,527.088,,601.558521,,372.981276,,102.771226,427.365709,,107.270079
2024-04-22,526.5371,,600.828258,,375.146011,,102.712264,429.773461,,107.190422
2024-04-23,528.8721,,600.83085,,378.129077,,102.889151,431.280208,,106.901415
2024-04-24,528.0139,,599.990446,,377.6172,,102.59434,430.792997,,106.61902
2024-04-25,527.8681,,598.086197,,376.339759,,102.358491,428.091251,,106.065597
2024-04-26,529.8154,,602.476761,,378.80902,,103.183962,432.467943,,107.310008
2024-04-29,531.1429,,602.30182,,380.070307,,103.891509,432.697738,,107.744511
2024-04-30,523.3189,,596.512104,,375.843508,,102.417453,430.108259,,106.767511
2024-05-01,522.9975,,593.552363,,375.634883,,102.59434,427.999467,,106.486642
2024-05-02,525.0296,,595.125252,,378.420969,,103.301887,430.643277,,107.08907
2024-05-03,528.0911,,596.753791,,382.017427,,104.481132,433.398497,,107.978307
2024-05-06,531.9121,,600.546875,,384.485227,,105.070755,435.817422,,108.49287
2024-05-07,532.2577,,601.68025,,385.076347,,105.306604,437.027268,,108.870875
2024-05-08,531.5564,,601.23969,,384.765908,,105.011792,436.930904,,108.629722
2024-05-09,534.9414,,603.177215,,386.392753,,105.837264,437.406847,,109.141427
2024-05-10,535.1532,,604.228634,,386.373967,,105.71934,437.974596,,109.166635
2024-05-13,534.3999,,602.136617,,386.476639,,105.660377,437.189583,,108.881259
2024-05-14,536.3437,,602.67342,,387.963382,,106.426887,437.670705,,109.371084
2024-05-15,540.969,,604.240519,,391.873108,,107.606132,439.441244,,109.922549
2024-05-16,539.6812,,603.756206,,391.211521,,107.488208,439.393716,,109.97588
2024-05-17,541.9697,,606.310835,,391.053718,,107.724057,439.212437,,110.216173
2024-05-20,542.0123,,606.939349,,391.180781,,107.606132,439.776025,,110.200985
2024-05-21,542.287,,607.403609,,392.039768,,107.841981,440.855421,,110.471013
2024-05-22,538.508,,604.915279,,391.164963,,107.370283,441.143851,,110.305914
2024-05-23,533.9921,,600.275122,,389.010357,,105.955189,439.03037,,108.930638
2024-05-24,535.9193,,600.708519,,390.731867,,106.367925,439.704705,,109.040387
2024-05-28,536.8968,,601.205531,,390.18451,,105.778302,438.651949,,108.328081
2024-05-29,532.8758,,599.791163,,387.935584,,104.599057,438.380845,,107.674816
2024-05-30,532.3112,,597.435398,,387.121653,,105.188679,436.205059,,107.970883
2024-05-31,535.6198,,600.284256,,389.735503,,105.896226,438.518771,,108.540825
2024-06-03,536.2625,,597.879426,,390.8635,,106.662736,437.501136,,108.757998
2024-06-04,536.3956,,599.418595,,391.6951,,106.839623,439.45158,,109.191707
2024-06-05,540.7444,,604.862146,,394.965427,,107.606132,443.548735,,110.081338
2024-06-06,541.4765,,604.618504,,395.014154,,107.783019,442.825239,,110.06886
2024-06-07,536.4375,,603.979063,,393.336839,,105.778302,444.616182,,108.921008
2024-06-10,537.8864,,607.438738,,393.92666,,105.837264,446.627214,,109.310739
2024-06-11,539.5164,,610.680685,,395.048881,,106.014151,448.929616,,109.745236
2024-06-12,541.3731,,608.921396,,397.726747,,106.721698,449.125019,,109.78161
2024-06-13,541.9673,,613.64341,,399.013735,,107.429245,453.574598,,111.244314
2024-06-14,543.4321,,617.302672,,399.320029,,107.606132,455.398767,,111.789804
2024-06-17,544.4551,,616.638261,,400.656805,,107.311321,455.573873,,111.154294
2024-06-18,546.3507,,618.46828,,401.843407,,108.07783,456.689116,,111.890921
2024-06-20,547.488,,621.956395,,400.917411,,107.959906,457.254657,,112.165716
2024-06-21,545.523,,620.332772,,400.613933,,107.370283,457.35728,,111.662684
2024-06-24,546.971,,619.603163,,399.955932,,107.841981,454.861685,,111.724775
2024-06-25,547.7726,,621.565297,,400.863662,,108.018868,456.668475,,112.098133
2024-06-26,545.3211,,620.71862,,400.444349,,107.016509,457.617399,,111.405224
2024-06-27,546.7934,,621.051249,,401.094321,,107.488208,457.370949,,111.654775
2024-06-28,544.4642,,617.984252,,399.356793,,106.485849,455.07926,,110.538173
2024-07-01,543.3141,,614.990768,,398.983864,,105.424528,453.409734,,109.136895
2024-07-02,545.5993,,617.301559,,401.135411,,106.132075,455.651137,,109.820276
2024-07-03,549.4295,,619.381253,,403.063544,,107.311321,456.181312,,110.637901
2024-07-05,551.7313,,618.871453,,405.274862,,108.254717,456.39448,,111.053426
2024-07-08,550.374,,618.176017,,405.608245,,108.07783,457.381826,,111.020496
2024-07-09,549.6112,,617.901542,,405.701389,,107.54717,457.918391,,110.579595
2024-07-10,553.4053,,621.230639,,408.27391,,108.254717,460.128431,,111.139564
2024-07-11,554.3329,,620.107521,,406.982276,,109.316038,457.077378,,111.838808
2024-07-12,556.5952,,620.542676,,408.975421,,109.669811,457.769964,,111.823118
2024-07-15,558.0097,,622.71932,,409.086975,,109.080189,458.336169,,111.32912
2024-07-16,563.2584,,628.265258,,411.219293,,110.318396,460.496928,,112.537072
2024-07-17,559.8457,,622.192374,,407.868273,,109.964623,455.086705,,111.769068
2024-07-18,556.8534,,621.280649,,405.535738,,109.021226,454.248991,,111.242392
2024-07-19,552.1557,,616.911319,,403.593624,,108.07783,452.713415,,110.435856
2024-07-22,553.9654,,618.381992,,406.020386,,108.018868,455.029886,,110.277299
2024-07-23,552.1467,,618.447239,,405.619163,,107.606132,456.125683,,110.229414
2024-07-24,546.0707,,612.437254,,399.615208,,106.308962,449.958667,,109.042277
2024-07-25,545.4467,,611.404632,,398.811737,,106.662736,448.80969,,109.34563
2024-07-26,549.5706,,615.52211,,402.062636,,107.665094,452.09715,,110.282702
2024-07-29,549.2013,,617.035573,,402.453713,,107.841981,453.954653,,110.809963
2024-07-30,550.4478,,618.75626,,401.408617,,108.07783,453.010267,,111.109806
2024-07-31,556.8991,,625.395179,,406.179672,,109.610849,457.945805,,112.575494
2024-08-01,552.7147,,622.680531,,403.409275,,109.139151,456.276434,,112.449401
2024-08-02,551.1362,,614.219911,,400.705306,,109.669811,448.340461,,111.780064
2024-08-05,546.4039,,606.505136,,393.583078,,109.198113,438.606434,,110.853174
2024-08-06,543.9525,,605.043637,,394.820689,,108.136792,440.903464,,110.004768
2024-08-07,541.803,,603.110733,,392.75454,,107.488208,438.929484,,109.42808
2024-08-08,547.9279,,610.079522,,397.959404,,108.254717,444.856246,,110.235675
2024-08-09,548.6485,,611.111336,,399.571388,,108.84434,446.825977,,110.877723
2024-08-12,550.9504,,612.732164,,399.975747,,109.375,446.590748,,111.247061
2024-08-13,552.7689,,611.270812,,404.570785,,110.082547,449.161438,,111.332211
2024-08-14,552.8072,,610.280635,,405.619867,,110.082547,449.565531,,111.144167
2024-08-15,555.3955,,615.373274,,409.121081,,110.259434,455.099145,,111.728595
2024-08-16,558.3349,,615.583659,,410.064688,,110.790094,453.902493,,111.713471
2024-08-19,560.3593,,614.560713,,412.593459,,111.497642,454.295501,,111.834602
2024-08-20,560.2341,,611.961182,,412.678048,,111.851415,452.567738,,111.73986
2024-08-21,561.0474,,611.761218,,413.850371,,112.382075,453.047381,,112.070611
2024-08-22,557.9793,,610.458077,,411.220376,,111.143868,451.679386,,111.207882
2024-08-23,561.8698,,610.484167,,414.592373,,112.558962,452.249308,,111.848741
2024-08-26,562.0386,,612.205061,,413.854106,,112.441038,452.580594,,112.012869
2024-08-27,561.8036,,610.679674,,414.24862,,112.5,452.072309,,111.839129
2024-08-28,559.979,,612.232627,,412.665446,,111.910377,452.960908,,111.899307
2024-08-29,560.6001,,615.241074,,412.469302,,111.851415,454.466285,,112.265403
2024-08-30,560.1364,,616.518721,,414.441291,,111.320755,457.966149,,112.057498
2024-09-03,558.3424,,614.666569,,410.02335,,110.790094,453.174497,,111.545543
2024-09-04,559.0604,,613.296624,,410.229856,,111.379717,451.811203,,111.745555
2024-09-05,559.4511,,612.167465,,410.057948,,111.556604,450.47556,,111.638939
2024-09-06,555.6976,,609.525086,,406.125678,,110.731132,447.230487,,111.079805
2024-09-09,558.5373,,615.343623,,409.100036,,111.438679,452.494108,,112.282942
2024-09-10,559.6011,,617.37722,,410.660339,,111.733491,454.854703,,112.737322
2024-09-11,560.0531,,618.29671,,413.150174,,112.087264,457.92416,,113.1713
2024-09-12,564.0412,,619.190854,,415.083629,,112.5,457.474823,,112.947997
2024-09-13,567.259,,622.858262,,416.736923,,113.089623,459.396522,,113.564579
2024-09-16,569.8021,,622.239289,,417.498007,,114.091981,457.726102,,113.946453
2024-09-17,569.5623,,623.063189,,417.43851,,113.856132,458.459797,,113.909407
2024-09-18,566.1387,,619.028348,,416.165313,,113.03066,456.847719,,113.03066
2024-09-19,571.5293,,622.531727,,420.441675,,113.974057,459.776357,,113.538016
2024-09-20,572.3415,,623.489028,,419.858094,,113.620283,459.191664,,113.198781
2024-09-23,573.8614,,627.90172,,420.416684,,114.150943,461.83037,,114.229025
2024-09-24,576.0788,,626.47687,,421.375467,,114.976415,460.055559,,114.352119
2024-09-25,572.8285,,625.566677,,420.165637,,114.091981,460.667324,,113.950547
2024-09-26,573.0604,,623.344958,,421.201641,,115.035377,459.976871,,114.438401
2024-09-27,574.3988,,625.758215,,421.323571,,115.566038,460.815077,,115.142476
2024-09-30,573.6467,,626.3308,,421.940839,,115.389151,462.518085,,115.222303
2024-10-01,577.0945,,633.909695,,420.126967,,116.037736,463.317714,,116.571399
2024-10-02,576.7573,,634.87013,,419.889935,,115.625,464.029025,,116.400768
2024-10-03,576.9101,,635.87316,,418.744072,,114.622642,463.371065,,115.54338
2024-10-04,576.8789,,639.205818,,419.94921,,114.091981,467.165455,,115.617478
2024-10-07,574.8582,,636.839102,,417.086253,,113.561321,463.887589,,115.056652
2024-10-08,573.4432,,634.935957,,419.743574,,113.03066,466.59648,,114.458509
2024-10-09,573.334,,637.18861,,421.050795,,112.735849,469.799648,,114.586816
2024-10-10,574.1201,,638.213956,,420.502038,,112.676887,469.298902,,114.554114
2024-10-11,576.5608,,640.968159,,422.066813,,112.853774,471.075413,,114.741292
2024-10-14,577.5933,,643.723026,,423.989641,,112.794811,474.405844,,114.968357
2024-10-15,576.1556,,643.170246,,422.695078,,112.617925,473.730379,,114.975679
2024-10-16,578.5301,,647.533354,,424.020491,,113.148585,476.475875,,115.823748
2024-10-17,577.3649,,648.066886,,423.216379,,112.676887,476.924692,,115.668898
2024-10-18,579.2697,,648.146345,,424.303883,,112.912736,476.636348,,115.544027
2024-10-21,576.3716,,647.921068,,422.703889,,111.320755,477.06072,,114.447939
2024-10-22,578.0534,,650.919119,,422.603096,,111.733491,477.759828,,115.068046
2024-10-23,574.3318,,647.610177,,419.860404,,110.849057,475.306342,,114.312865
2024-10-24,576.5406,,647.356817,,420.740678,,111.379717,474.29246,,114.3753
2024-10-25,576.3399,,649.145957,,420.30123,,110.966981,475.271988,,114.306189
2024-10-28,575.7229,,647.365434,,420.804165,,111.025943,475.044091,,114.175463
2024-10-29,575.9727,,647.275138,,421.416895,,110.849057,475.463143,,113.928226
2024-10-30,576.2891,,645.39941,,420.466968,,111.20283,472.756958,,113.898054
2024-10-31,571.5071,,638.408998,,415.486022,,110.554245,465.963259,,112.944503
2024-11-01,569.5354,,639.231398,,415.877651,,109.728774,468.620028,,112.634181
2024-11-04,572.3692,,639.742351,,416.039053,,110.495283,466.85373,,112.94965
2024-11-05,576.4484,,641.206742,,419.45792,,111.20283,468.429167,,113.126874
2024-11-06,579.6196,,656.831976,,424.392748,,109.433962,482.833134,,113.416347
2024-11-07,583.7903,,657.001875,,427.657865,,111.143868,483.19684,,114.395133
2024-11-08,586.5809,,665.378045,,429.068844,,111.143868,488.635952,,115.302404
2024-11-11,584.9645,,667.806547,,428.920695,,110.436321,491.604728,,115.304272
2024-11-12,581.2142,,665.161648,,427.122239,,108.667453,490.750845,,113.737264
2024-11-13,579.8522,,667.41031,,427.226366,,107.841981,493.686824,,113.520884
2024-11-14,579.0107,,668.530466,,425.504074,,108.018868,493.237655,,114.06346
2024-11-15,575.4154,,663.818199,,422.252139,,107.606132,489.05468,,113.531663
2024-11-18,578.8142,,663.996425,,423.441297,,108.431604,487.683051,,113.761353
2024-11-19,580.5932,,666.225833,,424.612387,,108.726415,489.170289,,114.102957
2024-11-20,581.9329,,671.01226,,424.527822,,108.726415,491.452547,,114.658147
2024-11-21,584.5143,,678.461174,,425.802252,,108.962264,496.198789,,115.669347
2024-11-22,586.12,,684.198749,,426.72635,,109.257075,500.107173,,116.642713
2024-11-25,586.3042,,679.170522,,429.11776,,110.436321,499.057054,,116.998436
2024-11-26,587.097,,680.542815,,430.199648,,109.90566,500.649204,,116.513959
2024-11-27,587.3175,,675.798132,,429.888041,,110.318396,496.612099,,116.092534
2024-11-29,591.0712,,679.557758,,432.167986,,111.320755,498.835159,,117.050972
2024-12-02,590.4262,,683.795558,,432.672279,,111.261792,503.080651,,117.84713
2024-12-03,589.5122,,682.243069,,432.452355,,111.20283,502.461152,,117.699463
2024-12-04,590.7374,,683.322738,,434.630949,,111.733491,504.742577,,118.202613
2024-12-05,590.2376,,677.855742,,434.21955,,111.556604,500.653974,,117.170423
2024-12-06,589.2917,,678.005577,,435.220824,,111.556604,502.725016,,117.38444
2024-12-09,587.4429,,676.755909,,433.366935,,111.497642,501.233463,,117.47471
2024-12-10,586.2602,,677.055124,,432.331579,,111.143868,501.266249,,117.390088
2024-12-11,587.7206,,680.798295,,433.944358,,110.908019,504.660693,,117.495923
2024-12-12,582.9377,,677.122511,,431.902677,,109.492925,503.673257,,116.317074
2024-12-13,580.0568,,671.715963,,431.188474,,108.84434,501.302855,,115.274514
2024-12-16,579.637,,670.457073,,432.462906,,108.490566,502.205687,,114.767562
2024-12-17,578.1638,,670.040813,,431.395402,,108.195755,501.930701,,114.676093
2024-12-18,566.2635,,665.036178,,422.357321,,106.073113,497.994581,,113.931633
2024-12-19,564.3819,,662.410426,,421.848079,,105.247642,497.08201,,112.974066
2024-12-20,568.1747,,662.309347,,425.336765,,105.778302,497.771245,,112.768522
2024-12-23,568.3311,,664.064397,,426.337562,,105.542453,500.126952,,112.7842
2024-12-24,571.7088,,668.866065,,429.387753,,106.073113,504.349769,,113.496353
2024-12-26,572.0608,,667.408842,,429.519377,,106.191038,503.09548,,113.305225
2024-12-27,568.796,,663.587146,,426.444317,,105.424528,499.484079,,112.485205
2024-12-30,566.9459,,662.33128,,424.205212,,105.424528,497.539465,,112.638697
2024-12-31,566.9578,,665.632954,,423.072442,,105.306604,498.673976,,113.071198
2025-01-02,568.4508,,673.493151,,422.468444,,105.660377,502.518974,,114.489264
2025-01-03,570.6776,,673.055099,,425.451372,,105.365566,503.764556,,113.650356
2025-01-06,571.0025,,668.161906,,426.754838,,105.306604,501.348873,,112.696808
2025-01-07,570.0775,,670.29897,,423.255035,,104.658019,499.637092,,112.543254
2025-01-08,570.8864,,672.642281,,423.831716,,104.893868,501.355526,,113.030818
2025-01-10,569.5644,,676.20963,,418.987065,,103.891509,499.409751,,112.805656
2025-01-13,570.3719,,676.884082,,419.225858,,103.950472,499.484631,,112.8223
2025-01-14,570.9352,,673.404641,,419.630632,,104.127358,496.906133,,112.322418
2025-01-15,575.7821,,680.355792,,425.657249,,105.896226,504.958688,,114.438121
2025-01-16,576.7369,,680.974356,,425.542658,,106.191038,504.445218,,114.670892
2025-01-17,579.532,,686.227437,,428.103703,,106.662736,508.929387,,115.508962
2025-01-21,581.8651,,678.593293,,431.006557,,107.54717,504.648537,,114.709278
2025-01-22,582.2452,,680.086963,,432.059134,,107.311321,506.663491,,114.634774
2025-01-23,582.4378,,679.874273,,433.189297,,107.311321,507.662005,,114.561027
2025-01-24,581.8831,,674.241887,,432.716342,,107.724057,503.386044,,114.157642
2025-01-27,579.9357,,672.011009,,430.001819,,108.07783,500.247266,,114.536911
2025-01-28,580.8295,,677.015342,,432.180558,,107.959906,505.746584,,115.08657
2025-01-29,579.2778,,675.802791,,430.903106,,107.841981,504.696866,,115.062355
2025-01-30,583.0543,,682.277525,,432.538197,,108.549528,508.152909,,116.16955
2025-01-31,579.476,,680.257597,,430.795062,,107.900943,507.722666,,115.84452
2025-02-03,580.6047,,682.426077,,429.227124,,108.018868,506.500773,,116.114644
2025-02-04,584.3484,,684.536408,,431.274498,,108.962264,507.219986,,116.738233
2025-02-05,587.859,,687.02697,,433.250088,,109.964623,508.343367,,117.534647
2025-02-06,586.6067,,686.864207,,433.964617,,109.964623,510.147867,,117.757658
2025-02-07,584.534,,688.228862,,431.032387,,109.492925,509.507869,,117.90208
2025-02-10,588.5544,,694.246693,,432.844882,,109.787736,512.598562,,118.438621
2025-02-11,588.1804,,690.162628,,432.643447,,109.669811,509.669809,,117.690198
2025-02-12,583.7259,,683.543715,,430.914811,,108.490566,506.601697,,116.18809
2025-02-13,589.4075,,684.807752,,434.673402,,110.082547,507.030359,,116.972504
2025-02-14,588.8752,,682.656117,,435.309155,,110.377358,506.634091,,117.022945
2025-02-18,590.6091,,687.386328,,435.369079,,110.023585,508.716969,,117.111314
2025-02-19,591.4456,,689.905422,,436.236186,,110.200472,510.874621,,117.56296
2025-02-20,591.9834,,685.363965,,435.415445,,110.554245,506.096642,,117.05756
2025-02-21,590.808,,686.920739,,431.70907,,110.436321,503.928965,,117.43147
2025-02-24,591.3753,,686.851179,,430.830358,,110.613208,502.369948,,117.49483
2025-02-25,590.3711,,682.730131,,430.614765,,111.143868,499.954849,,117.549772
2025-02-26,590.425,,684.661646,,431.022711,,111.497642,501.798437,,118.24676
2025-02-27,586.7397,,686.035413,,426.632796,,110.259434,500.810223,,117.904159
2025-02-28,590.4666,,691.9703,,431.386738,,111.025943,507.54762,,118.99505
2025-03-03,589.8127,,683.78856,,427.223155,,110.908019,497.2564,,117.593404
2025-03-04,587.7105,,672.46963,,423.746967,,110.259434,486.781109,,115.381795
2025-03-05,587.1468,,661.698126,,425.895316,,110.554245,481.874515,,113.946486
2025-03-06,585.6897,,660.257996,,421.193682,100.0,109.846698,476.700732,100.0,113.251873
2025-03-07,586.0413,,657.7754,,422.41055,99.874477,109.964623,475.994624,99.43925,112.879401
2025-03-10,584.4223,,655.788699,,416.466788,98.828452,109.90566,469.175591,98.372353,112.789719
2025-03-11,582.4033,,648.495174,,413.797127,98.995816,109.375,462.581521,97.780821,111.381559
2025-03-12,581.6438,,649.481675,,414.629805,98.702929,109.080189,464.823637,97.76733,111.395587
2025-03-13,584.1133,,654.439234,,411.815579,98.74477,109.375,463.225963,98.138689,112.073415
2025-03-14,586.185,,655.286817,,416.580793,99.623431,110.731132,467.534712,98.789808,113.208432
2025-03-17,589.1065,,655.742845,,418.726629,100.460251,110.849057,467.937892,99.194575,112.84545
2025-03-18,590.1475,,655.569054,,416.193242,100.334728,110.966981,464.163285,98.869666,112.736345
2025-03-19,593.6843,,662.099405,,419.397874,101.087866,111.733491,469.582329,100.004739,113.962851
2025-03-20,592.8923,,664.483418,,418.777968,100.794979,111.615566,471.205174,100.207714,114.405106
2025-03-21,590.018,,663.451679,,418.642959,100.376569,110.908019,472.613057,100.122181,114.056303
2025-03-24,590.0885,,664.219041,,422.511365,100.334728,110.613208,477.474798,100.18423,113.871086
2025-03-25,591.6621,,666.613716,,423.268304,100.502092,111.025943,478.777938,100.445275,114.402963
2025-03-26,589.7354,,666.753983,,419.83247,99.874477,110.318396,476.543262,100.165199,114.069271
2025-03-27,590.3105,,664.450473,,419.070339,100.125523,110.259434,473.572982,99.972562,113.50374
2025-03-28,592.2831,,665.370956,,414.972235,100.167364,110.554245,468.027559,99.819332,113.585326
2025-03-31,598.0869,,672.325839,,416.966372,100.669456,111.438679,470.581046,100.384614,114.568117
2025-04-01,600.0371,,675.905585,,418.299674,101.171548,111.733491,473.056861,101.092804,115.107495
2025-04-02,600.6093,,673.032964,,419.69417,101.67364,111.733491,472.166431,101.066348,114.509088
2025-04-03,593.093,,652.438257,,408.165941,100.920502,110.849057,450.786883,98.480431,111.522097
2025-04-04,582.1534,,645.591526,,393.984198,96.276151,107.900943,438.648929,94.709385,109.435425
2025-04-07,578.1338,,644.484931,,391.563986,94.100418,104.95283,438.232957,93.052893,107.001747
2025-04-08,578.6699,,642.26743,,387.071879,92.719665,103.007075,431.314953,91.287388,104.55971
2025-04-09,583.4398,,648.058547,,411.816046,97.280335,106.544811,459.239614,95.851114,108.233774
2025-04-10,580.9938,,630.744202,,399.683809,94.1841,103.773585,435.628428,90.701252,103.034079
2025-04-11,583.9495,,625.017165,,403.806808,96.276151,105.188679,433.918512,91.40907,102.966977
2025-04-14,581.1173,,622.446112,,407.109014,96.569038,106.308962,437.790728,91.755007,104.140615
2025-04-15,581.571,,626.853399,,406.746093,96.778243,106.426887,440.153866,92.532627,104.91242
2025-04-16,583.95,,622.835257,,401.848807,97.447699,106.662736,430.306689,92.198325,104.04532
2025-04-17,582.7317,,623.560003,,401.776499,97.866109,106.78066,431.630399,92.89575,104.499573
2025-04-21,583.0284,,615.640841,,395.060058,97.447699,105.837264,418.81162,91.277391,102.208878
2025-04-22,582.1299,,619.741263,,401.519701,98.117155,107.075472,429.156064,92.659376,104.254019
2025-04-23,581.964,,625.369657,,405.656803,98.284519,107.606132,437.640329,93.687083,105.752346
2025-04-24,583.6834,,623.108515,,411.681117,99.916318,109.316038,441.230148,94.618636,106.729022
2025-04-25,583.5404,,624.381397,,414.068333,100.083682,109.375,444.804254,94.994009,107.030954
2025-04-28,584.5212,,622.396073,,414.610467,100.753138,110.082547,443.225487,95.1654,107.200633
2025-04-29,584.6846,,624.314398,,416.585596,100.920502,110.495283,446.584693,95.590562,107.904049
2025-04-30,584.3207,,627.109466,,416.525809,100.878661,110.200472,448.799008,96.038487,108.165271
2025-05-01,583.0603,,628.046603,,417.847714,100.0,109.375,451.870841,95.550358,107.747889
2025-05-02,583.2672,,627.613287,,420.763224,100.334728,109.551887,454.548508,95.770062,107.809428
2025-05-05,584.1977,,627.731117,,419.023235,100.460251,109.610849,452.032653,95.755117,107.715862
2025-05-06,586.37,,627.155125,,417.322232,100.962343,110.141509,448.118261,95.789205,107.737418
2025-05-07,585.3753,,629.803625,,418.62681,100.962343,109.846698,452.184518,96.357184,108.086157
2025-05-08,583.2267,,631.67348,,419.512331,100.251046,109.198113,456.160699,96.31592,108.163987
2025-05-09,583.8731,,631.181467,,419.372631,100.585774,109.551887,455.149158,96.455334,108.309846
2025-05-12,587.5498,,644.555688,,427.104734,100.376569,109.257075,470.400782,97.679185,109.616931
2025-05-13,588.8621,,640.092223,,428.631376,100.711297,110.082547,467.768307,97.109352,109.435877
2025-05-14,583.9066,,635.284988,,428.476419,99.958159,109.492925,468.026045,96.471132,108.949081
2025-05-15,589.2801,,640.552316,,430.702421,100.669456,110.436321,470.032655,97.069875,109.788554
2025-05-16,588.8104,,641.337728,,432.433162,100.711297,110.554245,472.877004,97.306852,110.128328
2025-05-19,589.6348,,637.693532,,432.661036,101.004184,110.613208,469.780059,96.899645,109.407778
2025-05-20,590.0058,,635.781481,,431.486899,100.920502,110.200472,466.806715,96.468364,108.604383
2025-05-21,584.0262,,626.754669,,426.002944,100.083682,108.84434,458.982086,95.275764,106.827583
2025-05-22,583.361,,628.816223,,426.585223,100.167364,108.726415,461.647025,95.778164,107.184928
2025-05-23,586.2411,,627.514125,,425.082129,100.627615,109.375,456.812499,95.547283,107.072419
2025-05-27,589.861,,633.122542,,431.160416,101.380753,110.436321,464.616752,96.526715,108.408249
2025-05-28,586.898,,631.945235,,429.347989,100.585774,109.551887,464.134802,96.074314,107.881998
2025-05-29,590.7487,,631.8773,,430.997657,101.213389,110.318396,462.831359,96.033303,107.91709
2025-05-30,589.3478,,631.462251,,431.136814,101.171548,110.377358,463.776482,96.15858,108.160336
2025-06-02,593.36,,630.609044,,432.130811,101.715481,110.318396,461.078689,95.892116,107.226511
2025-06-03,593.4073,,634.508856,,433.495075,101.506276,110.141509,465.357651,96.27901,107.708042
2025-06-04,596.2115,,634.871665,,434.456232,102.677824,111.733491,464.46128,96.987591,108.813121
2025-06-05,594.9189,,631.972996,,432.749043,102.217573,111.674528,461.524498,96.320835,108.494366
2025-06-06,593.2174,,633.019675,,434.537609,101.757322,110.67217,465.530978,96.321428,108.007536
2025-06-09,594.1633,,632.651864,,434.979357,102.008368,110.966981,464.992024,96.349327,108.06002
2025-06-10,597.2589,,635.797637,,436.857187,102.426778,111.615566,466.889011,96.721653,108.665917
2025-06-11,599.0856,,634.017006,,436.6913,102.719665,111.910377,463.985548,96.431637,108.316518
2025-06-12,603.4882,,633.541708,,438.371715,103.514644,112.794811,462.026452,96.396694,108.294863
2025-06-13,601.849,,633.429009,,434.814557,103.096234,111.910377,459.443771,96.251415,107.719188
2025-06-16,600.3247,,631.371053,,436.937708,103.221757,111.674528,461.355676,96.299409,107.414988
2025-06-17,600.8883,,636.367997,,435.246884,103.34728,112.323113,462.773137,97.088447,108.791764
2025-06-18,599.8224,,635.250229,,435.319242,103.556485,112.146226,462.858136,97.286677,108.622331
2025-06-20,599.3491,,632.435006,,434.874346,103.472803,111.96934,460.699477,96.853691,108.055646
2025-06-23,601.1366,,631.312868,,437.81044,103.682008,112.264151,461.61028,96.589249,107.826342
2025-06-24,602.1815,,630.612517,,441.425031,103.556485,112.735849,464.098347,96.198079,107.971597
2025-06-25,602.5789,,628.34944,,441.552188,103.263598,112.853774,462.260985,95.518718,107.625629
2025-06-26,605.695,,629.363899,,444.097919,104.058577,113.738208,463.280974,95.913478,108.085273
2025-06-27,602.9029,,625.585795,,444.930479,103.556485,113.325472,463.499799,95.317079,107.542306
2025-06-30,607.2213,,626.298068,,446.928532,104.309623,114.209906,462.796476,95.436031,107.733347
2025-07-01,609.4,,627.512387,,446.669493,104.309623,114.622642,461.768212,95.27921,107.94501
2025-07-02,610.7856,,629.344297,,447.674218,104.100418,115.035377,463.105014,95.149367,108.403483
2025-07-03,610.2577,,631.046721,,449.431183,104.351464,114.858491,466.583456,95.719564,108.623466
2025-07-07,606.4212,,629.682539,,446.768067,103.472803,113.443396,465.744019,95.307572,107.730531
2025-07-08,606.0683,,628.371506,,446.566163,103.389121,113.384434,464.834779,95.087554,107.51292
2025-07-09,609.6647,,632.305169,,448.919543,104.225941,113.738208,467.435919,95.888257,107.883336
2025-07-10,611.0101,,634.848716,,449.618884,104.100418,114.32783,469.012359,95.946304,108.639091
2025-07-11,609.1325,,633.412144,,447.921854,103.723849,113.502358,467.621805,95.676914,107.942334
2025-07-14,608.0194,,633.636731,,448.418091,103.807531,113.325472,469.16318,95.963414,108.009697
2025-07-15,604.3201,,633.212084,,446.727296,103.221757,112.5,469.940129,95.94168,107.807005
2025-07-16,605.6083,,632.419721,,447.872348,103.682008,113.089623,469.554193,96.044147,108.00619
2025-07-17,606.936,,636.216256,,449.59436,103.891213,113.384434,473.151919,96.603887,108.699515
2025-07-18,606.946,,634.699859,,449.726652,104.309623,113.325472,472.155292,96.760175,108.382257
2025-07-21,610.6164,,634.710886,,450.737745,105.020921,114.268868,470.380487,96.836084,108.629483
2025-07-22,613.4218,,634.437331,,451.123777,105.523013,115.153302,468.428305,96.812319,108.922656
2025-07-23,613.3219,,633.331833,,453.02315,105.355649,114.917453,469.657355,96.50606,108.527836
2025-07-24,612.5221,,633.797976,,453.017526,104.937238,114.799528,470.610895,96.319148,108.637933
2025-07-25,613.1407,,634.832503,,454.454691,105.020921,114.799528,472.397387,96.455889,108.705475
2025-07-28,611.5678,,641.563842,,454.132941,104.225941,114.091981,478.295353,96.989565,109.461828
2025-07-29,614.838,,647.413433,,454.403762,105.104603,115.153302,480.375458,98.174038,110.894423
2025-07-30,610.3191,,650.537927,,453.54253,104.476987,113.856132,485.346124,98.784821,110.990138
2025-07-31,610.0823,,649.755714,,452.617636,104.016736,113.738208,483.961754,98.269517,110.784848
2025-08-01,610.3939,,640.404205,,449.73019,104.435146,114.209906,473.711492,97.195148,109.58726
2025-08-04,615.2662,,646.341593,,453.982341,105.188285,115.09434,478.801932,98.021273,110.577131
2025-08-05,614.6037,,645.500608,,452.65758,105.146444,115.330189,477.297512,97.960274,110.778835
2025-08-06,614.5664,,640.756178,,454.663435,105.271967,115.035377,475.917754,97.362259,109.690172
2025-08-07,614.601,,640.583489,,454.282558,105.606695,115.212264,475.364153,97.640017,109.823049
2025-08-08,616.1592,,643.443256,,456.060521,105.523013,115.448113,478.142868,97.750371,110.259612
2025-08-11,613.5341,,642.11393,,455.65599,105.355649,115.153302,478.771574,97.810421,110.220426
2025-08-12,615.4641,,640.977505,,458.56689,105.39749,115.212264,479.469122,97.369793,109.736494
2025-08-13,619.0496,,642.965586,,460.16846,106.108787,116.037736,479.840629,97.76143,110.223407
2025-08-14,616.9012,,643.819928,,459.666136,105.690377,115.271226,481.625195,97.844893,110.022629
2025-08-15,615.1659,,638.926387,,458.752437,105.355649,114.917453,478.359985,97.066711,109.158326
2025-08-18,614.0497,,640.162557,,458.477976,105.230126,114.799528,479.86946,97.315216,109.455894
2025-08-19,613.1541,,640.035694,,457.35206,105.020921,114.799528,479.295206,97.244332,109.594048
2025-08-20,614.7061,,641.462964,,456.722842,105.020921,114.858491,478.492003,97.215117,109.617394
2025-08-21,612.9199,,642.001699,,455.196533,105.104603,114.504717,478.684415,97.658063,109.690278
2025-08-22,620.6006,,643.641692,,460.41409,106.778243,116.391509,479.400487,98.235546,110.399113
2025-08-25,618.8514,,647.433682,,458.92737,106.066946,116.037736,482.026326,98.433492,111.024918
2025-08-26,620.5868,,648.111452,,460.291742,106.401674,116.037736,482.612129,98.571085,110.830352
2025-08-27,621.9052,,649.666916,,461.115025,106.443515,116.214623,483.608277,98.636962,111.029822
2025-08-28,625.2836,,650.685663,,462.308856,107.112971,116.863208,482.996852,98.875839,111.220363
2025-08-29,624.2908,,649.469072,,460.420291,106.987448,116.450472,480.887937,98.73208,110.796259
2025-09-02,624.3412,,651.942761,,457.871304,106.65272,115.919811,480.008344,98.790077,110.702504
2025-09-03,627.0567,,653.722688,,460.0358,107.364017,116.745283,481.499968,99.288606,111.311079
2025-09-04,630.3054,,657.70175,,463.079487,107.866109,117.393868,485.122481,99.842834,112.030348
2025-09-05,632.5331,,656.235548,,463.146244,108.661088,118.867925,482.40581,100.001027,112.785555
2025-09-08,636.8626,,658.18285,,464.467308,109.748954,119.575472,481.918785,100.613237,113.019979
2025-09-09,636.4119,,660.654351,,464.744621,109.414226,119.221698,484.359996,100.75433,113.188842
2025-09-10,639.5539,,664.86414,,465.920959,109.916318,119.752358,486.279424,101.361224,113.855008
2025-09-11,642.735,,665.831047,,468.58972,110.627615,120.754717,487.351982,101.659872,114.405921
2025-09-12,641.5714,,664.636961,,468.323653,110.251046,120.518868,487.083563,101.315555,114.184418
2025-09-15,644.4115,,666.120369,,470.149125,111.046025,120.990566,487.913632,101.823112,114.380831
2025-09-16,645.8654,,661.66534,,469.818262,111.171548,121.226415,483.219162,101.028507,113.581064
2025-09-17,644.3786,,663.171112,,469.136431,110.627615,120.931604,484.73183,100.995485,113.824725
2025-09-18,642.926,,663.163869,,469.926098,110.251046,119.988208,486.639458,100.878009,113.190698
2025-09-19,644.3243,,666.806979,,471.324289,110.167364,120.283019,489.703644,101.135238,113.844552
2025-09-22,647.2528,,666.699175,,472.443469,110.292887,120.341981,488.566536,100.776066,113.366684
2025-09-23,648.8568,,667.655568,,471.19643,110.585774,120.813679,486.769652,100.938488,113.692556
2025-09-24,646.9558,,670.055065,,469.942723,110.292887,120.400943,488.650897,101.329828,114.04548
2025-09-25,646.9917,,674.22791,,468.390207,110.292887,120.459906,490.042459,101.955214,114.805539
2025-09-26,649.8086,,675.184025,,470.117774,110.502092,120.400943,490.412197,101.850021,114.413929
2025-09-29,653.0241,,676.991761,,471.263709,111.380753,121.34434,490.496665,102.427894,115.049835
2025-09-30,654.0564,,677.663212,,472.327406,111.548117,121.521226,491.314683,102.521481,115.149792
2025-10-01,655.8081,,679.617145,,473.762936,112.175732,121.757075,492.90874,103.119401,115.396879
2025-10-02,655.5182,,680.169019,,474.310518,112.259414,121.992925,494.09759,103.325801,115.76547
2025-10-03,656.7136,,679.87745,,474.089617,112.677824,122.051887,492.757177,103.477755,115.561037
2025-10-06,659.21,,684.180673,,474.694092,112.677824,121.992925,494.628037,103.738362,115.796108
2025-10-07,660.0694,,688.298641,,473.955946,112.970711,122.641509,496.184479,104.497787,116.959931
2025-10-08,663.7382,,693.939772,,475.668227,113.682008,123.17217,499.28325,105.431557,117.774119
2025-10-09,658.7852,,692.525383,,474.627777,112.677824,122.523585,500.91369,105.071331,117.794188
2025-10-10,653.2119,,683.263559,,467.699803,112.09205,122.228774,491.155765,104.007079,116.928379
2025-10-13,661.2,,694.70944,,472.353432,113.556485,123.231132,498.25919,105.836682,118.414013
2025-10-14,662.4046,,693.744688,,472.320533,113.974895,123.70283,496.627821,105.886221,118.486337
2025-10-15,665.3862,,694.551764,,473.501232,114.435146,124.174528,496.214933,105.960543,118.542929
2025-10-16,667.525,,694.334059,,472.232493,115.523013,124.882075,493.14506,106.591692,118.799154
2025-10-17,666.4041,,695.345614,,473.588006,114.769874,124.46934,496.114182,106.229438,118.778476
2025-10-20,676.1987,,706.159554,,476.853184,116.569038,125.825472,499.955191,107.985548,120.173685
2025-10-21,666.6605,,698.677445,,477.045212,115.313808,124.941038,501.937253,107.203072,119.753831
2025-10-22,666.5189,,697.927383,,475.538663,115.104603,125.058962,499.921126,106.916412,119.763615
2025-10-23,668.4995,,699.513283,,476.899073,115.857741,125.058962,501.001752,107.540946,119.680117
2025-10-24,669.2949,,699.905812,,479.413862,115.899582,125.294811,503.327384,107.51223,119.830529
2025-10-27,669.4038,,698.841472,,482.943645,115.523013,125.471698,506.179835,106.982544,119.797727
2025-10-28,669.0257,,698.015168,,483.836521,115.690377,125.648585,506.802319,107.071333,119.892486
2025-10-29,668.1315,,700.182875,,483.058133,114.811715,124.941038,508.237637,106.730774,119.747637
2025-10-30,665.6182,,699.67809,,479.490994,114.811715,124.292453,506.024364,107.056542,119.489612
2025-10-31,666.0353,,701.876489,,480.337112,114.560669,124.115566,508.191595,107.090984,119.619506
2025-11-03,666.2601,,703.167867,,480.640842,114.811715,123.466981,509.276657,107.48685,119.17313
2025-11-04,661.9392,,700.822205,,477.319324,113.974895,122.877358,507.360505,107.041669,118.979989
2025-11-05,662.637,,700.956648,,477.799638,113.891213,122.700472,507.433553,106.870936,118.706367
2025-11-06,661.2216,,696.152031,,475.415371,114.058577,123.17217,502.514004,106.521906,118.599255
2025-11-07,662.4103,,696.23982,,475.620534,114.225941,123.231132,501.891991,106.500205,118.458035
2025-11-10,668.5646,,703.273892,,480.01527,115.188285,124.292453,506.93708,107.483883,119.574392
2025-11-11,670.6095,,703.877984,,481.230062,116.276151,124.764151,507.105495,108.261052,119.764967
2025-11-12,671.251,,703.90104,,481.328525,116.485356,125.353774,506.741121,108.355736,120.219904
2025-11-13,665.9916,,695.906698,,475.963086,115.355649,124.233491,499.313633,106.923963,118.722561
2025-11-14,665.3409,,695.974519,,475.679089,114.225941,123.584906,499.552418,105.990705,118.229772
2025-11-17,661.0862,,693.29564,,473.05663,113.682008,122.818396,498.071164,105.756247,117.797508
2025-11-18,660.0323,,692.883735,,470.790983,113.598326,122.523585,496.182224,105.784254,117.63246
2025-11-19,659.9441,,695.330931,,471.885376,113.179916,122.40566,499.158883,105.781004,117.950071
2025-11-20,655.826,,691.585398,,467.781638,112.635983,121.816038,495.242883,105.363031,117.482711
2025-11-21,660.0542,,696.981231,,471.042261,113.221757,122.169811,499.366317,106.05357,117.982527
2025-11-24,666.1329,,702.874972,,475.573532,114.016736,123.17217,503.793732,106.718502,118.861743
2025-11-25,669.1493,,703.122376,,478.550431,114.560669,123.879717,504.839689,106.781828,119.047533
2025-11-26,673.5305,,706.102605,,480.847825,115.648536,124.528302,506.099712,107.548561,119.396314
2025-11-28,676.5216,,709.103828,,482.145781,116.066946,124.46934,507.369575,107.917192,119.317145
2025-12-01,674.2577,,706.079513,,479.994286,115.439331,123.643868,504.639976,107.234718,118.416599
2025-12-02,673.3271,,704.122429,,480.7829,115.271967,123.70283,504.76471,106.930034,118.307976
2025-12-03,676.5894,,704.74536,,482.141367,115.8159,124.587264,504.19591,107.011176,118.684223
2025-12-04,676.3147,,706.062348,,481.89387,115.439331,124.587264,505.083888,106.905966,118.954309
2025-12-05,675.5915,,705.373969,,482.225778,115.439331,123.938679,505.479517,106.916066,118.346228
2025-12-08,672.5566,,702.615609,,481.056525,114.769874,123.408019,504.548538,106.358151,117.908371
2025-12-09,673.4939,,704.224166,,480.629666,114.309623,123.643868,504.551753,106.026389,118.23938
2025-12-10,677.4816,,704.202497,,483.159269,115.188285,124.587264,504.20629,106.209236,118.436621
2025-12-11,678.9636,,703.169746,,483.872567,115.439331,124.823113,503.109564,106.05262,118.228179
2025-12-12,673.5567,,697.469073,,480.151532,114.60251,123.879717,499.168304,105.268599,117.317636
2025-12-15,672.8139,,695.893777,,479.914858,114.686192,123.70283,498.344973,105.223574,117.014569
2025-12-16,670.0051,,693.336653,,479.485788,114.351464,123.408019,498.149476,104.969155,116.794324
2025-12-17,669.1155,,692.882007,,476.260754,113.933054,123.408019,495.131864,104.65545,116.872916
2025-12-18,670.8971,,695.704659,,478.892946,114.686192,124.115566,498.569061,105.495528,117.708427
2025-12-19,672.9692,,698.687732,,481.222605,114.644351,123.997642,501.593426,105.583124,117.737188
2025-12-22,677.4878,,700.251399,,482.943128,115.39749,124.410377,501.148442,105.80417,117.603817
2025-12-23,680.8122,,701.80796,,484.265053,116.066946,124.882075,501.177975,106.133731,117.7344
2025-12-24,682.4493,,704.475196,,485.726769,116.736402,125.707547,503.390761,106.894543,118.677659
2025-12-26,682.5471,,704.935294,,485.737032,116.820084,125.766509,503.657994,107.025696,118.793846
2025-12-29,678.9364,,701.11086,,484.919024,115.774059,125.53066,502.74147,106.052956,118.554958
2025-12-30,678.8266,,702.465344,,484.485352,116.066946,125.176887,503.343645,106.543884,118.468394
2025-12-31,673.8943,,697.485965,,481.872965,115.020921,124.115566,500.719078,105.60256,117.484953
2026-01-02,676.6548,,701.914747,,482.343142,115.606695,125.117925,502.332406,106.378559,118.69954
2026-01-05,684.7727,,710.214492,,484.647041,116.987448,126.238208,504.645663,107.630727,119.74192
2026-01-06,684.706,,712.138056,,486.337216,117.531381,126.886792,507.826609,108.434584,120.694863
2026-01-07,682.9074,,711.052129,,485.578178,117.364017,126.709906,507.594223,108.399806,120.659771
2026-01-08,685.4866,,714.778336,,485.208422,117.280335,126.356132,507.947269,108.480462,120.498333
2026-01-09,689.4485,,720.299608,,487.552135,118.033473,127.240566,511.387723,109.388193,121.57639
2026-01-12,690.4398,,719.455694,,487.914785,119.079498,127.712264,510.434596,110.070046,121.709127
2026-01-13,691.5746,,722.123679,,487.50995,118.702929,127.948113,511.062392,109.948144,122.185239
2026-01-14,694.5554,,725.074231,,486.370395,119.330544,128.714623,509.753948,110.504793,122.889781
2026-01-15,693.5597,,726.279965,,486.907278,119.079498,128.891509,511.899102,110.614262,123.44026
2026-01-16,692.0194,,725.329262,,486.34009,118.953975,128.301887,511.770075,110.598645,122.987869
2026-01-20,688.4859,,713.749014,,479.658668,118.200837,127.240566,499.229977,108.698847,120.639178
2026-01-21,695.7065,,723.653572,,483.615351,119.790795,129.009434,505.036323,110.530469,122.726521
2026-01-22,699.6703,,723.591415,,485.169904,120.0,129.481132,503.746112,110.08677,122.46691
2026-01-23,702.4885,,722.052719,,485.436348,120.753138,130.306604,500.933261,110.09866,122.492196
2026-01-26,705.8989,,722.363932,,487.214107,121.589958,131.426887,500.554408,110.373592,123.001406
2026-01-27,708.7897,,715.629833,,488.239174,122.426778,132.075472,494.904667,109.648167,121.956658
2026-01-28,712.2346,,724.347677,,488.12909,122.301255,132.724057,498.398334,110.333866,123.448539
2026-01-29,713.2008,,724.306302,,487.547597,123.472803,132.959906,497.101816,111.233517,123.493314
2026-01-30,703.2789,,721.468273,,486.636643,120.543933,130.011792,501.20148,109.695528,121.978897
2026-02-02,698.7268,,720.458303,,487.866347,118.953975,129.186321,505.033515,108.80136,121.823279
2026-02-03,704.6837,,724.903555,,485.413225,120.167364,131.073113,501.320536,109.654499,123.313869
2026-02-04,704.9787,,725.974889,,483.884142,120.251046,130.71934,500.270484,109.847046,123.111254
2026-02-05,702.1208,,724.646222,,481.093624,119.58159,130.188679,498.496005,109.479406,122.885239
2026-02-06,709.418,,729.847807,,486.750369,121.087866,131.544811,502.752549,110.505692,123.770211
2026-02-09,711.8815,,726.340071,,488.216725,122.008368,132.783019,500.10689,110.427142,123.904518
2026-02-10,712.718,,728.43461,,488.007588,122.175732,132.959906,500.745791,110.767336,124.281317
2026-02-11,714.2212,,731.409821,,487.500128,122.635983,134.198113,501.211091,111.403769,125.68596
2026-02-12,709.9631,,727.061494,,483.839631,122.301255,133.903302,497.456023,111.101571,125.411961
2026-02-13,713.5268,,730.920361,,484.677853,122.635983,133.962264,498.460597,111.437563,125.503129
2026-02-17,711.1581,,729.366618,,485.166161,122.050209,133.372642,499.560522,111.038137,125.100423
2026-02-18,714.4496,,737.09522,,486.354855,123.012552,134.080189,503.759374,112.578471,126.511182
2026-02-19,714.9854,,738.399963,,485.627417,123.34728,134.198113,503.518669,112.999882,126.751529
2026-02-20,716.9879,,739.826987,,487.773464,124.142259,136.143868,505.305936,113.629712,128.47799
2026-02-23,717.4649,,740.093042,,485.160456,124.60251,135.141509,502.445482,114.01615,127.493115
2026-02-24,718.2846,,741.668596,,487.260253,124.518828,135.377358,505.11726,114.051835,127.841446
2026-02-25,719.4119,,740.549395,,489.626013,125.188285,135.966981,506.009634,114.312578,128.003597
2026-02-26,719.4937,,741.418327,,488.31298,125.355649,136.084906,505.187363,114.586683,128.250357
2026-02-27,721.8406,,742.603016,,487.304506,126.108787,137.087264,503.307867,115.083926,128.980726
2026-03-02,722.0773,,750.929508,,486.677779,125.439331,136.320755,508.130055,115.718587,129.655148
2026-03-03,717.3417,,750.989871,,483.88738,123.640167,133.962264,508.592774,114.821047,128.263411
2026-03-04,718.0085,,750.202067,,485.855761,123.891213,134.021226,509.652214,114.826756,128.066212
2026-03-05,716.434,,750.285115,,483.676133,122.887029,132.54717,508.537153,114.158987,126.950059
2026-03-06,717.1554,,750.51046,,479.635445,123.640167,131.898585,503.932809,114.777557,126.23969
2026-03-09,717.1125,,749.149999,,482.786923,124.309623,133.018868,506.354736,115.196732,127.088731
2026-03-10,716.4862,,750.352709,,481.672257,124.058577,132.311321,506.439003,115.249311,126.726352
2026-03-11,715.1986,,751.685044,,480.459031,123.891213,131.839623,506.971449,115.505769,126.72652
2026-03-12,714.2688,,754.36649,,475.350983,123.096234,130.660377,504.02606,115.323919,126.205105
2026-03-13,713.4277,,759.715137,,473.599666,122.133891,129.775943,506.325835,115.369477,126.388428
2026-03-16,714.1633,,754.602511,,477.235637,122.803347,130.71934,506.257502,115.102522,126.320218
2026-03-17,714.8869,,753.108858,,478.359125,123.598326,131.367925,505.932255,115.501314,126.567459
2026-03-18,713.4198,,757.371533,,473.552227,121.966527,129.893868,504.718926,114.857245,126.114428
2026-03-19,712.677,,747.60642,,473.065623,121.087866,129.186321,498.218163,112.676882,123.939321
2026-03-20,709.1611,,745.075439,,467.416688,117.322176,125.943396,493.034652,109.342593,121.016071
2026-03-23,709.7269,,743.094675,,471.062072,117.866109,126.945755,495.163825,109.470158,121.557951
2026-03-24,710.1247,,743.741772,,469.60615,117.573222,126.415094,493.786507,109.232002,121.087355
2026-03-25,711.2547,,748.044373,,471.837955,119.246862,128.242925,498.21061,111.250786,123.352493
2026-03-26,710.3138,,748.985715,,465.709703,116.987448,126.650943,493.010826,109.424977,122.136091
2026-03-27,711.4245,,751.329881,,460.927526,117.029289,125.943396,488.711294,109.635279,121.64368
2026-03-30,711.7151,,754.889428,,460.941594,118.368201,126.886792,490.841133,111.369463,123.085215
2026-03-31,712.4102,,749.648759,,469.401409,120.711297,128.832547,495.895279,112.67551,123.983986
2026-04-01,711.3232,,746.076826,,471.656746,121.213389,129.599057,496.661522,112.777143,124.317058
2026-04-02,711.8156,,749.879847,,472.360247,121.757322,129.068396,499.591924,113.781901,124.353038
2026-04-06,711.9684,,749.826396,,473.348193,121.882845,129.245283,500.493703,113.86664,124.487863
2026-04-07,713.1016,,747.503575,,473.70796,121.799163,129.186321,498.529007,113.255704,123.848485
2026-04-08,712.5223,,742.759072,,481.436662,123.096234,131.191038,503.856135,113.82776,125.073694
2026-04-09,711.8891,,739.764679,,483.221625,123.514644,130.955189,504.13343,113.855396,124.456122
2026-04-10,711.6472,,737.873448,,482.691639,123.096234,131.721698,502.463827,113.21809,124.906996
2026-04-13,712.1419,,736.263929,,485.920269,123.723849,132.016509,504.370744,113.468242,124.826713
2026-04-14,713.1435,,734.9743,,489.967808,125.062762,132.841981,506.968131,114.334463,125.211112
2026-04-15,712.9147,,734.526781,,491.990144,124.560669,132.900943,508.91395,113.842629,125.230592
2026-04-16,712.7708,,735.425619,,492.432689,124.518828,132.075472,510.097996,113.966654,124.630211
2026-04-17,715.087,,738.994557,,496.728033,125.523013,133.195755,515.369739,115.069342,125.888206
2026-04-20,714.6896,,737.117631,,496.112955,125.104603,133.195755,513.70973,114.458102,125.638292
2026-04-21,712.814,,737.90009,,493.43227,123.76569,132.075472,512.822154,113.651593,125.041973
2026-04-22,715.4123,,742.936854,,496.716481,124.853556,133.018868,517.871436,115.013901,126.334234
2026-04-23,714.2916,,743.296876,,495.232508,124.435146,132.370283,517.384957,114.863949,125.976508
2026-04-24,716.3023,,743.10572,,497.818829,124.979079,132.54717,518.493678,115.01262,125.758406
2026-04-27,714.8712,,741.481867,,498.02991,124.60251,132.134434,518.616162,114.644558,125.343278
2026-04-28,714.1393,,741.234974,,496.495096,124.309623,131.544811,517.375453,114.454175,124.870255
2026-04-29,714.4407,,743.897756,,495.571871,123.598326,130.660377,518.049903,114.159897,124.423747
2026-04-30,717.0412,,743.098644,,498.814796,125.271967,131.957547,518.990697,115.162258,125.068776
2026-05-01,717.1451,,743.815027,,499.910719,125.020921,131.78066,520.55695,115.025604,125.003421
2026-05-04,715.2909,,743.75742,,498.172898,124.476987,131.132075,520.05179,114.813141,124.700976
2026-05-05,718.0438,,746.543255,,500.940508,125.146444,131.957547,522.887282,115.418777,125.473086
2026-05-06,719.6847,,744.720887,,505.964714,126.610879,133.549528,525.641181,116.218751,126.388025
2026-05-07,717.1348,,743.645733,,504.539315,125.564854,132.193396,525.264674,115.501415,125.368191
2026-05-08,719.3604,,742.060917,,507.516079,126.485356,133.490566,525.606498,115.740991,125.937745
2026-05-11,721.5936,,744.541482,,507.688412,126.527197,133.431604,525.909923,115.806792,125.912033
2026-05-12,720.4273,,746.003657,,506.618965,126.317992,132.900943,526.684001,116.029902,125.860996
2026-05-13,721.3718,,748.684359,,508.403606,126.569038,132.900943,529.744077,116.525505,126.147884
2026-05-14,724.3358,,754.582148,,510.748627,126.317992,133.018868,534.184979,116.730865,126.733704
2026-05-15,720.5947,,753.564827,,505.778807,123.723849,130.71934,531.016568,114.77225,125.020637
2026-05-18,721.9105,,752.926584,,505.54324,124.393305,130.837264,529.353109,115.085391,124.799554
2026-05-19,720.0042,,754.153935,,502.744218,123.430962,129.127358,528.676424,114.684045,123.695968
2026-05-20,722.2,,755.224087,,507.054455,124.769874,130.837264,532.342131,115.739607,125.130191
2026-05-21,721.8385,,755.365856,,507.908807,124.728033,130.955189,533.606289,115.780468,125.329216
2026-05-22,723.2782,,757.863993,,509.293889,124.895397,131.191038,535.762425,116.087712,125.719421
2026-05-26,722.9019,,755.555137,,511.914066,125.857741,132.311321,537.157628,116.686508,126.472501
2026-05-27,721.7704,,754.755366,,512.029408,125.271967,132.370283,537.551322,116.202361,126.593074
2026-05-28,723.3896,,754.896667,,514.125266,125.941423,132.665094,538.644317,116.58368,126.614727
2026-05-29,722.9264,,753.611145,,515.020389,126.066946,132.665094,539.008406,116.575792,126.480101
2026-06-01,724.9603,,757.680459,,515.777408,126.108787,132.959906,541.192869,116.91524,127.088094
2026-06-02,726.1847,,759.031899,,516.23805,126.569038,134.080189,541.727438,117.353036,128.171023
2026-06-03,725.0032,,759.913817,,513.641564,125.606695,133.431604,540.508422,116.786091,127.907329
2026-06-04,726.2772,,760.436185,,515.146263,125.648536,133.608491,541.512899,116.70023,127.940112
2026-06-05,721.5918,,761.326755,,506.131889,122.594142,130.778302,536.118868,114.736907,126.190744
2026-06-08,721.8758,,760.979179,,506.818843,122.719665,130.070755,536.390321,114.756785,125.401363
2026-06-09,721.241,,759.545995,,506.344555,122.552301,130.247642,535.349871,114.485124,125.445719
2026-06-10,719.9382,,758.719513,,501.430179,121.129707,128.832547,530.53543,113.237591,124.172074
2026-06-11,722.1857,,758.228874,,507.69898,123.221757,131.014151,535.150102,114.760584,125.800378
2026-06-12,722.5652,,759.434022,,509.096621,123.34728,131.721698,537.193947,114.999646,126.614264
2026-06-15,722.5782,,757.973272,,514.673762,124.351464,132.783019,542.024544,115.71079,127.386639
2026-06-16,722.1262,,756.252783,,513.08508,124.393305,132.429245,539.462372,115.559275,126.838207
2026-06-17,720.0881,,761.100942,,508.50588,123.221757,131.662736,539.598201,115.530843,127.271689
2026-06-18,720.6412,,764.617175,,512.265733,123.891213,132.193396,545.680149,116.605594,128.276478
2026-06-22,719.7292,,765.620722,,510.749874,123.138075,131.25,545.469802,116.195908,127.68979
2026-06-23,717.6017,,766.482949,,506.447924,121.882845,130.011792,543.089895,115.482331,127.003032
2026-06-24,717.4846,,767.923162,,507.305586,121.882845,130.011792,545.120752,115.718204,127.262437
2026-06-25,718.5167,718.5167,768.243248,768.243248,507.871163,122.426778,130.542453,545.17173,116.116042,127.651511
2026-06-26,718.2081,718.308974,766.915037,767.022752,505.853058,122.259414,130.424528,542.299522,115.806566,127.370406
2026-06-29,719.3314,719.305057,765.478875,765.450842,510.915248,122.635983,131.426887,545.847019,115.764667,127.908886
2026-06-30,718.8179,718.775369,765.093163,765.047894,512.490861,122.468619,130.601415,547.645408,115.630972,127.132219
2026-07-01,718.2459,717.991828,767.413759,767.142294,511.758953,121.924686,129.775943,548.958815,115.558525,126.812751
2026-07-02,719.2124,718.804483,764.716327,764.282601,511.585468,122.343096,130.011792,546.108937,115.392234,126.426538
2026-07-06,720.7692,720.273205,765.896025,765.368976,514.371752,123.514644,130.542453,548.742494,116.424924,126.863786
2026-07-07,720.313,719.899222,767.383246,766.942429,511.978417,122.259414,128.832547,547.596421,115.53865,125.524633
2026-07-08,720.7378,720.395304,767.512965,767.148241,510.668818,121.799163,128.537736,545.966063,115.055303,125.184734
2026-07-09,721.7146,721.300249,767.611815,767.171113,513.559673,122.343096,129.009434,548.384235,115.427568,125.490236
2026-07-10,722.9463,722.582859,769.945726,769.558657,514.675549,122.552301,129.304245,550.307583,115.778911,125.944487
2026-07-13,722.6491,722.288776,771.96912,771.584204,511.52473,121.464435,128.125,548.601492,115.100051,125.175301
2026-07-14,723.8488,723.38136,770.50865,770.011079,513.230854,122.552301,128.950472,548.47938,115.7191,125.535021
2026-07-15,723.843,723.361543,767.632483,767.1219,514.746699,123.096234,129.009434,548.050304,115.799758,125.124611
2026-07-16,723.8164,723.17352,768.979416,768.296423,513.051926,122.050209,128.066038,547.224465,115.021424,124.432141
2026-07-17,724.0883,723.518824,769.597828,768.99256,510.153854,122.343096,128.360849,544.366464,115.346836,124.772015
2026-07-20,723.1127,722.666406,770.203912,769.728554,509.133501,121.841004,127.771226,544.439082,115.119029,124.464386
2026-07-21,724.4899,724.470565,772.740495,772.719872,511.238467,122.635983,128.596698,547.447841,116.030769,125.442141
2026-07-22,725.1081,725.11615,772.451076,772.459652,510.546759,123.138075,128.714623,546.036454,116.362892,125.403142
2026-07-23,723.7469,723.217393,773.338909,772.77312,506.276212,121.966527,127.653302,543.110945,115.605293,124.746251
2026-07-24,724.3674,723.904289,774.471613,773.976468,506.816857,122.050209,127.948113,544.020852,115.754812,125.110223
2026-07-27,723.8962,723.396016,774.124407,773.589517,507.366349,121.966527,128.066038,544.720864,115.698849,125.250867
2026-07-28,723.7493,723.318721,772.737003,772.27728,508.575921,122.133891,128.183962,545.151529,115.673443,125.166915
2026-07-29,722.2932,721.378865,765.775165,764.805787,503.104411,121.548117,127.063679,535.505289,114.311495,123.203057
2026-07-30,724.0281,723.85768,763.539384,763.359664,508.311465,122.594142,128.125,538.175365,114.683162,123.572606
2026-07-31,724.2695,724.175701,763.621732,763.522836,509.982438,122.133891,127.417453,539.822759,114.226848,122.862488
2026-08-03,725.4822,725.076672,766.375834,765.947448,514.826126,122.301255,127.771226,546.001086,114.604025,123.441278
2026-08-04,728.3194,727.901858,767.771824,767.331664,521.249675,122.845188,129.42217,551.663152,114.874163,124.776062
2026-08-05,727.5789,727.797282,765.597092,765.826885,520.7312,124.016736,130.070755,550.112694,115.758901,125.173428
2026-08-06,727.6974,728.010653,767.661969,767.992425,519.629661,123.682008,129.540094,550.339929,115.738979,124.978618
2026-08-07,728.6322,729.121125,766.400287,766.914555,521.902187,124.728033,130.542453,551.130319,116.3765,125.577367
2026-08-10,730.6084,731.214321,769.510884,770.149068,521.033392,125.020921,130.424528,550.951729,116.806421,125.632409
2026-08-11,731.0135,731.641794,769.904203,770.565923,520.20874,125.146444,130.188679,550.055898,116.918631,125.399793
2026-08-12,731.2624,732.193255,771.369208,772.351117,521.225243,125.355649,130.837264,551.991491,117.296993,126.221348
2026-08-13,732.5851,733.312025,772.47624,773.242748,523.968995,125.39749,130.660377,554.690242,117.292383,126.00369
2026-08-14,732.448,733.237332,769.588223,770.41758,522.891354,125.188285,130.424528,551.583116,116.680753,125.329468
2026-08-17,732.0173,732.897107,768.524605,769.44829,520.911624,125.062762,130.365566,549.058182,116.47115,125.17328
2026-08-18,732.5096,733.236743,769.333788,770.097485,519.018737,124.560669,130.011792,547.270967,116.047646,124.881049
2026-08-19,734.7667,735.852887,764.950438,766.081245,520.678954,126.150628,132.075472,544.216548,116.500333,125.752986
2026-08-20,733.1664,734.275656,763.212505,764.36722,517.348853,126.066946,132.134434,540.684977,116.412086,125.797276
2026-08-21,733.6621,734.954234,763.852792,765.198099,518.318634,126.443515,132.134434,541.786645,116.778815,125.817746
2026-08-24,733.7846,735.143132,764.805621,766.221585,517.835551,126.569038,132.665094,541.866408,117.021018,126.459498
2026-08-25,734.1219,735.524024,764.469001,765.929086,519.81052,127.364017,133.785377,543.443817,117.650117,127.412681
2026-08-26,733.9027,735.132989,765.624497,766.907963,519.559476,126.903766,133.254717,544.16486,117.43722,127.13708
2026-08-27,734.1686,735.426563,765.98734,767.299823,521.539074,127.112971,133.254717,546.29915,117.643943,127.151264
2026-08-28,733.4653,734.277797,769.878606,770.73144,520.097034,126.192469,132.075472,548.081248,117.49788,126.787709
2026-08-31,733.7659,734.635243,767.867078,768.776823,518.993954,126.025105,131.839623,545.266365,116.987513,126.178912
2026-09-01,733.0621,733.026144,768.778349,768.740641,516.209423,125.062762,131.367925,543.505812,116.343549,125.997527
2026-09-02,734.0274,734.130051,770.043103,770.150791,517.7329,125.648536,131.898585,545.288596,116.926813,126.547977
2026-09-03,735.2461,735.516278,768.860133,769.142663,521.220821,126.359833,132.606132,547.210291,117.213483,126.820811
2026-09-04,734.3448,734.535454,768.697857,768.89743,520.124424,126.23431,132.370283,546.614039,117.21602,126.723876
2026-09-08,734.0699,734.095521,767.801874,767.828672,518.195025,125.523013,132.252358,544.155318,116.463281,126.510765
2026-09-09,733.8351,733.95246,766.88329,767.005936,516.278175,124.937238,131.485849,541.667088,115.818148,125.667251
2026-09-10,731.7557,731.700835,766.238348,766.180898,513.070372,123.76569,129.540094,539.377212,114.961377,124.055003
2026-09-11,732.9602,732.965596,768.207603,768.213258,515.546879,123.807531,129.775943,542.480657,115.106325,124.395511
2026-09-14,731.7774,731.639284,770.214973,770.069603,513.973341,123.179916,129.127358,543.11456,115.007665,124.297827
2026-09-15,732.4749,732.302186,771.550298,771.36837,512.469278,123.179916,128.950472,541.947502,115.097348,124.224351
2026-09-16,730.1223,729.894195,774.278146,774.036246,511.028166,122.719665,128.125,544.081694,115.443495,124.264642
2026-09-17,732.8502,732.852066,776.351586,776.353563,515.61869,124.142259,129.599057,548.390311,116.65861,125.561756
2026-09-18,732.5529,732.55497,775.333994,775.336185,515.222249,123.054393,128.950472,547.472527,115.531623,124.820258
2026-09-21,733.6132,733.238506,777.966594,777.569246,520.554183,124.393305,129.95283,554.214188,117.015862,126.035201
2026-09-22,732.6972,732.322793,778.040383,777.642806,520.592605,124.644351,130.011792,555.000647,117.40974,126.261998
2026-09-23,731.0432,730.669322,780.68915,780.289882,516.519189,122.426778,127.948113,553.782783,115.975283,124.962957
2026-09-24,730.1349,729.761252,779.979525,779.580369,515.265222,121.924686,126.768868,552.622817,115.538216,123.852567
2026-09-25,730.2894,729.912544,779.398062,778.995864,517.315995,122.008368,126.768868,554.291373,115.506882,123.734054
2026-09-28,728.1556,727.779387,778.46707,778.064863,514.001946,119.916318,125.943396,551.694563,113.722986,123.141307
2026-09-29,727.4259,727.049751,779.716571,779.313383,513.324983,119.916318,125.176887,552.40588,114.019782,122.711271
2026-09-30,726.5142,726.13805,779.584781,779.181154,512.56154,119.539749,124.587264,552.183149,113.785128,122.265858
2026-10-01,727.1039,726.727448,786.248272,785.841198,513.566984,119.707113,124.528302,557.542803,114.825172,123.152605
