date,nav_theo_usd_bt,nav_theo_usd_live,nav_ucits_eur_bt,nav_ucits_eur_live,bench_6040_usd,bench_allw_usd,bench_rpar_usd,bench_6040_eur,bench_allw_eur,bench_rpar_eur
2006-01-31,,,100.0,,,,,100.0,,
2006-02-01,,,100.3463,,,,,101.069206,,
2006-02-02,,,99.7191,,,,,100.189249,,
2006-02-03,,,99.9042,,,,,100.589466,,
2006-02-06,,,101.0274,,,,,101.205356,,
2006-02-07,,,98.669,,,,,100.509233,,
2006-02-08,,,99.1409,,,,,101.193928,,
2006-02-09,,,99.1066,,,,,100.983382,,
2006-02-10,,,99.0532,,,,,101.708136,,
2006-02-13,,,98.4775,,,,,101.625995,,
2006-02-14,,,98.6159,,,,,102.032964,,
2006-02-15,,,98.5698,,,,,102.529166,,
2006-02-16,,,99.5003,,,,,102.797396,,
2006-02-17,,,99.7284,,,,,102.562387,,
2006-02-21,,,100.3115,,,,,102.448924,,
2006-02-22,,,100.2982,,,,,102.96758,,
2006-02-23,,,99.8263,,,,,102.810118,,
2006-02-24,,,100.997,,,,,103.427296,,
2006-02-27,,,100.5868,,,,,103.570017,,
2006-02-28,,,99.9707,,,,,102.403546,,
2006-03-01,,,100.499,,,,,102.939752,,
2006-03-02,,,100.0116,,,,,101.846691,,
2006-03-03,,,99.578,,,,,101.503471,,
2006-03-06,,,98.1695,,,,,101.162642,,
2006-03-07,,,98.7229,,,,,102.256578,,
2006-03-08,,,98.0704,,,,,102.095425,,
2006-03-09,,,97.982,,,,,101.774096,,
2006-03-10,,,98.0589,,,,,102.301944,,
2006-03-13,,,98.365,,,,,102.089533,,
2006-03-14,,,99.0734,,,,,102.448838,,
2006-03-15,,,98.8457,,,,,102.130104,,
2006-03-16,,,98.6429,,,,,101.475694,,
2006-03-17,,,98.1265,,,,,101.338561,,
2006-03-20,,,97.8662,,,,,101.477933,,
2006-03-21,,,97.9459,,,,,101.572794,,
2006-03-22,,,98.4242,,,,,102.155928,,
2006-03-23,,,99.4851,,,,,102.897813,,
2006-03-24,,,99.7204,,,,,102.460894,,
2006-03-27,,,100.1489,,,,,102.573499,,
2006-03-28,,,99.9372,,,,,102.237416,,
2006-03-29,,,100.4967,,,,,102.332958,,
2006-03-30,,,99.7208,,,,,100.842576,,
2006-03-31,,,99.5768,,,,,101.388659,,
2006-04-03,,,99.685,,,,,101.134992,,
2006-04-04,,,99.119,,,,,100.591122,,
2006-04-05,,,99.5334,,,,,100.576593,,
2006-04-06,,,100.0901,,,,,100.961923,,
2006-04-07,,,99.8757,,,,,101.270466,,
2006-04-10,,,100.7165,,,,,101.251527,,
2006-04-11,,,99.8702,,,,,100.546201,,
2006-04-12,,,100.1318,,,,,100.955885,,
2006-04-13,,,99.9899,,,,,100.746448,,
2006-04-17,,,99.9362,,,,,99.627763,,
2006-04-18,,,100.4991,,,,,99.720614,,
2006-04-19,,,101.2354,,,,,99.630355,,
2006-04-20,,,100.5104,,,,,100.181002,,
2006-04-21,,,101.7471,,,,,99.928391,,
2006-04-24,,,100.5142,,,,,99.647275,,
2006-04-25,,,99.8918,,,,,98.927486,,
2006-04-26,,,99.637,,,,,98.697158,,
2006-04-27,,,98.6591,,,,,98.439189,,
2006-04-28,,,99.1514,,,,,98.077865,,
2006-05-01,,,99.351,,,,,97.653862,,
2006-05-02,,,100.4578,,,,,97.941497,,
2006-05-03,,,99.7494,,,,,97.550672,,
2006-05-04,,,99.5944,,,,,97.281729,,
2006-05-05,,,100.1588,,,,,97.582007,,
2006-05-08,,,100.0171,,,,,97.67966,,
2006-05-09,,,100.5472,,,,,97.39743,,
2006-05-10,,,100.8275,,,,,97.137405,,
2006-05-11,,,99.8476,,,,,96.005959,,
2006-05-12,,,97.8061,,,,,94.505791,,
2006-05-15,,,97.3058,,,,,95.634848,,
2006-05-16,,,97.4338,,,,,95.260007,,
2006-05-17,,,96.8777,,,,,94.919735,,
2006-05-18,,,95.7695,,,,,94.041324,,
2006-05-19,,,96.0804,,,,,94.955553,,
2006-05-22,,,94.9987,,,,,93.84933,,
2006-05-23,,,95.5162,,,,,93.698285,,
2006-05-24,,,95.1666,,,,,94.607386,,
2006-05-25,,,96.0747,,,,,94.949289,,
2006-05-26,,,96.9933,,,,,95.965908,,
2006-05-30,,,95.019,,,,,93.790984,,
2006-05-31,,,95.8931,,,,,94.775469,,
2006-06-01,,,95.7924,,,,,95.335538,,
2006-06-02,,,95.9329,,,,,94.879899,,
2006-06-05,,,94.8119,,,,,94.037398,,
2006-06-06,,,95.1096,,,,,94.524222,,
2006-06-07,,,94.3026,,,,,94.338116,,
2006-06-08,,,95.1428,,,,,95.423338,,
2006-06-09,,,94.857,,,,,95.372192,,
2006-06-12,,,94.3624,,,,,95.036262,,
2006-06-13,,,92.296,,,,,94.891,,
2006-06-14,,,92.2595,,,,,94.708437,,
2006-06-15,,,93.9164,,,,,95.558566,,
2006-06-16,,,93.7041,,,,,95.083264,,
2006-06-19,,,92.6131,,,,,95.02523,,
2006-06-20,,,92.8768,,,,,95.195431,,
2006-06-21,,,93.3754,,,,,95.025697,,
2006-06-22,,,93.6018,,,,,95.222554,,
2006-06-23,,,94.6469,,,,,95.755768,,
2006-06-26,,,94.5312,,,,,95.341958,,
2006-06-27,,,94.2432,,,,,94.986621,,
2006-06-28,,,94.8026,,,,,95.503047,,
2006-06-29,,,96.0164,,,,,95.968366,,
2006-06-30,,,96.0047,,,,,95.029432,,
2006-07-03,,,96.5875,,,,,95.23244,,
2006-07-05,,,97.0569,,,,,95.364562,,
2006-07-06,,,96.9913,,,,,95.15325,,
2006-07-07,,,96.2278,,,,,94.66435,,
2006-07-10,,,96.8047,,,,,95.445323,,
2006-07-11,,,97.6974,,,,,95.40686,,
2006-07-12,,,98.2725,,,,,95.369696,,
2006-07-13,,,97.9987,,,,,94.57653,,
2006-07-14,,,98.5916,,,,,94.723157,,
2006-07-17,,,98.1407,,,,,95.492001,,
2006-07-18,,,97.8843,,,,,95.897308,,
2006-07-19,,,98.51,,,,,96.213734,,
2006-07-20,,,96.9725,,,,,95.539469,,
2006-07-21,,,95.6069,,,,,94.60998,,
2006-07-24,,,97.0624,,,,,96.179707,,
2006-07-25,,,98.09,,,,,96.792236,,
2006-07-26,,,97.7551,,,,,95.827292,,
2006-07-27,,,97.9551,,,,,95.969131,,
2006-07-28,,,98.0857,,,,,96.24325,,
2006-07-31,,,98.312,,,,,96.005038,,
2006-08-01,,,98.1517,,,,,95.364139,,
2006-08-02,,,98.9275,,,,,96.054934,,
2006-08-03,,,98.475,,,,,96.105876,,
2006-08-04,,,97.8797,,,,,95.587711,,
2006-08-07,,,98.4055,,,,,95.704429,,
2006-08-08,,,97.9715,,,,,95.542946,,
2006-08-09,,,97.9947,,,,,95.168716,,
2006-08-10,,,97.9046,,,,,95.836989,,
2006-08-11,,,98.0225,,,,,96.081287,,
2006-08-14,,,97.4984,,,,,96.21196,,
2006-08-15,,,97.5108,,,,,96.443775,,
2006-08-16,,,97.5893,,,,,96.657124,,
2006-08-17,,,97.0546,,,,,96.896363,,
2006-08-18,,,97.6199,,,,,97.208302,,
2006-08-21,,,97.7693,,,,,96.592555,,
2006-08-22,,,98.4708,,,,,97.235623,,
2006-08-23,,,97.9757,,,,,97.217106,,
2006-08-24,,,98.4065,,,,,97.31646,,
2006-08-25,,,98.7197,,,,,97.485987,,
2006-08-28,,,98.0907,,,,,97.561212,,
2006-08-29,,,97.6477,,,,,97.298279,,
2006-08-30,,,97.4682,,,,,97.335076,,
2006-08-31,,,97.8193,,,,,97.517812,,
2006-09-01,,,98.1092,,,,,97.685009,,
2006-09-05,,,98.9349,,,,,97.91089,,
2006-09-06,,,97.7556,,,,,97.485136,,
2006-09-07,,,97.6705,,,,,97.777105,,
2006-09-08,,,97.3866,,,,,98.401759,,
2006-09-11,,,95.7135,,,,,98.252612,,
2006-09-12,,,96.0158,,,,,99.040366,,
2006-09-13,,,96.6838,,,,,99.281803,,
2006-09-14,,,95.3337,,,,,98.95585,,
2006-09-15,,,96.0689,,,,,99.631679,,
2006-09-18,,,96.5484,,,,,99.302396,,
2006-09-19,,,96.0869,,,,,99.469426,,
2006-09-20,,,95.7568,,,,,99.778881,,
2006-09-21,,,95.6507,,,,,98.916838,,
2006-09-22,,,95.7299,,,,,98.717443,,
2006-09-25,,,96.4674,,,,,99.572203,,
2006-09-26,,,97.6262,,,,,100.500398,,
2006-09-27,,,98.2864,,,,,100.469932,,
2006-09-28,,,98.1632,,,,,100.397259,,
2006-09-29,,,98.2528,,,,,100.549796,,
2006-10-02,,,97.3768,,,,,99.902355,,
2006-10-03,,,95.8303,,,,,100.056205,,
2006-10-04,,,96.512,,,,,101.056095,,
2006-10-05,,,97.2232,,,,,101.220577,,
2006-10-06,,,97.7774,,,,,101.794401,,
2006-10-09,,,97.5929,,,,,101.908951,,
2006-10-10,,,98.2449,,,,,102.290911,,
2006-10-11,,,97.9205,,,,,102.360893,,
2006-10-12,,,98.6289,,,,,102.601436,,
2006-10-13,,,99.7033,,,,,103.042631,,
2006-10-16,,,100.4531,,,,,103.005781,,
2006-10-17,,,99.8172,,,,,102.773692,,
2006-10-18,,,99.8305,,,,,103.011212,,
2006-10-19,,,99.8986,,,,,102.334203,,
2006-10-20,,,99.3802,,,,,102.380527,,
2006-10-23,,,99.6032,,,,,103.090348,,
2006-10-24,,,100.2112,,,,,103.260673,,
2006-10-25,,,100.7899,,,,,103.213201,,
2006-10-26,,,100.4838,,,,,102.818788,,
2006-10-27,,,99.9201,,,,,102.17268,,
2006-10-30,,,99.8168,,,,,102.215682,,
2006-10-31,,,100.0576,,,,,102.041773,,
2006-11-01,,,100.2286,,,,,101.763101,,
2006-11-02,,,100.2353,,,,,101.496461,,
2006-11-03,,,101.0321,,,,,101.678699,,
2006-11-06,,,101.4337,,,,,102.311544,,
2006-11-07,,,101.1187,,,,,102.221598,,
2006-11-08,,,101.4722,,,,,102.62978,,
2006-11-09,,,101.6151,,,,,101.737243,,
2006-11-10,,,101.1966,,,,,101.710164,,
2006-11-13,,,101.4426,,,,,102.135946,,
2006-11-14,,,101.6653,,,,,102.623592,,
2006-11-15,,,101.818,,,,,102.573827,,
2006-11-16,,,101.1949,,,,,102.951175,,
2006-11-17,,,101.4659,,,,,102.843615,,
2006-11-20,,,101.5367,,,,,102.985901,,
2006-11-21,,,102.0152,,,,,102.869592,,
2006-11-22,,,101.2809,,,,,102.246682,,
2006-11-24,,,100.3615,,,,,100.840602,,
2006-11-27,,,99.686,,,,,99.69622,,
2006-11-28,,,99.6982,,,,,99.560058,,
2006-11-29,,,100.8968,,,,,100.471179,,
2006-11-30,,,101.0266,,,,,99.95256,,
2006-12-01,,,100.2779,,,,,99.192358,,
2006-12-04,,,100.4795,,,,,99.643706,,
2006-12-05,,,100.6823,,,,,100.065814,,
2006-12-06,,,100.3491,,,,,100.206041,,
2006-12-07,,,100.0799,,,,,99.914126,,
2006-12-08,,,100.3169,,,,,100.572262,,
2006-12-11,,,100.393,,,,,100.515349,,
2006-12-12,,,100.0935,,,,,100.19005,,
2006-12-13,,,100.6753,,,,,100.664781,,
2006-12-14,,,101.6014,,,,,101.678336,,
2006-12-15,,,101.4461,,,,,102.143316,,
2006-12-18,,,100.5984,,,,,101.890141,,
2006-12-19,,,100.5478,,,,,101.264155,,
2006-12-20,,,100.3258,,,,,101.404661,,
2006-12-21,,,100.0891,,,,,101.227155,,
2006-12-22,,,99.8855,,,,,101.091301,,
2006-12-26,,,100.613,,,,,101.775544,,
2006-12-27,,,100.8948,,,,,101.948443,,
2006-12-28,,,100.6978,,,,,101.488184,,
2006-12-29,,,100.0402,,,,,100.822683,,
2007-01-03,,,99.2399,,,,,101.045121,,
2007-01-04,,,99.4548,,,,,101.930442,,
2007-01-05,,,99.3189,,,,,102.041846,,
2007-01-08,,,99.4621,,,,,102.188111,,
2007-01-09,,,99.546,,,,,102.319019,,
2007-01-10,,,99.4937,,,,,102.972651,,
2007-01-11,,,99.72,,,,,103.532543,,
2007-01-12,,,100.8271,,,,,103.748274,,
2007-01-16,,,100.4864,,,,,103.676368,,
2007-01-17,,,100.7854,,,,,103.517206,,
2007-01-18,,,100.2443,,,,,103.159159,,
2007-01-19,,,101.1716,,,,,103.284428,,
2007-01-22,,,100.947,,,,,103.194383,,
2007-01-23,,,101.4664,,,,,102.696664,,
2007-01-24,,,102.2911,,,,,103.636054,,
2007-01-25,,,101.4784,,,,,103.154298,,
2007-01-26,,,101.6639,,,,,103.233891,,
2007-01-29,,,101.0003,,,,,102.808789,,
2007-01-30,,,101.7125,,,,,103.089725,,
2007-01-31,,,102.0081,,,,,103.035598,,
2007-02-01,,,102.4716,,,,,103.51559,,
2007-02-02,,,102.7926,,,,,104.110473,,
2007-02-05,,,103.1051,,,,,104.489892,,
2007-02-06,,,102.9046,,,,,104.134094,,
2007-02-07,,,102.6319,,,,,104.107369,,
2007-02-08,,,102.9441,,,,,103.810315,,
2007-02-09,,,102.9675,,,,,103.527771,,
2007-02-12,,,102.6427,,,,,103.606133,,
2007-02-13,,,102.6817,,,,,103.537325,,
2007-02-14,,,102.5812,,,,,103.373658,,
2007-02-15,,,102.4467,,,,,103.432919,,
2007-02-16,,,102.5084,,,,,103.440798,,
2007-02-20,,,102.0022,,,,,103.607394,,
2007-02-21,,,102.9468,,,,,103.575103,,
2007-02-22,,,103.0239,,,,,103.537813,,
2007-02-23,,,103.0282,,,,,103.091722,,
2007-02-26,,,103.2674,,,,,102.954893,,
2007-02-27,,,100.0237,,,,,100.286002,,
2007-02-28,,,100.8142,,,,,100.981638,,
2007-03-01,,,100.7257,,,,,101.124307,,
2007-03-02,,,99.3658,,,,,100.360815,,
2007-03-05,,,99.3468,,,,,100.551456,,
2007-03-06,,,100.4073,,,,,101.268677,,
2007-03-07,,,100.4209,,,,,100.851501,,
2007-03-08,,,101.2642,,,,,101.662647,,
2007-03-09,,,100.9811,,,,,101.711777,,
2007-03-12,,,100.5443,,,,,101.350927,,
2007-03-13,,,99.4913,,,,,100.219616,,
2007-03-14,,,99.762,,,,,100.427206,,
2007-03-15,,,99.6993,,,,,100.350415,,
2007-03-16,,,99.0218,,,,,99.605271,,
2007-03-19,,,99.8297,,,,,100.380081,,
2007-03-20,,,100.2475,,,,,100.64144,,
2007-03-21,,,100.8625,,,,,101.172732,,
2007-03-22,,,101.5191,,,,,101.468179,,
2007-03-23,,,101.7251,,,,,101.828965,,
2007-03-26,,,101.8003,,,,,101.393518,,
2007-03-27,,,101.522,,,,,101.10208,,
2007-03-28,,,101.6558,,,,,100.976476,,
2007-03-29,,,101.5262,,,,,100.871802,,
2007-03-30,,,100.9896,,,,,100.636009,,
2007-04-02,,,101.2755,,,,,100.707234,,
2007-04-03,,,101.9903,,,,,101.578767,,
2007-04-04,,,102.1588,,,,,101.408144,,
2007-04-05,,,101.8515,,,,,101.065672,,
2007-04-09,,,102.0938,,,,,101.562908,,
2007-04-10,,,102.1392,,,,,101.058535,,
2007-04-11,,,101.8893,,,,,100.843704,,
2007-04-12,,,101.9774,,,,,100.7898,,
2007-04-13,,,101.9841,,,,,100.625211,,
2007-04-16,,,102.717,,,,,101.258746,,
2007-04-17,,,102.4175,,,,,101.29661,,
2007-04-18,,,102.3072,,,,,101.120393,,
2007-04-19,,,101.8693,,,,,101.05698,,
2007-04-20,,,102.578,,,,,101.75474,,
2007-04-23,,,102.6874,,,,,101.690001,,
2007-04-24,,,102.2837,,,,,101.265679,,
2007-04-25,,,102.6195,,,,,101.85166,,
2007-04-26,,,102.4036,,,,,102.125187,,
2007-04-27,,,102.1195,,,,,101.697223,,
2007-04-30,,,102.1884,,,,,101.345131,,
2007-05-01,,,102.5924,,,,,101.802028,,
2007-05-02,,,102.9061,,,,,102.258884,,
2007-05-03,,,103.5276,,,,,102.873975,,
2007-05-04,,,103.6215,,,,,102.803874,,
2007-05-07,,,103.7655,,,,,102.822394,,
2007-05-08,,,103.9857,,,,,103.136051,,
2007-05-09,,,103.9048,,,,,103.368214,,
2007-05-10,,,103.5988,,,,,103.120582,,
2007-05-11,,,103.6326,,,,,103.202914,,
2007-05-14,,,103.3025,,,,,102.976656,,
2007-05-15,,,103.034,,,,,102.638362,,
2007-05-16,,,103.6584,,,,,103.645845,,
2007-05-17,,,103.5897,,,,,103.60875,,
2007-05-18,,,103.664,,,,,103.890027,,
2007-05-21,,,104.2267,,,,,104.28331,,
2007-05-22,,,103.9164,,,,,104.294781,,
2007-05-23,,,103.7885,,,,,104.19098,,
2007-05-24,,,103.4513,,,,,103.877443,,
2007-05-25,,,103.5157,,,,,103.974627,,
2007-05-29,,,103.5874,,,,,104.15035,,
2007-05-30,,,104.2194,,,,,104.863355,,
2007-05-31,,,104.0286,,,,,104.5131,,
2007-06-01,,,104.239,,,,,104.8313,,
2007-06-04,,,104.2955,,,,,104.554459,,
2007-06-05,,,103.5341,,,,,103.928346,,
2007-06-06,,,103.1934,,,,,103.429418,,
2007-06-07,,,101.8766,,,,,102.553755,,
2007-06-08,,,102.6028,,,,,103.812184,,
2007-06-11,,,102.7522,,,,,104.026685,,
2007-06-12,,,101.9827,,,,,103.532653,,
2007-06-13,,,103.146,,,,,104.453588,,
2007-06-14,,,103.369,,,,,104.931358,,
2007-06-15,,,103.3952,,,,,104.901049,,
2007-06-18,,,103.0464,,,,,104.582421,,
2007-06-19,,,103.442,,,,,104.776638,,
2007-06-20,,,102.6492,,,,,103.949673,,
2007-06-21,,,102.8495,,,,,104.359183,,
2007-06-22,,,102.2347,,,,,103.281055,,
2007-06-25,,,102.2234,,,,,103.049272,,
2007-06-26,,,101.7784,,,,,102.417815,,
2007-06-27,,,102.2799,,,,,103.386006,,
2007-06-28,,,102.3921,,,,,103.374741,,
2007-06-29,,,102.1452,,,,,102.823998,,
2007-07-02,,,102.1128,,,,,102.820492,,
2007-07-03,,,102.1242,,,,,103.108598,,
2007-07-05,,,101.7435,,,,,102.947605,,
2007-07-06,,,101.7168,,,,,103.005882,,
2007-07-09,,,101.9493,,,,,103.110518,,
2007-07-10,,,101.2353,,,,,101.505863,,
2007-07-11,,,101.0246,,,,,101.860412,,
2007-07-12,,,101.3635,,,,,102.455564,,
2007-07-13,,,101.683,,,,,102.709798,,
2007-07-16,,,101.9797,,,,,102.89306,,
2007-07-17,,,101.6408,,,,,102.722482,,
2007-07-18,,,102.0185,,,,,102.55812,,
2007-07-19,,,102.3217,,,,,102.788544,,
2007-07-20,,,102.2276,,,,,102.086416,,
2007-07-23,,,102.4207,,,,,102.399462,,
2007-07-24,,,101.6197,,,,,101.297548,,
2007-07-25,,,102.5579,,,,,102.147515,,
2007-07-26,,,101.3233,,,,,100.658524,,
2007-07-27,,,101.283,,,,,100.218794,,
2007-07-30,,,101.4644,,,,,100.705406,,
2007-07-31,,,101.4408,,,,,100.248635,,
2007-08-01,,,101.6168,,,,,100.572617,,
2007-08-02,,,101.6378,,,,,100.765723,,
2007-08-03,,,100.3699,,,,,98.780762,,
2007-08-06,,,100.5321,,,,,99.663426,,
2007-08-07,,,101.4736,,,,,100.690301,,
2007-08-08,,,100.9503,,,,,101.033397,,
2007-08-09,,,100.6114,,,,,100.155397,,
2007-08-10,,,100.764,,,,,99.603063,,
2007-08-13,,,101.4704,,,,,100.503079,,
2007-08-14,,,101.7201,,,,,100.288202,,
2007-08-15,,,101.5701,,,,,100.181158,,
2007-08-16,,,101.9857,,,,,100.733816,,
2007-08-17,,,102.2021,,,,,101.435143,,
2007-08-20,,,102.3529,,,,,101.50411,,
2007-08-21,,,102.553,,,,,101.874768,,
2007-08-22,,,102.3931,,,,,101.980543,,
2007-08-23,,,102.3851,,,,,101.813073,,
2007-08-24,,,102.5039,,,,,101.69131,,
2007-08-27,,,102.6051,,,,,101.404279,,
2007-08-28,,,102.1459,,,,,100.552361,,
2007-08-29,,,102.4016,,,,,101.097543,,
2007-08-30,,,102.9689,,,,,101.411094,,
2007-08-31,,,103.5675,,,,,102.053119,,
2007-09-04,,,104.4016,,,,,102.764511,,
2007-09-05,,,104.1772,,,,,102.046641,,
2007-09-06,,,104.2698,,,,,101.852322,,
2007-09-07,,,103.8834,,,,,100.682331,,
2007-09-10,,,103.9643,,,,,100.41537,,
2007-09-11,,,104.3417,,,,,100.780664,,
2007-09-12,,,103.7953,,,,,100.409313,,
2007-09-13,,,103.6628,,,,,100.848797,,
2007-09-14,,,103.7966,,,,,100.929857,,
2007-09-17,,,104.2279,,,,,100.692954,,
2007-09-18,,,104.3239,,,,,101.708499,,
2007-09-19,,,104.2563,,,,,102.249914,,
2007-09-20,,,102.7245,,,,,100.755279,,
2007-09-21,,,102.9485,,,,,100.84128,,
2007-09-24,,,103.0282,,,,,100.770734,,
2007-09-25,,,102.3033,,,,,100.312156,,
2007-09-26,,,102.4994,,,,,100.666944,,
2007-09-27,,,103.1107,,,,,100.913725,,
2007-09-28,,,102.4812,,,,,100.020586,,
2007-10-01,,,103.5278,,,,,100.756984,,
2007-10-02,,,103.6407,,,,,101.372996,,
2007-10-03,,,103.7469,,,,,101.730959,,
2007-10-04,,,103.9115,,,,,101.467078,,
2007-10-05,,,103.9572,,,,,101.891973,,
2007-10-08,,,104.0794,,,,,102.516033,,
2007-10-09,,,104.1962,,,,,102.58354,,
2007-10-10,,,104.0827,,,,,102.258976,,
2007-10-11,,,103.6238,,,,,101.627051,,
2007-10-12,,,103.9514,,,,,102.020669,,
2007-10-15,,,103.7353,,,,,101.316299,,
2007-10-16,,,103.7795,,,,,101.132624,,
2007-10-17,,,103.7653,,,,,101.209565,,
2007-10-18,,,104.0214,,,,,100.492926,,
2007-10-19,,,103.7146,,,,,99.08664,,
2007-10-22,,,104.087,,,,,100.204845,,
2007-10-23,,,103.9776,,,,,100.124093,,
2007-10-24,,,104.4377,,,,,100.163265,,
2007-10-25,,,104.1963,,,,,99.799819,,
2007-10-26,,,104.611,,,,,100.000218,,
2007-10-29,,,104.8047,,,,,99.95607,,
2007-10-30,,,104.0178,,,,,99.538389,,
2007-10-31,,,104.1159,,,,,99.670898,,
2007-11-01,,,104.2387,,,,,98.797789,,
2007-11-02,,,104.6628,,,,,98.292801,,
2007-11-05,,,104.7426,,,,,98.122274,,
2007-11-06,,,105.0266,,,,,98.268851,,
2007-11-07,,,104.0234,,,,,96.132481,,
2007-11-08,,,103.7165,,,,,95.628956,,
2007-11-09,,,103.7526,,,,,95.012915,,
2007-11-12,,,103.2938,,,,,95.282797,,
2007-11-13,,,103.9384,,,,,96.569503,,
2007-11-14,,,103.7702,,,,,96.072868,,
2007-11-15,,,103.3961,,,,,95.661521,,
2007-11-16,,,103.2946,,,,,95.493496,,
2007-11-19,,,102.9302,,,,,94.669173,,
2007-11-20,,,102.3635,,,,,93.810875,,
2007-11-21,,,101.8672,,,,,92.835064,,
2007-11-23,,,102.9677,,,,,93.746943,,
2007-11-26,,,102.7462,,,,,92.633409,,
2007-11-27,,,102.7236,,,,,93.386338,,
2007-11-28,,,103.1492,,,,,95.005298,,
2007-11-29,,,103.9803,,,,,95.758543,,
2007-11-30,,,104.696,,,,,97.167372,,
2007-12-03,,,104.7783,,,,,96.742177,,
2007-12-04,,,104.2314,,,,,95.477161,,
2007-12-05,,,104.9787,,,,,97.341733,,
2007-12-06,,,105.091,,,,,97.959011,,
2007-12-07,,,104.2252,,,,,97.611142,,
2007-12-10,,,104.1439,,,,,97.607126,,
2007-12-11,,,104.486,,,,,96.569572,,
2007-12-12,,,104.4824,,,,,96.760289,,
2007-12-13,,,103.9716,,,,,96.970299,,
2007-12-14,,,104.8884,,,,,97.520967,,
2007-12-17,,,104.9873,,,,,96.897307,,
2007-12-18,,,105.641,,,,,97.334788,,
2007-12-19,,,106.6491,,,,,97.632577,,
2007-12-20,,,107.0971,,,,,98.333921,,
2007-12-21,,,106.9931,,,,,98.802807,,
2007-12-24,,,106.6309,,,,,98.910843,,
2007-12-26,,,106.787,,,,,98.991281,,
2007-12-27,,,105.3813,,,,,96.931768,,
2007-12-28,,,106.0132,,,,,96.39421,,
2007-12-31,,,106.8412,,,,,96.790278,,
2008-01-02,,,106.7909,,,,,95.662122,,
2008-01-03,,,106.6442,,,,,95.504376,,
2008-01-04,,,105.6781,,,,,94.168389,,
2008-01-07,,,106.227,,,,,94.447819,,
2008-01-08,,,105.8647,,,,,93.640381,,
2008-01-09,,,106.5814,,,,,94.446326,,
2008-01-10,,,105.3739,,,,,93.820561,,
2008-01-11,,,105.6796,,,,,93.689418,,
2008-01-14,,,105.6773,,,,,93.595341,,
2008-01-15,,,105.5757,,,,,92.90313,,
2008-01-16,,,105.7005,,,,,93.262716,,
2008-01-17,,,105.3953,,,,,92.102385,,
2008-01-18,,,105.1715,,,,,91.692848,,
2008-01-22,,,105.2401,,,,,91.107808,,
2008-01-23,,,105.7771,,,,,92.309387,,
2008-01-24,,,104.7629,,,,,91.895714,,
2008-01-25,,,105.6662,,,,,91.679631,,
2008-01-28,,,105.5313,,,,,91.975275,,
2008-01-29,,,105.3662,,,,,92.166261,,
2008-01-30,,,104.3313,,,,,91.282773,,
2008-01-31,,,104.9817,,,,,92.458599,,
2008-02-01,,,106.0256,,,,,93.697695,,
2008-02-04,,,104.889,,,,,92.774424,,
2008-02-05,,,105.2457,,,,,92.540312,,
2008-02-06,,,105.0991,,,,,92.165499,,
2008-02-07,,,105.5604,,,,,93.142977,,
2008-02-08,,,106.0581,,,,,92.780697,,
2008-02-11,,,106.5858,,,,,93.093946,,
2008-02-12,,,105.7656,,,,,93.191109,,
2008-02-13,,,105.7982,,,,,93.605623,,
2008-02-14,,,104.4205,,,,,92.567033,,
2008-02-15,,,104.4297,,,,,92.301903,,
2008-02-19,,,104.2934,,,,,91.98366,,
2008-02-20,,,105.1043,,,,,92.155698,,
2008-02-21,,,104.4998,,,,,91.38648,,
2008-02-22,,,104.3715,,,,,91.423356,,
2008-02-25,,,104.3218,,,,,91.990084,,
2008-02-26,,,103.7813,,,,,91.686645,,
2008-02-27,,,102.8672,,,,,90.825384,,
2008-02-28,,,103.1792,,,,,90.075797,,
2008-02-29,,,103.2042,,,,,89.08287,,
2008-03-03,,,103.0992,,,,,88.811224,,
2008-03-04,,,102.1001,,,,,88.385053,,
2008-03-05,,,101.9253,,,,,88.209979,,
2008-03-06,,,100.6147,,,,,86.409064,,
2008-03-07,,,100.4022,,,,,86.167506,,
2008-03-10,,,100.6429,,,,,85.690659,,
2008-03-11,,,101.4883,,,,,87.364489,,
2008-03-12,,,100.8174,,,,,86.037726,,
2008-03-13,,,100.2634,,,,,85.531365,,
2008-03-14,,,100.1577,,,,,84.695088,,
2008-03-17,,,100.0876,,,,,,,
2008-03-18,,,101.1794,,,,,86.976353,,
2008-03-19,,,100.3225,,,,,85.786231,,
2008-03-20,,,101.7544,,,,,87.972645,,
2008-03-24,,,101.5297,,,,,88.798513,,
2008-03-25,,,100.7956,,,,,87.627228,,
2008-03-26,,,99.3451,,,,,85.805249,,
2008-03-27,,,99.2496,,,,,86.02507,,
2008-03-28,,,99.0331,,,,,85.468492,,
2008-03-31,,,99.2285,,,,,85.685271,,
2008-04-01,,,100.0515,,,,,88.226624,,
2008-04-02,,,100.2241,,,,,87.880184,,
2008-04-03,,,100.4483,,,,,88.012291,,
2008-04-04,,,100.7162,,,,,87.993798,,
2008-04-07,,,100.7783,,,,,88.125808,,
2008-04-08,,,100.5251,,,,,88.064445,,
2008-04-09,,,100.3936,,,,,87.175898,,
2008-04-10,,,100.7317,,,,,87.628641,,
2008-04-11,,,99.8298,,,,,86.220786,,
2008-04-14,,,99.5665,,,,,85.983063,,
2008-04-15,,,99.4006,,,,,86.152217,,
2008-04-16,,,99.1719,,,,,86.563384,,
2008-04-17,,,99.2511,,,,,86.844318,,
2008-04-18,,,99.896,,,,,88.021432,,
2008-04-21,,,99.4735,,,,,87.483025,,
2008-04-22,,,99.0364,,,,,86.873162,,
2008-04-23,,,99.2474,,,,,87.317148,,
2008-04-24,,,99.7215,,,,,88.562014,,
2008-04-25,,,100.3666,,,,,89.529088,,
2008-04-28,,,100.2015,,,,,89.269877,,
2008-04-29,,,100.3409,,,,,89.594003,,
2008-04-30,,,100.4103,,,,,89.204754,,
2008-05-01,,,101.3104,,,,,91.111133,,
2008-05-02,,,101.4041,,,,,91.565572,,
2008-05-05,,,101.134,,,,,90.821938,,
2008-05-06,,,101.0375,,,,,90.970952,,
2008-05-07,,,101.2695,,,,,90.912784,,
2008-05-08,,,102.1396,,,,,90.865405,,
2008-05-09,,,101.6829,,,,,90.263677,,
2008-05-12,,,101.3726,,,,,90.386782,,
2008-05-13,,,101.2274,,,,,90.650855,,
2008-05-14,,,101.194,,,,,90.821088,,
2008-05-15,,,102.5844,,,,,91.846477,,
2008-05-16,,,101.9522,,,,,90.947634,,
2008-05-19,,,102.6575,,,,,91.650397,,
2008-05-20,,,102.0676,,,,,90.493232,,
2008-05-21,,,100.9259,,,,,88.684558,,
2008-05-22,,,100.8233,,,,,88.823578,,
2008-05-23,,,100.3521,,,,,88.012571,,
2008-05-27,,,100.6481,,,,,88.679361,,
2008-05-28,,,100.9495,,,,,89.055773,,
2008-05-29,,,101.2664,,,,,89.910876,,
2008-05-30,,,101.3362,,,,,89.954071,,
2008-06-02,,,101.5045,,,,,89.649348,,
2008-06-03,,,102.0289,,,,,89.939463,,
2008-06-04,,,101.8337,,,,,89.809719,,
2008-06-05,,,101.1599,,,,,89.859867,,
2008-06-06,,,99.9609,,,,,87.358004,,
2008-06-09,,,100.8283,,,,,87.993158,,
2008-06-10,,,101.6724,,,,,88.559318,,
2008-06-11,,,101.0656,,,,,87.345042,,
2008-06-12,,,101.5248,,,,,87.972981,,
2008-06-13,,,102.2498,,,,,88.989274,,
2008-06-16,,,101.6005,,,,,88.393648,,
2008-06-17,,,101.3964,,,,,88.066465,,
2008-06-18,,,101.3862,,,,,87.574297,,
2008-06-19,,,101.4109,,,,,87.629398,,
2008-06-20,,,100.5525,,,,,86.206633,,
2008-06-23,,,101.2802,,,,,86.711543,,
2008-06-24,,,101.0127,,,,,86.399843,,
2008-06-25,,,100.4095,,,,,86.112857,,
2008-06-26,,,99.8505,,,,,84.267127,,
2008-06-27,,,99.8942,,,,,83.891945,,
2008-06-30,,,100.1721,,,,,84.277479,,
2008-07-01,,,100.0473,,,,,84.117991,,
2008-07-02,,,99.3019,,,,,82.744023,,
2008-07-03,,,100.2626,,,,,83.747803,,
2008-07-07,,,99.903,,,,,83.21505,,
2008-07-08,,,100.5037,,,,,84.54367,,
2008-07-09,,,99.8801,,,,,83.319172,,
2008-07-10,,,99.9239,,,,,83.305515,,
2008-07-11,,,98.8159,,,,,81.845429,,
2008-07-14,,,99.0389,,,,,81.522258,,
2008-07-15,,,98.7159,,,,,80.938558,,
2008-07-16,,,99.0456,,,,,82.323647,,
2008-07-17,,,98.6886,,,,,82.48105,,
2008-07-18,,,98.9868,,,,,82.729719,,
2008-07-21,,,98.693,,,,,82.454209,,
2008-07-22,,,99.3662,,,,,83.66441,,
2008-07-23,,,99.6854,,,,,84.436878,,
2008-07-24,,,99.7572,,,,,83.722475,,
2008-07-25,,,99.5061,,,,,83.433357,,
2008-07-28,,,99.2439,,,,,82.630327,,
2008-07-29,,,100.2911,,,,,84.471027,,
2008-07-30,,,100.7281,,,,,85.478632,,
2008-07-31,,,100.4586,,,,,84.819645,,
2008-08-01,,,100.7988,,,,,84.860521,,
2008-08-04,,,100.2088,,,,,84.09393,,
2008-08-05,,,101.0875,,,,,86.072241,,
2008-08-06,,,101.4731,,,,,86.528862,,
2008-08-07,,,102.0784,,,,,86.393025,,
2008-08-08,,,104.2754,,,,,89.088952,,
2008-08-11,,,104.753,,,,,90.205443,,
2008-08-12,,,104.5803,,,,,89.692591,,
2008-08-13,,,104.7307,,,,,89.353493,,
2008-08-14,,,105.3761,,,,,90.41318,,
2008-08-15,,,106.5129,,,,,91.72798,,
2008-08-18,,,106.2646,,,,,90.907708,,
2008-08-19,,,105.7741,,,,,89.789836,,
2008-08-20,,,106.3523,,,,,90.264613,,
2008-08-21,,,105.7742,,,,,89.446476,,
2008-08-22,,,106.7082,,,,,90.937781,,
2008-08-25,,,106.6507,,,,,90.072723,,
2008-08-26,,,107.5737,,,,,90.784281,,
2008-08-27,,,107.3699,,,,,90.92029,,
2008-08-28,,,107.8433,,,,,91.750618,,
2008-08-29,,,107.5362,,,,,91.366982,,
2008-09-02,,,108.2431,,,,,92.098603,,
2008-09-03,,,108.4224,,,,,92.172029,,
2008-09-04,,,109.3355,,,,,91.7396,,
2008-09-05,,,110.1159,,,,,92.381888,,
2008-09-08,,,111.3723,,,,,94.49085,,
2008-09-09,,,110.5044,,,,,92.932653,,
2008-09-10,,,111.4601,,,,,94.026613,,
2008-09-11,,,111.5859,,,,,94.790019,,
2008-09-12,,,110.0807,,,,,93.43833,,
2008-09-15,,,109.8076,,,,,90.759232,,
2008-09-16,,,111.0708,,,,,92.042152,,
2008-09-17,,,109.9884,,,,,88.417331,,
2008-09-18,,,109.6524,,,,,89.747199,,
2008-09-19,,,108.8594,,,,,91.252955,,
2008-09-22,,,106.5599,,,,,87.614922,,
2008-09-23,,,107.2532,,,,,87.129994,,
2008-09-24,,,107.2469,,,,,87.48412,,
2008-09-25,,,107.6112,,,,,88.31596,,
2008-09-26,,,107.7529,,,,,88.147365,,
2008-09-29,,,108.8616,,,,,84.890892,,
2008-09-30,,,111.1747,,,,,89.199632,,
2008-10-01,,,112.0519,,,,,89.521548,,
2008-10-02,,,112.8755,,,,,88.915526,,
2008-10-03,,,112.9556,,,,,88.548336,,
2008-10-06,,,115.087,,,,,87.777338,,
2008-10-07,,,113.7354,,,,,84.162663,,
2008-10-08,,,112.6734,,,,,81.821633,,
2008-10-09,,,111.7209,,,,,78.760474,,
2008-10-10,,,112.5284,,,,,76.523393,,
2008-10-13,,,112.1888,,,,,83.325453,,
2008-10-14,,,111.8364,,,,,83.067426,,
2008-10-15,,,112.195,,,,,79.398743,,
2008-10-16,,,112.583,,,,,81.136548,,
2008-10-17,,,112.6465,,,,,81.268176,,
2008-10-20,,,114.0627,,,,,85.164179,,
2008-10-21,,,116.2167,,,,,85.745643,,
2008-10-22,,,117.4466,,,,,84.705077,,
2008-10-23,,,117.0462,,,,,84.165458,,
2008-10-24,,,119.5968,,,,,83.557883,,
2008-10-27,,,119.899,,,,,82.054786,,
2008-10-28,,,119.9753,,,,,86.627102,,
2008-10-29,,,117.1774,,,,,85.025337,,
2008-10-30,,,117.8848,,,,,87.056339,,
2008-10-31,,,119.2353,,,,,88.439374,,
2008-11-03,,,120.103,,,,,88.688264,,
2008-11-04,,,117.843,,,,,88.703517,,
2008-11-05,,,117.4965,,,,,87.194411,,
2008-11-06,,,118.7664,,,,,85.744146,,
2008-11-07,,,118.7145,,,,,87.275013,,
2008-11-10,,,118.8818,,,,,86.462494,,
2008-11-11,,,120.428,,,,,86.661186,,
2008-11-12,,,119.6391,,,,,84.179312,,
2008-11-13,,,118.1588,,,,,85.645862,,
2008-11-14,,,118.7175,,,,,83.70933,,
2008-11-17,,,118.8494,,,,,83.386288,,
2008-11-18,,,119.8738,,,,,84.490455,,
2008-11-19,,,120.6634,,,,,82.190415,,
2008-11-20,,,121.221,,,,,78.753037,,
2008-11-21,,,121.0685,,,,,80.249589,,
2008-11-24,,,118.3693,,,,,81.165182,,
2008-11-25,,,118.1,,,,,81.631064,,
2008-11-26,,,120.3938,,,,,84.597171,,
2008-11-28,,,122.2179,,,,,86.366462,,
2008-12-01,,,122.5129,,,,,82.859948,,
2008-12-02,,,122.8434,,,,,84.121684,,
2008-12-03,,,123.2172,,,,,85.306287,,
2008-12-04,,,122.5076,,,,,83.842881,,
2008-12-05,,,122.9962,,,,,85.616951,,
2008-12-08,,,121.805,,,,,85.693135,,
2008-12-09,,,122.7123,,,,,85.415721,,
2008-12-10,,,122.7886,,,,,85.07872,,
2008-12-11,,,119.376,,,,,81.940081,,
2008-12-12,,,119.4248,,,,,82.39742,,
2008-12-15,,,117.2556,,,,,79.916379,,
2008-12-16,,,117.337,,,,,80.472792,,
2008-12-17,,,115.2607,,,,,77.847568,,
2008-12-18,,,116.7449,,,,,78.105961,,
2008-12-19,,,119.2722,,,,,79.625791,,
2008-12-22,,,118.5571,,,,,79.053541,,
2008-12-23,,,118.3137,,,,,78.970765,,
2008-12-24,,,117.8805,,,,,78.999598,,
2008-12-26,,,117.9744,,,,,78.800342,,
2008-12-29,,,119.0788,,,,,79.665592,,
2008-12-30,,,118.9859,,,,,80.065741,,
2008-12-31,,,119.3325,,,,,81.442938,,
2009-01-02,,,119.6583,,,,,83.23783,,
2009-01-05,,,120.1875,,,,,85.037266,,
2009-01-06,,,120.8871,,,,,85.811629,,
2009-01-07,,,119.1352,,,,,83.28227,,
2009-01-08,,,118.9284,,,,,82.886351,,
2009-01-09,,,120.8479,,,,,83.35597,,
2009-01-12,,,120.8618,,,,,82.766535,,
2009-01-13,,,122.7681,,,,,84.035492,,
2009-01-14,,,122.5067,,,,,82.353713,,
2009-01-15,,,123.5182,,,,,82.889247,,
2009-01-16,,,121.6572,,,,,82.302914,,
2009-01-20,,,124.3636,,,,,81.91311,,
2009-01-21,,,122.5691,,,,,83.094342,,
2009-01-22,,,120.9423,,,,,82.312681,,
2009-01-23,,,121.7977,,,,,82.568135,,
2009-01-26,,,119.7276,,,,,81.603487,,
2009-01-27,,,121.3877,,,,,82.450653,,
2009-01-28,,,120.5802,,,,,84.106036,,
2009-01-29,,,120.9731,,,,,83.521256,,
2009-01-30,,,122.0789,,,,,83.658932,,
2009-02-02,,,122.1173,,,,,83.208752,,
2009-02-03,,,119.335,,,,,82.497315,,
2009-02-04,,,121.0217,,,,,83.42789,,
2009-02-05,,,122.178,,,,,84.462938,,
2009-02-06,,,121.2263,,,,,85.085959,,
2009-02-09,,,120.5679,,,,,84.673497,,
2009-02-10,,,121.7003,,,,,83.113085,,
2009-02-11,,,122.8394,,,,,83.45629,,
2009-02-12,,,122.9382,,,,,83.9508,,
2009-02-13,,,121.1618,,,,,83.130922,,
2009-02-17,,,124.9423,,,,,82.986328,,
2009-02-18,,,125.218,,,,,83.154064,,
2009-02-19,,,122.6903,,,,,81.630119,,
2009-02-20,,,121.5533,,,,,79.951415,,
2009-02-23,,,122.5319,,,,,79.291327,,
2009-02-24,,,121.4245,,,,,80.0715,,
2009-02-25,,,121.6427,,,,,80.431939,,
2009-02-26,,,120.6806,,,,,79.344221,,
2009-02-27,,,120.5232,,,,,78.694134,,
2009-03-02,,,120.8707,,,,,77.283317,,
2009-03-03,,,120.4546,,,,,77.007353,,
2009-03-04,,,119.7607,,,,,77.327902,,
2009-03-05,,,121.9428,,,,,76.263382,,
2009-03-06,,,120.7801,,,,,75.836622,,
2009-03-09,,,120.2332,,,,,75.251372,,
2009-03-10,,,119.5145,,,,,77.57858,,
2009-03-11,,,118.9119,,,,,77.025796,,
2009-03-12,,,119.6198,,,,,78.405967,,
2009-03-13,,,119.4639,,,,,78.791776,,
2009-03-16,,,118.1874,,,,,78.233117,,
2009-03-17,,,118.0698,,,,,79.271878,,
2009-03-18,,,116.7538,,,,,78.10983,,
2009-03-19,,,115.2375,,,,,76.504583,,
2009-03-20,,,115.3063,,,,,75.905407,,
2009-03-23,,,115.6152,,,,,78.787335,,
2009-03-24,,,116.8801,,,,,78.595308,,
2009-03-25,,,115.6593,,,,,78.290271,,
2009-03-26,,,116.9163,,,,,79.633084,,
2009-03-27,,,118.6639,,,,,80.145043,,
2009-03-30,,,118.9255,,,,,79.234242,,
2009-03-31,,,118.9039,,,,,79.524476,,
2009-04-01,,,119.8065,,,,,80.440446,,
2009-04-02,,,117.719,,,,,80.466991,,
2009-04-03,,,116.794,,,,,80.679731,,
2009-04-06,,,116.6033,,,,,80.716963,,
2009-04-07,,,117.6983,,,,,80.39982,,
2009-04-08,,,118.1798,,,,,80.97126,,
2009-04-09,,,119.4357,,,,,83.562667,,
2009-04-13,,,118.2533,,,,,82.575985,,
2009-04-14,,,119.0106,,,,,82.373786,,
2009-04-15,,,119.446,,,,,83.200062,,
2009-04-16,,,119.4567,,,,,84.13026,,
2009-04-17,,,120.4911,,,,,85.314221,,
2009-04-20,,,121.7516,,,,,84.03806,,
2009-04-21,,,121.3504,,,,,84.74178,,
2009-04-22,,,120.4712,,,,,84.153171,,
2009-04-23,,,120.117,,,,,83.807557,,
2009-04-24,,,119.4866,,,,,83.965456,,
2009-04-27,,,121.0077,,,,,84.847287,,
2009-04-28,,,118.4885,,,,,83.974308,,
2009-04-29,,,117.6683,,,,,84.106131,,
2009-04-30,,,117.3273,,,,,84.566196,,
2009-05-01,,,116.9046,,,,,84.486902,,
2009-05-04,,,117.22,,,,,85.327352,,
2009-05-05,,,117.5043,,,,,85.713164,,
2009-05-06,,,118.2779,,,,,86.651161,,
2009-05-07,,,116.3296,,,,,85.411235,,
2009-05-08,,,115.2087,,,,,85.168829,,
2009-05-11,,,115.652,,,,,84.512467,,
2009-05-12,,,115.5652,,,,,84.138533,,
2009-05-13,,,116.0004,,,,,83.204354,,
2009-05-14,,,115.928,,,,,83.398314,,
2009-05-15,,,117.0925,,,,,83.987713,,
2009-05-18,,,116.0912,,,,,84.869578,,
2009-05-19,,,115.4671,,,,,84.417557,,
2009-05-20,,,114.9273,,,,,83.259227,,
2009-05-21,,,113.0498,,,,,81.78154,,
2009-05-22,,,111.7602,,,,,80.939955,,
2009-05-26,,,111.6386,,,,,82.212763,,
2009-05-27,,,111.8298,,,,,82.029507,,
2009-05-28,,,112.0233,,,,,82.064998,,
2009-05-29,,,112.2892,,,,,82.169395,,
2009-06-01,,,111.626,,,,,82.828757,,
2009-06-02,,,110.7644,,,,,82.272428,,
2009-06-03,,,111.302,,,,,82.540339,,
2009-06-04,,,111.186,,,,,82.610541,,
2009-06-05,,,112.1495,,,,,83.740966,,
2009-06-08,,,112.4734,,,,,83.832406,,
2009-06-09,,,111.3819,,,,,83.259329,,
2009-06-10,,,111.4968,,,,,83.510473,,
2009-06-11,,,111.0918,,,,,83.101147,,
2009-06-12,,,111.9595,,,,,84.062461,,
2009-06-15,,,112.9242,,,,,84.208956,,
2009-06-16,,,112.9786,,,,,83.36784,,
2009-06-17,,,111.8728,,,,,82.760384,,
2009-06-18,,,111.6393,,,,,83.162865,,
2009-06-19,,,111.7982,,,,,83.188067,,
2009-06-22,,,111.4568,,,,,82.216598,,
2009-06-23,,,110.31,,,,,81.115383,,
2009-06-24,,,111.4673,,,,,82.318754,,
2009-06-25,,,112.4269,,,,,83.205117,,
2009-06-26,,,111.7044,,,,,82.682462,,
2009-06-29,,,111.874,,,,,83.047809,,
2009-06-30,,,111.7997,,,,,82.935071,,
2009-07-01,,,111.279,,,,,82.490422,,
2009-07-02,,,111.0918,,,,,82.018631,,
2009-07-06,,,110.9234,,,,,82.102192,,
2009-07-07,,,110.985,,,,,81.622312,,
2009-07-08,,,111.6537,,,,,81.990981,,
2009-07-09,,,110.3063,,,,,81.201442,,
2009-07-10,,,111.1105,,,,,81.591775,,
2009-07-13,,,111.519,,,,,82.606835,,
2009-07-14,,,111.3592,,,,,82.851841,,
2009-07-15,,,110.5922,,,,,83.252522,,
2009-07-16,,,110.7194,,,,,83.038037,,
2009-07-17,,,110.7511,,,,,83.858908,,
2009-07-20,,,110.7482,,,,,83.664261,,
2009-07-21,,,111.5951,,,,,84.164086,,
2009-07-22,,,111.3542,,,,,84.071955,,
2009-07-23,,,112.5433,,,,,85.558319,,
2009-07-24,,,112.3913,,,,,85.324138,,
2009-07-27,,,112.1675,,,,,85.283555,,
2009-07-28,,,112.2439,,,,,85.489896,,
2009-07-29,,,112.7485,,,,,86.142547,,
2009-07-30,,,113.7174,,,,,86.561979,,
2009-07-31,,,113.5172,,,,,85.734568,,
2009-08-03,,,112.8433,,,,,85.54359,,
2009-08-04,,,112.9427,,,,,85.613112,,
2009-08-05,,,112.34,,,,,85.459328,,
2009-08-06,,,112.5536,,,,,85.54992,,
2009-08-07,,,114.0198,,,,,87.077285,,
2009-08-10,,,114.406,,,,,87.428111,,
2009-08-11,,,113.9941,,,,,86.855842,,
2009-08-12,,,113.991,,,,,87.182908,,
2009-08-13,,,114.141,,,,,87.004109,,
2009-08-14,,,114.4392,,,,,87.283373,,
2009-08-17,,,114.1001,,,,,86.800063,,
2009-08-18,,,114.0258,,,,,86.768637,,
2009-08-19,,,114.1356,,,,,86.756045,,
2009-08-20,,,114.5647,,,,,87.163965,,
2009-08-21,,,114.6798,,,,,87.474249,,
2009-08-24,,,115.2918,,,,,87.823917,,
2009-08-25,,,115.521,,,,,88.013387,,
2009-08-26,,,116.0489,,,,,88.33519,,
2009-08-27,,,115.4116,,,,,87.904887,,
2009-08-28,,,115.9792,,,,,88.102437,,
2009-08-31,,,115.0817,,,,,87.592261,,
2009-09-01,,,114.8532,,,,,87.039923,,
2009-09-02,,,115.3746,,,,,86.777315,,
2009-09-03,,,116.0409,,,,,87.217548,,
2009-09-04,,,115.821,,,,,87.557281,,
2009-09-08,,,114.8743,,,,,86.913874,,
2009-09-09,,,114.4836,,,,,86.904994,,
2009-09-10,,,115.6957,,,,,87.459796,,
2009-09-11,,,116.1763,,,,,87.439806,,
2009-09-14,,,115.7009,,,,,87.439567,,
2009-09-15,,,115.7274,,,,,87.375085,,
2009-09-16,,,116.5048,,,,,87.893627,,
2009-09-17,,,116.3828,,,,,87.77824,,
2009-09-18,,,116.2048,,,,,87.947488,,
2009-09-21,,,116.1841,,,,,87.927667,,
2009-09-22,,,116.101,,,,,87.551602,,
2009-09-23,,,115.861,,,,,87.538394,,
2009-09-24,,,115.5487,,,,,87.404697,,
2009-09-25,,,115.5313,,,,,87.201578,,
2009-09-28,,,117.0476,,,,,88.418585,,
2009-09-29,,,117.2357,,,,,88.452116,,
2009-09-30,,,116.8562,,,,,87.993491,,
2009-10-01,,,116.4841,,,,,87.340602,,
2009-10-02,,,115.913,,,,,86.845973,,
2009-10-05,,,116.4531,,,,,87.213177,,
2009-10-06,,,116.9386,,,,,87.461849,,
2009-10-07,,,117.753,,,,,87.942792,,
2009-10-08,,,117.4506,,,,,87.698407,,
2009-10-09,,,117.5181,,,,,88.267726,,
2009-10-12,,,117.5348,,,,,88.198229,,
2009-10-13,,,117.1219,,,,,87.698595,,
2009-10-14,,,116.9867,,,,,88.092063,,
2009-10-15,,,116.7624,,,,,88.08992,,
2009-10-16,,,117.0973,,,,,88.005596,,
2009-10-19,,,117.5153,,,,,88.11146,,
2009-10-20,,,117.3437,,,,,88.021906,,
2009-10-21,,,116.2264,,,,,87.114775,,
2009-10-22,,,116.501,,,,,87.493113,,
2009-10-23,,,115.7281,,,,,87.049258,,
2009-10-26,,,115.2521,,,,,87.102324,,
2009-10-27,,,116.1007,,,,,87.427913,,
2009-10-28,,,115.6816,,,,,87.06103,,
2009-10-29,,,115.991,,,,,87.423131,,
2009-10-30,,,115.5927,,,,,86.668908,,
2009-11-02,,,115.5809,,,,,86.630732,,
2009-11-03,,,116.3972,,,,,87.063683,,
2009-11-04,,,115.283,,,,,86.333549,,
2009-11-05,,,116.1071,,,,,87.314431,,
2009-11-06,,,116.4779,,,,,87.620291,,
2009-11-09,,,116.629,,,,,87.97578,,
2009-11-10,,,116.6453,,,,,88.01178,,
2009-11-11,,,117.2261,,,,,88.335626,,
2009-11-12,,,117.3662,,,,,88.674697,,
2009-11-13,,,117.4716,,,,,88.571672,,
2009-11-16,,,118.6042,,,,,89.139378,,
2009-11-17,,,119.5775,,,,,89.799258,,
2009-11-18,,,118.7279,,,,,89.17158,,
2009-11-19,,,118.344,,,,,88.737437,,
2009-11-20,,,118.6971,,,,,88.926074,,
2009-11-23,,,118.7135,,,,,89.011451,,
2009-11-24,,,118.9769,,,,,89.159919,,
2009-11-25,,,118.2842,,,,,88.404592,,
2009-11-27,,,118.4759,,,,,88.536765,,
2009-11-30,,,118.4628,,,,,88.548831,,
2009-12-01,,,118.5587,,,,,88.684402,,
2009-12-02,,,119.078,,,,,88.801412,,
2009-12-03,,,118.0461,,,,,88.351706,,
2009-12-04,,,118.6162,,,,,89.799309,,
2009-12-07,,,118.6077,,,,,89.881423,,
2009-12-08,,,118.6683,,,,,90.075368,,
2009-12-09,,,118.539,,,,,90.11276,,
2009-12-10,,,118.5398,,,,,90.350624,,
2009-12-11,,,119.3766,,,,,91.12339,,
2009-12-14,,,119.6982,,,,,91.353128,,
2009-12-15,,,120.3635,,,,,91.740587,,
2009-12-16,,,120.7013,,,,,91.932157,,
2009-12-17,,,121.6117,,,,,92.55929,,
2009-12-18,,,122.0797,,,,,92.889649,,
2009-12-21,,,122.2877,,,,,93.68187,,
2009-12-22,,,122.4735,,,,,93.980367,,
2009-12-23,,,121.959,,,,,93.524574,,
2009-12-24,,,121.939,,,,,93.526874,,
2009-12-28,,,121.8652,,,,,93.325327,,
2009-12-29,,,122.002,,,,,93.46809,,
2009-12-30,,,122.2567,,,,,93.634995,,
2009-12-31,,,121.5586,,,,,93.075726,,
2010-01-04,,,122.5666,,,,,93.547885,,
2010-01-05,,,123.4491,,,,,94.18737,,
2010-01-06,,,123.063,,,,,93.919737,,
2010-01-07,,,124.0792,,,,,94.781296,,
2010-01-08,,,123.4664,,,,,94.265348,,
2010-01-11,,,122.7543,,,,,93.695698,,
2010-01-12,,,122.5626,,,,,93.581637,,
2010-01-13,,,122.5779,,,,,93.735166,,
2010-01-14,,,123.4678,,,,,94.061699,,
2010-01-15,,,123.8068,,,,,94.264516,,
2010-01-19,,,125.4129,,,,,95.532473,,
2010-01-20,,,126.2116,,,,,96.272631,,
2010-01-21,,,125.0008,,,,,95.320015,,
2010-01-22,,,122.7222,,,,,93.567122,,
2010-01-25,,,123.0314,,,,,93.913565,,
2010-01-26,,,123.4538,,,,,94.250107,,
2010-01-27,,,123.9096,,,,,94.818205,,
2010-01-28,,,123.6497,,,,,94.486524,,
2010-01-29,,,124.0505,,,,,94.664437,,
2010-02-01,,,124.6787,,,,,95.050407,,
2010-02-02,,,125.3309,,,,,95.55092,,
2010-02-03,,,125.2238,,,,,95.6859,,
2010-02-04,,,124.7089,,,,,95.170277,,
2010-02-05,,,125.4612,,,,,95.706928,,
2010-02-08,,,125.0981,,,,,95.477448,,
2010-02-09,,,124.4703,,,,,95.095017,,
2010-02-10,,,124.5247,,,,,95.30921,,
2010-02-11,,,125.7405,,,,,96.156243,,
2010-02-12,,,126.5064,,,,,96.638498,,
2010-02-16,,,126.5016,,,,,96.569845,,
2010-02-17,,,127.8171,,,,,97.879643,,
2010-02-18,,,128.927,,,,,98.813003,,
2010-02-19,,,128.4875,,,,,98.454448,,
2010-02-22,,,128.1916,,,,,98.397929,,
2010-02-23,,,128.5756,,,,,98.472712,,
2010-02-24,,,128.7848,,,,,98.806896,,
2010-02-25,,,128.9902,,,,,98.751116,,
2010-02-26,,,128.7545,,,,,98.294638,,
2010-03-01,,,129.9203,,,,,99.382451,,
2010-03-02,,,129.8522,,,,,99.162135,,
2010-03-03,,,129.1712,,,,,98.617258,,
2010-03-04,,,130.4272,,,,,99.709526,,
2010-03-05,,,130.5554,,,,,100.185838,,
2010-03-08,,,130.0721,,,,,100.136448,,
2010-03-09,,,130.4553,,,,,100.519929,,
2010-03-10,,,129.9761,,,,,100.35858,,
2010-03-11,,,130.1291,,,,,100.432426,,
2010-03-12,,,129.5529,,,,,99.842264,,
2010-03-15,,,130.2485,,,,,100.543108,,
2010-03-16,,,130.5378,,,,,100.390453,,
2010-03-17,,,131.4472,,,,,101.04256,,
2010-03-18,,,132.4089,,,,,101.924096,,
2010-03-19,,,132.4288,,,,,102.120865,,
2010-03-22,,,132.4727,,,,,102.320876,,
2010-03-23,,,133.3757,,,,,103.214364,,
2010-03-24,,,133.699,,,,,104.12497,,
2010-03-25,,,133.5749,,,,,104.251076,,
2010-03-26,,,132.405,,,,,103.102143,,
2010-03-29,,,132.2908,,,,,102.989466,,
2010-03-30,,,133.0798,,,,,103.578482,,
2010-03-31,,,132.4503,,,,,102.662692,,
2010-04-01,,,132.3762,,,,,102.46571,,
2010-04-05,,,133.4037,,,,,103.508476,,
2010-04-06,,,134.492,,,,,104.368953,,
2010-04-07,,,135.4048,,,,,104.637972,,
2010-04-08,,,135.5051,,,,,104.657796,,
2010-04-09,,,134.906,,,,,104.054481,,
2010-04-12,,,134.2655,,,,,103.523722,,
2010-04-13,,,134.1357,,,,,103.473583,,
2010-04-14,,,134.2423,,,,,103.823647,,
2010-04-15,,,135.2213,,,,,104.574366,,
2010-04-16,,,134.7415,,,,,104.129437,,
2010-04-19,,,135.0382,,,,,104.438374,,
2010-04-20,,,136.6,,,,,105.491191,,
2010-04-21,,,137.4564,,,,,105.812158,,
2010-04-22,,,138.4412,,,,,106.665941,,
2010-04-23,,,138.3485,,,,,106.393555,,
2010-04-26,,,137.9966,,,,,106.090256,,
2010-04-27,,,139.242,,,,,106.357485,,
2010-04-28,,,138.8991,,,,,106.407351,,
2010-04-29,,,139.7243,,,,,107.11646,,
2010-04-30,,,138.3676,,,,,105.545192,,
2010-05-03,,,140.587,,,,,107.276999,,
2010-05-04,,,141.7789,,,,,107.621984,,
2010-05-05,,,143.4239,,,,,108.657247,,
2010-05-06,,,145.151,,,,,108.204575,,
2010-05-07,,,142.0017,,,,,106.100096,,
2010-05-10,,,143.4836,,,,,108.414267,,
2010-05-11,,,144.9712,,,,,109.501008,,
2010-05-12,,,146.2715,,,,,110.765791,,
2010-05-13,,,146.5445,,,,,110.696902,,
2010-05-14,,,147.7918,,,,,111.001704,,
2010-05-17,,,147.2002,,,,,110.8948,,
2010-05-18,,,149.3556,,,,,111.869915,,
2010-05-19,,,146.0738,,,,,109.610155,,
2010-05-20,,,143.2609,,,,,106.475754,,
2010-05-21,,,143.3917,,,,,106.869752,,
2010-05-24,,,144.6434,,,,,107.724104,,
2010-05-25,,,145.3455,,,,,108.071395,,
2010-05-26,,,146.9511,,,,,109.109858,,
2010-05-27,,,146.2569,,,,,109.554648,,
2010-05-28,,,146.588,,,,,109.595952,,
2010-06-01,,,145.8925,,,,,108.910579,,
2010-06-02,,,147.2807,,,,,110.38016,,
2010-06-03,,,148.1346,,,,,111.382625,,
2010-06-04,,,149.4094,,,,,110.919795,,
2010-06-07,,,149.763,,,,,110.631856,,
2010-06-08,,,149.6926,,,,,110.833648,,
2010-06-09,,,149.0733,,,,,110.449487,,
2010-06-10,,,148.6117,,,,,110.867099,,
2010-06-11,,,150.2166,,,,,111.500254,,
2010-06-14,,,148.1791,,,,,110.337074,,
2010-06-15,,,148.5464,,,,,110.845443,,
2010-06-16,,,148.9755,,,,,111.076917,,
2010-06-17,,,148.735,,,,,110.566536,,
2010-06-18,,,149.0663,,,,,110.681033,,
2010-06-21,,,149.1722,,,,,111.173473,,
2010-06-22,,,149.1673,,,,,110.489286,,
2010-06-23,,,148.7021,,,,,110.03528,,
2010-06-24,,,146.9475,,,,,108.705018,,
2010-06-25,,,146.9926,,,,,108.517844,,
2010-06-28,,,148.2798,,,,,109.416671,,
2010-06-29,,,147.8168,,,,,108.305849,,
2010-06-30,,,147.0213,,,,,107.262973,,
2010-07-01,,,142.7152,,,,,104.472867,,
2010-07-02,,,141.944,,,,,103.882266,,
2010-07-06,,,141.6809,,,,,103.795696,,
2010-07-07,,,143.2215,,,,,105.601675,,
2010-07-08,,,142.8523,,,,,105.71961,,
2010-07-09,,,143.8137,,,,,106.593668,,
2010-07-12,,,144.1779,,,,,107.076415,,
2010-07-13,,,143.3943,,,,,106.845226,,
2010-07-14,,,143.6534,,,,,106.828315,,
2010-07-15,,,141.8907,,,,,105.193353,,
2010-07-16,,,140.2925,,,,,103.756878,,
2010-07-19,,,140.0647,,,,,103.976305,,
2010-07-20,,,141.8507,,,,,105.155388,,
2010-07-21,,,143.1073,,,,,105.55232,,
2010-07-22,,,142.5792,,,,,105.76205,,
2010-07-23,,,142.2235,,,,,106.072505,,
2010-07-26,,,141.8354,,,,,106.066789,,
2010-07-27,,,140.949,,,,,106.023408,,
2010-07-28,,,140.7839,,,,,105.703914,,
2010-07-29,,,139.6925,,,,,104.754218,,
2010-07-30,,,141.1314,,,,,105.152629,,
2010-08-02,,,140.5274,,,,,105.365538,,
2010-08-03,,,140.0833,,,,,104.690406,,
2010-08-04,,,140.9882,,,,,105.586662,,
2010-08-05,,,140.9636,,,,,105.343165,,
2010-08-06,,,140.2295,,,,,104.362815,,
2010-08-09,,,141.0594,,,,,105.256075,,
2010-08-10,,,141.3066,,,,,105.347,,
2010-08-11,,,143.4694,,,,,106.166036,,
2010-08-12,,,143.5231,,,,,105.999718,,
2010-08-13,,,144.8886,,,,,106.541435,,
2010-08-16,,,145.6539,,,,,106.105783,,
2010-08-17,,,145.5,,,,,106.284089,,
2010-08-18,,,146.0713,,,,,106.615784,,
2010-08-19,,,146.1135,,,,,105.891782,,
2010-08-20,,,146.9703,,,,,106.591689,,
2010-08-23,,,147.3204,,,,,106.813955,,
2010-08-24,,,147.6203,,,,,106.280614,,
2010-08-25,,,147.4156,,,,,106.168793,,
2010-08-26,,,146.7223,,,,,105.318759,,
2010-08-27,,,146.1308,,,,,105.916334,,
2010-08-30,,,146.9884,,,,,105.865468,,
2010-08-31,,,147.5971,,,,,105.764029,,
2010-09-01,,,147.0329,,,,,106.480267,,
2010-09-02,,,146.9846,,,,,106.881694,,
2010-09-03,,,146.3131,,,,,107.030773,,
2010-09-07,,,149.2258,,,,,108.221794,,
2010-09-08,,,148.857,,,,,108.322467,,
2010-09-09,,,148.1288,,,,,108.630493,,
2010-09-10,,,148.1475,,,,,108.741077,,
2010-09-13,,,147.0811,,,,,108.075188,,
2010-09-14,,,146.5551,,,,,107.23751,,
2010-09-15,,,145.8258,,,,,107.307307,,
2010-09-16,,,144.6137,,,,,106.672214,,
2010-09-17,,,145.2174,,,,,107.073223,,
2010-09-20,,,146.4175,,,,,107.876642,,
2010-09-21,,,145.0269,,,,,106.283525,,
2010-09-22,,,143.621,,,,,104.864006,,
2010-09-23,,,144.2472,,,,,105.115923,,
2010-09-24,,,143.0812,,,,,104.858946,,
2010-09-27,,,144.0245,,,,,104.987754,,
2010-09-28,,,143.4076,,,,,104.302468,,
2010-09-29,,,142.7849,,,,,103.836877,,
2010-09-30,,,142.5251,,,,,103.590367,,
2010-10-01,,,141.2963,,,,,102.712214,,
2010-10-04,,,141.776,,,,,103.008229,,
2010-10-05,,,141.5803,,,,,103.102859,,
2010-10-06,,,141.4776,,,,,102.456951,,
2010-10-07,,,140.7823,,,,,102.427989,,
2010-10-08,,,141.1836,,,,,102.862006,,
2010-10-11,,,141.8398,,,,,103.262262,,
2010-10-12,,,140.9704,,,,,103.058698,,
2010-10-13,,,141.4682,,,,,103.261345,,
2010-10-14,,,139.4009,,,,,101.970925,,
2010-10-15,,,139.9112,,,,,102.826068,,
2010-10-18,,,141.1009,,,,,103.564062,,
2010-10-19,,,141.8484,,,,,104.331998,,
2010-10-20,,,140.434,,,,,103.218559,,
2010-10-21,,,140.2148,,,,,103.616746,,
2010-10-22,,,140.645,,,,,103.687595,,
2010-10-25,,,140.7462,,,,,103.608272,,
2010-10-26,,,141.2266,,,,,104.305604,,
2010-10-27,,,141.4048,,,,,104.736026,,
2010-10-28,,,140.0829,,,,,103.627389,,
2010-10-29,,,140.8251,,,,,103.856669,,
2010-11-01,,,140.8424,,,,,104.050282,,
2010-11-02,,,140.5429,,,,,103.564821,,
2010-11-03,,,138.8163,,,,,103.034475,,
2010-11-04,,,140.3016,,,,,103.927652,,
2010-11-05,,,141.6805,,,,,105.326976,,
2010-11-08,,,143.0852,,,,,106.052166,,
2010-11-09,,,143.2292,,,,,106.516051,,
2010-11-10,,,143.6794,,,,,106.650775,,
2010-11-11,,,144.847,,,,,107.314881,,
2010-11-12,,,143.2621,,,,,106.179934,,
2010-11-15,,,143.4241,,,,,106.678391,,
2010-11-16,,,144.1849,,,,,106.559106,,
2010-11-17,,,143.5717,,,,,106.288972,,
2010-11-18,,,143.6161,,,,,106.320588,,
2010-11-19,,,143.5996,,,,,106.20823,,
2010-11-22,,,144.3886,,,,,106.693568,,
2010-11-23,,,146.4589,,,,,107.879383,,
2010-11-24,,,147.2464,,,,,108.900062,,
2010-11-26,,,147.74,,,,,108.940211,,
2010-11-29,,,149.7362,,,,,110.19366,,
2010-11-30,,,151.4188,,,,,110.991714,,
2010-12-01,,,150.4194,,,,,110.844005,,
2010-12-02,,,150.4142,,,,,111.007831,,
2010-12-03,,,148.4328,,,,,109.600007,,
2010-12-06,,,150.2034,,,,,110.551698,,
2010-12-07,,,149.5525,,,,,110.626895,,
2010-12-08,,,148.9814,,,,,110.644757,,
2010-12-09,,,149.8222,,,,,111.188403,,
2010-12-10,,,150.106,,,,,111.571627,,
2010-12-13,,,148.7304,,,,,110.29479,,
2010-12-14,,,148.2301,,,,,110.209562,,
2010-12-15,,,148.904,,,,,111.202426,,
2010-12-16,,,149.2053,,,,,111.420469,,
2010-12-17,,,150.8303,,,,,112.228417,,
2010-12-20,,,151.8284,,,,,112.883881,,
2010-12-21,,,153.0725,,,,,113.659539,,
2010-12-22,,,152.9936,,,,,113.838543,,
2010-12-23,,,152.6237,,,,,113.523187,,
2010-12-27,,,152.4706,,,,,113.25528,,
2010-12-28,,,152.8273,,,,,113.502241,,
2010-12-29,,,152.001,,,,,112.921222,,
2010-12-30,,,151.2199,,,,,112.252152,,
2010-12-31,,,150.3106,,,,,111.578612,,
2011-01-03,,,150.8303,,,,,112.485776,,
2011-01-04,,,151.1753,,,,,112.908478,,
2011-01-05,,,152.7622,,,,,114.384745,,
2011-01-06,,,154.4323,,,,,115.564447,,
2011-01-07,,,155.6222,,,,,116.393938,,
2011-01-10,,,155.2519,,,,,116.072846,,
2011-01-11,,,155.1889,,,,,116.01044,,
2011-01-12,,,153.6425,,,,,115.256968,,
2011-01-13,,,150.8593,,,,,113.287298,,
2011-01-14,,,150.7349,,,,,113.604293,,
2011-01-18,,,150.571,,,,,113.579465,,
2011-01-19,,,149.4051,,,,,112.19549,,
2011-01-20,,,148.4725,,,,,111.945042,,
2011-01-21,,,147.3821,,,,,111.056988,,
2011-01-24,,,147.3252,,,,,111.2261,,
2011-01-25,,,146.93,,,,,111.040241,,
2011-01-26,,,146.6536,,,,,110.915197,,
2011-01-27,,,146.2753,,,,,110.970866,,
2011-01-28,,,147.5038,,,,,110.889841,,
2011-01-31,,,146.9377,,,,,110.626337,,
2011-02-01,,,145.8724,,,,,110.479226,,
2011-02-02,,,146.0053,,,,,110.46266,,
2011-02-03,,,147.928,,,,,111.890119,,
2011-02-04,,,148.3191,,,,,112.34666,,
2011-02-07,,,148.5215,,,,,112.768293,,
2011-02-08,,,148.0821,,,,,112.59508,,
2011-02-09,,,146.9316,,,,,111.652168,,
2011-02-10,,,148.2266,,,,,112.623728,,
2011-02-11,,,149.1183,,,,,113.653113,,
2011-02-14,,,150.0617,,,,,114.35182,,
2011-02-15,,,150.0991,,,,,114.207644,,
2011-02-16,,,149.428,,,,,113.929773,,
2011-02-17,,,149.2717,,,,,113.931785,,
2011-02-18,,,148.4594,,,,,113.392533,,
2011-02-22,,,148.7847,,,,,112.492602,,
2011-02-23,,,147.9802,,,,,111.320539,,
2011-02-24,,,147.3118,,,,,110.867115,,
2011-02-25,,,148.2271,,,,,112.080159,,
2011-02-28,,,147.7885,,,,,112.138356,,
2011-03-01,,,147.8749,,,,,111.231316,,
2011-03-02,,,146.8218,,,,,110.590402,,
2011-03-03,,,145.9001,,,,,110.744077,,
2011-03-04,,,145.7481,,,,,110.229927,,
2011-03-07,,,145.6432,,,,,109.863979,,
2011-03-08,,,146.3423,,,,,110.922149,,
2011-03-09,,,146.3826,,,,,110.904671,,
2011-03-10,,,147.0562,,,,,110.716118,,
2011-03-11,,,146.1217,,,,,110.31689,,
2011-03-14,,,145.1298,,,,,109.245675,,
2011-03-15,,,144.8607,,,,,108.464596,,
2011-03-16,,,145.4571,,,,,108.169407,,
2011-03-17,,,144.8956,,,,,108.026967,,
2011-03-18,,,143.5366,,,,,107.092563,,
2011-03-21,,,143.6334,,,,,107.576388,,
2011-03-22,,,143.7906,,,,,107.587633,,
2011-03-23,,,145.0165,,,,,108.584491,,
2011-03-24,,,144.1159,,,,,108.409972,,
2011-03-25,,,145.2435,,,,,109.347115,,
2011-03-28,,,145.0654,,,,,109.06723,,
2011-03-29,,,144.854,,,,,109.255522,,
2011-03-30,,,145.0593,,,,,109.671797,,
2011-03-31,,,144.7037,,,,,109.290514,,
2011-04-01,,,144.1279,,,,,109.09319,,
2011-04-04,,,144.2672,,,,,109.273165,,
2011-04-05,,,144.3182,,,,,109.155881,,
2011-04-06,,,143.0382,,,,,108.400929,,
2011-04-07,,,143.2299,,,,,108.479333,,
2011-04-08,,,141.4214,,,,,106.847927,,
2011-04-11,,,141.63,,,,,107.062858,,
2011-04-12,,,140.9458,,,,,106.441838,,
2011-04-13,,,141.3699,,,,,106.730299,,
2011-04-14,,,141.0806,,,,,106.421392,,
2011-04-15,,,142.0849,,,,,107.274404,,
2011-04-18,,,143.7008,,,,,108.056485,,
2011-04-19,,,142.8612,,,,,107.744525,,
2011-04-20,,,141.4023,,,,,107.160283,,
2011-04-21,,,141.2246,,,,,107.298454,,
2011-04-25,,,140.9206,,,,,107.054493,,
2011-04-26,,,140.6498,,,,,107.287375,,
2011-04-27,,,139.4656,,,,,106.628741,,
2011-04-28,,,139.3385,,,,,106.686826,,
2011-04-29,,,139.8414,,,,,106.927288,,
2011-05-02,,,139.4683,,,,,106.738242,,
2011-05-03,,,139.3568,,,,,106.554654,,
2011-05-04,,,138.6994,,,,,106.195755,,
2011-05-05,,,140.554,,,,,107.844964,,
2011-05-06,,,142.6686,,,,,109.4981,,
2011-05-09,,,143.0019,,,,,109.703473,,
2011-05-10,,,142.7218,,,,,109.85009,,
2011-05-11,,,144.209,,,,,110.906028,,
2011-05-12,,,143.6343,,,,,110.737078,,
2011-05-13,,,144.8929,,,,,111.436009,,
2011-05-16,,,144.147,,,,,110.672207,,
2011-05-17,,,143.4252,,,,,110.079751,,
2011-05-18,,,143.5966,,,,,110.505814,,
2011-05-19,,,143.0436,,,,,110.184406,,
2011-05-20,,,144.6756,,,,,110.876124,,
2011-05-23,,,145.4035,,,,,110.98544,,
2011-05-24,,,145.29,,,,,110.528633,,
2011-05-25,,,145.4869,,,,,110.840845,,
2011-05-26,,,145.3579,,,,,110.791282,,
2011-05-27,,,144.4423,,,,,110.016982,,
2011-05-31,,,143.9128,,,,,109.84413,,
2011-06-01,,,144.0206,,,,,109.065994,,
2011-06-02,,,141.4067,,,,,107.603251,,
2011-06-03,,,139.9455,,,,,105.968909,,
2011-06-06,,,139.5275,,,,,105.731132,,
2011-06-07,,,138.5261,,,,,104.941468,,
2011-06-08,,,139.6285,,,,,105.496495,,
2011-06-09,,,140.7647,,,,,106.450928,,
2011-06-10,,,141.6994,,,,,106.857866,,
2011-06-13,,,140.2649,,,,,106.257821,,
2011-06-14,,,140.3463,,,,,106.751035,,
2011-06-15,,,142.9612,,,,,107.681569,,
2011-06-16,,,143.2064,,,,,107.665415,,
2011-06-17,,,142.2677,,,,,107.131683,,
2011-06-20,,,142.4286,,,,,107.399176,,
2011-06-21,,,142.1415,,,,,107.516473,,
2011-06-22,,,142.5149,,,,,107.542481,,
2011-06-23,,,142.8828,,,,,108.21296,,
2011-06-24,,,142.2635,,,,,107.944774,,
2011-06-27,,,141.0071,,,,,107.687918,,
2011-06-28,,,140.8164,,,,,107.732764,,
2011-06-29,,,140.5234,,,,,107.684581,,
2011-06-30,,,140.0246,,,,,107.775981,,
2011-07-01,,,140.1693,,,,,108.561567,,
2011-07-05,,,141.9192,,,,,109.41882,,
2011-07-06,,,143.623,,,,,110.370717,,
2011-07-07,,,143.7211,,,,,110.580981,,
2011-07-08,,,145.217,,,,,111.157119,,
2011-07-11,,,147.7768,,,,,111.8574,,
2011-07-12,,,148.6422,,,,,112.0339,,
2011-07-13,,,147.3458,,,,,110.83841,,
2011-07-14,,,146.7076,,,,,110.454828,,
2011-07-15,,,147.2992,,,,,110.771235,,
2011-07-18,,,147.2841,,,,,110.519401,,
2011-07-19,,,148.2138,,,,,111.367436,,
2011-07-20,,,147.2047,,,,,110.799409,,
2011-07-21,,,145.0735,,,,,110.005511,,
2011-07-22,,,146.3492,,,,,110.601471,,
2011-07-25,,,145.8237,,,,,110.021602,,
2011-07-26,,,144.7311,,,,,108.8551,,
2011-07-27,,,145.1363,,,,,108.507966,,
2011-07-28,,,145.6091,,,,,108.663725,,
2011-07-29,,,145.9046,,,,,108.190992,,
2011-08-01,,,147.1611,,,,,108.946851,,
2011-08-02,,,148.8945,,,,,107.826267,,
2011-08-03,,,147.9107,,,,,107.308554,,
2011-08-04,,,149.139,,,,,106.243481,,
2011-08-05,,,146.2404,,,,,104.448456,,
2011-08-08,,,145.919,,,,,101.132956,,
2011-08-09,,,146.2338,,,,,102.75691,,
2011-08-10,,,148.2996,,,,,101.768404,,
2011-08-11,,,147.8513,,,,,103.542164,,
2011-08-12,,,148.6566,,,,,104.077731,,
2011-08-15,,,147.4418,,,,,104.044566,,
2011-08-16,,,148.1436,,,,,103.859657,,
2011-08-17,,,148.6867,,,,,103.83667,,
2011-08-18,,,149.3526,,,,,101.869023,,
2011-08-19,,,148.6999,,,,,100.458387,,
2011-08-22,,,149.6956,,,,,100.708716,,
2011-08-23,,,149.1348,,,,,102.005594,,
2011-08-24,,,148.3635,,,,,102.830902,,
2011-08-25,,,148.4147,,,,,102.233796,,
2011-08-26,,,148.7541,,,,,102.333898,,
2011-08-29,,,148.892,,,,,103.956149,,
2011-08-30,,,150.9004,,,,,104.750654,,
2011-08-31,,,151.3027,,,,,105.515056,,
2011-09-01,,,152.6752,,,,,105.794116,,
2011-09-02,,,153.9079,,,,,104.783727,,
2011-09-06,,,156.1212,,,,,105.898077,,
2011-09-07,,,155.0723,,,,,106.825381,,
2011-09-08,,,157.9209,,,,,107.828342,,
2011-09-09,,,159.7177,,,,,107.886244,,
2011-09-12,,,159.3964,,,,,108.083271,,
2011-09-13,,,159.5741,,,,,108.710414,,
2011-09-14,,,159.5046,,,,,109.012281,,
2011-09-15,,,157.8199,,,,,109.047087,,
2011-09-16,,,159.5795,,,,,110.228448,,
2011-09-19,,,160.6247,,,,,110.468695,,
2011-09-20,,,160.8472,,,,,110.340211,,
2011-09-21,,,161.727,,,,,109.507218,,
2011-09-22,,,162.2211,,,,,108.368831,,
2011-09-23,,,159.6267,,,,,108.208385,,
2011-09-26,,,159.6322,,,,,109.430959,,
2011-09-27,,,159.4815,,,,,109.715215,,
2011-09-28,,,158.5286,,,,,108.642275,,
2011-09-29,,,158.713,,,,,108.703471,,
2011-09-30,,,161.1346,,,,,108.860351,,
2011-10-03,,,163.2072,,,,,108.952626,,
2011-10-04,,,161.308,,,,,108.828775,,
2011-10-05,,,162.543,,,,,109.881702,,
2011-10-06,,,161.8968,,,,,110.269649,,
2011-10-07,,,161.4711,,,,,110.110796,,
2011-10-10,,,160.5895,,,,,110.17506,,
2011-10-11,,,160.3552,,,,,110.36349,,
2011-10-12,,,158.6097,,,,,109.628477,,
2011-10-13,,,158.9258,,,,,109.645489,,
2011-10-14,,,158.4439,,,,,109.855699,,
2011-10-17,,,159.6746,,,,,109.931213,,
2011-10-18,,,160.3001,,,,,111.054235,,
2011-10-19,,,159.2817,,,,,110.270871,,
2011-10-20,,,158.7091,,,,,110.372954,,
2011-10-21,,,158.2877,,,,,110.756167,,
2011-10-24,,,158.7967,,,,,111.194838,,
2011-10-25,,,159.6985,,,,,110.306637,,
2011-10-26,,,159.9994,,,,,110.871223,,
2011-10-27,,,157.9062,,,,,110.764214,,
2011-10-28,,,158.9149,,,,,111.166228,,
2011-10-31,,,162.2307,,,,,112.145166,,
2011-11-01,,,163.996,,,,,111.733334,,
2011-11-02,,,164.4061,,,,,112.456703,,
2011-11-03,,,164.6049,,,,,112.962993,,
2011-11-04,,,164.7617,,,,,112.947012,,
2011-11-07,,,166.3074,,,,,113.398306,,
2011-11-08,,,165.5748,,,,,113.724858,,
2011-11-09,,,167.2502,,,,,113.672251,,
2011-11-10,,,166.218,,,,,113.696162,,
2011-11-11,,,165.9318,,,,,113.67384,,
2011-11-14,,,167.5284,,,,,114.082973,,
2011-11-15,,,168.8949,,,,,115.152924,,
2011-11-16,,,168.9193,,,,,114.691952,,
2011-11-17,,,167.3921,,,,,113.621388,,
2011-11-18,,,166.6479,,,,,113.095547,,
2011-11-21,,,165.296,,,,,111.968186,,
2011-11-22,,,165.6623,,,,,111.613481,,
2011-11-23,,,166.5806,,,,,111.510831,,
2011-11-25,,,166.7875,,,,,112.249333,,
2011-11-28,,,168.1382,,,,,113.461511,,
2011-11-29,,,168.1163,,,,,113.687315,,
2011-11-30,,,168.7432,,,,,115.253937,,
2011-12-01,,,168.171,,,,,115.126707,,
2011-12-02,,,169.4451,,,,,115.659182,,
2011-12-05,,,169.7491,,,,,116.508658,,
2011-12-06,,,169.4604,,,,,116.482971,,
2011-12-07,,,169.6722,,,,,116.739684,,
2011-12-08,,,169.3907,,,,,115.865972,,
2011-12-09,,,169.0485,,,,,116.664736,,
2011-12-12,,,170.4574,,,,,117.351273,,
2011-12-13,,,171.8317,,,,,118.157767,,
2011-12-14,,,171.7563,,,,,118.003317,,
2011-12-15,,,171.1427,,,,,117.846897,,
2011-12-16,,,172.087,,,,,117.882754,,
2011-12-19,,,172.512,,,,,117.600558,,
2011-12-20,,,172.4583,,,,,118.868261,,
2011-12-21,,,172.5126,,,,,119.215564,,
2011-12-22,,,173.1194,,,,,119.89228,,
2011-12-23,,,173.2056,,,,,120.542944,,
2011-12-27,,,172.9537,,,,,120.445557,,
2011-12-28,,,173.8089,,,,,120.754872,,
2011-12-29,,,174.3824,,,,,121.432373,,
2011-12-30,,,174.5171,,,,,121.02275,,
2012-01-03,,,174.7402,,,,,121.224775,,
2012-01-04,,,175.841,,,,,122.310479,,
2012-01-05,,,178.1473,,,,,124.030588,,
2012-01-06,,,179.2509,,,,,124.597692,,
2012-01-09,,,178.57,,,,,124.242008,,
2012-01-10,,,179.4973,,,,,124.760415,,
2012-01-11,,,181.267,,,,,125.672494,,
2012-01-12,,,179.81,,,,,124.754972,,
2012-01-13,,,181.6871,,,,,125.836406,,
2012-01-17,,,181.7468,,,,,125.552643,,
2012-01-18,,,180.5336,,,,,125.066869,,
2012-01-19,,,178.6846,,,,,124.370622,,
2012-01-20,,,178.8791,,,,,124.897438,,
2012-01-23,,,177.4358,,,,,123.87087,,
2012-01-24,,,176.9363,,,,,123.593988,,
2012-01-25,,,177.2506,,,,,123.63485,,
2012-01-26,,,177.5155,,,,,123.322682,,
2012-01-27,,,177.8485,,,,,,,
2012-01-30,,,177.6663,,,,,122.883002,,
2012-01-31,,,179.2347,,,,,123.516013,,
2012-02-01,,,178.2125,,,,,123.350767,,
2012-02-02,,,178.8584,,,,,123.637273,,
2012-02-03,,,178.324,,,,,124.565313,,
2012-02-06,,,179.3884,,,,,124.772615,,
2012-02-07,,,177.4133,,,,,123.667108,,
2012-02-08,,,177.5086,,,,,123.861181,,
2012-02-09,,,176.7284,,,,,123.637771,,
2012-02-10,,,177.8665,,,,,123.971412,,
2012-02-13,,,178.8512,,,,,124.647016,,
2012-02-14,,,179.8078,,,,,125.098919,,
2012-02-15,,,180.3633,,,,,125.380097,,
2012-02-16,,,180.0342,,,,,125.580183,,
2012-02-17,,,180.0578,,,,,125.609268,,
2012-02-21,,,178.6829,,,,,124.667905,,
2012-02-22,,,179.3728,,,,,124.472313,,
2012-02-23,,,178.1064,,,,,123.65949,,
2012-02-24,,,177.6792,,,,,123.148869,,
2012-02-27,,,178.9022,,,,,123.894315,,
2012-02-28,,,178.2758,,,,,123.521658,,
2012-02-29,,,178.0397,,,,,124.409019,,
2012-03-01,,,178.4983,,,,,124.831053,,
2012-03-02,,,180.1044,,,,,125.755487,,
2012-03-05,,,178.8534,,,,,125.214341,,
2012-03-06,,,179.2622,,,,,125.205735,,
2012-03-07,,,179.1543,,,,,125.320587,,
2012-03-08,,,177.9661,,,,,124.794243,,
2012-03-09,,,180.6161,,,,,126.546773,,
2012-03-12,,,179.8359,,,,,126.248516,,
2012-03-13,,,180.9617,,,,,128.142862,,
2012-03-14,,,179.4108,,,,,128.269633,,
2012-03-15,,,179.5222,,,,,128.225536,,
2012-03-16,,,178.7112,,,,,127.450882,,
2012-03-19,,,177.5672,,,,,126.950211,,
2012-03-20,,,177.3621,,,,,126.932407,,
2012-03-21,,,177.7865,,,,,127.013504,,
2012-03-22,,,177.2176,,,,,126.650885,,
2012-03-23,,,177.4439,,,,,126.372001,,
2012-03-26,,,177.3948,,,,,126.551339,,
2012-03-27,,,177.8518,,,,,126.783792,,
2012-03-28,,,177.0292,,,,,126.36507,,
2012-03-29,,,177.4534,,,,,126.506214,,
2012-03-30,,,176.5732,,,,,126.377949,,
2012-04-02,,,177.9574,,,,,127.127972,,
2012-04-03,,,177.2771,,,,,127.440748,,
2012-04-04,,,178.024,,,,,127.665546,,
2012-04-05,,,179.4374,,,,,128.493238,,
2012-04-09,,,179.2544,,,,,127.459244,,
2012-04-10,,,178.8725,,,,,126.409972,,
2012-04-11,,,178.4402,,,,,126.767955,,
2012-04-12,,,178.561,,,,,126.945566,,
2012-04-13,,,179.6886,,,,,127.294248,,
2012-04-16,,,178.5117,,,,,126.599318,,
2012-04-17,,,180.0612,,,,,127.881105,,
2012-04-18,,,179.8767,,,,,127.719659,,
2012-04-19,,,179.253,,,,,127.05483,,
2012-04-20,,,178.427,,,,,126.529911,,
2012-04-23,,,178.8466,,,,,126.421463,,
2012-04-24,,,178.3039,,,,,126.249302,,
2012-04-25,,,178.9714,,,,,127.111861,,
2012-04-26,,,180.2531,,,,,127.72213,,
2012-04-27,,,180.0226,,,,,127.523315,,
2012-04-30,,,180.0883,,,,,127.320434,,
2012-05-01,,,180.4564,,,,,127.805191,,
2012-05-02,,,181.3499,,,,,128.382628,,
2012-05-03,,,180.3034,,,,,127.912572,,
2012-05-04,,,180.2019,,,,,127.434537,,
2012-05-07,,,180.5531,,,,,127.780726,,
2012-05-08,,,180.7575,,,,,127.961213,,
2012-05-09,,,181.1199,,,,,128.273343,,
2012-05-10,,,181.1019,,,,,128.305963,,
2012-05-11,,,181.4203,,,,,128.342984,,
2012-05-14,,,182.1241,,,,,128.506698,,
2012-05-15,,,182.7396,,,,,128.969634,,
2012-05-16,,,182.6746,,,,,128.797046,,
2012-05-17,,,183.2773,,,,,127.864711,,
2012-05-18,,,181.6072,,,,,126.392487,,
2012-05-21,,,182.6942,,,,,127.299674,,
2012-05-22,,,183.6054,,,,,128.648161,,
2012-05-23,,,185.5947,,,,,129.801014,,
2012-05-24,,,186.2029,,,,,130.432136,,
2012-05-25,,,186.4524,,,,,130.42058,,
2012-05-29,,,187.6251,,,,,131.477553,,
2012-05-30,,,189.495,,,,,131.943804,,
2012-05-31,,,189.8242,,,,,131.937508,,
2012-06-01,,,188.3573,,,,,129.380533,,
2012-06-04,,,186.7713,,,,,128.528267,,
2012-06-05,,,187.436,,,,,129.492811,,
2012-06-06,,,186.7982,,,,,129.738377,,
2012-06-07,,,186.9438,,,,,130.083348,,
2012-06-08,,,188.3157,,,,,131.156277,,
2012-06-11,,,187.8015,,,,,130.548049,,
2012-06-12,,,188.3152,,,,,131.182696,,
2012-06-13,,,187.3946,,,,,130.253961,,
2012-06-14,,,187.4869,,,,,130.263794,,
2012-06-15,,,189.0927,,,,,131.174913,,
2012-06-18,,,190.2879,,,,,131.922864,,
2012-06-19,,,188.8801,,,,,131.484851,,
2012-06-20,,,188.5067,,,,,131.056461,,
2012-06-21,,,188.0756,,,,,131.100436,,
2012-06-22,,,187.6551,,,,,131.31517,,
2012-06-25,,,187.8159,,,,,130.878105,,
2012-06-26,,,188.3048,,,,,131.361807,,
2012-06-27,,,189.9788,,,,,132.342224,,
2012-06-28,,,190.1808,,,,,132.425798,,
2012-06-29,,,189.4461,,,,,132.092264,,
2012-07-02,,,191.5671,,,,,133.287793,,
2012-07-03,,,191.8855,,,,,133.41411,,
2012-07-05,,,194.6989,,,,,135.525581,,
2012-07-06,,,195.6486,,,,,135.945014,,
2012-07-09,,,195.5902,,,,,135.653575,,
2012-07-10,,,195.4353,,,,,135.663582,,
2012-07-11,,,196.0621,,,,,135.786114,,
2012-07-12,,,196.5354,,,,,135.880839,,
2012-07-13,,,197.6374,,,,,136.81528,,
2012-07-16,,,197.3314,,,,,136.362346,,
2012-07-17,,,197.2557,,,,,136.65339,,
2012-07-18,,,198.1961,,,,,137.484249,,
2012-07-19,,,198.414,,,,,137.688351,,
2012-07-20,,,200.567,,,,,138.467803,,
2012-07-23,,,200.3346,,,,,138.078288,,
2012-07-24,,,200.7237,,,,,138.073269,,
2012-07-25,,,199.5882,,,,,136.99488,,
2012-07-26,,,199.237,,,,,136.929458,,
2012-07-27,,,199.5758,,,,,137.893014,,
2012-07-30,,,201.029,,,,,138.614121,,
2012-07-31,,,199.4477,,,,,137.595912,,
2012-08-01,,,200.2465,,,,,138.348302,,
2012-08-02,,,200.2261,,,,,138.290565,,
2012-08-03,,,198.3299,,,,,137.491361,,
2012-08-06,,,198.4529,,,,,137.568729,,
2012-08-07,,,198.407,,,,,137.848772,,
2012-08-08,,,198.7465,,,,,138.260548,,
2012-08-09,,,199.9798,,,,,139.008369,,
2012-08-10,,,200.8103,,,,,139.417488,,
2012-08-13,,,199.7044,,,,,138.877454,,
2012-08-14,,,198.8537,,,,,138.884886,,
2012-08-15,,,198.5736,,,,,139.146531,,
2012-08-16,,,197.9644,,,,,138.966563,,
2012-08-17,,,198.7851,,,,,139.402745,,
2012-08-20,,,198.6957,,,,,139.232152,,
2012-08-21,,,196.831,,,,,137.652964,,
2012-08-22,,,197.334,,,,,137.290364,,
2012-08-23,,,196.2459,,,,,136.281505,,
2012-08-24,,,197.6551,,,,,137.279649,,
2012-08-27,,,198.2349,,,,,137.545302,,
2012-08-28,,,197.3024,,,,,136.783221,,
2012-08-29,,,197.3603,,,,,137.168313,,
2012-08-30,,,197.1774,,,,,136.866419,,
2012-08-31,,,198.2069,,,,,136.742852,,
2012-09-04,,,197.9813,,,,,136.703179,,
2012-09-05,,,196.9163,,,,,136.233035,,
2012-09-06,,,197.7029,,,,,137.444179,,
2012-09-07,,,195.6665,,,,,135.763792,,
2012-09-10,,,195.9931,,,,,135.932878,,
2012-09-11,,,194.6655,,,,,135.072113,,
2012-09-12,,,193.614,,,,,134.774528,,
2012-09-13,,,194.1276,,,,,135.214091,,
2012-09-14,,,191.0481,,,,,133.87543,,
2012-09-17,,,191.3917,,,,,133.829929,,
2012-09-18,,,192.6619,,,,,134.508836,,
2012-09-19,,,192.8834,,,,,134.640771,,
2012-09-20,,,194.2893,,,,,135.45223,,
2012-09-21,,,194.2252,,,,,135.378065,,
2012-09-24,,,195.1297,,,,,135.831542,,
2012-09-25,,,194.9906,,,,,135.357928,,
2012-09-26,,,195.2981,,,,,135.257989,,
2012-09-27,,,195.6558,,,,,135.565689,,
2012-09-28,,,195.9798,,,,,135.855905,,
2012-10-01,,,196.1295,,,,,135.715049,,
2012-10-02,,,195.6543,,,,,135.495686,,
2012-10-03,,,196.0244,,,,,135.975595,,
2012-10-04,,,194.525,,,,,135.303317,,
2012-10-05,,,193.2984,,,,,135.033183,,
2012-10-08,,,194.4813,,,,,135.518089,,
2012-10-09,,,194.673,,,,,135.539465,,
2012-10-10,,,194.2947,,,,,135.225976,,
2012-10-11,,,194.1892,,,,,134.767375,,
2012-10-12,,,193.396,,,,,134.263881,,
2012-10-15,,,193.9765,,,,,135.008561,,
2012-10-16,,,192.9028,,,,,134.665516,,
2012-10-17,,,192.0299,,,,,134.186105,,
2012-10-18,,,192.0951,,,,,134.499206,,
2012-10-19,,,191.5978,,,,,133.675056,,
2012-10-22,,,190.6127,,,,,133.236609,,
2012-10-23,,,190.6457,,,,,132.995294,,
2012-10-24,,,189.7184,,,,,132.852868,,
2012-10-25,,,190.5865,,,,,133.390957,,
2012-10-26,,,191.3606,,,,,133.406185,,
2012-10-31,,,191.5569,,,,,133.291664,,
2012-11-01,,,192.3497,,,,,134.234572,,
2012-11-02,,,192.3074,,,,,134.631546,,
2012-11-05,,,193.7363,,,,,135.344374,,
2012-11-06,,,194.2476,,,,,135.624903,,
2012-11-07,,,193.5024,,,,,134.357143,,
2012-11-08,,,193.5436,,,,,133.709259,,
2012-11-09,,,194.1664,,,,,134.096079,,
2012-11-12,,,194.439,,,,,134.20502,,
2012-11-13,,,194.2812,,,,,134.066126,,
2012-11-14,,,192.4293,,,,,132.671601,,
2012-11-15,,,191.3765,,,,,132.013337,,
2012-11-16,,,192.3891,,,,,132.818468,,
2012-11-19,,,193.4487,,,,,133.736558,,
2012-11-20,,,192.6392,,,,,133.628683,,
2012-11-21,,,192.6696,,,,,133.558338,,
2012-11-23,,,192.1239,,,,,133.143083,,
2012-11-26,,,192.0992,,,,,133.049958,,
2012-11-27,,,192.0672,,,,,133.009779,,
2012-11-28,,,192.3947,,,,,133.591851,,
2012-11-29,,,192.5219,,,,,133.737981,,
2012-11-30,,,192.0608,,,,,133.646189,,
2012-12-03,,,190.6287,,,,,132.577686,,
2012-12-04,,,189.9276,,,,,132.067878,,
2012-12-05,,,190.5482,,,,,132.545094,,
2012-12-06,,,192.5162,,,,,133.804081,,
2012-12-07,,,193.0273,,,,,134.436146,,
2012-12-10,,,193.2214,,,,,134.34898,,
2012-12-11,,,192.4268,,,,,134.197485,,
2012-12-12,,,190.8077,,,,,133.38783,,
2012-12-13,,,189.9099,,,,,132.779501,,
2012-12-14,,,188.7502,,,,,131.725331,,
2012-12-17,,,188.9881,,,,,132.522823,,
2012-12-18,,,188.3228,,,,,132.624879,,
2012-12-19,,,187.7352,,,,,132.13384,,
2012-12-20,,,187.7992,,,,,132.416716,,
2012-12-21,,,188.4562,,,,,132.322841,,
2012-12-24,,,188.1421,,,,,132.186349,,
2012-12-26,,,187.2892,,,,,131.449066,,
2012-12-27,,,187.2304,,,,,131.248119,,
2012-12-28,,,186.5469,,,,,130.657359,,
2012-12-31,,,187.97,,,,,132.226812,,
2013-01-02,,,189.8264,,,,,134.195015,,
2013-01-03,,,190.4378,,,,,135.283216,,
2013-01-04,,,190.8456,,,,,135.488055,,
2013-01-07,,,189.6615,,,,,134.747343,,
2013-01-08,,,190.4507,,,,,134.923243,,
2013-01-09,,,190.8197,,,,,135.275392,,
2013-01-10,,,188.7909,,,,,133.828518,,
2013-01-11,,,188.1622,,,,,133.118211,,
2013-01-14,,,187.4722,,,,,132.724221,,
2013-01-15,,,189.1121,,,,,133.548357,,
2013-01-16,,,189.4526,,,,,133.740421,,
2013-01-17,,,188.3107,,,,,133.264576,,
2013-01-18,,,189.6996,,,,,134.148619,,
2013-01-22,,,190.0204,,,,,134.455124,,
2013-01-23,,,190.0235,,,,,134.681657,,
2013-01-24,,,188.995,,,,,134.044871,,
2013-01-25,,,187.6781,,,,,133.55697,,
2013-01-28,,,187.5275,,,,,133.400626,,
2013-01-29,,,187.1646,,,,,133.317379,,
2013-01-30,,,186.006,,,,,132.246137,,
2013-01-31,,,185.8344,,,,,132.000108,,
2013-02-01,,,185.0705,,,,,132.092723,,
2013-02-04,,,186.6988,,,,,132.578391,,
2013-02-05,,,185.932,,,,,132.588003,,
2013-02-06,,,187.028,,,,,133.339436,,
2013-02-07,,,188.612,,,,,134.482877,,
2013-02-08,,,189.4363,,,,,135.302574,,
2013-02-11,,,188.6748,,,,,134.806776,,
2013-02-12,,,188.0244,,,,,134.448782,,
2013-02-13,,,187.8188,,,,,134.467173,,
2013-02-14,,,189.3744,,,,,135.54887,,
2013-02-15,,,188.9824,,,,,135.449443,,
2013-02-19,,,188.7479,,,,,135.732375,,
2013-02-20,,,189.5198,,,,,135.828398,,
2013-02-21,,,190.856,,,,,136.322355,,
2013-02-22,,,191.9353,,,,,137.176037,,
2013-02-25,,,193.1688,,,,,137.142462,,
2013-02-26,,,193.8112,,,,,137.658019,,
2013-02-27,,,193.5902,,,,,137.917213,,
2013-02-28,,,194.425,,,,,138.652264,,
2013-03-01,,,195.5334,,,,,139.34597,,
2013-03-04,,,195.5092,,,,,139.695932,,
2013-03-05,,,195.8552,,,,,140.139495,,
2013-03-06,,,196.809,,,,,141.094984,,
2013-03-07,,,194.2367,,,,,139.606633,,
2013-03-08,,,195.6255,,,,,140.955658,,
2013-03-11,,,195.3884,,,,,140.825977,,
2013-03-12,,,196.0523,,,,,140.867001,,
2013-03-13,,,197.0359,,,,,141.719854,,
2013-03-14,,,196.9298,,,,,141.768872,,
2013-03-15,,,196.1087,,,,,140.94201,,
2013-03-18,,,197.9635,,,,,141.800809,,
2013-03-19,,,199.2443,,,,,142.511033,,
2013-03-20,,,198.3136,,,,,142.468457,,
2013-03-21,,,198.7958,,,,,142.143411,,
2013-03-22,,,198.1964,,,,,141.852414,,
2013-03-25,,,199.7631,,,,,142.978474,,
2013-03-26,,,200.49,,,,,143.640903,,
2013-03-27,,,202.5109,,,,,144.687125,,
2013-03-28,,,201.6642,,,,,144.516024,,
2013-04-01,,,201.2693,,,,,143.854081,,
2013-04-02,,,201.4696,,,,,144.559137,,
2013-04-03,,,200.0594,,,,,143.421301,,
2013-04-04,,,199.7555,,,,,142.968506,,
2013-04-05,,,200.2312,,,,,142.069706,,
2013-04-08,,,200.1665,,,,,142.430755,,
2013-04-09,,,199.5378,,,,,141.931373,,
2013-04-10,,,199.5501,,,,,142.991386,,
2013-04-11,,,199.6291,,,,,142.942803,,
2013-04-12,,,198.7733,,,,,142.845914,,
2013-04-15,,,195.3225,,,,,141.645716,,
2013-04-16,,,194.5294,,,,,141.398277,,
2013-04-17,,,195.4608,,,,,141.694381,,
2013-04-18,,,195.0825,,,,,140.969105,,
2013-04-19,,,195.6842,,,,,141.683969,,
2013-04-22,,,196.2307,,,,,141.988832,,
2013-04-23,,,197.7731,,,,,143.533133,,
2013-04-24,,,198.0749,,,,,143.438268,,
2013-04-25,,,198.5255,,,,,143.819803,,
2013-04-26,,,198.4644,,,,,143.587791,,
2013-04-29,,,198.0154,,,,,143.420325,,
2013-04-30,,,197.3256,,,,,142.882484,,
2013-05-01,,,196.5479,,,,,142.008982,,
2013-05-02,,,199.219,,,,,144.069323,,
2013-05-03,,,198.4428,,,,,144.18424,,
2013-05-06,,,199.2076,,,,,144.731619,,
2013-05-07,,,199.3139,,,,,145.115707,,
2013-05-08,,,198.8636,,,,,144.739923,,
2013-05-09,,,200.0283,,,,,145.63572,,
2013-05-10,,,200.3148,,,,,146.384347,,
2013-05-13,,,200.1508,,,,,146.572219,,
2013-05-14,,,201.4839,,,,,147.990193,,
2013-05-15,,,202.4866,,,,,148.938785,,
2013-05-16,,,202.6053,,,,,148.730334,,
2013-05-17,,,203.4188,,,,,149.994157,,
2013-05-20,,,203.3853,,,,,149.372744,,
2013-05-21,,,203.4279,,,,,149.289381,,
2013-05-22,,,202.0711,,,,,148.969217,,
2013-05-23,,,201.2948,,,,,147.814977,,
2013-05-24,,,201.0699,,,,,147.730587,,
2013-05-28,,,201.3575,,,,,148.808965,,
2013-05-29,,,200.3159,,,,,147.346481,,
2013-05-30,,,199.005,,,,,146.421576,,
2013-05-31,,,197.4394,,,,,145.638951,,
2013-06-03,,,197.6707,,,,,145.253732,,
2013-06-04,,,196.2064,,,,,144.65599,,
2013-06-05,,,195.7148,,,,,143.303124,,
2013-06-06,,,193.9178,,,,,142.535643,,
2013-06-07,,,194.3633,,,,,143.806363,,
2013-06-10,,,193.573,,,,,143.207645,,
2013-06-11,,,192.5085,,,,,141.715822,,
2013-06-12,,,191.5123,,,,,140.681473,,
2013-06-13,,,191.9771,,,,,141.83406,,
2013-06-14,,,192.1015,,,,,141.651785,,
2013-06-17,,,191.9697,,,,,142.016666,,
2013-06-18,,,191.8357,,,,,142.390075,,
2013-06-19,,,192.4848,,,,,141.858351,,
2013-06-20,,,191.5517,,,,,140.167939,,
2013-06-21,,,192.8316,,,,,141.195361,,
2013-06-24,,,192.3895,,,,,139.91307,,
2013-06-25,,,193.2112,,,,,141.231175,,
2013-06-26,,,194.4321,,,,,143.017428,,
2013-06-27,,,194.2522,,,,,143.465374,,
2013-06-28,,,194.7366,,,,,143.426999,,
2013-07-01,,,194.2865,,,,,143.434706,,
2013-07-02,,,195.4627,,,,,144.285826,,
2013-07-03,,,195.0057,,,,,143.894073,,
2013-07-05,,,197.4555,,,,,146.2233,,
2013-07-08,,,197.3141,,,,,146.578079,,
2013-07-09,,,199.3501,,,,,148.291354,,
2013-07-10,,,196.1857,,,,,145.976821,,
2013-07-11,,,195.4404,,,,,146.172741,,
2013-07-12,,,195.9253,,,,,146.460311,,
2013-07-15,,,196.3547,,,,,146.978093,,
2013-07-16,,,194.6858,,,,,145.612204,,
2013-07-17,,,195.4308,,,,,146.386772,,
2013-07-18,,,195.8287,,,,,146.939104,,
2013-07-19,,,196.3565,,,,,146.955972,,
2013-07-22,,,196.0858,,,,,146.620022,,
2013-07-23,,,195.3306,,,,,145.998536,,
2013-07-24,,,194.2917,,,,,145.744683,,
2013-07-25,,,193.6814,,,,,145.135574,,
2013-07-26,,,193.9148,,,,,145.213546,,
2013-07-29,,,193.6798,,,,,145.304041,,
2013-07-30,,,193.3884,,,,,145.092296,,
2013-07-31,,,193.0105,,,,,144.758081,,
2013-08-01,,,194.3325,,,,,146.46529,,
2013-08-02,,,194.0969,,,,,146.012202,,
2013-08-05,,,193.732,,,,,146.160809,,
2013-08-06,,,192.3004,,,,,145.073986,,
2013-08-07,,,191.9241,,,,,144.547096,,
2013-08-08,,,192.2766,,,,,144.461941,,
2013-08-09,,,192.6218,,,,,144.68857,,
2013-08-12,,,192.8401,,,,,144.97661,,
2013-08-13,,,192.8295,,,,,145.422074,,
2013-08-14,,,192.5637,,,,,144.986562,,
2013-08-15,,,189.3669,,,,,142.572841,,
2013-08-16,,,189.2044,,,,,142.33958,,
2013-08-19,,,187.8217,,,,,141.533322,,
2013-08-20,,,187.6228,,,,,141.239924,,
2013-08-21,,,187.4457,,,,,141.150242,,
2013-08-22,,,188.9487,,,,,141.99242,,
2013-08-23,,,189.6962,,,,,142.256442,,
2013-08-26,,,189.6826,,,,,142.107464,,
2013-08-27,,,188.6861,,,,,140.657502,,
2013-08-28,,,189.66,,,,,141.403998,,
2013-08-29,,,191.1761,,,,,142.69723,,
2013-08-30,,,191.1781,,,,,142.543253,,
2013-09-03,,,192.0154,,,,,143.34439,,
2013-09-04,,,191.8204,,,,,143.585132,,
2013-09-05,,,192.7096,,,,,144.252789,,
2013-09-06,,,192.1801,,,,,143.885635,,
2013-09-09,,,191.5686,,,,,143.981507,,
2013-09-10,,,191.4201,,,,,144.3719,,
2013-09-11,,,191.2182,,,,,144.374754,,
2013-09-12,,,190.93,,,,,144.1902,,
2013-09-13,,,191.1847,,,,,144.47786,,
2013-09-16,,,190.6634,,,,,144.717795,,
2013-09-17,,,190.8705,,,,,144.904821,,
2013-09-18,,,190.9119,,,,,144.621161,,
2013-09-19,,,190.3517,,,,,144.323036,,
2013-09-20,,,189.5376,,,,,143.748143,,
2013-09-23,,,189.7371,,,,,143.745595,,
2013-09-24,,,190.2115,,,,,143.889961,,
2013-09-25,,,189.4068,,,,,143.159787,,
2013-09-26,,,189.9361,,,,,143.881875,,
2013-09-27,,,189.228,,,,,143.173108,,
2013-09-30,,,188.3425,,,,,142.615864,,
2013-10-01,,,188.5448,,,,,143.241884,,
2013-10-02,,,188.2131,,,,,142.672979,,
2013-10-03,,,186.6392,,,,,141.516648,,
2013-10-04,,,188.2911,,,,,142.797903,,
2013-10-07,,,187.3091,,,,,141.76211,,
2013-10-08,,,186.1512,,,,,140.818403,,
2013-10-09,,,186.3729,,,,,141.360924,,
2013-10-10,,,188.2954,,,,,143.293485,,
2013-10-11,,,188.5873,,,,,143.661402,,
2013-10-14,,,188.5766,,,,,143.666092,,
2013-10-15,,,188.468,,,,,143.391865,,
2013-10-16,,,190.2409,,,,,144.755298,,
2013-10-17,,,189.5421,,,,,143.988221,,
2013-10-18,,,190.2061,,,,,144.575423,,
2013-10-21,,,190.0887,,,,,144.573433,,
2013-10-22,,,190.0066,,,,,144.204251,,
2013-10-23,,,189.3962,,,,,143.828987,,
2013-10-24,,,189.4323,,,,,143.835377,,
2013-10-25,,,190.1989,,,,,144.243067,,
2013-10-28,,,190.5492,,,,,144.528359,,
2013-10-29,,,191.7562,,,,,145.477156,,
2013-10-30,,,191.026,,,,,145.038882,,
2013-10-31,,,192.5755,,,,,146.424464,,
2013-11-01,,,193.4946,,,,,147.50636,,
2013-11-04,,,193.8854,,,,,147.609061,,
2013-11-05,,,193.4416,,,,,147.583615,,
2013-11-06,,,193.5757,,,,,147.70318,,
2013-11-07,,,193.4328,,,,,147.665921,,
2013-11-08,,,194.6705,,,,,149.067688,,
2013-11-11,,,194.0392,,,,,148.613165,,
2013-11-12,,,193.1472,,,,,148.095515,,
2013-11-13,,,193.716,,,,,148.389092,,
2013-11-14,,,195.2778,,,,,149.337953,,
2013-11-15,,,195.4199,,,,,149.326561,,
2013-11-18,,,194.5855,,,,,149.016644,,
2013-11-19,,,193.7617,,,,,148.306791,,
2013-11-20,,,193.6059,,,,,148.931306,,
2013-11-21,,,194.1446,,,,,149.254141,,
2013-11-22,,,194.0668,,,,,148.972999,,
2013-11-25,,,194.4256,,,,,149.363012,,
2013-11-26,,,193.6705,,,,,148.79261,,
2013-11-27,,,193.4985,,,,,148.952435,,
2013-11-29,,,193.4485,,,,,148.780651,,
2013-12-02,,,193.052,,,,,148.872878,,
2013-12-03,,,192.2654,,,,,148.040677,,
2013-12-04,,,192.0783,,,,,147.837938,,
2013-12-05,,,190.1328,,,,,146.52444,,
2013-12-06,,,190.9764,,,,,147.218988,,
2013-12-09,,,191.0353,,,,,147.11498,,
2013-12-10,,,190.89,,,,,146.666867,,
2013-12-11,,,188.6059,,,,,145.312759,,
2013-12-12,,,188.3089,,,,,145.291175,,
2013-12-13,,,188.6413,,,,,145.419972,,
2013-12-16,,,189.146,,,,,145.810983,,
2013-12-17,,,188.5759,,,,,145.563886,,
2013-12-18,,,191.3816,,,,,147.901996,,
2013-12-19,,,191.2095,,,,,147.956907,,
2013-12-20,,,192.5209,,,,,148.522356,,
2013-12-23,,,192.3908,,,,,148.654473,,
2013-12-24,,,192.8539,,,,,148.988248,,
2013-12-26,,,193.3775,,,,,149.246876,,
2013-12-27,,,192.6114,,,,,148.657751,,
2013-12-30,,,191.6184,,,,,148.133801,,
2013-12-31,,,192.5618,,,,,148.724311,,
2014-01-02,,,193.1282,,,,,149.062341,,
2014-01-03,,,194.379,,,,,149.97083,,
2014-01-06,,,193.7077,,,,,149.366859,,
2014-01-07,,,194.5373,,,,,150.078457,,
2014-01-08,,,194.6162,,,,,150.362821,,
2014-01-09,,,194.4276,,,,,150.148816,,
2014-01-10,,,194.6285,,,,,150.036205,,
2014-01-13,,,192.9633,,,,,148.852694,,
2014-01-14,,,193.9288,,,,,149.653831,,
2014-01-15,,,195.265,,,,,150.907661,,
2014-01-16,,,195.4058,,,,,150.76452,,
2014-01-17,,,196.4836,,,,,151.337472,,
2014-01-21,,,196.649,,,,,151.354529,,
2014-01-22,,,196.6687,,,,,151.436545,,
2014-01-23,,,194.429,,,,,149.217174,,
2014-01-24,,,192.7687,,,,,147.696311,,
2014-01-27,,,191.7453,,,,,147.117041,,
2014-01-28,,,192.3149,,,,,147.772867,,
2014-01-29,,,192.2182,,,,,147.171464,,
2014-01-30,,,194.0748,,,,,149.305043,,
2014-01-31,,,195.0399,,,,,149.624035,,
2014-02-03,,,193.4293,,,,,147.375555,,
2014-02-04,,,194.0909,,,,,147.95732,,
2014-02-05,,,193.6065,,,,,147.534454,,
2014-02-06,,,193.385,,,,,148.059094,,
2014-02-07,,,193.5402,,,,,148.786467,,
2014-02-10,,,193.5169,,,,,148.882678,,
2014-02-11,,,194.6039,,,,,149.806542,,
2014-02-12,,,195.0317,,,,,150.251644,,
2014-02-13,,,194.7186,,,,,149.893375,,
2014-02-14,,,195.6176,,,,,150.261288,,
2014-02-18,,,195.0526,,,,,149.675742,,
2014-02-19,,,194.3865,,,,,149.306606,,
2014-02-20,,,195.5881,,,,,149.960473,,
2014-02-21,,,195.06,,,,,149.714258,,
2014-02-24,,,196.1083,,,,,150.182747,,
2014-02-25,,,196.333,,,,,150.204203,,
2014-02-26,,,197.1605,,,,,150.974505,,
2014-02-27,,,197.6408,,,,,151.249888,,
2014-02-28,,,196.5775,,,,,150.456681,,
2014-03-03,,,197.8454,,,,,150.689426,,
2014-03-04,,,197.9756,,,,,151.646574,,
2014-03-05,,,198.0571,,,,,151.869574,,
2014-03-06,,,196.3722,,,,,150.549069,,
2014-03-07,,,195.6977,,,,,150.22264,,
2014-03-10,,,195.8652,,,,,150.201219,,
2014-03-11,,,195.6389,,,,,149.924931,,
2014-03-12,,,195.8315,,,,,149.625102,,
2014-03-13,,,195.8546,,,,,149.155805,,
2014-03-14,,,195.3334,,,,,148.456926,,
2014-03-17,,,195.2508,,,,,149.059032,,
2014-03-18,,,195.8265,,,,,149.642903,,
2014-03-19,,,195.6247,,,,,149.983061,,
2014-03-20,,,196.8082,,,,,151.065962,,
2014-03-21,,,197.0828,,,,,150.704925,,
2014-03-24,,,196.0106,,,,,149.856778,,
2014-03-25,,,196.628,,,,,150.357599,,
2014-03-26,,,196.6446,,,,,150.412643,,
2014-03-27,,,197.4035,,,,,150.688613,,
2014-03-28,,,197.5867,,,,,150.912031,,
2014-03-31,,,197.6987,,,,,151.477871,,
2014-04-01,,,197.4729,,,,,151.730562,,
2014-04-02,,,198.0367,,,,,152.214748,,
2014-04-03,,,198.8872,,,,,152.660128,,
2014-04-04,,,198.5532,,,,,151.962597,,
2014-04-07,,,196.9763,,,,,150.62087,,
2014-04-08,,,196.9076,,,,,150.451398,,
2014-04-09,,,197.0134,,,,,150.800806,,
2014-04-10,,,195.0322,,,,,148.702504,,
2014-04-11,,,194.5265,,,,,147.969668,,
2014-04-14,,,196.7264,,,,,149.401953,,
2014-04-15,,,197.7881,,,,,150.066713,,
2014-04-16,,,199.1242,,,,,151.040109,,
2014-04-17,,,198.4128,,,,,150.986102,,
2014-04-21,,,199.015,,,,,151.528325,,
2014-04-22,,,199.3006,,,,,151.789228,,
2014-04-23,,,199.3362,,,,,151.512515,,
2014-04-24,,,199.5542,,,,,151.588438,,
2014-04-25,,,198.9714,,,,,150.832393,,
2014-04-28,,,198.6864,,,,,150.894955,,
2014-04-29,,,199.6984,,,,,151.763636,,
2014-04-30,,,199.1752,,,,,151.577817,,
2014-05-01,,,199.565,,,,,151.629965,,
2014-05-02,,,199.9513,,,,,151.538665,,
2014-05-05,,,200.212,,,,,151.672512,,
2014-05-06,,,198.8224,,,,,150.345361,,
2014-05-07,,,199.1306,,,,,151.067942,,
2014-05-08,,,199.3271,,,,,151.780179,,
2014-05-09,,,200.4659,,,,,152.721831,,
2014-05-12,,,201.4516,,,,,153.604841,,
2014-05-13,,,202.7512,,,,,154.403876,,
2014-05-14,,,202.9771,,,,,154.009731,,
2014-05-15,,,202.2494,,,,,153.394737,,
2014-05-16,,,202.3787,,,,,153.813682,,
2014-05-19,,,202.1608,,,,,153.959788,,
2014-05-20,,,201.6857,,,,,153.48958,,
2014-05-21,,,202.5092,,,,,154.40692,,
2014-05-22,,,203.1329,,,,,154.955341,,
2014-05-23,,,204.1197,,,,,155.687708,,
2014-05-27,,,204.3243,,,,,156.259793,,
2014-05-28,,,205.4757,,,,,156.872262,,
2014-05-29,,,205.6644,,,,,157.189433,,
2014-05-30,,,205.2675,,,,,157.061251,,
2014-06-02,,,205.3912,,,,,157.379877,,
2014-06-03,,,204.4106,,,,,156.806124,,
2014-06-04,,,204.863,,,,,157.30665,,
2014-06-05,,,204.7661,,,,,157.288192,,
2014-06-06,,,205.4564,,,,,157.929787,,
2014-06-09,,,206.034,,,,,158.523772,,
2014-06-10,,,206.7575,,,,,158.973048,,
2014-06-11,,,206.8224,,,,,158.878354,,
2014-06-12,,,206.7432,,,,,158.09784,,
2014-06-13,,,207.5061,,,,,158.489473,,
2014-06-16,,,207.2644,,,,,158.155578,,
2014-06-17,,,207.3293,,,,,158.605061,,
2014-06-18,,,207.8996,,,,,158.908928,,
2014-06-19,,,208.0788,,,,,158.790914,,
2014-06-20,,,208.9203,,,,,159.195277,,
2014-06-23,,,208.8746,,,,,159.037822,,
2014-06-24,,,208.2829,,,,,158.553712,,
2014-06-25,,,208.7459,,,,,158.800702,,
2014-06-26,,,209.148,,,,,159.073621,,
2014-06-27,,,208.5791,,,,,158.819299,,
2014-06-30,,,208.2353,,,,,158.270635,,
2014-07-01,,,208.3975,,,,,158.969605,,
2014-07-02,,,208.0491,,,,,159.081034,,
2014-07-03,,,208.9596,,,,,160.084142,,
2014-07-07,,,208.9756,,,,,159.83138,,
2014-07-08,,,209.1263,,,,,159.260133,,
2014-07-09,,,209.2909,,,,,159.398482,,
2014-07-10,,,209.381,,,,,159.424574,,
2014-07-11,,,209.7118,,,,,159.660365,,
2014-07-14,,,209.0915,,,,,159.953946,,
2014-07-15,,,209.1278,,,,,160.293251,,
2014-07-16,,,210.9141,,,,,161.22785,,
2014-07-17,,,210.8017,,,,,160.305759,,
2014-07-18,,,211.3935,,,,,161.242448,,
2014-07-21,,,211.6069,,,,,161.081372,,
2014-07-22,,,212.9099,,,,,162.302975,,
2014-07-23,,,213.3307,,,,,162.566792,,
2014-07-24,,,212.4676,,,,,162.351032,,
2014-07-25,,,213.7372,,,,,162.428332,,
2014-07-28,,,213.4411,,,,,162.356875,,
2014-07-29,,,213.5418,,,,,162.383888,,
2014-07-30,,,212.644,,,,,162.303264,,
2014-07-31,,,210.2754,,,,,160.379683,,
2014-08-01,,,210.0936,,,,,159.882998,,
2014-08-04,,,211.0133,,,,,160.63355,,
2014-08-05,,,210.5744,,,,,160.245514,,
2014-08-06,,,211.3387,,,,,160.211376,,
2014-08-07,,,211.8792,,,,,160.052402,,
2014-08-08,,,212.5214,,,,,160.622634,,
2014-08-11,,,212.6246,,,,,161.209094,,
2014-08-12,,,212.2191,,,,,161.226956,,
2014-08-13,,,213.2263,,,,,162.074282,,
2014-08-14,,,213.7734,,,,,162.556635,,
2014-08-15,,,213.8321,,,,,162.290589,,
2014-08-18,,,214.0044,,,,,163.396282,,
2014-08-19,,,215.0693,,,,,164.351049,,
2014-08-20,,,216.1331,,,,,165.301512,,
2014-08-21,,,215.933,,,,,165.430627,,
2014-08-22,,,216.8122,,,,,165.785225,,
2014-08-25,,,218.1702,,,,,166.937064,,
2014-08-26,,,218.8265,,,,,167.323822,,
2014-08-27,,,218.9067,,,,,167.046606,,
2014-08-28,,,219.6845,,,,,167.264689,,
2014-08-29,,,220.8492,,,,,168.165961,,
2014-09-02,,,218.9846,,,,,167.893382,,
2014-09-03,,,219.1198,,,,,167.684433,,
2014-09-04,,,221.1399,,,,,170.132859,,
2014-09-05,,,221.7423,,,,,170.454316,,
2014-09-08,,,221.648,,,,,170.866823,,
2014-09-09,,,220.2363,,,,,169.554823,,
2014-09-10,,,220.5119,,,,,170.146856,,
2014-09-11,,,220.0398,,,,,170.12604,,
2014-09-12,,,217.6269,,,,,168.898466,,
2014-09-15,,,218.3253,,,,,169.124514,,
2014-09-16,,,218.9036,,,,,169.60248,,
2014-09-17,,,219.7659,,,,,170.940611,,
2014-09-18,,,219.5187,,,,,170.732258,,
2014-09-19,,,221.4515,,,,,171.975601,,
2014-09-22,,,220.0601,,,,,170.968654,,
2014-09-23,,,220.1117,,,,,170.445911,,
2014-09-24,,,221.685,,,,,172.101573,,
2014-09-25,,,221.0867,,,,,170.949669,,
2014-09-26,,,223.2617,,,,,172.711197,,
2014-09-29,,,223.4607,,,,,172.543665,,
2014-09-30,,,223.4394,,,,,173.014183,,
2014-10-01,,,223.1164,,,,,172.08344,,
2014-10-02,,,221.8707,,,,,171.356139,,
2014-10-03,,,225.0001,,,,,174.570328,,
2014-10-06,,,222.6865,,,,,172.56398,,
2014-10-07,,,221.6498,,,,,171.046542,,
2014-10-08,,,223.0427,,,,,172.159201,,
2014-10-09,,,220.4158,,,,,170.541093,,
2014-10-10,,,220.7975,,,,,170.271066,,
2014-10-13,,,217.5225,,,,,167.155918,,
2014-10-14,,,219.3332,,,,,168.728646,,
2014-10-15,,,216.9843,,,,,165.796097,,
2014-10-16,,,217.3552,,,,,166.033829,,
2014-10-17,,,218.5954,,,,,167.75179,,
2014-10-20,,,219.3714,,,,,168.295169,,
2014-10-21,,,222.3306,,,,,171.335992,,
2014-10-22,,,222.2304,,,,,171.504254,,
2014-10-23,,,222.8482,,,,,172.544248,,
2014-10-24,,,222.9375,,,,,173.041991,,
2014-10-27,,,221.8854,,,,,172.532803,,
2014-10-28,,,222.3294,,,,,173.124918,,
2014-10-29,,,223.7222,,,,,174.224208,,
2014-10-30,,,224.2062,,,,,175.257328,,
2014-10-31,,,226.2874,,,,,177.772282,,
2014-11-03,,,226.4072,,,,,178.250396,,
2014-11-04,,,224.6212,,,,,176.957767,,
2014-11-05,,,225.21,,,,,178.527206,,
2014-11-06,,,227.5044,,,,,180.444611,,
2014-11-07,,,228.4837,,,,,179.634467,,
2014-11-10,,,227.3115,,,,,180.280515,,
2014-11-11,,,227.3445,,,,,179.636803,,
2014-11-12,,,227.4901,,,,,180.053922,,
2014-11-13,,,226.8399,,,,,179.653868,,
2014-11-14,,,227.7422,,,,,179.088935,,
2014-11-17,,,228.6544,,,,,180.109868,,
2014-11-18,,,228.1291,,,,,179.588153,,
2014-11-19,,,227.0141,,,,,178.964368,,
2014-11-20,,,228.2729,,,,,179.497851,,
2014-11-21,,,232.3197,,,,,182.355678,,
2014-11-24,,,231.4311,,,,,181.892675,,
2014-11-25,,,231.0161,,,,,181.492392,,
2014-11-26,,,230.4653,,,,,181.383273,,
2014-11-28,,,229.3466,,,,,182.178642,,
2014-12-01,,,229.3591,,,,,180.983312,,
2014-12-02,,,230.8669,,,,,182.810609,,
2014-12-03,,,233.3194,,,,,184.241968,,
2014-12-04,,,232.1262,,,,,183.338825,,
2014-12-05,,,233.1446,,,,,184.567981,,
2014-12-08,,,232.27,,,,,183.608005,,
2014-12-09,,,232.1654,,,,,182.75439,,
2014-12-10,,,229.0276,,,,,180.042573,,
2014-12-11,,,230.2899,,,,,181.118387,,
2014-12-12,,,228.3674,,,,,178.853096,,
2014-12-15,,,226.7587,,,,,178.27483,,
2014-12-16,,,225.8379,,,,,176.551141,,
2014-12-17,,,230.4233,,,,,180.977305,,
2014-12-18,,,233.3102,,,,,184.294694,,
2014-12-19,,,236.066,,,,,185.732133,,
2014-12-22,,,235.4308,,,,,186.377102,,
2014-12-23,,,235.641,,,,,187.046194,,
2014-12-24,,,235.35,,,,,186.691553,,
2014-12-26,,,237.1454,,,,,187.455208,,
2014-12-29,,,237.8539,,,,,188.169814,,
2014-12-30,,,237.8665,,,,,187.530406,,
2014-12-31,,,237.5289,,,,,187.351343,,
2015-01-02,,,238.5705,,,,,189.056858,,
2015-01-05,,,238.4113,,,,,188.227971,,
2015-01-06,,,237.7964,,,,,188.033548,,
2015-01-07,,,238.6981,,,,,190.221574,,
2015-01-08,,,240.4989,,,,,192.942135,,
2015-01-09,,,240.3646,,,,,191.367936,,
2015-01-12,,,240.1356,,,,,190.658647,,
2015-01-13,,,240.2324,,,,,191.340412,,
2015-01-14,,,239.7285,,,,,190.58873,,
2015-01-15,,,241.3855,,,,,192.468997,,
2015-01-16,,,243.5174,,,,,194.891368,,
2015-01-20,,,245.9888,,,,,195.446229,,
2015-01-21,,,246.3236,,,,,194.882776,,
2015-01-22,,,250.8331,,,,,200.787401,,
2015-01-23,,,252.4311,,,,,203.196997,,
2015-01-26,,,253.2145,,,,,202.840786,,
2015-01-27,,,250.6089,,,,,198.674315,,
2015-01-28,,,250.6658,,,,,199.132718,,
2015-01-29,,,251.5722,,,,,199.570896,,
2015-01-30,,,250.8964,,,,,199.094059,,
2015-02-02,,,251.4152,,,,,199.494074,,
2015-02-03,,,251.9537,,,,,198.475791,,
2015-02-04,,,252.85,,,,,200.488006,,
2015-02-05,,,253.0137,,,,,199.215702,,
2015-02-06,,,251.5298,,,,,201.246532,,
2015-02-09,,,249.9382,,,,,200.538715,,
2015-02-10,,,252.7528,,,,,201.770723,,
2015-02-11,,,252.7251,,,,,201.549866,,
2015-02-12,,,254.537,,,,,201.567282,,
2015-02-13,,,254.8942,,,,,202.284344,,
2015-02-17,,,253.9629,,,,,201.653365,,
2015-02-18,,,254.7464,,,,,202.146192,,
2015-02-19,,,255.2292,,,,,202.50489,,
2015-02-20,,,256.024,,,,,203.068054,,
2015-02-23,,,257.3787,,,,,203.977956,,
2015-02-24,,,258.2268,,,,,204.590705,,
2015-02-25,,,258.2067,,,,,204.160939,,
2015-02-26,,,259.7139,,,,,206.691812,,
2015-02-27,,,259.774,,,,,206.617361,,
2015-03-02,,,259.9327,,,,,207.11324,,
2015-03-03,,,257.8886,,,,,206.627513,,
2015-03-04,,,258.4091,,,,,207.997837,,
2015-03-05,,,258.973,,,,,209.125047,,
2015-03-06,,,255.5871,,,,,210.385692,,
2015-03-09,,,256.2382,,,,,210.908561,,
2015-03-10,,,255.1781,,,,,212.044021,,
2015-03-11,,,257.1892,,,,,214.928562,,
2015-03-12,,,258.3787,,,,,214.852989,,
2015-03-13,,,258.4708,,,,,216.879697,,
2015-03-16,,,260.9342,,,,,217.189342,,
2015-03-17,,,259.5889,,,,,216.182106,,
2015-03-18,,,260.9597,,,,,213.059603,,
2015-03-19,,,261.8454,,,,,216.188485,,
2015-03-20,,,262.6942,,,,,214.474265,,
2015-03-23,,,261.3843,,,,,211.677443,,
2015-03-24,,,261.2651,,,,,211.59831,,
2015-03-25,,,257.843,,,,,208.747753,,
2015-03-26,,,257.0666,,,,,209.76609,,
2015-03-27,,,257.8932,,,,,210.121516,,
2015-03-30,,,259.8641,,,,,212.760629,,
2015-03-31,,,259.202,,,,,213.771594,,
2015-04-01,,,259.7389,,,,,212.977411,,
2015-04-02,,,259.0894,,,,,211.031297,,
2015-04-06,,,259.6347,,,,,211.105217,,
2015-04-07,,,260.0385,,,,,212.879539,,
2015-04-08,,,260.5955,,,,,214.014505,,
2015-04-09,,,261.0822,,,,,216.80144,,
2015-04-10,,,262.4799,,,,,218.72966,,
2015-04-13,,,261.6924,,,,,218.911657,,
2015-04-14,,,261.376,,,,,217.446105,,
2015-04-15,,,262.4779,,,,,217.557707,,
2015-04-16,,,261.359,,,,,215.908912,,
2015-04-17,,,260.1846,,,,,213.700364,,
2015-04-20,,,260.6936,,,,,216.071668,,
2015-04-21,,,261.0068,,,,,215.878598,,
2015-04-22,,,260.7952,,,,,216.486942,,
2015-04-23,,,260.5551,,,,,214.931272,,
2015-04-24,,,260.6795,,,,,214.521216,,
2015-04-27,,,260.7988,,,,,213.577836,,
2015-04-28,,,258.757,,,,,211.887866,,
2015-04-29,,,255.7484,,,,,208.38019,,
2015-04-30,,,253.2386,,,,,205.353121,,
2015-05-01,,,254.5058,,,,,207.003361,,
2015-05-04,,,254.7068,,,,,208.103394,,
2015-05-05,,,251.549,,,,,205.860257,,
2015-05-06,,,249.2701,,,,,202.156198,,
2015-05-07,,,251.6424,,,,,204.298294,,
2015-05-08,,,254.9697,,,,,207.218279,,
2015-05-11,,,253.8797,,,,,207.092452,,
2015-05-12,,,252.4031,,,,,205.65683,,
2015-05-13,,,251.9469,,,,,203.123609,,
2015-05-14,,,253.9653,,,,,203.52372,,
2015-05-15,,,254.5032,,,,,203.382401,,
2015-05-18,,,255.5764,,,,,205.792766,,
2015-05-19,,,256.5097,,,,,208.489484,,
2015-05-20,,,256.447,,,,,209.605173,,
2015-05-21,,,257.0761,,,,,209.869456,,
2015-05-22,,,257.2394,,,,,211.419808,,
2015-05-26,,,257.3201,,,,,212.934048,,
2015-05-27,,,260.1403,,,,,213.603188,,
2015-05-28,,,259.3453,,,,,212.57161,,
2015-05-29,,,257.9082,,,,,210.953364,,
2015-06-01,,,258.4121,,,,,212.270487,,
2015-06-02,,,256.6746,,,,,207.530045,,
2015-06-03,,,255.5811,,,,,205.278442,,
2015-06-04,,,254.6154,,,,,205.045224,,
2015-06-05,,,254.1458,,,,,206.84785,,
2015-06-08,,,251.7808,,,,,202.875523,,
2015-06-09,,,251.5738,,,,,202.792726,,
2015-06-10,,,253.7283,,,,,203.336572,,
2015-06-11,,,255.3236,,,,,205.320243,,
2015-06-12,,,253.9727,,,,,204.202828,,
2015-06-15,,,252.3433,,,,,203.4059,,
2015-06-16,,,253.7408,,,,,204.848513,,
2015-06-17,,,252.7054,,,,,203.457456,,
2015-06-18,,,254.6106,,,,,204.30808,,
2015-06-19,,,255.1404,,,,,204.208695,,
2015-06-22,,,256.6276,,,,,204.556155,,
2015-06-23,,,257.2155,,,,,207.618984,,
2015-06-24,,,255.9434,,,,,206.218674,,
2015-06-25,,,255.7643,,,,,205.757265,,
2015-06-26,,,255.3975,,,,,206.313609,,
2015-06-29,,,251.4171,,,,,202.812067,,
2015-06-30,,,251.6177,,,,,204.715592,,
2015-07-01,,,253.3721,,,,,207.161521,,
2015-07-02,,,252.5845,,,,,206.578425,,
2015-07-06,,,251.8706,,,,,207.042688,,
2015-07-07,,,251.8665,,,,,208.795199,,
2015-07-08,,,249.1648,,,,,205.674829,,
2015-07-09,,,250.6404,,,,,206.380266,,
2015-07-10,,,253.4015,,,,,205.320066,,
2015-07-13,,,256.1501,,,,,209.534487,,
2015-07-14,,,257.174,,,,,210.011954,,
2015-07-15,,,257.709,,,,,211.463558,,
2015-07-16,,,260.2824,,,,,213.948473,,
2015-07-17,,,260.5359,,,,,214.890715,,
2015-07-20,,,260.3174,,,,,214.882216,,
2015-07-21,,,258.5545,,,,,212.367776,,
2015-07-22,,,257.7331,,,,,212.311084,,
2015-07-23,,,256.7129,,,,,210.777641,,
2015-07-24,,,254.7339,,,,,209.549125,,
2015-07-27,,,250.75,,,,,206.890413,,
2015-07-28,,,253.528,,,,,208.80696,,
2015-07-29,,,255.3118,,,,,211.108969,,
2015-07-30,,,255.8277,,,,,212.124081,,
2015-07-31,,,255.7038,,,,,211.260678,,
2015-08-03,,,255.7849,,,,,211.543171,,
2015-08-04,,,255.7031,,,,,212.386152,,
2015-08-05,,,256.8242,,,,,212.178328,,
2015-08-06,,,255.788,,,,,210.889957,,
2015-08-07,,,255.1525,,,,,210.014581,,
2015-08-10,,,257.5457,,,,,210.43853,,
2015-08-11,,,256.0867,,,,,209.1353,,
2015-08-12,,,254.2541,,,,,207.118883,,
2015-08-13,,,254.2712,,,,,206.879719,,
2015-08-14,,,254.9764,,,,,208.068099,,
2015-08-17,,,256.4272,,,,,209.494104,,
2015-08-18,,,255.9173,,,,,209.988756,,
2015-08-19,,,255.1525,,,,,207.455383,,
2015-08-20,,,252.6563,,,,,202.770512,,
2015-08-21,,,248.146,,,,,196.78255,,
2015-08-24,,,239.6379,,,,,187.916505,,
2015-08-25,,,239.7291,,,,,188.066468,,
2015-08-26,,,244.2829,,,,,195.482586,,
2015-08-27,,,249.0721,,,,,199.697234,,
2015-08-28,,,249.8025,,,,,200.74926,,
2015-08-31,,,248.334,,,,,199.20477,,
2015-09-01,,,242.9525,,,,,194.044039,,
2015-09-02,,,245.7353,,,,,197.738643,,
2015-09-03,,,247.8746,,,,,199.753207,,
2015-09-04,,,245.1496,,,,,197.701445,,
2015-09-08,,,248.7424,,,,,199.481735,,
2015-09-09,,,247.4714,,,,,197.818616,,
2015-09-10,,,247.678,,,,,197.13339,,
2015-09-11,,,247.9159,,,,,196.732173,,
2015-09-14,,,247.6363,,,,,196.674671,,
2015-09-15,,,249.4149,,,,,198.658813,,
2015-09-16,,,251.0448,,,,,199.23195,,
2015-09-17,,,251.0728,,,,,197.027467,,
2015-09-18,,,249.2565,,,,,197.466073,,
2015-09-21,,,250.3392,,,,,199.740993,,
2015-09-22,,,247.332,,,,,199.627496,,
2015-09-23,,,247.2798,,,,,198.202629,,
2015-09-24,,,246.3444,,,,,197.085872,,
2015-09-25,,,247.0521,,,,,197.590903,,
2015-09-28,,,242.3559,,,,,193.878871,,
2015-09-29,,,240.9986,,,,,194.031046,,
2015-09-30,,,244.492,,,,,197.473892,,
2015-10-01,,,245.1431,,,,,197.551114,,
2015-10-02,,,248.6617,,,,,199.323141,,
2015-10-05,,,251.5395,,,,,201.531537,,
2015-10-06,,,251.0676,,,,,199.813395,,
2015-10-07,,,251.6049,,,,,201.299927,,
2015-10-08,,,252.3409,,,,,201.611069,,
2015-10-09,,,253.3158,,,,,200.23281,,
2015-10-12,,,254.0232,,,,,200.470054,,
2015-10-13,,,252.7697,,,,,199.342906,,
2015-10-14,,,252.7406,,,,,197.411531,,
2015-10-15,,,256.0162,,,,,200.650768,,
2015-10-16,,,256.628,,,,,201.808627,,
2015-10-19,,,256.4835,,,,,202.38094,,
2015-10-20,,,256.1026,,,,,201.687411,,
2015-10-21,,,255.2098,,,,,201.235915,,
2015-10-22,,,258.9915,,,,,207.5137,,
2015-10-23,,,260.6837,,,,,210.564959,,
2015-10-26,,,260.1753,,,,,209.433929,,
2015-10-27,,,259.8281,,,,,209.460171,,
2015-10-28,,,261.599,,,,,213.086574,,
2015-10-29,,,259.6833,,,,,211.608968,,
2015-10-30,,,259.9807,,,,,210.797486,,
2015-11-02,,,260.9923,,,,,211.870787,,
2015-11-03,,,260.2594,,,,,213.147205,,
2015-11-04,,,259.3752,,,,,214.637303,,
2015-11-05,,,258.7221,,,,,214.067367,,
2015-11-06,,,257.9961,,,,,216.510463,,
2015-11-09,,,256.3081,,,,,214.958461,,
2015-11-10,,,256.6356,,,,,215.965541,,
2015-11-11,,,255.7774,,,,,215.036964,,
2015-11-12,,,253.7841,,,,,211.874967,,
2015-11-13,,,252.5356,,,,,211.564036,,
2015-11-16,,,254.9287,,,,,215.115409,,
2015-11-17,,,255.1092,,,,,215.998081,,
2015-11-18,,,257.1323,,,,,217.620788,,
2015-11-19,,,258.0453,,,,,216.050127,,
2015-11-20,,,258.1933,,,,,218.292952,,
2015-11-23,,,257.8074,,,,,218.312795,,
2015-11-24,,,258.063,,,,,218.424056,,
2015-11-25,,,258.2761,,,,,218.831114,,
2015-11-27,,,257.5034,,,,,219.67681,,
2015-11-30,,,257.9111,,,,,219.708284,,
2015-12-01,,,260.0169,,,,,219.858076,,
2015-12-02,,,257.5928,,,,,218.777047,,
2015-12-03,,,254.1316,,,,,209.865417,,
2015-12-04,,,257.6485,,,,,213.819254,,
2015-12-07,,,256.6521,,,,,213.925095,,
2015-12-08,,,255.5326,,,,,212.036476,,
2015-12-09,,,254.2713,,,,,208.486281,,
2015-12-10,,,254.7616,,,,,210.407969,,
2015-12-11,,,252.8572,,,,,207.325078,,
2015-12-14,,,251.7164,,,,,207.439776,,
2015-12-15,,,254.0723,,,,,210.009757,,
2015-12-16,,,255.9562,,,,,212.024046,,
2015-12-17,,,254.528,,,,,211.827883,,
2015-12-18,,,252.6796,,,,,208.970767,,
2015-12-21,,,254.1641,,,,,209.004624,,
2015-12-22,,,254.1708,,,,,209.271352,,
2015-12-23,,,256.3481,,,,,211.698512,,
2015-12-24,,,256.5379,,,,,210.717119,,
2015-12-28,,,255.9022,,,,,210.2094,,
2015-12-29,,,256.4178,,,,,212.202987,,
2015-12-30,,,255.0655,,,,,211.047493,,
2015-12-31,,,254.3867,,,,,211.321537,,
2016-01-04,,,253.4705,,,,,210.21154,,
2016-01-05,,,254.0763,,,,,212.01897,,
2016-01-06,,,252.5179,,,,,210.112087,,
2016-01-07,,,248.4012,,,,,204.252092,,
2016-01-08,,,246.5841,,,,,203.270758,,
2016-01-11,,,245.5625,,,,,204.290863,,
2016-01-12,,,247.7238,,,,,205.489114,,
2016-01-13,,,244.6558,,,,,202.246701,,
2016-01-14,,,244.7832,,,,,204.476072,,
2016-01-15,,,241.5896,,,,,201.111722,,
2016-01-19,,,241.8377,,,,,201.192278,,
2016-01-20,,,240.5057,,,,,200.153505,,
2016-01-21,,,241.9343,,,,,200.914584,,
2016-01-22,,,245.5902,,,,,204.95312,,
2016-01-25,,,243.8002,,,,,201.981782,,
2016-01-26,,,246.1986,,,,,203.379091,,
2016-01-27,,,244.6214,,,,,201.61732,,
2016-01-28,,,244.583,,,,,201.454622,,
2016-01-29,,,249.7053,,,,,206.709914,,
2016-02-01,,,249.9111,,,,,205.484967,,
2016-02-02,,,246.9381,,,,,202.921941,,
2016-02-03,,,246.5849,,,,,200.253315,,
2016-02-04,,,246.8893,,,,,198.676039,,
2016-02-05,,,243.886,,,,,197.279848,,
2016-02-08,,,241.5604,,,,,195.284489,,
2016-02-09,,,240.5825,,,,,193.55993,,
2016-02-10,,,242.3643,,,,,193.713573,,
2016-02-11,,,241.7852,,,,,191.690833,,
2016-02-12,,,243.8599,,,,,195.101793,,
2016-02-16,,,244.5237,,,,,198.793265,,
2016-02-17,,,247.8038,,,,,200.937298,,
2016-02-18,,,249.1499,,,,,201.080098,,
2016-02-19,,,249.4755,,,,,200.677165,,
2016-02-22,,,251.2654,,,,,204.262976,,
2016-02-23,,,250.2505,,,,,202.899942,,
2016-02-24,,,250.7567,,,,,203.61917,,
2016-02-25,,,253.0536,,,,,205.181909,,
2016-02-26,,,252.5404,,,,,206.478336,,
2016-02-29,,,252.6652,,,,,206.596542,,
2016-03-01,,,255.2393,,,,,209.399064,,
2016-03-02,,,256.2594,,,,,209.831414,,
2016-03-03,,,257.3009,,,,,208.730884,,
2016-03-04,,,257.0457,,,,,208.139968,,
2016-03-07,,,257.2139,,,,,207.982461,,
2016-03-08,,,255.4713,,,,,206.911612,,
2016-03-09,,,256.1712,,,,,207.832201,,
2016-03-10,,,255.4663,,,,,204.510653,,
2016-03-11,,,257.3514,,,,,206.94884,,
2016-03-14,,,257.4111,,,,,207.709101,,
2016-03-15,,,257.0329,,,,,207.217922,,
2016-03-16,,,259.115,,,,,206.175884,,
2016-03-17,,,259.6923,,,,,205.42118,,
2016-03-18,,,260.5912,,,,,206.875248,,
2016-03-21,,,260.0572,,,,,207.357914,,
2016-03-22,,,260.323,,,,,207.681202,,
2016-03-23,,,259.3971,,,,,207.730101,,
2016-03-24,,,259.2799,,,,,207.790024,,
2016-03-28,,,259.3417,,,,,207.537279,,
2016-03-29,,,261.9011,,,,,207.226401,,
2016-03-30,,,261.2483,,,,,206.821182,,
2016-03-31,,,261.6747,,,,,206.062471,,
2016-04-01,,,262.1764,,,,,206.576095,,
2016-04-04,,,261.0166,,,,,206.32124,,
2016-04-05,,,260.6368,,,,,205.320505,,
2016-04-06,,,261.6145,,,,,206.333196,,
2016-04-07,,,261.2794,,,,,205.418108,,
2016-04-08,,,261.657,,,,,205.373044,,
2016-04-11,,,261.2592,,,,,204.953437,,
2016-04-12,,,262.4295,,,,,206.324308,,
2016-04-13,,,263.9012,,,,,209.662313,,
2016-04-14,,,262.9033,,,,,209.649852,,
2016-04-15,,,263.2036,,,,,209.566192,,
2016-04-18,,,263.7432,,,,,209.779806,,
2016-04-19,,,264.5806,,,,,209.313163,,
2016-04-20,,,264.4017,,,,,210.366132,,
2016-04-21,,,263.0405,,,,,209.738248,,
2016-04-22,,,262.5454,,,,,211.019812,,
2016-04-25,,,262.0532,,,,,209.839229,,
2016-04-26,,,262.8003,,,,,209.416993,,
2016-04-27,,,264.6204,,,,,209.484623,,
2016-04-28,,,263.955,,,,,207.980286,,
2016-04-29,,,262.0974,,,,,205.535525,,
2016-05-02,,,262.4764,,,,,204.962478,,
2016-05-03,,,261.0906,,,,,204.635926,,
2016-05-04,,,259.6582,,,,,204.165166,,
2016-05-05,,,260.7671,,,,,205.819113,,
2016-05-06,,,260.6739,,,,,206.235686,,
2016-05-09,,,260.6071,,,,,206.702499,,
2016-05-10,,,262.7345,,,,,208.499473,,
2016-05-11,,,262.1633,,,,,206.313722,,
2016-05-12,,,261.359,,,,,207.197936,,
2016-05-13,,,262.3105,,,,,207.580835,,
2016-05-16,,,263.2318,,,,,208.366889,,
2016-05-17,,,262.3763,,,,,207.239684,,
2016-05-18,,,262.0882,,,,,208.702244,,
2016-05-19,,,261.6849,,,,,208.549786,,
2016-05-20,,,263.1359,,,,,209.126316,,
2016-05-23,,,262.9617,,,,,208.898898,,
2016-05-24,,,265.5673,,,,,211.99952,,
2016-05-25,,,266.7013,,,,,212.579242,,
2016-05-26,,,266.8709,,,,,212.017711,,
2016-05-27,,,267.4918,,,,,214.131375,,
2016-05-31,,,267.2548,,,,,213.549231,,
2016-06-01,,,266.5844,,,,,212.685866,,
2016-06-02,,,267.6067,,,,,213.99985,,
2016-06-03,,,267.3544,,,,,210.089761,,
2016-06-06,,,267.9681,,,,,210.764068,,
2016-06-07,,,268.961,,,,,211.006325,,
2016-06-08,,,269.5902,,,,,210.832599,,
2016-06-09,,,269.9827,,,,,212.117544,,
2016-06-10,,,267.6778,,,,,212.285698,,
2016-06-13,,,266.3823,,,,,210.55998,,
2016-06-14,,,265.6964,,,,,211.89209,,
2016-06-15,,,265.7949,,,,,210.842131,,
2016-06-16,,,266.2214,,,,,211.94484,,
2016-06-17,,,266.0707,,,,,210.477043,,
2016-06-20,,,267.6625,,,,,210.315825,,
2016-06-21,,,267.6488,,,,,211.95761,,
2016-06-22,,,267.0983,,,,,210.826998,,
2016-06-23,,,268.8036,,,,,210.627751,,
2016-06-24,,,263.4727,,,,,212.154921,,
2016-06-27,,,260.2021,,,,,211.356104,,
2016-06-28,,,263.643,,,,,212.991672,,
2016-06-29,,,266.6322,,,,,213.956086,,
2016-06-30,,,269.1659,,,,,216.199176,,
2016-07-01,,,270.9873,,,,,216.087199,,
2016-07-05,,,270.1729,,,,,216.558055,,
2016-07-06,,,270.2426,,,,,216.993835,,
2016-07-07,,,271.1292,,,,,217.63222,,
2016-07-08,,,275.2471,,,,,219.97939,,
2016-07-11,,,276.3295,,,,,220.017968,,
2016-07-12,,,277.0163,,,,,220.654373,,
2016-07-13,,,277.3869,,,,,220.202842,,
2016-07-14,,,277.4853,,,,,220.311397,,
2016-07-15,,,276.6469,,,,,221.554612,,
2016-07-18,,,276.9522,,,,,221.032608,,
2016-07-19,,,277.4173,,,,,222.158105,,
2016-07-20,,,278.3966,,,,,222.771884,,
2016-07-21,,,277.5942,,,,,222.111435,,
2016-07-22,,,278.3801,,,,,223.783473,,
2016-07-25,,,278.0829,,,,,222.900403,,
2016-07-26,,,279.4286,,,,,223.103795,,
2016-07-27,,,280.0395,,,,,221.779749,,
2016-07-28,,,279.9982,,,,,221.584161,,
2016-07-29,,,279.9974,,,,,220.185565,,
2016-08-01,,,278.945,,,,,220.019625,,
2016-08-02,,,277.3921,,,,,217.714712,,
2016-08-03,,,278.3842,,,,,219.614505,,
2016-08-04,,,279.1559,,,,,220.339332,,
2016-08-05,,,280.3047,,,,,222.005125,,
2016-08-08,,,280.7612,,,,,221.896798,,
2016-08-09,,,281.5149,,,,,221.638163,,
2016-08-10,,,280.8002,,,,,220.233063,,
2016-08-11,,,281.6631,,,,,221.373592,,
2016-08-12,,,282.6469,,,,,221.054585,,
2016-08-15,,,282.7457,,,,,220.80048,,
2016-08-16,,,280.6774,,,,,218.211051,,
2016-08-17,,,280.2481,,,,,218.475074,,
2016-08-18,,,281.4788,,,,,217.585523,,
2016-08-19,,,280.7634,,,,,217.841255,,
2016-08-22,,,281.3509,,,,,217.962766,,
2016-08-23,,,282.7307,,,,,218.536779,,
2016-08-24,,,281.7757,,,,,218.63575,,
2016-08-25,,,280.9941,,,,,218.132128,,
2016-08-26,,,281.2964,,,,,219.436766,,
2016-08-29,,,282.6366,,,,,220.41593,,
2016-08-30,,,281.8226,,,,,221.051641,,
2016-08-31,,,280.5842,,,,,220.374899,,
2016-09-01,,,281.575,,,,,219.675437,,
2016-09-02,,,282.7478,,,,,221.034952,,
2016-09-06,,,283.7514,,,,,219.619048,,
2016-09-07,,,283.5479,,,,,219.941566,,
2016-09-08,,,282.3477,,,,,218.999838,,
2016-09-09,,,276.0865,,,,,215.964276,,
2016-09-12,,,278.1471,,,,,217.821615,,
2016-09-13,,,275.1163,,,,,216.009932,,
2016-09-14,,,275.2244,,,,,215.504001,,
2016-09-15,,,277.585,,,,,216.944007,,
2016-09-16,,,277.0748,,,,,218.305432,,
2016-09-19,,,277.494,,,,,217.810147,,
2016-09-20,,,277.4018,,,,,218.284782,,
2016-09-21,,,280.1454,,,,,219.291931,,
2016-09-22,,,281.5066,,,,,219.864062,,
2016-09-23,,,280.057,,,,,218.826827,,
2016-09-26,,,279.0275,,,,,217.27958,,
2016-09-27,,,280.3606,,,,,219.058423,,
2016-09-28,,,281.62,,,,,219.566251,,
2016-09-29,,,280.9957,,,,,218.293415,,
2016-09-30,,,281.6541,,,,,218.940463,,
2016-10-03,,,281.3913,,,,,219.021625,,
2016-10-04,,,278.9018,,,,,218.19609,,
2016-10-05,,,279.7228,,,,,218.615387,,
2016-10-06,,,279.8095,,,,,219.824403,,
2016-10-07,,,277.6156,,,,,218.412098,,
2016-10-10,,,278.8226,,,,,220.210746,,
2016-10-11,,,276.6326,,,,,220.080959,,
2016-10-12,,,276.919,,,,,221.241119,,
2016-10-13,,,275.5429,,,,,219.922254,,
2016-10-14,,,275.9539,,,,,221.540862,,
2016-10-17,,,275.4257,,,,,220.688213,,
2016-10-18,,,277.6445,,,,,222.035439,,
2016-10-19,,,278.2336,,,,,222.571612,,
2016-10-20,,,278.3093,,,,,223.186696,,
2016-10-21,,,278.8915,,,,,224.244315,,
2016-10-24,,,280.3266,,,,,224.731662,,
2016-10-25,,,279.6145,,,,,224.143388,,
2016-10-26,,,278.7191,,,,,223.278136,,
2016-10-27,,,277.1624,,,,,222.9913,,
2016-10-28,,,276.2097,,,,,220.808637,,
2016-10-31,,,276.4125,,,,,220.953716,,
2016-11-01,,,274.5967,,,,,218.458542,,
2016-11-02,,,273.1345,,,,,216.935506,,
2016-11-03,,,272.7672,,,,,216.091368,,
2016-11-04,,,272.3032,,,,,215.453546,,
2016-11-07,,,276.9746,,,,,220.162981,,
2016-11-08,,,277.9186,,,,,220.927061,,
2016-11-09,,,279.6832,,,,,223.846407,,
2016-11-10,,,278.5617,,,,,224.205851,,
2016-11-11,,,280.8418,,,,,224.477854,,
2016-11-14,,,280.3435,,,,,226.671891,,
2016-11-15,,,283.6724,,,,,228.180531,,
2016-11-16,,,284.8976,,,,,228.731798,,
2016-11-17,,,285.5079,,,,,230.497864,,
2016-11-18,,,285.5798,,,,,230.785375,,
2016-11-21,,,286.9473,,,,,230.981092,,
2016-11-22,,,288.1393,,,,,231.332925,,
2016-11-23,,,288.3135,,,,,232.723801,,
2016-11-25,,,288.3673,,,,,232.374313,,
2016-11-28,,,287.08,,,,,231.56571,,
2016-11-29,,,286.9865,,,,,231.158653,,
2016-11-30,,,286.388,,,,,231.802854,,
2016-12-01,,,283.5647,,,,,229.410793,,
2016-12-02,,,284.5871,,,,,229.791771,,
2016-12-05,,,285.9923,,,,,228.456905,,
2016-12-06,,,286.4794,,,,,229.871932,,
2016-12-07,,,289.4759,,,,,231.137694,,
2016-12-08,,,290.0764,,,,,234.35522,,
2016-12-09,,,289.7106,,,,,236.212119,,
2016-12-12,,,288.7434,,,,,234.19452,,
2016-12-13,,,290.2697,,,,,235.480281,,
2016-12-14,,,288.6462,,,,,235.81161,,
2016-12-15,,,289.7051,,,,,239.020349,,
2016-12-16,,,289.8514,,,,,237.90979,,
2016-12-19,,,291.1169,,,,,239.599138,,
2016-12-20,,,291.4028,,,,,240.440043,,
2016-12-21,,,291.3747,,,,,239.37901,,
2016-12-22,,,290.9822,,,,,238.868797,,
2016-12-23,,,291.9292,,,,,238.779205,,
2016-12-27,,,293.6097,,,,,238.87593,,
2016-12-28,,,291.8057,,,,,238.952728,,
2016-12-29,,,292.4687,,,,,237.395957,,
2016-12-30,,,290.8235,,,,,236.4204,,
2017-01-03,,,292.376,,,,,240.172348,,
2017-01-04,,,293.3271,,,,,239.188112,,
2017-01-05,,,293.8299,,,,,236.789152,,
2017-01-06,,,293.4956,,,,,238.622937,,
2017-01-09,,,293.6809,,,,,237.414216,,
2017-01-10,,,293.9484,,,,,237.798234,,
2017-01-11,,,294.7221,,,,,237.686846,,
2017-01-12,,,293.6434,,,,,236.69958,,
2017-01-13,,,294.2853,,,,,236.215766,,
2017-01-17,,,294.5729,,,,,234.437046,,
2017-01-18,,,294.4117,,,,,236.195219,,
2017-01-19,,,294.0587,,,,,234.671672,,
2017-01-20,,,294.1279,,,,,234.441331,,
2017-01-23,,,293.2377,,,,,232.938797,,
2017-01-24,,,295.4073,,,,,234.395385,,
2017-01-25,,,296.8094,,,,,235.01595,,
2017-01-26,,,297.0634,,,,,236.386713,,
2017-01-27,,,297.4166,,,,,236.000898,,
2017-01-30,,,295.3512,,,,,235.07044,,
2017-01-31,,,293.4881,,,,,232.966802,,
2017-02-01,,,295.2819,,,,,233.534886,,
2017-02-02,,,295.3227,,,,,233.888725,,
2017-02-03,,,296.2833,,,,,234.300968,,
2017-02-06,,,296.6059,,,,,235.096878,,
2017-02-07,,,297.1965,,,,,236.639807,,
2017-02-08,,,297.6863,,,,,236.775117,,
2017-02-09,,,297.8895,,,,,238.441559,,
2017-02-10,,,298.693,,,,,239.339341,,
2017-02-13,,,298.6421,,,,,240.979212,,
2017-02-14,,,299.0902,,,,,241.756631,,
2017-02-15,,,299.3468,,,,,241.785978,,
2017-02-16,,,298.3078,,,,,240.142592,,
2017-02-17,,,298.5479,,,,,242.081133,,
2017-02-21,,,301.8297,,,,,244.745798,,
2017-02-22,,,301.4357,,,,,244.052089,,
2017-02-23,,,299.1137,,,,,243.755542,,
2017-02-24,,,299.299,,,,,244.802459,,
2017-02-27,,,299.9636,,,,,244.240401,,
2017-02-28,,,299.4852,,,,,244.035114,,
2017-03-01,,,302.5315,,,,,246.338561,,
2017-03-02,,,300.2336,,,,,246.170854,,
2017-03-03,,,299.6337,,,,,243.641745,,
2017-03-06,,,297.8822,,,,,244.085365,,
2017-03-07,,,298.0108,,,,,243.918018,,
2017-03-08,,,297.0258,,,,,243.933049,,
2017-03-09,,,296.1538,,,,,243.024009,,
2017-03-10,,,296.2162,,,,,241.515708,,
2017-03-13,,,297.4444,,,,,241.893177,,
2017-03-14,,,296.88,,,,,242.426034,,
2017-03-15,,,298.8757,,,,,241.332627,,
2017-03-16,,,299.3752,,,,,240.234813,,
2017-03-17,,,300.039,,,,,240.755983,,
2017-03-20,,,300.9917,,,,,240.712359,,
2017-03-21,,,297.0708,,,,,237.504658,,
2017-03-22,,,297.9322,,,,,238.243655,,
2017-03-23,,,298.1996,,,,,238.423543,,
2017-03-24,,,298.8082,,,,,237.958256,,
2017-03-27,,,297.9354,,,,,236.583509,,
2017-03-28,,,299.4586,,,,,238.49655,,
2017-03-29,,,300.4216,,,,,239.912805,,
2017-03-30,,,301.9323,,,,,242.246767,,
2017-03-31,,,301.6612,,,,,242.352045,,
2017-04-03,,,301.4692,,,,,242.17268,,
2017-04-04,,,299.7851,,,,,242.136125,,
2017-04-05,,,299.5481,,,,,242.025354,,
2017-04-06,,,300.1922,,,,,242.843659,,
2017-04-07,,,300.4962,,,,,243.723288,,
2017-04-10,,,300.2982,,,,,243.803744,,
2017-04-11,,,300.6555,,,,,243.69013,,
2017-04-12,,,299.8349,,,,,241.887174,,
2017-04-13,,,298.6332,,,,,242.270538,,
2017-04-17,,,300.5798,,,,,242.802148,,
2017-04-18,,,299.4191,,,,,240.791635,,
2017-04-19,,,299.4428,,,,,240.796491,,
2017-04-20,,,301.4108,,,,,241.716633,,
2017-04-21,,,300.9978,,,,,241.068636,,
2017-04-24,,,302.2956,,,,,239.387066,,
2017-04-25,,,303.2922,,,,,238.574163,,
2017-04-26,,,303.6518,,,,,239.082479,,
2017-04-27,,,304.5598,,,,,240.037296,,
2017-04-28,,,304.2258,,,,,239.288284,,
2017-05-01,,,305.1218,,,,,239.385511,,
2017-05-02,,,304.5466,,,,,238.852114,,
2017-05-03,,,304.1883,,,,,239.629169,,
2017-05-04,,,303.915,,,,,237.55297,,
2017-05-05,,,305.1073,,,,,237.798509,,
2017-05-08,,,305.0456,,,,,239.236363,,
2017-05-09,,,305.6071,,,,,240.204644,,
2017-05-10,,,310.4533,,,,,240.643109,,
2017-05-11,,,311.2819,,,,,240.44691,,
2017-05-12,,,310.5956,,,,,239.015614,,
2017-05-15,,,313.3456,,,,,238.830129,,
2017-05-16,,,313.1957,,,,,236.495021,,
2017-05-17,,,307.8008,,,,,232.861878,,
2017-05-18,,,309.4542,,,,,234.571742,,
2017-05-19,,,310.8176,,,,,233.260715,,
2017-05-22,,,311.7083,,,,,233.294537,,
2017-05-23,,,311.8051,,,,,234.594446,,
2017-05-24,,,312.6637,,,,,234.341204,,
2017-05-25,,,314.0107,,,,,235.211524,,
2017-05-26,,,315.0391,,,,,235.779173,,
2017-05-30,,,315.9105,,,,,235.715404,,
2017-05-31,,,315.0952,,,,,234.574805,,
2017-06-01,,,317.0094,,,,,236.313676,,
2017-06-02,,,317.8178,,,,,235.623602,,
2017-06-05,,,318.3834,,,,,235.935568,,
2017-06-06,,,318.0756,,,,,235.210188,,
2017-06-07,,,318.2697,,,,,235.765724,,
2017-06-08,,,320.688,,,,,236.672932,,
2017-06-09,,,318.0518,,,,,236.738948,,
2017-06-12,,,316.1403,,,,,236.544973,,
2017-06-13,,,318.4639,,,,,237.13844,,
2017-06-14,,,317.4986,,,,,237.080376,,
2017-06-15,,,316.2905,,,,,238.291602,,
2017-06-16,,,317.2131,,,,,237.295987,,
2017-06-19,,,320.4401,,,,,239.393305,,
2017-06-20,,,319.064,,,,,238.87965,,
2017-06-21,,,319.2173,,,,,238.09988,,
2017-06-22,,,318.8053,,,,,238.444569,,
2017-06-23,,,318.0043,,,,,237.765419,,
2017-06-26,,,317.052,,,,,238.158032,,
2017-06-27,,,311.9319,,,,,233.471105,,
2017-06-28,,,314.5844,,,,,233.970131,,
2017-06-29,,,309.8402,,,,,231.276304,,
2017-06-30,,,309.91,,,,,231.847371,,
2017-07-03,,,309.8224,,,,,233.028471,,
2017-07-05,,,312.3615,,,,,233.671125,,
2017-07-06,,,310.5893,,,,,230.735518,,
2017-07-07,,,312.6784,,,,,232.05355,,
2017-07-10,,,315.7947,,,,,232.270958,,
2017-07-11,,,315.9326,,,,,230.89573,,
2017-07-12,,,320.4656,,,,,233.344767,,
2017-07-13,,,320.8444,,,,,233.762126,,
2017-07-14,,,322.7951,,,,,233.106484,,
2017-07-17,,,322.4849,,,,,232.881899,,
2017-07-18,,,322.3366,,,,,231.659433,,
2017-07-19,,,324.9004,,,,,233.199034,,
2017-07-20,,,324.5926,,,,,230.97568,,
2017-07-21,,,323.8037,,,,,230.352013,,
2017-07-24,,,323.8443,,,,,230.714913,,
2017-07-25,,,323.2322,,,,,230.595594,,
2017-07-26,,,324.1573,,,,,229.036827,,
2017-07-27,,,322.4921,,,,,229.922269,,
2017-07-28,,,322.471,,,,,228.497406,,
2017-07-31,,,321.25,,,,,226.598862,,
2017-08-01,,,322.6525,,,,,227.910255,,
2017-08-02,,,321.665,,,,,226.876811,,
2017-08-03,,,321.5798,,,,,226.568596,,
2017-08-04,,,322.4945,,,,,228.489114,,
2017-08-07,,,324.362,,,,,228.330502,,
2017-08-08,,,323.2768,,,,,228.721576,,
2017-08-09,,,323.998,,,,,228.701744,,
2017-08-10,,,319.8462,,,,,226.561245,,
2017-08-11,,,317.9265,,,,,225.90518,,
2017-08-14,,,322.3251,,,,,228.021243,,
2017-08-15,,,322.2852,,,,,228.75069,,
2017-08-16,,,322.8828,,,,,228.533813,,
2017-08-17,,,319.5782,,,,,227.326539,,
2017-08-18,,,319.5695,,,,,226.391048,,
2017-08-21,,,318.5504,,,,,225.537036,,
2017-08-22,,,321.8895,,,,,227.878085,,
2017-08-23,,,321.9219,,,,,226.707301,,
2017-08-24,,,321.2526,,,,,226.420201,,
2017-08-25,,,320.348,,,,,224.501285,,
2017-08-28,,,320.4745,,,,,223.429062,,
2017-08-29,,,320.2175,,,,,223.83532,,
2017-08-30,,,322.5481,,,,,226.129001,,
2017-08-31,,,325.0307,,,,,226.577006,,
2017-09-01,,,326.0906,,,,,227.479053,,
2017-09-05,,,324.7293,,,,,225.926624,,
2017-09-06,,,324.4681,,,,,226.173357,,
2017-09-07,,,325.6493,,,,,224.390349,,
2017-09-08,,,324.5527,,,,,223.89857,,
2017-09-11,,,327.8334,,,,,226.661571,,
2017-09-12,,,328.8877,,,,,226.706277,,
2017-09-13,,,329.2039,,,,,228.22317,,
2017-09-14,,,329.6961,,,,,227.602906,,
2017-09-15,,,331.7799,,,,,227.336752,,
2017-09-18,,,334.0405,,,,,227.437301,,
2017-09-19,,,334.1434,,,,,226.654605,,
2017-09-20,,,334.1675,,,,,228.611713,,
2017-09-21,,,332.4986,,,,,227.252802,,
2017-09-22,,,332.9512,,,,,227.236496,,
2017-09-25,,,331.6271,,,,,229.071346,,
2017-09-26,,,331.5944,,,,,230.217166,,
2017-09-27,,,333.7379,,,,,231.416523,,
2017-09-28,,,334.2315,,,,,230.781621,,
2017-09-29,,,335.6312,,,,,230.681065,,
2017-10-02,,,336.9349,,,,,232.911947,,
2017-10-03,,,337.3634,,,,,233.049586,,
2017-10-04,,,337.8461,,,,,232.906947,,
2017-10-05,,,338.5653,,,,,234.644636,,
2017-10-06,,,338.314,,,,,233.879782,,
2017-10-09,,,339.6232,,,,,233.65559,,
2017-10-10,,,340.5207,,,,,232.694255,,
2017-10-11,,,341.292,,,,,231.935535,,
2017-10-12,,,342.0124,,,,,232.395336,,
2017-10-13,,,343.4075,,,,,233.032351,,
2017-10-16,,,344.6441,,,,,233.563673,,
2017-10-17,,,344.2588,,,,,234.219134,,
2017-10-18,,,344.1736,,,,,233.773877,,
2017-10-19,,,343.8035,,,,,232.63785,,
2017-10-20,,,345.0713,,,,,234.539595,,
2017-10-23,,,345.3021,,,,,234.651108,,
2017-10-24,,,345.4328,,,,,234.447562,,
2017-10-25,,,343.0146,,,,,232.684445,,
2017-10-26,,,346.1637,,,,,236.019718,,
2017-10-27,,,350.1929,,,,,238.289248,,
2017-10-30,,,350.4294,,,,,237.099534,,
2017-10-31,,,351.5801,,,,,237.351296,,
2017-11-01,,,352.7098,,,,,238.167754,,
2017-11-02,,,352.0128,,,,,237.440405,,
2017-11-03,,,354.2853,,,,,239.052126,,
2017-11-06,,,355.6945,,,,,239.346916,,
2017-11-07,,,356.2161,,,,,239.734394,,
2017-11-08,,,355.6979,,,,,239.736141,,
2017-11-09,,,352.4493,,,,,238.17816,,
2017-11-10,,,353.7046,,,,,237.320617,,
2017-11-13,,,353.0227,,,,,237.370146,,
2017-11-14,,,351.9788,,,,,234.502171,,
2017-11-15,,,349.8236,,,,,234.121272,,
2017-11-16,,,352.5669,,,,,235.643718,,
2017-11-17,,,351.9851,,,,,234.956507,,
2017-11-20,,,354.115,,,,,236.263149,,
2017-11-21,,,356.9274,,,,,237.165374,,
2017-11-22,,,355.3719,,,,,235.508636,,
2017-11-24,,,355.2241,,,,,233.705743,,
2017-11-27,,,353.8432,,,,,234.244523,,
2017-11-28,,,355.6685,,,,,236.87668,,
2017-11-29,,,350.2171,,,,,236.367079,,
2017-11-30,,,351.8117,,,,,236.327599,,
2017-12-01,,,350.3116,,,,,236.480689,,
2017-12-04,,,346.6443,,,,,236.902739,,
2017-12-05,,,346.3572,,,,,237.267715,,
2017-12-06,,,346.226,,,,,237.989198,,
2017-12-07,,,347.6372,,,,,238.779445,,
2017-12-08,,,349.0498,,,,,239.595291,,
2017-12-11,,,349.7269,,,,,240.014639,,
2017-12-12,,,349.4644,,,,,240.76993,,
2017-12-13,,,348.9198,,,,,239.31275,,
2017-12-14,,,349.0668,,,,,239.717384,,
2017-12-15,,,351.3951,,,,,241.596729,,
2017-12-18,,,354.7717,,,,,241.662262,,
2017-12-19,,,352.8455,,,,,239.663798,,
2017-12-20,,,352.628,,,,,238.712948,,
2017-12-21,,,353.0753,,,,,239.02788,,
2017-12-22,,,353.13,,,,,239.344915,,
2017-12-26,,,353.7468,,,,,239.268858,,
2017-12-27,,,354.5782,,,,,239.068672,,
2017-12-28,,,354.5265,,,,,238.170914,,
2017-12-29,,,352.536,,,,,236.492394,,
2018-01-02,,,355.4131,,,,,236.318056,,
2018-01-03,,,360.7316,,,,,238.089558,,
2018-01-04,,,362.6033,,,,,237.568583,,
2018-01-05,,,365.4379,,,,,239.262882,,
2018-01-08,,,368.0747,,,,,240.712859,,
2018-01-09,,,368.8539,,,,,241.386987,,
2018-01-10,,,368.1175,,,,,240.940051,,
2018-01-11,,,369.1075,,,,,240.340485,,
2018-01-12,,,369.7073,,,,,237.880536,,
2018-01-16,,,368.2205,,,,,236.324157,,
2018-01-17,,,372.7413,,,,,239.035931,,
2018-01-18,,,371.8722,,,,,237.562261,,
2018-01-19,,,373.2193,,,,,238.45366,,
2018-01-22,,,374.9644,,,,,238.647256,,
2018-01-23,,,376.4475,,,,,238.47737,,
2018-01-24,,,374.9036,,,,,236.22953,,
2018-01-25,,,374.3709,,,,,236.805447,,
2018-01-26,,,377.7461,,,,,237.584511,,
2018-01-29,,,377.4682,,,,,237.38661,,
2018-01-30,,,374.0984,,,,,235.370084,,
2018-01-31,,,373.2693,,,,,235.308806,,
2018-02-01,,,370.9935,,,,,233.074628,,
2018-02-02,,,364.5799,,,,,230.731587,,
2018-02-05,,,355.5222,,,,,226.930436,,
2018-02-06,,,366.4231,,,,,229.159233,,
2018-02-07,,,363.199,,,,,230.32688,,
2018-02-08,,,360.2272,,,,,225.285422,,
2018-02-09,,,364.9891,,,,,227.148782,,
2018-02-12,,,364.3635,,,,,228.398384,,
2018-02-13,,,365.1076,,,,,227.678698,,
2018-02-14,,,365.1045,,,,,227.382567,,
2018-02-15,,,365.3351,,,,,228.196594,,
2018-02-16,,,365.1008,,,,,230.198574,,
2018-02-20,,,365.8849,,,,,230.588908,,
2018-02-21,,,363.9106,,,,,230.614662,,
2018-02-22,,,364.7919,,,,,229.921538,,
2018-02-23,,,367.6621,,,,,233.043594,,
2018-02-26,,,367.5496,,,,,234.279124,,
2018-02-27,,,366.9354,,,,,233.936008,,
2018-02-28,,,366.1948,,,,,233.515884,,
2018-03-01,,,363.755,,,,,230.17142,,
2018-03-02,,,364.992,,,,,229.816338,,
2018-03-05,,,364.3951,,,,,230.981123,,
2018-03-06,,,366.5098,,,,,230.096936,,
2018-03-07,,,366.4499,,,,,229.882073,,
2018-03-08,,,366.9015,,,,,232.569805,,
2018-03-09,,,368.9218,,,,,234.971095,,
2018-03-12,,,369.2812,,,,,234.275747,,
2018-03-13,,,368.1679,,,,,232.447497,,
2018-03-14,,,368.6164,,,,,232.303181,,
2018-03-15,,,368.4708,,,,,233.333999,,
2018-03-16,,,367.9552,,,,,233.749875,,
2018-03-19,,,365.6725,,,,,230.8653,,
2018-03-20,,,367.648,,,,,232.725181,,
2018-03-21,,,368.0485,,,,,230.626229,,
2018-03-22,,,363.8661,,,,,228.014702,,
2018-03-23,,,360.3624,,,,,224.16285,,
2018-03-26,,,366.0775,,,,,226.156606,,
2018-03-27,,,361.8386,,,,,224.851784,,
2018-03-28,,,362.4086,,,,,226.222035,,
2018-03-29,,,364.5515,,,,,228.355182,,
2018-04-02,,,360.7103,,,,,225.287008,,
2018-04-03,,,364.3318,,,,,227.511331,,
2018-04-04,,,366.397,,,,,228.851685,,
2018-04-05,,,364.219,,,,,230.530875,,
2018-04-06,,,361.2611,,,,,226.918411,,
2018-04-09,,,361.6824,,,,,226.901026,,
2018-04-10,,,367.0659,,,,,228.354304,,
2018-04-11,,,366.9719,,,,,227.504039,,
2018-04-12,,,368.2252,,,,,229.175397,,
2018-04-13,,,367.3316,,,,,228.730395,,
2018-04-16,,,366.9819,,,,,228.959657,,
2018-04-17,,,368.6606,,,,,230.63866,,
2018-04-18,,,367.9872,,,,,230.401388,,
2018-04-19,,,365.2344,,,,,229.943581,,
2018-04-20,,,363.7236,,,,,229.618508,,
2018-04-23,,,362.8151,,,,,231.008074,,
2018-04-24,,,360.2347,,,,,228.580113,,
2018-04-25,,,360.7206,,,,,230.143558,,
2018-04-26,,,363.5897,,,,,232.79325,,
2018-04-27,,,363.9927,,,,,232.593331,,
2018-04-30,,,362.0255,,,,,232.477679,,
2018-05-01,,,361.9272,,,,,234.313331,,
2018-05-02,,,361.3753,,,,,234.170672,,
2018-05-03,,,363.3856,,,,,233.2351,,
2018-05-04,,,365.1107,,,,,235.673165,,
2018-05-07,,,366.7935,,,,,236.849844,,
2018-05-08,,,367.8336,,,,,237.906187,,
2018-05-09,,,369.0587,,,,,239.442146,,
2018-05-10,,,370.8621,,,,,239.687807,,
2018-05-11,,,370.5041,,,,,239.714419,,
2018-05-14,,,368.8903,,,,,239.924839,,
2018-05-15,,,366.8156,,,,,240.294924,,
2018-05-16,,,367.445,,,,,241.424908,,
2018-05-17,,,367.2516,,,,,241.454864,,
2018-05-18,,,367.7376,,,,,241.842872,,
2018-05-21,,,369.0437,,,,,242.47765,,
2018-05-22,,,367.5549,,,,,242.341346,,
2018-05-23,,,370.0079,,,,,244.7211,,
2018-05-24,,,370.254,,,,,244.197517,,
2018-05-25,,,369.6001,,,,,245.555673,,
2018-05-29,,,371.3,,,,,246.808554,,
2018-05-30,,,372.8952,,,,,245.946954,,
2018-05-31,,,372.1138,,,,,244.34949,,
2018-06-01,,,372.5271,,,,,246.353785,,
2018-06-04,,,372.2302,,,,,245.968143,,
2018-06-05,,,372.9456,,,,,245.752169,,
2018-06-06,,,372.6073,,,,,245.572267,,
2018-06-07,,,372.8693,,,,,245.255209,,
2018-06-08,,,373.5768,,,,,246.220976,,
2018-06-11,,,373.4741,,,,,245.985356,,
2018-06-12,,,373.4866,,,,,246.985976,,
2018-06-13,,,373.1144,,,,,245.443248,,
2018-06-14,,,375.8454,,,,,250.85648,,
2018-06-15,,,374.0075,,,,,249.84516,,
2018-06-18,,,373.728,,,,,249.198819,,
2018-06-19,,,372.9001,,,,,249.47419,,
2018-06-20,,,372.2369,,,,,249.922149,,
2018-06-21,,,370.6153,,,,,248.317322,,
2018-06-22,,,370.0109,,,,,247.549543,,
2018-06-25,,,367.6241,,,,,244.477022,,
2018-06-26,,,368.7237,,,,,246.149728,,
2018-06-27,,,367.9991,,,,,247.081592,,
2018-06-28,,,369.6697,,,,,247.610797,,
2018-06-29,,,368.0842,,,,,245.485686,,
2018-07-02,,,369.0324,,,,,246.604249,,
2018-07-03,,,367.9745,,,,,245.894439,,
2018-07-05,,,369.8756,,,,,246.50283,,
2018-07-06,,,370.836,,,,,246.753945,,
2018-07-09,,,371.5743,,,,,247.82572,,
2018-07-10,,,372.0224,,,,,248.420553,,
2018-07-11,,,369.8824,,,,,248.876218,,
2018-07-12,,,371.9023,,,,,250.400608,,
2018-07-13,,,371.5378,,,,,250.322271,,
2018-07-16,,,370.4353,,,,,249.495967,,
2018-07-17,,,370.5666,,,,,251.154231,,
2018-07-18,,,370.9686,,,,,251.914111,,
2018-07-19,,,370.9777,,,,,251.444194,,
2018-07-20,,,369.0721,,,,,249.400308,,
2018-07-23,,,367.9574,,,,,249.906006,,
2018-07-24,,,368.8151,,,,,250.990119,,
2018-07-25,,,369.928,,,,,251.330703,,
2018-07-26,,,369.6983,,,,,252.751857,,
2018-07-27,,,368.3638,,,,,251.558968,,
2018-07-30,,,365.8272,,,,,249.561412,,
2018-07-31,,,367.0467,,,,,250.694792,,
2018-08-01,,,365.2489,,,,,251.018882,,
2018-08-02,,,366.5899,,,,,253.507701,,
2018-08-03,,,367.4616,,,,,254.796451,,
2018-08-06,,,367.8727,,,,,255.688781,,
2018-08-07,,,367.8437,,,,,255.020437,,
2018-08-08,,,367.7024,,,,,254.703356,,
2018-08-09,,,368.0723,,,,,256.479806,,
2018-08-10,,,368.6027,,,,,258.258191,,
2018-08-13,,,367.0606,,,,,257.769134,,
2018-08-14,,,368.8272,,,,,260.157954,,
2018-08-15,,,365.7679,,,,,259.115727,,
2018-08-16,,,365.6154,,,,,259.699877,,
2018-08-17,,,364.9402,,,,,258.958035,,
2018-08-20,,,366.3443,,,,,258.475289,,
2018-08-21,,,366.7944,,,,,256.763682,,
2018-08-22,,,368.8923,,,,,256.173476,,
2018-08-23,,,369.0492,,,,,257.216532,,
2018-08-24,,,371.6018,,,,,256.442581,,
2018-08-27,,,373.0443,,,,,256.24716,,
2018-08-28,,,372.4098,,,,,255.772423,,
2018-08-29,,,374.7242,,,,,256.296748,,
2018-08-30,,,374.3184,,,,,256.502904,,
2018-08-31,,,374.3677,,,,,258.051052,,
2018-09-04,,,373.8978,,,,,258.11723,,
2018-09-05,,,371.4191,,,,,256.573616,,
2018-09-06,,,370.4454,,,,,256.422142,,
2018-09-07,,,369.6174,,,,,257.339493,,
2018-09-10,,,370.0908,,,,,256.818525,,
2018-09-11,,,370.2172,,,,,256.871465,,
2018-09-12,,,369.8765,,,,,256.496251,,
2018-09-13,,,369.9182,,,,,256.061638,,
2018-09-14,,,370.636,,,,,257.410322,,
2018-09-17,,,369.0906,,,,,255.24412,,
2018-09-18,,,369.4869,,,,,256.258724,,
2018-09-19,,,369.2852,,,,,256.055718,,
2018-09-20,,,370.0148,,,,,255.138619,,
2018-09-21,,,369.7654,,,,,255.740829,,
2018-09-24,,,370.2618,,,,,255.115677,,
2018-09-25,,,370.6056,,,,,254.525616,,
2018-09-26,,,370.6623,,,,,254.928718,,
2018-09-27,,,371.1962,,,,,257.543555,,
2018-09-28,,,373.0383,,,,,258.289018,,
2018-10-01,,,374.5384,,,,,259.355552,,
2018-10-02,,,374.9669,,,,,260.088651,,
2018-10-03,,,374.2576,,,,,261.243899,,
2018-10-04,,,370.6528,,,,,258.896951,,
2018-10-05,,,368.0483,,,,,257.677311,,
2018-10-08,,,366.1038,,,,,258.276603,,
2018-10-09,,,366.1119,,,,,258.213592,,
2018-10-10,,,356.01,,,,,252.674347,,
2018-10-11,,,354.0933,,,,,248.01423,,
2018-10-12,,,358.1223,,,,,250.877474,,
2018-10-15,,,355.2517,,,,,249.506055,,
2018-10-16,,,360.0885,,,,,252.960209,,
2018-10-17,,,360.3337,,,,,254.381512,,
2018-10-18,,,358.3115,,,,,253.161988,,
2018-10-19,,,355.5482,,,,,251.66834,,
2018-10-22,,,356.4856,,,,,252.051174,,
2018-10-23,,,355.8814,,,,,251.277591,,
2018-10-24,,,349.204,,,,,248.654898,,
2018-10-25,,,351.0392,,,,,251.630009,,
2018-10-26,,,351.2439,,,,,248.567906,,
2018-10-29,,,348.1505,,,,,248.304862,,
2018-10-30,,,350.5618,,,,,251.024024,,
2018-10-31,,,351.0041,,,,,253.291558,,
2018-11-01,,,352.947,,,,,252.755741,,
2018-11-02,,,351.7214,,,,,252.028567,,
2018-11-05,,,351.8262,,,,,252.493299,,
2018-11-06,,,351.6639,,,,,253.043734,,
2018-11-07,,,353.6997,,,,,256.374351,,
2018-11-08,,,352.2184,,,,,257.315793,,
2018-11-09,,,350.4343,,,,,256.56974,,
2018-11-12,,,347.3594,,,,,256.518417,,
2018-11-13,,,346.6741,,,,,254.655161,,
2018-11-14,,,346.7572,,,,,253.223661,,
2018-11-15,,,347.8749,,,,,254.518698,,
2018-11-16,,,349.2709,,,,,253.052353,,
2018-11-19,,,346.9898,,,,,249.678722,,
2018-11-20,,,344.2575,,,,,248.675366,,
2018-11-21,,,345.6788,,,,,248.929452,,
2018-11-23,,,344.7828,,,,,248.95369,,
2018-11-26,,,346.7198,,,,,251.522665,,
2018-11-27,,,346.3535,,,,,252.972573,,
2018-11-28,,,348.8509,,,,,254.875671,,
2018-11-29,,,349.6264,,,,,253.995754,,
2018-11-30,,,350.2352,,,,,256.574435,,
2018-12-03,,,354.8114,,,,,258.007732,,
2018-12-04,,,351.7308,,,,,253.482284,,
2018-12-06,,,349.0788,,,,,252.739109,,
2018-12-07,,,347.1302,,,,,248.994297,,
2018-12-10,,,346.8268,,,,,250.167036,,
2018-12-11,,,347.4191,,,,,251.090398,,
2018-12-12,,,348.5154,,,,,250.622495,,
2018-12-13,,,348.1207,,,,,250.869892,,
2018-12-14,,,345.0706,,,,,249.280438,,
2018-12-17,,,343.2935,,,,,245.55887,,
2018-12-18,,,343.5067,,,,,245.405197,,
2018-12-19,,,342.351,,,,,242.961156,,
2018-12-20,,,339.9226,,,,,239.032605,,
2018-12-21,,,336.8779,,,,,237.626382,,
2018-12-24,,,334.5981,,,,,233.306076,,
2018-12-26,,,340.1671,,,,,241.214118,,
2018-12-27,,,341.8696,,,,,240.844823,,
2018-12-28,,,343.1064,,,,,240.767832,,
2018-12-31,,,344.9322,,,,,242.182079,,
2019-01-02,,,346.032,,,,,244.591156,,
2019-01-03,,,343.9515,,,,,240.42267,,
2019-01-04,,,347.524,,,,,244.89112,,
2019-01-07,,,349.0656,,,,,244.214378,,
2019-01-08,,,350.4667,,,,,246.256401,,
2019-01-09,,,352.4855,,,,,244.848971,,
2019-01-10,,,351.8271,,,,,246.164138,,
2019-01-11,,,352.1089,,,,,247.026168,,
2019-01-14,,,350.7994,,,,,246.006623,,
2019-01-15,,,352.2792,,,,,248.893375,,
2019-01-16,,,353.1008,,,,,249.81056,,
2019-01-17,,,353.9219,,,,,250.940757,,
2019-01-18,,,354.6376,,,,,253.470364,,
2019-01-22,,,353.1665,,,,,251.551912,,
2019-01-23,,,353.0716,,,,,251.472929,,
2019-01-24,,,354.4501,,,,,253.43322,,
2019-01-25,,,356.6868,,,,,252.425933,,
2019-01-28,,,354.8303,,,,,250.770918,,
2019-01-29,,,356.2945,,,,,250.720754,,
2019-01-30,,,359.5961,,,,,252.257317,,
2019-01-31,,,362.2359,,,,,254.621335,,
2019-02-01,,,362.4567,,,,,254.31879,,
2019-02-04,,,363.1825,,,,,255.702856,,
2019-02-05,,,365.5517,,,,,257.27212,,
2019-02-06,,,364.4824,,,,,257.978131,,
2019-02-07,,,363.109,,,,,257.059976,,
2019-02-08,,,364.1408,,,,,257.919818,,
2019-02-11,,,364.5374,,,,,258.923638,,
2019-02-12,,,366.6747,,,,,259.819925,,
2019-02-13,,,367.4929,,,,,261.607733,,
2019-02-14,,,368.4787,,,,,260.632198,,
2019-02-15,,,371.2458,,,,,262.504138,,
2019-02-19,,,372.6524,,,,,261.686493,,
2019-02-20,,,372.3077,,,,,262.103169,,
2019-02-21,,,369.5863,,,,,261.351196,,
2019-02-22,,,371.7546,,,,,262.68139,,
2019-02-25,,,371.7772,,,,,262.251033,,
2019-02-26,,,372.3576,,,,,261.534468,,
2019-02-27,,,370.7745,,,,,261.66784,,
2019-02-28,,,370.0883,,,,,261.169324,,
2019-03-01,,,369.9452,,,,,262.157053,,
2019-03-04,,,369.9604,,,,,262.262612,,
2019-03-05,,,370.1249,,,,,262.848872,,
2019-03-06,,,369.2604,,,,,262.082417,,
2019-03-07,,,368.674,,,,,263.69179,,
2019-03-08,,,368.7902,,,,,262.612421,,
2019-03-11,,,370.7587,,,,,264.609393,,
2019-03-12,,,372.433,,,,,264.421684,,
2019-03-13,,,374.0206,,,,,264.494157,,
2019-03-14,,,372.8117,,,,,264.759254,,
2019-03-15,,,374.8122,,,,,265.327142,,
2019-03-18,,,375.4688,,,,,265.607359,,
2019-03-19,,,375.8308,,,,,265.234769,,
2019-03-20,,,376.9204,,,,,263.741215,,
2019-03-21,,,379.042,,,,,266.488651,,
2019-03-22,,,377.0758,,,,,265.655049,,
2019-03-25,,,377.7386,,,,,265.465827,,
2019-03-26,,,379.2293,,,,,267.751458,,
2019-03-27,,,378.7681,,,,,267.654272,,
2019-03-28,,,379.2511,,,,,268.860763,,
2019-03-29,,,380.8147,,,,,269.921153,,
2019-04-01,,,381.6386,,,,,271.464002,,
2019-04-02,,,382.1449,,,,,271.855524,,
2019-04-03,,,381.5064,,,,,271.239461,,
2019-04-04,,,381.8275,,,,,272.058384,,
2019-04-05,,,383.2342,,,,,273.045522,,
2019-04-08,,,383.465,,,,,271.958872,,
2019-04-09,,,383.1742,,,,,271.213364,,
2019-04-10,,,384.6224,,,,,271.687205,,
2019-04-11,,,383.3049,,,,,272.008644,,
2019-04-12,,,383.8312,,,,,271.785866,,
2019-04-15,,,384.1206,,,,,271.551384,,
2019-04-16,,,382.9157,,,,,272.021443,,
2019-04-17,,,381.8589,,,,,271.30325,,
2019-04-18,,,382.5094,,,,,273.331746,,
2019-04-22,,,382.4135,,,,,272.652524,,
2019-04-23,,,384.6545,,,,,275.048107,,
2019-04-24,,,385.3273,,,,,276.756127,,
2019-04-25,,,384.8061,,,,,277.193724,,
2019-04-26,,,385.8296,,,,,277.984565,,
2019-04-29,,,384.7577,,,,,276.913674,,
2019-04-30,,,385.774,,,,,276.323103,,
2019-05-01,,,383.9104,,,,,275.686944,,
2019-05-02,,,382.0406,,,,,275.648624,,
2019-05-03,,,384.097,,,,,276.699266,,
2019-05-06,,,383.6415,,,,,276.195619,,
2019-05-07,,,380.9958,,,,,273.778109,,
2019-05-08,,,380.5924,,,,,273.499435,,
2019-05-09,,,380.0165,,,,,272.517496,,
2019-05-10,,,380.9055,,,,,272.929276,,
2019-05-13,,,377.3331,,,,,269.232848,,
2019-05-14,,,379.851,,,,,271.225226,,
2019-05-15,,,381.6869,,,,,272.438578,,
2019-05-16,,,383.0575,,,,,274.489976,,
2019-05-17,,,381.2474,,,,,273.86018,,
2019-05-20,,,378.9374,,,,,272.39923,,
2019-05-21,,,380.4297,,,,,274.044121,,
2019-05-22,,,380.4253,,,,,273.922217,,
2019-05-23,,,378.4065,,,,,271.473118,,
2019-05-24,,,379.2305,,,,,271.34503,,
2019-05-28,,,379.036,,,,,271.041779,,
2019-05-29,,,377.3196,,,,,270.691384,,
2019-05-30,,,380.1113,,,,,271.472962,,
2019-05-31,,,379.5665,,,,,268.82775,,
2019-06-03,,,380.7466,,,,,266.95643,,
2019-06-04,,,383.261,,,,,270.067009,,
2019-06-05,,,385.0611,,,,,272.153791,,
2019-06-06,,,387.0688,,,,,271.863952,,
2019-06-07,,,390.848,,,,,272.446391,,
2019-06-10,,,390.611,,,,,273.406963,,
2019-06-11,,,390.8741,,,,,272.98807,,
2019-06-12,,,390.7698,,,,,273.776512,,
2019-06-13,,,392.5564,,,,,274.957034,,
2019-06-14,,,392.0582,,,,,276.445867,,
2019-06-17,,,393.0572,,,,,276.207523,,
2019-06-18,,,397.0593,,,,,278.857197,,
2019-06-19,,,397.8433,,,,,278.798954,,
2019-06-20,,,402.2313,,,,,278.956491,,
2019-06-21,,,400.4017,,,,,276.533905,,
2019-06-24,,,401.8243,,,,,275.812868,,
2019-06-25,,,400.1257,,,,,274.979819,,
2019-06-26,,,399.2795,,,,,274.510489,,
2019-06-27,,,400.3146,,,,,275.400184,,
2019-06-28,,,402.4185,,,,,276.227545,,
2019-07-01,,,403.1293,,,,,279.854601,,
2019-07-02,,,405.6553,,,,,280.499055,,
2019-07-03,,,408.4991,,,,,282.200249,,
2019-07-05,,,405.6284,,,,,282.878705,,
2019-07-08,,,404.3544,,,,,282.13755,,
2019-07-09,,,404.9008,,,,,282.473807,,
2019-07-10,,,406.2915,,,,,282.283163,,
2019-07-11,,,405.1095,,,,,282.189472,,
2019-07-12,,,406.6233,,,,,282.658724,,
2019-07-15,,,407.6236,,,,,283.183365,,
2019-07-16,,,406.1317,,,,,283.736175,,
2019-07-17,,,406.6302,,,,,282.499555,,
2019-07-18,,,407.8108,,,,,281.976334,,
2019-07-19,,,406.4188,,,,,282.333806,,
2019-07-22,,,407.389,,,,,283.166201,,
2019-07-23,,,407.8985,,,,,285.726812,,
2019-07-24,,,409.6529,,,,,286.996505,,
2019-07-25,,,406.5919,,,,,285.840458,,
2019-07-26,,,408.5194,,,,,287.574832,,
2019-07-29,,,407.5703,,,,,286.790689,,
2019-07-30,,,406.2192,,,,,286.096572,,
2019-07-31,,,404.406,,,,,286.322312,,
2019-08-01,,,405.4793,,,,,285.482375,,
2019-08-02,,,400.4982,,,,,283.67726,,
2019-08-05,,,391.7594,,,,,276.650094,,
2019-08-06,,,395.9418,,,,,279.382819,,
2019-08-07,,,397.4312,,,,,279.411134,,
2019-08-08,,,404.7406,,,,,283.284659,,
2019-08-09,,,401.0566,,,,,281.523027,,
2019-08-12,,,400.3196,,,,,279.48804,,
2019-08-13,,,403.71,,,,,283.013248,,
2019-08-14,,,397.1594,,,,,279.166582,,
2019-08-15,,,398.0052,,,,,280.913919,,
2019-08-16,,,401.1435,,,,,283.740973,,
2019-08-19,,,403.8544,,,,,285.796327,,
2019-08-20,,,403.5019,,,,,284.245466,,
2019-08-21,,,406.4317,,,,,285.963186,,
2019-08-22,,,405.5636,,,,,285.741573,,
2019-08-23,,,399.9323,,,,,280.321833,,
2019-08-26,,,402.2418,,,,,283.085741,,
2019-08-27,,,403.7577,,,,,283.026825,,
2019-08-28,,,404.5827,,,,,284.56378,,
2019-08-29,,,407.7374,,,,,287.214994,,
2019-08-30,,,408.4343,,,,,289.049046,,
2019-09-03,,,406.81,,,,,288.403736,,
2019-09-04,,,410.1133,,,,,288.907407,,
2019-09-05,,,411.7469,,,,,290.66516,,
2019-09-06,,,412.4669,,,,,291.17591,,
2019-09-09,,,410.0605,,,,,290.183857,,
2019-09-10,,,405.5014,,,,,289.618097,,
2019-09-11,,,407.8663,,,,,291.746129,,
2019-09-12,,,408.9033,,,,,290.758194,,
2019-09-13,,,406.1993,,,,,289.731535,,
2019-09-16,,,407.5287,,,,,291.407851,,
2019-09-17,,,410.1096,,,,,290.112282,,
2019-09-18,,,409.8745,,,,,291.483106,,
2019-09-19,,,410.1958,,,,,291.340578,,
2019-09-20,,,410.1055,,,,,291.553306,,
2019-09-23,,,409.9816,,,,,292.209828,,
2019-09-24,,,409.5257,,,,,290.43756,,
2019-09-25,,,408.591,,,,,293.04809,,
2019-09-26,,,409.0067,,,,,293.488671,,
2019-09-27,,,406.7416,,,,,292.13562,,
2019-09-30,,,407.6208,,,,,294.135732,,
2019-10-01,,,404.3455,,,,,291.311935,,
2019-10-02,,,398.7749,,,,,287.6023,,
2019-10-03,,,402.2278,,,,,289.330322,,
2019-10-04,,,406.4633,,,,,291.537729,,
2019-10-07,,,404.6838,,,,,290.631685,,
2019-10-08,,,400.2988,,,,,288.325417,,
2019-10-09,,,403.2144,,,,,289.512741,,
2019-10-10,,,404.2058,,,,,289.393084,,
2019-10-11,,,406.8538,,,,,290.026052,,
2019-10-14,,,407.6431,,,,,290.299421,,
2019-10-15,,,408.9855,,,,,291.445712,,
2019-10-16,,,406.8714,,,,,290.343818,,
2019-10-17,,,407.055,,,,,289.444291,,
2019-10-18,,,404.6939,,,,,287.595732,,
2019-10-21,,,407.5981,,,,,288.981437,,
2019-10-22,,,406.3783,,,,,289.211236,,
2019-10-23,,,407.0379,,,,,289.669318,,
2019-10-24,,,409.3732,,,,,290.674896,,
2019-10-25,,,410.3964,,,,,291.879614,,
2019-10-28,,,410.5858,,,,,292.082713,,
2019-10-29,,,410.9504,,,,,291.721133,,
2019-10-30,,,412.3143,,,,,291.581259,,
2019-10-31,,,413.0179,,,,,291.532475,,
2019-11-01,,,417.342,,,,,292.843875,,
2019-11-04,,,419.6356,,,,,294.219891,,
2019-11-05,,,417.1538,,,,,295.01637,,
2019-11-06,,,417.4872,,,,,295.451263,,
2019-11-07,,,417.5419,,,,,295.945001,,
2019-11-08,,,416.6627,,,,,297.190469,,
2019-11-11,,,415.9122,,,,,296.459106,,
2019-11-12,,,417.7431,,,,,297.603648,,
2019-11-13,,,419.3587,,,,,297.940181,,
2019-11-14,,,420.7263,,,,,298.137556,,
2019-11-15,,,422.8566,,,,,298.613171,,
2019-11-18,,,422.7883,,,,,298.36818,,
2019-11-19,,,423.4806,,,,,298.219407,,
2019-11-20,,,423.8134,,,,,298.009751,,
2019-11-21,,,422.7252,,,,,297.917601,,
2019-11-22,,,422.7999,,,,,299.474917,,
2019-11-25,,,425.7319,,,,,301.118254,,
2019-11-26,,,427.1168,,,,,301.501697,,
2019-11-27,,,427.8348,,,,,302.74325,,
2019-11-29,,,426.8247,,,,,301.469696,,
2019-12-02,,,421.9264,,,,,298.083734,,
2019-12-03,,,422.0063,,,,,297.362645,,
2019-12-04,,,424.3119,,,,,298.355541,,
2019-12-05,,,424.0895,,,,,297.837553,,
2019-12-06,,,426.8775,,,,,300.476545,,
2019-12-09,,,425.5235,,,,,299.883781,,
2019-12-10,,,424.7003,,,,,298.869319,,
2019-12-11,,,425.8764,,,,,298.704626,,
2019-12-12,,,427.3084,,,,,299.791724,,
2019-12-13,,,428.9676,,,,,300.616665,,100.0
2019-12-16,,,431.0451,,,,,300.918987,,100.654489
2019-12-17,,,430.2068,,,,,300.824624,,100.074748
2019-12-18,,,429.5974,,,,,301.575404,,99.986002
2019-12-19,,,430.9224,,,,,302.262967,,100.161572
2019-12-20,,,432.7525,,,,,304.295587,,100.67875
2019-12-23,,,433.9401,,,,,304.124173,,100.502508
2019-12-24,,,434.5239,,,,,304.404631,,100.777155
2019-12-26,,,435.8735,,,,,305.174961,,100.851769
2019-12-27,,,435.4675,,,,,303.150445,,100.146878
2019-12-30,,,432.4949,,,,,301.494503,,99.870131
2019-12-31,,,432.5054,,,,,301.013768,,99.249414
2020-01-02,,,438.1561,,,,,304.396456,,101.104572
2020-01-03,,,437.6152,,,,,303.803005,,101.719685
2020-01-06,,,437.4966,,,,,303.29283,,101.230122
2020-01-07,,,437.7995,,,,,303.864817,,101.164696
2020-01-08,,,438.3214,,,,,305.978745,,101.47478
2020-01-09,,,440.5537,,,,,307.3506,,101.531983
2020-01-10,,,440.6204,,,,,306.707271,,102.130909
2020-01-13,,,442.2012,,,,,307.432812,,102.038436
2020-01-14,,,441.9196,,,,,307.459716,,102.281217
2020-01-15,,,444.1646,,,,,307.43381,,102.308167
2020-01-16,,,445.8608,,,,,309.330302,,102.251913
2020-01-17,,,447.1025,,,,,311.106932,,102.695472
2020-01-21,,,446.9718,,,,,311.282059,,102.753854
2020-01-22,,,447.3986,,,,,311.073017,,102.833888
2020-01-23,,,447.6274,,,,,312.617455,,103.397092
2020-01-24,,,447.5728,,,,,311.947243,,103.771146
2020-01-27,,,444.4359,,,,,309.47701,,103.461266
2020-01-28,,,445.7779,,,,,311.21173,,103.252796
2020-01-29,,,446.0327,,,,,311.695941,,104.023131
2020-01-30,,,447.4512,,,,,311.717068,,103.643986
2020-01-31,,,442.9399,,,,,306.908528,,102.930746
2020-02-03,,,445.116,,,,,309.219107,,103.022178
2020-02-04,,,446.3067,,,,,312.068782,,103.342974
2020-02-05,,,448.9325,,,,,315.346384,,103.830092
2020-02-06,,,449.2022,,,,,316.545267,,104.22866
2020-02-07,,,448.5833,,,,,317.001174,,104.770281
2020-02-10,,,450.8622,,,,,319.524545,,105.38565
2020-02-11,,,452.2934,,,,,319.574842,,105.466186
2020-02-12,,,453.759,,,,,321.930654,,105.940687
2020-02-13,,,454.7744,,,,,322.817207,,106.146175
2020-02-14,,,456.2684,,,,,323.548365,,106.481431
2020-02-18,,,457.6041,,,,,324.358567,,107.405109
2020-02-19,,,460.7775,,,,,324.885644,,107.524554
2020-02-20,,,459.6817,,,,,324.961584,,107.900347
2020-02-21,,,457.1453,,,,,321.33001,,107.573869
2020-02-24,,,449.178,,,,,315.182652,,106.794504
2020-02-25,,,441.0671,,,,,308.875496,,105.492554
2020-02-26,,,440.598,,,,,308.078358,,105.315685
2020-02-27,,,433.132,,,,,296.543906,,103.281449
2020-02-28,,,434.0067,,,,,295.998887,,103.047251
2020-03-02,,,438.5434,,,,,300.690049,,103.044017
2020-03-03,,,437.8296,,,,,295.396506,,104.062759
2020-03-04,,,445.1038,,,,,303.710131,,104.68896
2020-03-05,,,444.0282,,,,,295.291608,,104.308121
2020-03-06,,,450.9272,,,,,291.982604,,104.270173
2020-03-09,,,442.3535,,,,,274.45381,,100.364258
2020-03-10,,,446.8557,,,,,285.667806,,100.776736
2020-03-11,,,440.3851,,,,,275.949377,,97.788373
2020-03-12,,,442.0133,,,,,257.620103,,92.668417
2020-03-13,,,452.1159,,,,,274.429837,,94.405477
2020-03-16,,,449.0808,,,,,256.489527,,91.414876
2020-03-17,,,461.3453,,,,,266.534218,,91.155169
2020-03-18,,,467.3583,,,,,256.410833,,87.436047
2020-03-19,,,475.1347,,,,,264.302571,,88.238661
2020-03-20,,,459.6035,,,,,258.360332,,91.124886
2020-03-23,,,449.9004,,,,,256.164544,,93.385998
2020-03-24,,,447.9263,,,,,269.420565,,97.242448
2020-03-25,,,455.8609,,,,,270.540275,,97.833988
2020-03-26,,,459.0066,,,,,276.585057,,98.718547
2020-03-27,,,460.6297,,,,,269.627826,,96.579977
2020-03-30,,,465.0117,,,,,277.207513,,97.006557
2020-03-31,,,456.5905,,,,,274.772513,,96.826341
2020-04-01,,,456.7571,,,,,268.647621,,96.353997
2020-04-02,,,461.5979,,,,,275.184012,,99.046348
2020-04-03,,,460.6205,,,,,274.091265,,99.187555
2020-04-06,,,464.3886,,,,,286.05366,,102.053479
2020-04-07,,,462.431,,,,,283.785292,,100.700741
2020-04-08,,,466.3705,,,,,290.536548,,101.687764
2020-04-09,,,469.3323,,,,,292.677721,,102.095711
2020-04-13,,,468.8236,,,,,291.130376,,102.666996
2020-04-14,,,468.7502,,,,,294.352313,,102.516156
2020-04-15,,,469.1368,,,,,292.945457,,102.692267
2020-04-16,,,470.9893,,,,,295.916498,,103.077753
2020-04-17,,,474.1536,,,,,299.648258,,102.581075
2020-04-20,,,473.2687,,,,,296.589855,,102.498217
2020-04-21,,,476.5485,,,,,291.363301,,102.176488
2020-04-22,,,478.8575,,,,,296.139094,,103.456231
2020-04-23,,,481.1234,,,,,297.686542,,104.450136
2020-04-24,,,483.3624,,,,,298.865436,,104.378307
2020-04-27,,,478.288,,,,,300.722319,,104.314686
2020-04-28,,,477.8054,,,,,300.633611,,105.071867
2020-04-29,,,482.2875,,,,,303.962936,,105.592506
2020-04-30,,,479.5687,,,,,299.765024,,103.01581
2020-05-01,,,476.2134,,,,,294.285574,,101.988085
2020-05-04,,,478.2862,,,,,296.892075,,102.864302
2020-05-05,,,479.588,,,,,300.303794,,103.747947
2020-05-06,,,476.6931,,,,,299.818454,,102.958947
2020-05-07,,,483.13,,,,,301.277034,,104.040809
2020-05-08,,,483.2316,,,,,303.854833,,104.370228
2020-05-11,,,480.8313,,,,,304.32953,,103.856851
2020-05-12,,,478.7949,,,,,299.875288,,103.288715
2020-05-13,,,479.5945,,,,,297.684044,,103.382849
2020-05-14,,,483.2351,,,,,300.57188,,104.18138
2020-05-15,,,483.6145,,,,,301.12021,,104.239915
2020-05-18,,,484.1349,,,,,303.679921,,104.380316
2020-05-19,,,484.0685,,,,,301.752708,,104.077156
2020-05-20,,,487.9823,,,,,303.603504,,104.567131
2020-05-21,,,485.1477,,,,,303.252216,,104.427826
2020-05-22,,,487.1221,,,,,305.037851,,104.663434
2020-05-26,,,485.5496,,,,,304.783412,,103.812681
2020-05-27,,,484.0178,,,,,307.085085,,104.028783
2020-05-28,,,485.4336,,,,,304.616378,,103.456848
2020-05-29,,,487.1253,,,,,305.083854,,103.759078
2020-06-01,,,488.2238,,,,,304.819682,,104.033803
2020-06-02,,,489.0557,,,,,305.504554,,104.123317
2020-06-03,,,489.1245,,,,,305.892093,,103.414286
2020-06-04,,,487.5898,,,,,302.226805,,101.765442
2020-06-05,,,491.0289,,,,,308.261976,,102.901296
2020-06-08,,,493.5618,,,,,310.505708,,103.786298
2020-06-09,,,492.8399,,,,,308.038711,,103.427663
2020-06-10,,,495.2022,,,,,306.614642,,103.763464
2020-06-11,,,483.9541,,,,,297.723104,,102.288957
2020-06-12,,,485.5181,,,,,301.168001,,103.214897
2020-06-15,,,486.756,,,,,301.428125,,102.595937
2020-06-16,,,490.3585,,,,,306.295146,,103.315284
2020-06-17,,,490.804,,,,,305.97102,,103.381534
2020-06-18,,,492.7361,,,,,307.186819,,104.018171
2020-06-19,,,492.8774,,,,,307.058921,,104.495817
2020-06-22,,,493.4917,,,,,305.827923,,104.214279
2020-06-23,,,494.7352,,,,,305.384119,,104.185099
2020-06-24,,,489.1963,,,,,302.20624,,103.781543
2020-06-25,,,492.2576,,,,,305.192397,,104.61098
2020-06-26,,,490.4872,,,,,301.010521,,104.563724
2020-06-29,,,491.804,,,,,303.087445,,104.447815
2020-06-30,,,495.5022,,,,,305.753774,,104.756571
2020-07-01,,,495.7385,,,,,306.620949,,104.535356
2020-07-02,,,498.0154,,,,,308.098957,,105.342266
2020-07-06,,,501.1315,,,,,309.016928,,105.675685
2020-07-07,,,501.4037,,,,,308.271459,,106.12946
2020-07-08,,,502.4317,,,,,308.097873,,105.716859
2020-07-09,,,502.434,,,,,308.600388,,106.719377
2020-07-10,,,503.224,,,,,309.985724,,106.483348
2020-07-13,,,502.0799,,,,,307.112349,,106.103708
2020-07-14,,,504.8795,,,,,308.176087,,106.217858
2020-07-15,,,507.3662,,,,,309.560531,,106.565745
2020-07-16,,,505.7945,,,,,309.793182,,106.48233
2020-07-17,,,508.2184,,,,,309.33118,,106.438893
2020-07-20,,,512.0752,,,,,310.357403,,106.806089
2020-07-21,,,514.2662,,,,,308.685626,,106.752855
2020-07-22,,,517.3509,,,,,308.701267,,106.752733
2020-07-23,,,517.9458,,,,,305.935005,,106.849819
2020-07-24,,,514.2006,,,,,303.194375,,106.372468
2020-07-27,,,517.7848,,,,,301.919781,,106.16296
2020-07-28,,,517.0903,,,,,301.7768,,106.713025
2020-07-29,,,520.1046,,,,,302.173539,,106.579379
2020-07-30,,,517.0882,,,,,300.214752,,105.969407
2020-07-31,,,519.9497,,,,,303.517489,,106.278816
2020-08-03,,,523.2882,,,,,305.176646,,106.734311
2020-08-04,,,526.8324,,,,,305.074774,,107.536315
2020-08-05,,,528.8381,,,,,304.413149,,107.705385
2020-08-06,,,531.5927,,,,,305.461487,,107.970258
2020-08-07,,,529.5332,,,,,307.858346,,107.65499
2020-08-10,,,528.9339,,,,,309.497169,,108.408336
2020-08-11,,,520.677,,,,,307.574425,,106.490322
2020-08-12,,,522.7228,,,,,308.739584,,106.370857
2020-08-13,,,523.6193,,,,,307.187333,,106.05063
2020-08-14,,,521.4037,,,,,306.357553,,105.362288
2020-08-17,,,524.692,,,,,306.356536,,106.096342
2020-08-18,,,525.2085,,,,,305.345892,,106.098918
2020-08-19,,,521.077,,,,,306.835281,,105.729311
2020-08-20,,,521.196,,,,,306.998359,,105.737349
2020-08-21,,,521.134,,,,,309.513215,,106.390032
2020-08-24,,,523.4814,,,,,311.516408,,106.559931
2020-08-25,,,523.065,,,,,310.670463,,106.358311
2020-08-26,,,526.4912,,,,,312.642651,,106.732167
2020-08-27,,,522.8984,,,,,312.848454,,105.645222
2020-08-28,,,525.3129,,,,,312.072149,,105.581001
2020-08-31,,,524.646,,,,,310.805189,,105.452098
2020-09-01,,,528.0884,,,,,313.47054,,106.60729
2020-09-02,,,532.2427,,,,,317.953666,,107.392785
2020-09-03,,,522.6113,,,,,311.499828,,106.427009
2020-09-04,,,517.1582,,,,,309.768219,,106.07058
2020-09-08,,,511.0176,,,,,306.419991,,105.622406
2020-09-09,,,516.883,,,,,309.290147,,106.144077
2020-09-10,,,513.1471,,,,,305.772136,,105.4268
2020-09-11,,,513.5357,,,,,305.261919,,105.279358
2020-09-14,,,517.3139,,,,,307.183238,,105.823805
2020-09-15,,,518.9079,,,,,308.558683,,106.529965
2020-09-16,,,519.4323,,,,,308.558373,,106.583924
2020-09-17,,,516.9319,,,,,306.124206,,106.125562
2020-09-18,,,514.5727,,,,,304.133416,,105.611404
2020-09-21,,,508.4999,,,,,303.844324,,105.041166
2020-09-22,,,510.465,,,,,307.429631,,105.493514
2020-09-23,,,504.821,,,,,304.153499,,104.974681
2020-09-24,,,505.8459,,,,,304.427405,,105.012378
2020-09-25,,,508.8219,,,,,308.480008,,105.540951
2020-09-28,,,513.8529,,,,,310.69539,,106.170684
2020-09-29,,,513.4735,,,,,307.631571,,105.460017
2020-09-30,,,512.1515,,,,,309.444823,,105.446833
2020-10-01,,,514.9992,,,,,310.140762,,105.556392
2020-10-02,,,512.3052,,,,,309.042579,,105.550509
2020-10-05,,,514.4979,,,,,310.161,,104.7815
2020-10-06,,,511.396,,,,,308.86764,,104.871346
2020-10-07,,,514.0106,,,,,311.295862,,104.799591
2020-10-08,,,518.532,,,,,313.177298,,105.601565
2020-10-09,,,522.3124,,,,,312.982078,,105.630087
2020-10-12,,,527.2799,,,,,316.761477,,106.18589
2020-10-13,,,527.177,,,,,317.350722,,106.680975
2020-10-14,,,526.9123,,,,,316.188222,,106.666442
2020-10-15,,,525.1051,,,,,316.863208,,106.673042
2020-10-16,,,524.3223,,,,,316.523755,,106.394529
2020-10-19,,,519.6237,,,,,311.989926,,105.498379
2020-10-20,,,518.4515,,,,,311.26059,,104.978853
2020-10-21,,,517.2029,,,,,309.831678,,104.446021
2020-10-22,,,516.2046,,,,,311.646825,,104.178733
2020-10-23,,,517.9819,,,,,311.430095,,104.383686
2020-10-26,,,512.3718,,,,,309.412221,,104.537481
2020-10-27,,,512.8057,,,,,309.411293,,104.604211
2020-10-28,,,501.2541,,,,,304.141257,,103.361794
2020-10-29,,,503.7769,,,,,307.703869,,104.123177
2020-10-30,,,500.8118,,,,,306.173024,,103.697092
2020-11-02,,,506.3242,,,,,308.566616,,104.915345
2020-11-03,,,509.7498,,,,,309.911714,,104.790254
2020-11-04,,,520.3539,,,,,314.628204,,106.044075
2020-11-05,,,526.9971,,,,,315.731643,,106.866176
2020-11-06,,,525.2559,,,,,314.027024,,105.845996
2020-11-09,,,527.4596,,,,,317.419075,,105.44465
2020-11-10,,,523.4697,,,,,316.934014,,105.885042
2020-11-11,,,526.9565,,,,,319.384711,,106.152146
2020-11-12,,,526.7575,,,,,317.3674,,106.475535
2020-11-13,,,530.5145,,,,,319.169564,,106.854157
2020-11-16,,,535.0019,,,,,321.135655,,107.713807
2020-11-17,,,535.1766,,,,,320.04438,,107.718097
2020-11-18,,,532.5702,,,,,318.075529,,107.526061
2020-11-19,,,533.8102,,,,,318.558828,,107.50605
2020-11-20,,,535.1333,,,,,317.839514,,108.380873
2020-11-23,,,536.7326,,,,,319.396544,,108.639917
2020-11-24,,,539.7441,,,,,320.932801,,108.45417
2020-11-25,,,538.4878,,,,,320.002691,,108.143796
2020-11-27,,,540.0792,,,,,319.406481,,108.28918
2020-11-30,,,536.8654,,,,,319.771431,,107.435591
2020-12-01,,,539.8363,,,,,317.625693,,106.858014
2020-12-02,,,538.9042,,,,,316.677407,,106.452226
2020-12-03,,,542.063,,,,,316.169821,,106.819143
2020-12-04,,,544.2201,,,,,317.935117,,107.086819
2020-12-07,,,545.9455,,,,,318.136786,,107.60034
2020-12-08,,,548.1673,,,,,318.831253,,108.293104
2020-12-09,,,542.763,,,,,317.523138,,107.792831
2020-12-10,,,544.505,,,,,316.328227,,107.839179
2020-12-11,,,543.0696,,,,,316.877062,,108.054684
2020-12-14,,,541.8493,,,,,315.081126,,107.433556
2020-12-15,,,547.3944,,,,,317.532336,,108.127039
2020-12-16,,,547.9148,,,,,316.555261,,107.823185
2020-12-17,,,549.1803,,,,,315.820762,,107.640695
2020-12-18,,,548.1353,,,,,315.347591,,107.705791
2020-12-21,,,546.1446,,,,,314.970737,,107.432968
2020-12-22,,,547.0055,,,,,316.89957,,107.760588
2020-12-23,,,546.8541,,,,,316.402322,,107.941778
2020-12-24,,,549.104,,,,,317.368702,,108.189873
2020-12-28,,,550.7566,,,,,318.118062,,108.154414
2020-12-29,,,549.3756,,,,,316.929885,,107.75856
2020-12-30,,,551.37,,,,,316.088251,,107.992648
2020-12-31,,,553.3388,,,,,319.14015,,108.780697
2021-01-04,,,552.1756,,,,,315.662147,,109.392191
2021-01-05,,,554.0995,,,,,315.569099,,109.434331
2021-01-06,,,551.8778,,,,,315.275761,,108.731711
2021-01-07,,,557.24,,,,,319.356751,,109.317107
2021-01-08,,,556.8044,,,,,321.636458,,109.235075
2021-01-11,,,555.571,,,,,321.948942,,109.155789
2021-01-12,,,557.3098,,,,,320.617963,,109.51344
2021-01-13,,,559.1007,,,,,322.835741,,110.11663
2021-01-14,,,559.379,,,,,322.048888,,110.434406
2021-01-15,,,555.2134,,,,,322.809496,,110.105255
2021-01-19,,,559.0517,,,,,323.060724,,110.319519
2021-01-20,,,563.989,,,,,326.408508,,111.459875
2021-01-21,,,562.8693,,,,,324.866128,,110.720934
2021-01-22,,,561.1794,,,,,323.938986,,110.262907
2021-01-25,,,562.4655,,,,,325.93646,,111.10831
2021-01-26,,,560.2825,,,,,324.984067,,110.306927
2021-01-27,,,550.5038,,,,,321.587465,,109.479388
2021-01-28,,,552.9894,,,,,322.83099,,109.581927
2021-01-29,,,544.4653,,,,,318.486756,,108.174043
2021-02-01,,,552.0499,,,,,323.737106,,109.646972
2021-02-02,,,555.9694,,,,,326.723473,,110.011289
2021-02-03,,,555.3359,,,,,326.949597,,109.980044
2021-02-04,,,559.012,,,,,331.145472,,110.380892
2021-02-05,,,558.4001,,,,,329.354225,,109.796022
2021-02-08,,,564.8323,,,,,331.026809,,111.030786
2021-02-09,,,563.7022,,,,,328.982604,,110.479236
2021-02-10,,,564.6208,,,,,329.002617,,110.745183
2021-02-11,,,566.6908,,,,,328.873415,,110.377211
2021-02-12,,,568.9238,,,,,329.80117,,110.19144
2021-02-16,,,568.0411,,,,,329.364436,,110.039005
2021-02-17,,,567.1806,,,,,331.62413,,110.74726
2021-02-18,,,563.8239,,,,,329.208364,,108.943773
2021-02-19,,,565.6718,,,,,327.778115,,108.826278
2021-02-22,,,562.503,,,,,324.805707,,108.150731
2021-02-23,,,561.1347,,,,,325.17067,,108.023573
2021-02-24,,,564.8621,,,,,326.959993,,108.132604
2021-02-25,,,553.2645,,,,,320.857493,,105.812927
2021-02-26,,,555.0412,,,,,323.520888,,106.781567
2021-03-01,,,562.0292,,,,,328.744801,,107.080937
2021-03-02,,,558.6454,,,,,326.091049,,107.092053
2021-03-03,,,553.4159,,,,,323.780604,,106.471938
2021-03-04,,,546.1042,,,,,323.651872,,105.922059
2021-03-05,,,551.4793,,,,,328.668935,,107.19096
2021-03-08,,,548.5798,,,,,328.864164,,106.806667
2021-03-09,,,556.337,,,,,330.682033,,107.978305
2021-03-10,,,557.015,,,,,331.32909,,108.155454
2021-03-11,,,560.7829,,,,,331.799019,,108.259917
2021-03-12,,,558.0754,,,,,332.260147,,107.140685
2021-03-15,,,561.2582,,,,,334.30072,,107.920476
2021-03-16,,,560.6505,,,,,334.636118,,107.907798
2021-03-17,,,560.3061,,,,,333.184471,,107.110942
2021-03-18,,,554.3322,,,,,331.519268,,106.031102
2021-03-19,,,554.4107,,,,,331.613891,,106.58849
2021-03-22,,,558.6139,,,,,332.617592,,106.976246
2021-03-23,,,554.8104,,,,,333.695282,,107.448074
2021-03-24,,,556.2945,,,,,333.873394,,107.724594
2021-03-25,,,556.0163,,,,,336.319554,,108.17057
2021-03-26,,,564.2133,,,,,338.497144,,108.677317
2021-03-29,,,561.0254,,,,,338.99925,,107.997873
2021-03-30,,,560.8646,,,,,339.984435,,108.22945
2021-03-31,,,563.895,,,,,340.396959,,108.311834
2021-04-01,,,572.5534,,,,,341.725944,,108.892649
2021-04-05,,,575.429,,,,,343.387012,,108.90668
2021-04-06,,,576.9214,,,,,341.899738,,108.323345
2021-04-07,,,575.7093,,,,,342.265286,,108.32057
2021-04-08,,,578.4246,,,,,342.124562,,108.631815
2021-04-09,,,579.7519,,,,,343.893269,,108.162666
2021-04-12,,,577.513,,,,,343.559074,,107.827164
2021-04-13,,,579.716,,,,,343.502047,,108.096816
2021-04-14,,,578.5671,,,,,341.83426,,107.933728
2021-04-15,,,585.282,,,,,344.939619,,109.694781
2021-04-16,,,585.2226,,,,,344.777365,,109.701454
2021-04-19,,,580.9116,,,,,342.104454,,108.822557
2021-04-20,,,577.0034,,,,,340.869019,,108.350369
2021-04-21,,,581.9158,,,,,342.934721,,109.113016
2021-04-22,,,579.2165,,,,,341.655669,,109.129142
2021-04-23,,,583.2544,,,,,341.513862,,108.711847
2021-04-26,,,585.1676,,,,,342.143036,,109.195912
2021-04-27,,,583.3684,,,,,341.644312,,108.66814
2021-04-28,,,583.4112,,,,,340.665411,,109.001479
2021-04-29,,,585.0524,,,,,342.085192,,108.466666
2021-04-30,,,579.5984,,,,,343.775094,,108.787267
2021-05-03,,,581.6084,,,,,342.958019,,108.960301
2021-05-04,,,578.5039,,,,,343.306379,,109.420179
2021-05-05,,,583.1741,,,,,343.707587,,110.151172
2021-05-06,,,585.1559,,,,,343.648171,,110.35953
2021-05-07,,,589.3109,,,,,342.336919,,110.330898
2021-05-10,,,584.02,,,,,341.031807,,110.155547
2021-05-11,,,579.166,,,,,338.445418,,109.356365
2021-05-12,,,569.6034,,,,,335.810653,,108.321208
2021-05-13,,,573.4749,,,,,338.247919,,108.554497
2021-05-14,,,579.8428,,,,,339.80087,,109.145851
2021-05-17,,,578.323,,,,,339.060187,,109.547918
2021-05-18,,,574.7608,,,,,335.111386,,108.727293
2021-05-19,,,572.2603,,,,,335.828214,,108.329975
2021-05-20,,,577.216,,,,,336.876341,,108.359352
2021-05-21,,,578.2334,,,,,338.047339,,108.662707
2021-05-24,,,581.904,,,,,339.321721,,109.013208
2021-05-25,,,582.1354,,,,,338.244222,,109.346642
2021-05-26,,,583.1874,,,,,340.153769,,109.744038
2021-05-27,,,586.0863,,,,,340.064134,,109.998451
2021-05-28,,,586.8984,,,,,340.48689,,110.394707
2021-06-01,,,589.0768,,,,,339.644906,,111.061029
2021-06-02,,,591.5015,,,,,340.252815,,111.149291
2021-06-03,,,588.8424,,,,,341.478008,,110.986441
2021-06-04,,,594.6346,,,,,342.792041,,111.754008
2021-06-07,,,592.7885,,,,,341.850282,,111.328928
2021-06-08,,,594.5261,,,,,342.613122,,112.017462
2021-06-09,,,593.3267,,,,,342.432476,,112.240632
2021-06-10,,,595.5059,,,,,343.971572,,113.039775
2021-06-11,,,596.1248,,,,,345.938889,,113.267604
2021-06-14,,,595.7576,,,,,345.754186,,112.949351
2021-06-15,,,595.0131,,,,,345.228671,,112.451641
2021-06-16,,,592.718,,,,,347.396222,,112.645096
2021-06-17,,,592.1513,,,,,350.367157,,113.765366
2021-06-18,,,586.3644,,,,,349.162459,,114.341628
2021-06-21,,,591.639,,,,,350.209154,,113.438385
2021-06-22,,,594.1932,,,,,350.877595,,113.793716
2021-06-23,,,594.2432,,,,,350.875376,,114.064544
2021-06-24,,,597.4879,,,,,351.998491,,114.230787
2021-06-25,,,598.3615,,,,,352.361845,,114.13949
2021-06-28,,,600.2997,,,,,353.588757,,114.706735
2021-06-29,,,601.8984,,,,,354.578767,,114.800802
2021-06-30,,,602.9881,,,,,356.003683,,115.508258
2021-07-01,,,603.8602,,,,,357.34837,,115.805619
2021-07-02,,,607.7289,,,,,358.822137,,116.039167
2021-07-06,,,608.1284,,,,,360.117517,,116.881202
2021-07-07,,,611.2067,,,,,362.156803,,117.490334
2021-07-08,,,605.1887,,,,,358.966162,,116.476182
2021-07-09,,,610.1469,,,,,359.733674,,116.243334
2021-07-12,,,612.9273,,,,,360.95697,,117.081158
2021-07-13,,,611.8835,,,,,362.450295,,116.961977
2021-07-14,,,612.0706,,,,,361.469602,,117.102953
2021-07-15,,,610.501,,,,,361.772862,,117.784967
2021-07-16,,,604.8682,,,,,360.241412,,117.046516
2021-07-19,,,600.0017,,,,,357.927477,,117.254901
2021-07-20,,,605.7245,,,,,361.500279,,117.346683
2021-07-21,,,611.1699,,,,,362.358674,,117.042527
2021-07-22,,,613.718,,,,,363.769251,,118.020155
2021-07-23,,,617.1927,,,,,366.015275,,118.053253
2021-07-26,,,617.4008,,,,,365.335043,,118.425263
2021-07-27,,,614.8875,,,,,364.237572,,118.171988
2021-07-28,,,616.0081,,,,,363.468242,,118.57283
2021-07-29,,,617.9554,,,,,362.850938,,118.374441
2021-07-30,,,615.5519,,,,,362.534181,,118.161313
2021-08-02,,,615.3365,,,,,362.410881,,118.721731
2021-08-03,,,618.642,,,,,364.322783,,119.085314
2021-08-04,,,618.9681,,,,,364.04845,,119.021629
2021-08-05,,,621.3371,,,,,365.252852,,118.569246
2021-08-06,,,619.696,,,,,367.235759,,118.472096
2021-08-09,,,618.1975,,,,,367.508455,,118.310231
2021-08-10,,,618.5772,,,,,368.169147,,118.553982
2021-08-11,,,619.9127,,,,,368.259154,,118.697201
2021-08-12,,,620.5719,,,,,369.153468,,118.487574
2021-08-13,,,622.2604,,,,,368.045974,,118.664295
2021-08-16,,,622.4502,,,,,369.217593,,118.961034
2021-08-17,,,618.8688,,,,,369.787346,,118.702117
2021-08-18,,,615.1177,,,,,367.35896,,118.529081
2021-08-19,,,613.672,,,,,369.040374,,118.430122
2021-08-20,,,616.5728,,,,,370.022291,,118.175031
2021-08-23,,,623.7243,,,,,370.581412,,118.626448
2021-08-24,,,624.7073,,,,,370.381036,,118.855123
2021-08-25,,,625.0416,,,,,370.049293,,118.353327
2021-08-26,,,622.8758,,,,,369.350296,,118.154182
2021-08-27,,,630.6577,,,,,370.343243,,119.433308
2021-08-30,,,632.5845,,,,,371.469682,,119.482807
2021-08-31,,,630.2885,,,,,370.542263,,119.031308
2021-09-01,,,630.9435,,,,,369.741497,,118.997501
2021-09-02,,,633.028,,,,,369.457535,,118.97099
2021-09-03,,,631.8756,,,,,369.055555,,118.659981
2021-09-07,,,628.8902,,,,,369.09426,,118.339017
2021-09-08,,,626.73,,,,,369.864179,,118.538975
2021-09-09,,,628.1461,,,,,369.053681,,119.315802
2021-09-10,,,627.6145,,,,,367.489341,,118.972767
2021-09-13,,,628.3331,,,,,368.190853,,119.121159
2021-09-14,,,628.838,,,,,367.572857,,119.589714
2021-09-15,,,631.8004,,,,,368.862313,,119.676019
2021-09-16,,,630.6875,,,,,369.828666,,119.57373
2021-09-17,,,624.5174,,,,,368.804787,,118.925446
2021-09-20,,,615.7128,,,,,365.412343,,118.145697
2021-09-21,,,616.833,,,,,365.342239,,118.339681
2021-09-22,,,623.4984,,,,,368.618315,,119.58851
2021-09-23,,,627.1379,,,,,368.971584,,119.066899
2021-09-24,,,624.6346,,,,,369.648312,,117.964299
2021-09-27,,,621.9323,,,,,369.601081,,118.327554
2021-09-28,,,609.0614,,,,,364.8931,,116.879996
2021-09-29,,,609.2652,,,,,368.09051,,117.412619
2021-09-30,,,606.2486,,,,,366.03128,,117.515401
2021-10-01,,,609.355,,,,,368.542366,,118.357922
2021-10-04,,,602.9087,,,,,364.780403,,117.926842
2021-10-05,,,607.6381,,,,,367.395409,,118.372607
2021-10-06,,,607.6523,,,,,369.757055,,118.875037
2021-10-07,,,611.1861,,,,,371.375455,,118.91003
2021-10-08,,,608.8255,,,,,369.97372,,118.694223
2021-10-11,,,606.6286,,,,,368.822936,,118.632398
2021-10-12,,,607.7216,,,,,369.440129,,119.800659
2021-10-13,,,612.2116,,,,,368.641517,,120.189275
2021-10-14,,,622.3728,,,,,372.450637,,121.25979
2021-10-15,,,624.901,,,,,373.835779,,121.050366
2021-10-18,,,627.3725,,,,,373.939483,,121.067538
2021-10-19,,,628.365,,,,,374.509396,,120.495202
2021-10-20,,,627.8837,,,,,374.776959,,120.444317
2021-10-21,,,627.7499,,,,,375.867906,,120.593692
2021-10-22,,,630.3271,,,,,375.197763,,120.701571
2021-10-25,,,632.8944,,,,,377.803436,,121.550693
2021-10-26,,,634.2879,,,,,378.620074,,122.341271
2021-10-27,,,634.1585,,,,,377.907145,,122.834586
2021-10-28,,,639.6714,,,,,377.522334,,121.256616
2021-10-29,,,641.1571,,,,,381.753659,,121.971313
2021-11-01,,,642.0545,,,,,380.570616,,121.499444
2021-11-02,,,643.3783,,,,,382.697791,,121.726141
2021-11-03,,,641.1054,,,,,382.71546,,121.160645
2021-11-04,,,646.7983,,,,,386.21789,,122.72395
2021-11-05,,,651.4718,,,,,387.177832,,123.601885
2021-11-08,,,653.2594,,,,,386.504302,,124.433736
2021-11-09,,,654.6239,,,,,385.915275,,125.371131
2021-11-10,,,649.7208,,,,,386.827671,,125.421275
2021-11-11,,,652.307,,,,,387.585349,,126.021944
2021-11-12,,,654.4739,,,,,389.526203,,126.2059
2021-11-15,,,653.1076,,,,,391.642208,,126.068174
2021-11-16,,,656.2885,,,,,394.150788,,126.016934
2021-11-17,,,655.7134,,,,,393.973756,,126.140559
2021-11-18,,,657.2722,,,,,393.097821,,125.6724
2021-11-19,,,659.2368,,,,,396.135483,,126.918617
2021-11-22,,,655.2849,,,,,396.341942,,126.098446
2021-11-23,,,652.0493,,,,,395.576659,,124.787013
2021-11-24,,,655.5078,,,,,398.360728,,126.286567
2021-11-26,,,641.9102,,,,,390.344956,,124.952001
2021-11-29,,,648.8761,,,,,393.86344,,125.009626
2021-11-30,,,640.204,,,,,387.903613,,124.548122
2021-12-01,,,639.3448,,,,,385.969077,,124.810701
2021-12-02,,,642.4658,,,,,390.127523,,125.938755
2021-12-03,,,640.8715,,,,,388.532445,,125.880832
2021-12-06,,,641.9734,,,,,391.533044,,126.24692
2021-12-07,,,651.0361,,,,,396.731588,,127.014756
2021-12-08,,,649.0407,,,,,394.323879,,125.484607
2021-12-09,,,646.4358,,,,,394.456522,,125.450796
2021-12-10,,,648.5121,,,,,395.900307,,125.077729
2021-12-13,,,647.135,,,,,395.511015,,125.32957
2021-12-14,,,641.1179,,,,,394.433452,,124.841994
2021-12-15,,,644.821,,,,,397.002651,,124.761301
2021-12-16,,,644.8823,,,,,393.615716,,124.519242
2021-12-17,,,642.149,,,,,394.555737,,125.499288
2021-12-20,,,635.2343,,,,,390.459762,,123.787148
2021-12-21,,,641.6657,,,,,394.156168,,124.900705
2021-12-22,,,647.5531,,,,,395.210212,,125.774311
2021-12-23,,,649.4464,,,,,396.582938,,125.512612
2021-12-27,,,655.7826,,,,,399.932532,,126.002495
2021-12-28,,,654.4052,,,,,400.315316,,126.206405
2021-12-29,,,652.7878,,,,,398.820939,,125.327017
2021-12-30,,,653.9317,,,,,399.299887,,126.619294
2021-12-31,,,654.3348,,,,,396.53495,,125.601926
2022-01-03,,,650.9878,,,,,399.958492,,125.957651
2022-01-04,,,653.5734,,,,,400.12733,,124.763512
2022-01-05,,,646.4365,,,,,394.143853,,123.033451
2022-01-06,,,645.5503,,,,,394.342491,,122.872562
2022-01-07,,,643.3545,,,,,390.662395,,122.158746
2022-01-10,,,642.3061,,,,,391.483005,,122.431295
2022-01-11,,,648.6861,,,,,392.489397,,123.602469
2022-01-12,,,649.4243,,,,,390.534275,,123.074409
2022-01-13,,,647.1607,,,,,387.136923,,122.875351
2022-01-14,,,645.5106,,,,,387.708966,,122.097732
2022-01-18,,,638.2701,,,,,385.712455,,121.861032
2022-01-19,,,637.3124,,,,,383.031301,,121.664419
2022-01-20,,,633.6333,,,,,381.656667,,121.895949
2022-01-21,,,629.4824,,,,,376.63693,,121.072564
2022-01-24,,,632.3517,,,,,378.059833,,120.98839
2022-01-25,,,630.8503,,,,,375.95127,,121.073451
2022-01-26,,,625.7616,,,,,376.510925,,120.312493
2022-01-27,,,627.8232,,,,,379.134237,,121.876039
2022-01-28,,,634.9056,,,,,384.791839,,122.554394
2022-01-31,,,637.5352,,,,,385.998017,,122.381353
2022-02-01,,,638.083,,,,,386.210291,,122.20791
2022-02-02,,,639.7899,,,,,387.567136,,122.160567
2022-02-03,,,631.2525,,,,,377.019556,,119.360603
2022-02-04,,,632.0344,,,,,376.614804,,118.396465
2022-02-07,,,632.0326,,,,,376.313672,,119.000066
2022-02-08,,,632.1903,,,,,378.626402,,119.462197
2022-02-09,,,637.8019,,,,,381.82336,,120.596461
2022-02-10,,,630.1123,,,,,376.082255,,118.807899
2022-02-11,,,631.8898,,,,,375.319954,,120.188744
2022-02-14,,,630.4441,,,,,375.024244,,119.681957
2022-02-15,,,631.0177,,,,,376.668656,,118.725785
2022-02-16,,,634.2437,,,,,376.642645,,119.331132
2022-02-17,,,629.2116,,,,,372.581087,,118.84436
2022-02-18,,,630.1245,,,,,372.732525,,119.368632
2022-02-22,,,626.8796,,,,,370.022845,,119.089614
2022-02-23,,,622.3751,,,,,366.100207,,118.556854
2022-02-24,,,629.0405,,,,,373.333051,,119.261987
2022-02-25,,,632.7761,,,,,375.750427,,119.874866
2022-02-28,,,635.0783,,,,,378.066561,,122.493106
2022-03-01,,,636.744,,,,,378.753341,,123.742872
2022-03-02,,,639.4628,,,,,381.157183,,123.46476
2022-03-03,,,640.1907,,,,,382.356374,,123.697294
2022-03-04,,,641.5151,,,,,385.847788,,125.720885
2022-03-07,,,635.5389,,,,,380.814691,,126.428177
2022-03-08,,,635.922,,,,,377.042594,,126.955563
2022-03-09,,,635.9391,,,,,376.633365,,123.962009
2022-03-10,,,636.6381,,,,,377.863574,,123.611747
2022-03-11,,,632.4645,,,,,377.445321,,124.615649
2022-03-14,,,627.684,,,,,373.333883,,122.009256
2022-03-15,,,629.9864,,,,,378.058802,,120.27966
2022-03-16,,,637.0073,,,,,380.484689,,120.673823
2022-03-17,,,639.7168,,,,,381.630617,,121.771117
2022-03-18,,,644.6863,,,,,385.849004,,122.920486
2022-03-21,,,643.5646,,,,,385.508678,,122.540714
2022-03-22,,,646.2809,,,,,387.35958,,121.867893
2022-03-23,,,644.9702,,,,,385.891717,,123.397161
2022-03-24,,,648.7446,,,,,389.240617,,123.404874
2022-03-25,,,649.4525,,,,,389.669788,,123.389851
2022-03-28,,,650.2455,,,,,391.703366,,122.850357
2022-03-29,,,650.5318,,,,,391.675707,,122.240014
2022-03-30,,,647.9455,,,,,388.075971,,121.966868
2022-03-31,,,643.3391,,,,,387.61515,,122.624289
2022-04-01,,,644.3558,,,,,388.670923,,123.192343
2022-04-04,,,646.9285,,,,,393.584876,,124.311912
2022-04-05,,,641.1791,,,,,391.334562,,122.889698
2022-04-06,,,639.9109,,,,,389.037917,,121.766724
2022-04-07,,,641.6459,,,,,390.357312,,121.256032
2022-04-08,,,640.8213,,,,,389.021574,,121.278331
2022-04-11,,,634.6776,,,,,384.095564,,119.505951
2022-04-12,,,634.873,,,,,385.747075,,120.377341
2022-04-13,,,639.4166,,,,,386.490102,,120.231559
2022-04-14,,,634.2152,,,,,384.456617,,119.504226
2022-04-18,,,635.8275,,,,,385.80899,,120.162377
2022-04-19,,,637.3497,,,,,388.371051,,119.483334
2022-04-20,,,639.4364,,,,,386.803567,,119.811199
2022-04-21,,,632.1445,,,,,383.159083,,118.506052
2022-04-22,,,622.9527,,,,,377.936943,,117.134762
2022-04-25,,,622.4788,,,,,383.254641,,117.444591
2022-04-26,,,615.7993,,,,,379.694811,,117.27776
2022-04-27,,,616.3576,,,,,382.697098,,118.254295
2022-04-28,,,624.6544,,,,,390.523597,,120.204279
2022-04-29,,,615.3321,,,,,379.385011,,117.912706
2022-05-02,,,617.9835,,,,,381.287615,,116.089039
2022-05-03,,,616.6772,,,,,382.132748,,117.292399
2022-05-04,,,624.4754,,,,,386.429675,,118.104989
2022-05-05,,,615.2744,,,,,379.486761,,115.569211
2022-05-06,,,615.4962,,,,,377.267335,,114.322312
2022-05-09,,,605.1537,,,,,370.353642,,111.523349
2022-05-10,,,606.6485,,,,,372.421599,,111.978467
2022-05-11,,,603.8194,,,,,369.91051,,113.625377
2022-05-12,,,604.1111,,,,,374.731807,,114.461906
2022-05-13,,,607.7773,,,,,378.332495,,114.935349
2022-05-16,,,608.3713,,,,,376.989713,,114.896905
2022-05-17,,,611.2141,,,,,376.652414,,114.255813
2022-05-18,,,604.2924,,,,,371.113441,,114.61361
2022-05-19,,,604.4371,,,,,365.916865,,113.497546
2022-05-20,,,604.4837,,,,,367.197736,,113.730775
2022-05-23,,,607.9897,,,,,366.383228,,112.854143
2022-05-24,,,608.4486,,,,,364.376086,,112.830616
2022-05-25,,,610.4366,,,,,368.805174,,114.026969
2022-05-26,,,614.0799,,,,,371.526557,,114.33687
2022-05-27,,,620.9526,,,,,376.793536,,114.931232
2022-05-31,,,617.0564,,,,,374.67678,,113.684797
2022-06-01,,,616.8114,,,,,375.277113,,114.731755
2022-06-02,,,621.025,,,,,376.212174,,114.761121
2022-06-03,,,617.0743,,,,,373.175652,,115.107084
2022-06-06,,,616.8865,,,,,373.736907,,114.493293
2022-06-07,,,622.1196,,,,,376.348599,,115.375995
2022-06-08,,,617.5313,,,,,372.679671,,114.151921
2022-06-09,,,610.9589,,,,,370.705023,,114.194617
2022-06-10,,,605.8021,,,,,366.476676,,113.697105
2022-06-13,,,588.6222,,,,,359.528976,,110.373986
2022-06-14,,,586.0216,,,,,357.713634,,108.704997
2022-06-15,,,588.5884,,,,,361.490532,,110.70208
2022-06-16,,,581.0667,,,,,351.101236,,108.41248
2022-06-17,,,579.0962,,,,,353.298655,,108.830972
2022-06-21,,,583.2598,,,,,356.80576,,108.506709
2022-06-22,,,581.6082,,,,,356.503875,,108.846265
2022-06-23,,,580.3254,,,,,360.795952,,109.33165
2022-06-24,,,586.4212,,,,,366.057031,,109.726739
2022-06-27,,,585.802,,,,,363.714292,,108.786048
2022-06-28,,,583.4032,,,,,361.534634,,108.711424
2022-06-29,,,582.7855,,,,,364.908103,,109.526869
2022-06-30,,,579.937,,,,,362.224441,,108.306343
2022-07-01,,,581.3555,,,,,367.733271,,110.281667
2022-07-05,,,579.8612,,,,,374.231537,,111.830576
2022-07-06,,,578.2041,,,,,377.077227,,111.015751
2022-07-07,,,583.2828,,,,,381.017117,,111.599716
2022-07-08,,,582.5928,,,,,379.178337,,110.763816
2022-07-11,,,581.1583,,,,,382.819187,,112.064803
2022-07-12,,,578.9074,,,,,381.159514,,112.438376
2022-07-13,,,578.6684,,,,,379.810015,,112.948798
2022-07-14,,,576.537,,,,,380.18024,,112.402202
2022-07-15,,,579.2493,,,,,382.370169,,112.441431
2022-07-18,,,577.8055,,,,,377.903448,,111.372538
2022-07-19,,,586.7413,,,,,380.741739,,111.375887
2022-07-20,,,588.298,,,,,383.899263,,112.158928
2022-07-21,,,592.5318,,,,,385.593865,,112.881637
2022-07-22,,,590.8929,,,,,385.135839,,114.049994
2022-07-25,,,592.3992,,,,,384.698823,,113.815108
2022-07-26,,,589.853,,,,,385.82566,,114.909253
2022-07-27,,,598.0902,,,,,389.475625,,115.538649
2022-07-28,,,603.8915,,,,,393.274664,,116.943672
2022-07-29,,,609.5694,,,,,395.608574,,118.086509
2022-08-01,,,609.7714,,,,,394.118922,,118.006615
2022-08-02,,,607.9196,,,,,394.584097,,116.978998
2022-08-03,,,611.3361,,,,,399.091212,,118.105479
2022-08-04,,,611.5111,,,,,396.139271,,117.356745
2022-08-05,,,610.3142,,,,,396.478905,,116.623781
2022-08-08,,,611.6638,,,,,396.493873,,117.784458
2022-08-09,,,611.4248,,,,,394.353087,,117.273979
2022-08-10,,,614.9041,,,,,396.376727,,116.549317
2022-08-11,,,614.9821,,,,,394.695186,,115.348118
2022-08-12,,,621.4823,,,,,401.904851,,117.028841
2022-08-15,,,620.0962,,,,,407.019812,,118.039189
2022-08-16,,,620.6499,,,,,406.761279,,117.952772
2022-08-17,,,618.0678,,,,,403.768362,,117.096418
2022-08-18,,,620.7111,,,,,408.563831,,118.8948
2022-08-19,,,616.1319,,,,,405.984213,,117.938803
2022-08-22,,,610.3588,,,,,404.139692,,118.107531
2022-08-23,,,612.4269,,,,,402.41002,,118.053054
2022-08-24,,,612.9695,,,,,402.952369,,117.983067
2022-08-25,,,617.5504,,,,,406.833202,,119.499775
2022-08-26,,,608.022,,,,,398.62911,,119.480924
2022-08-29,,,607.3387,,,,,395.095259,,117.547963
2022-08-30,,,601.9227,,,,,391.982283,,116.680684
2022-08-31,,,597.0223,,,,,387.832362,,114.26556
2022-09-01,,,594.6015,,,,,392.049185,,114.041292
2022-09-02,,,594.1587,,,,,389.739942,,114.61866
2022-09-06,,,591.6156,,,,,389.327744,,113.269461
2022-09-07,,,596.2152,,,,,390.716589,,113.592555
2022-09-08,,,596.2536,,,,,392.029425,,113.150769
2022-09-09,,,601.5622,,,,,393.714436,,113.57218
2022-09-12,,,605.5139,,,,,392.980209,,112.505998
2022-09-13,,,594.288,,,,,387.771562,,112.540985
2022-09-14,,,596.0121,,,,,388.345631,,112.851949
2022-09-15,,,589.7477,,,,,384.578683,,111.744211
2022-09-16,,,587.3391,,,,,382.117918,,110.328277
2022-09-19,,,588.6846,,,,,383.284631,,110.219293
2022-09-20,,,584.745,,,,,381.98359,,110.081908
2022-09-21,,,583.8668,,,,,383.559561,,111.428033
2022-09-22,,,580.7751,,,,,380.09664,,109.527659
2022-09-23,,,573.0512,,,,,381.51196,,109.635481
2022-09-26,,,568.5565,,,,,380.375193,,107.525766
2022-09-27,,,568.0746,,,,,379.750895,,106.267741
2022-09-28,,,576.6659,,,,,381.178335,,108.189886
2022-09-29,,,571.9434,,,,,372.384839,,105.460682
2022-09-30,,,568.7882,,,,,369.136823,,104.350086
2022-10-03,,,578.4462,,,,,375.263157,,106.962285
2022-10-04,,,587.0436,,,,,376.482572,,107.211535
2022-10-05,,,587.7347,,,,,379.14842,,107.089145
2022-10-06,,,586.3256,,,,,379.66731,,107.003312
2022-10-07,,,580.7633,,,,,374.438013,,106.346572
2022-10-10,,,577.7967,,,,,373.660974,,105.589267
2022-10-11,,,575.2771,,,,,372.039495,,105.302862
2022-10-12,,,576.0134,,,,,371.559864,,105.745176
2022-10-13,,,580.0388,,,,,374.115185,,105.346015
2022-10-14,,,573.2876,,,,,370.376874,,104.96072
2022-10-17,,,577.3008,,,,,371.868569,,104.565872
2022-10-18,,,580.5801,,,,,374.10751,,104.588245
2022-10-19,,,578.2465,,,,,374.282339,,104.308318
2022-10-20,,,575.3339,,,,,371.171928,,103.815549
2022-10-21,,,582.0435,,,,,373.93607,,103.424663
2022-10-24,,,584.0819,,,,,375.827506,,103.046355
2022-10-25,,,587.5932,,,,,377.529376,,103.511812
2022-10-26,,,586.3267,,,,,372.068953,,103.208534
2022-10-27,,,587.1178,,,,,375.950182,,104.936356
2022-10-28,,,589.5046,,,,,380.885328,,105.115795
2022-10-31,,,587.6154,,,,,382.10848,,105.194801
2022-11-01,,,589.7171,,,,,381.534247,,106.496782
2022-11-02,,,582.0337,,,,,377.781967,,105.667509
2022-11-03,,,580.548,,,,,377.556915,,105.340449
2022-11-04,,,587.3759,,,,,372.687931,,104.413398
2022-11-07,,,588.1766,,,,,372.097127,,103.980199
2022-11-08,,,593.4687,,,,,372.002236,,104.288531
2022-11-09,,,587.502,,,,,369.842097,,104.082015
2022-11-10,,,604.8401,,,,,377.710782,,106.550676
2022-11-11,,,608.1592,,,,,374.481667,,105.819191
2022-11-14,,,606.4123,,,,,373.08026,,105.573652
2022-11-15,,,609.5494,,,,,375.303156,,106.495667
2022-11-16,,,607.4067,,,,,372.865404,,106.46893
2022-11-17,,,605.9958,,,,,372.745035,,105.730334
2022-11-18,,,605.8593,,,,,374.906456,,105.481414
2022-11-21,,,605.0888,,,,,377.035547,,106.46962
2022-11-22,,,608.3865,,,,,378.5249,,107.214285
2022-11-23,,,610.0885,,,,,377.476524,,107.714865
2022-11-25,,,609.328,,,,,377.839029,,107.632318
2022-11-28,,,605.2811,,,,,375.579306,,107.588326
2022-11-29,,,606.1031,,,,,375.077921,,107.135849
2022-11-30,,,613.396,,,,,380.494556,,108.677195
2022-12-01,,,615.0809,,,,,377.223616,,109.675169
2022-12-02,,,614.6445,,,,,377.083963,,111.206709
2022-12-05,,,607.9008,,,,,373.490248,,109.33077
2022-12-06,,,606.8374,,,,,371.789349,,110.152839
2022-12-07,,,608.832,,,,,371.212524,,110.76175
2022-12-08,,,609.0606,,,,,370.783122,,110.621256
2022-12-09,,,606.6041,,,,,369.004038,,108.733005
2022-12-12,,,607.532,,,,,372.061737,,109.185313
2022-12-13,,,612.5835,,,,,371.432346,,108.587856
2022-12-14,,,611.2104,,,,,368.600657,,107.527192
2022-12-15,,,604.573,,,,,365.282843,,107.714588
2022-12-16,,,603.561,,,,,363.764392,,106.966219
2022-12-19,,,599.3705,,,,,360.225749,,105.865044
2022-12-20,,,601.3186,,,,,359.054487,,105.353207
2022-12-21,,,603.9471,,,,,363.258974,,106.75743
2022-12-22,,,598.5693,,,,,360.541474,,105.404032
2022-12-23,,,599.2513,,,,,360.549035,,104.691436
2022-12-27,,,598.5732,,,,,357.805201,,103.952467
2022-12-28,,,594.6236,,,,,355.793967,,103.601143
2022-12-29,,,599.4936,,,,,358.494772,,103.982944
2022-12-30,,,598.5043,,,,,355.966135,,103.119581
2023-01-03,,,601.5927,,,,,361.066391,,105.172019
2023-01-04,,,606.6517,,,,,361.642614,,105.984794
2023-01-05,,,604.769,,,,,361.793288,,106.54646
2023-01-06,,,614.3396,,,,,364.270796,,108.139559
2023-01-09,,,615.2774,,,,,361.507807,,107.674207
2023-01-10,,,614.7899,,,,,362.308301,,107.500883
2023-01-11,,,617.9637,,,,,365.138295,,108.360037
2023-01-12,,,624.0622,,,,,363.765606,,108.916677
2023-01-13,,,625.9135,,,,,364.748801,,108.456059
2023-01-17,,,623.8965,,,,,365.592793,,108.173197
2023-01-18,,,624.466,,,,,363.355336,,108.957335
2023-01-19,,,625.9166,,,,,360.206975,,109.008811
2023-01-20,,,625.3944,,,,,362.846441,,108.047062
2023-01-23,,,626.5323,,,,,364.634998,,108.213455
2023-01-24,,,628.2709,,,,,364.57827,,109.036107
2023-01-25,,,628.7224,,,,,363.834923,,109.218953
2023-01-26,,,636.1713,,,,,366.780441,,109.698516
2023-01-27,,,635.9729,,,,,367.836086,,109.445024
2023-01-30,,,630.4159,,,,,365.250592,,108.711106
2023-01-31,,,638.6221,,,,,368.67136,,108.470266
2023-02-01,,,643.4417,,,,,367.732301,,108.702182
2023-02-02,,,646.9847,,,,,373.799018,,109.067709
2023-02-03,,,643.3834,,,,,373.971951,,108.547279
2023-02-06,,,640.0634,,,,,374.108067,,108.127169
2023-02-07,,,644.0224,,,,,376.860541,,108.760711
2023-02-08,,,642.5254,,,,,375.062552,,108.834564
2023-02-09,,,638.7934,,,,,371.569649,,107.88522
2023-02-10,,,639.5763,,,,,373.570129,,107.885573
2023-02-13,,,643.7775,,,,,375.164327,,108.070417
2023-02-14,,,644.3711,,,,,373.918036,,107.524895
2023-02-15,,,642.9577,,,,,376.106567,,107.415537
2023-02-16,,,638.7654,,,,,372.871633,,106.640053
2023-02-17,,,636.7661,,,,,371.893786,,106.542278
2023-02-21,,,628.2791,,,,,367.762234,,105.508961
2023-02-22,,,627.7713,,,,,369.233839,,105.964804
2023-02-23,,,631.7201,,,,,371.261633,,106.615724
2023-02-24,,,626.4591,,,,,369.757665,,105.686322
2023-02-27,,,629.1178,,,,,368.57424,,105.666691
2023-02-28,,,630.3177,,,,,369.011492,,105.971488
2023-03-01,,,629.3435,,,,,364.087209,,105.164448
2023-03-02,,,632.2709,,,,,367.877365,,105.72648
2023-03-03,,,640.5409,,,,,371.286482,,107.642667
2023-03-06,,,639.6175,,,,,369.497739,,106.386982
2023-03-07,,,634.8189,,,,,370.406169,,106.453121
2023-03-08,,,635.5795,,,,,370.864433,,106.277081
2023-03-09,,,629.8368,,,,,366.021936,,105.348647
2023-03-10,,,627.7772,,,,,362.498122,,106.84759
2023-03-13,,,622.325,,,,,360.224621,,106.298099
2023-03-14,,,626.7528,,,,,362.890285,,105.671435
2023-03-15,,,620.538,,,,,368.344881,,107.41802
2023-03-16,,,626.7982,,,,,370.493965,,106.715167
2023-03-17,,,625.2855,,,,,366.91962,,106.288733
2023-03-20,,,628.9982,,,,,366.620676,,106.251466
2023-03-21,,,634.4051,,,,,367.420236,,105.776728
2023-03-22,,,631.5768,,,,,362.07032,,105.993624
2023-03-23,,,632.8584,,,,,363.884889,,106.372148
2023-03-24,,,630.5167,,,,,367.907993,,106.748675
2023-03-27,,,629.7334,,,,,365.442529,,105.221348
2023-03-28,,,631.0213,,,,,363.218566,,105.44974
2023-03-29,,,636.1197,,,,,366.519372,,105.857368
2023-03-30,,,641.1656,,,,,365.907615,,105.928448
2023-03-31,,,647.0274,,,,,371.826913,,107.322153
2023-04-03,,,650.7063,,,,,371.523144,,107.645422
2023-04-04,,,648.6358,,,,,368.972017,,107.280429
2023-04-05,,,648.8464,,,,,370.510479,,108.056371
2023-04-06,,,648.1859,,,,,370.707828,,108.016129
2023-04-10,,,648.1422,,,,,372.12596,,108.118414
2023-04-11,,,650.4006,,,,,370.350254,,108.042177
2023-04-12,,,649.3752,,,,,366.892594,,107.301662
2023-04-13,,,654.9138,,,,,367.905585,,107.18186
2023-04-14,,,654.0361,,,,,368.413499,,106.626163
2023-04-17,,,651.1419,,,,,370.81576,,106.64636
2023-04-18,,,654.2451,,,,,369.573533,,106.42267
2023-04-19,,,653.1706,,,,,369.896479,,106.291507
2023-04-20,,,651.7001,,,,,368.965303,,106.299604
2023-04-21,,,650.8278,,,,,368.106442,,105.478573
2023-04-24,,,653.3209,,,,,367.004285,,105.645516
2023-04-25,,,647.2154,,,,,366.852067,,106.525672
2023-04-26,,,641.9974,,,,,363.205464,,105.182773
2023-04-27,,,646.364,,,,,367.380296,,105.282925
2023-04-28,,,649.6136,,,,,370.368778,,105.982164
2023-05-01,,,646.435,,,,,370.097578,,104.610013
2023-05-02,,,641.5434,,,,,368.176392,,105.379795
2023-05-03,,,641.1654,,,,,365.299512,,105.038521
2023-05-04,,,636.8481,,,,,365.212944,,105.21592
2023-05-05,,,643.8555,,,,,368.535898,,105.496531
2023-05-08,,,643.7236,,,,,368.279105,,105.1022
2023-05-09,,,643.4564,,,,,368.596951,,104.910663
2023-05-10,,,643.2108,,,,,369.907868,,105.377272
2023-05-11,,,643.3146,,,,,372.179534,,106.124906
2023-05-12,,,643.1944,,,,,373.309354,,106.351448
2023-05-15,,,644.0987,,,,,372.840433,,106.165273
2023-05-16,,,638.5808,,,,,371.424955,,105.138747
2023-05-17,,,641.8327,,,,,374.702598,,105.785235
2023-05-18,,,645.3268,,,,,378.581401,,105.735476
2023-05-19,,,646.058,,,,,376.659079,,105.202168
2023-05-22,,,646.1154,,,,,376.36573,,104.891536
2023-05-23,,,641.7149,,,,,375.523854,,105.256315
2023-05-24,,,636.253,,,,,374.180393,,104.469517
2023-05-25,,,640.5823,,,,,376.419782,,104.461717
2023-05-26,,,648.3936,,,,,379.56233,,105.282839
2023-05-30,,,648.901,,,,,380.243108,,105.411394
2023-05-31,,,645.6086,,,,,381.134283,,105.553449
2023-06-01,,,650.0399,,,,,381.173231,,105.874996
2023-06-02,,,655.5033,,,,,385.658496,,106.479119
2023-06-05,,,653.9502,,,,,384.996723,,106.36325
2023-06-06,,,655.5886,,,,,386.384514,,107.110018
2023-06-07,,,652.0896,,,,,384.547901,,106.376901
2023-06-08,,,656.8535,,,,,383.773228,,106.648503
2023-06-09,,,656.6064,,,,,385.036825,,106.677924
2023-06-12,,,662.5146,,,,,387.104469,,106.778448
2023-06-13,,,663.8207,,,,,386.585589,,106.174377
2023-06-14,,,665.1321,,,,,385.898235,,106.597089
2023-06-15,,,667.8295,,,,,385.540706,,106.558607
2023-06-16,,,667.1152,,,,,384.418952,,106.239017
2023-06-20,,,663.8384,,,,,384.29913,,106.339814
2023-06-21,,,661.5013,,,,,380.994448,,105.800943
2023-06-22,,,658.413,,,,,382.080803,,105.075345
2023-06-23,,,655.1877,,,,,383.053115,,105.634522
2023-06-26,,,655.3609,,,,,381.793698,,105.557091
2023-06-27,,,658.8574,,,,,382.086285,,105.030287
2023-06-28,,,661.7458,,,,,384.3418,,105.790718
2023-06-29,,,664.4226,,,,,385.82709,,105.250736
2023-06-30,,,671.0969,,,,,387.242508,,105.87893
2023-07-03,,,670.0148,,,,,387.351701,,106.305407
2023-07-05,,,667.556,,,,,388.270627,,105.639039
2023-07-06,,,659.0296,,,,,384.239535,,103.444511
2023-07-07,,,660.2351,,,,,380.872167,,102.803886
2023-07-10,,,663.0759,,,,,380.756101,,102.739473
2023-07-11,,,667.5738,,,,,382.277684,,103.262192
2023-07-12,,,672.2528,,,,,381.214561,,104.038464
2023-07-13,,,675.411,,,,,380.619122,,104.178601
2023-07-14,,,672.1703,,,,,379.796043,,103.429587
2023-07-17,,,673.7317,,,,,380.54961,,103.546677
2023-07-18,,,676.8051,,,,,382.481871,,103.927427
2023-07-19,,,677.5669,,,,,384.508584,,104.916795
2023-07-20,,,674.3154,,,,,384.522338,,105.146452
2023-07-21,,,675.1625,,,,,384.787997,,105.18993
2023-07-24,,,677.193,,,,,387.64958,,105.885547
2023-07-25,,,681.0487,,,,,388.670306,,106.272404
2023-07-26,,,678.898,,,,,387.89501,,105.79464
2023-07-27,,,676.3194,,,,,388.904633,,105.067849
2023-07-28,,,679.1975,,,,,390.438036,,105.540596
2023-07-31,,,683.1253,,,,,391.665076,,106.114339
2023-08-01,,,681.0358,,,,,390.39809,,104.801759
2023-08-02,,,672.7177,,,,,388.402851,,103.988652
2023-08-03,,,671.3138,,,,,386.300845,,102.623977
2023-08-04,,,669.9535,,,,,384.457369,,103.146837
2023-08-07,,,672.9186,,,,,386.690097,,103.081105
2023-08-08,,,669.9041,,,,,387.67754,,103.573726
2023-08-09,,,669.1472,,,,,385.616495,,103.587774
2023-08-10,,,668.6146,,,,,384.44765,,102.447119
2023-08-11,,,668.5571,,,,,385.118119,,102.307716
2023-08-14,,,671.7514,,,,,387.648032,,102.251855
2023-08-15,,,665.2207,,,,,384.665744,,101.208803
2023-08-16,,,661.0468,,,,,383.39199,,100.631966
2023-08-17,,,656.6451,,,,,381.728426,,100.578012
2023-08-18,,,656.59,,,,,382.314351,,100.733818
2023-08-21,,,659.9063,,,,,382.068172,,100.059319
2023-08-22,,,660.1219,,,,,383.382206,,100.644284
2023-08-23,,,666.8315,,,,,386.788054,,102.47274
2023-08-24,,,660.3729,,,,,385.073626,,102.122347
2023-08-25,,,663.2372,,,,,387.174207,,102.574532
2023-08-28,,,667.0348,,,,,388.104605,,102.708658
2023-08-29,,,675.0138,,,,,390.272439,,103.398162
2023-08-30,,,677.4058,,,,,389.63274,,102.928267
2023-08-31,,,678.8988,,,,,392.372347,,103.806672
2023-09-01,,,678.8023,,,,,394.562508,,103.813727
2023-09-05,,,675.1261,,,,,394.557055,,103.391361
2023-09-06,,,671.9086,,,,,392.638684,,103.221904
2023-09-07,,,671.7283,,,,,393.545082,,103.461716
2023-09-08,,,672.6852,,,,,393.899017,,103.682651
2023-09-11,,,673.266,,,,,393.353115,,103.181126
2023-09-12,,,671.3465,,,,,391.984925,,103.329468
2023-09-13,,,671.6431,,,,,393.380379,,103.444181
2023-09-14,,,676.8751,,,,,398.417033,,104.59096
2023-09-15,,,671.9954,,,,,394.54561,,103.873601
2023-09-18,,,672.6863,,,,,393.728885,,103.870258
2023-09-19,,,671.6688,,,,,393.245134,,103.376021
2023-09-20,,,670.1649,,,,,391.671851,,103.311378
2023-09-21,,,659.3749,,,,,386.810261,,101.183735
2023-09-22,,,660.618,,,,,387.409682,,101.920283
2023-09-25,,,660.1759,,,,,389.068484,,100.999129
2023-09-26,,,653.9245,,,,,386.208262,,100.329718
2023-09-27,,,655.4573,,,,,388.321669,,100.561491
2023-09-28,,,658.1314,,,,,387.803077,,100.82863
2023-09-29,,,655.7293,,,,,386.780546,,100.25159
2023-10-02,,,651.4545,,,,,389.173972,,99.550979
2023-10-03,,,643.6515,,,,,385.229895,,98.025171
2023-10-04,,,645.3383,,,,,386.620036,,98.363616
2023-10-05,,,645.2601,,,,,385.039033,,97.587769
2023-10-06,,,651.2822,,,,,385.812203,,96.99335
2023-10-09,,,657.5299,,,,,389.557465,,98.77075
2023-10-10,,,661.6807,,,,,389.203037,,99.091226
2023-10-11,,,663.9912,,,,,390.347818,,100.255125
2023-10-12,,,661.7857,,,,,390.942884,,99.069678
2023-10-13,,,662.3643,,,,,391.220837,,100.456025
2023-10-16,,,665.3284,,,,,390.838714,,99.512543
2023-10-17,,,665.5892,,,,,389.074633,,98.981664
2023-10-18,,,661.7365,,,,,386.732405,,98.36757
2023-10-19,,,656.699,,,,,382.443935,,97.074547
2023-10-20,,,651.6165,,,,,379.785168,,96.667059
2023-10-23,,,650.7623,,,,,377.296266,,95.982955
2023-10-24,,,651.8999,,,,,382.380565,,97.751431
2023-10-25,,,646.7863,,,,,378.786022,,96.480677
2023-10-26,,,643.0953,,,,,377.236225,,97.198134
2023-10-27,,,642.2558,,,,,376.276396,,96.982001
2023-10-30,,,644.6351,,,,,376.601886,,96.528471
2023-10-31,,,647.3699,,,,,379.382155,,96.58911
2023-11-01,,,651.5423,,,,,383.654481,,98.119687
2023-11-02,,,660.41,,,,,387.090406,,99.677935
2023-11-03,,,662.3818,,,,,386.294228,,99.547627
2023-11-06,,,660.221,,,,,386.432374,,99.033462
2023-11-07,,,659.5172,,,,,388.54088,,99.624324
2023-11-08,,,659.187,,,,,388.90957,,100.149971
2023-11-09,,,657.991,,,,,387.289993,,98.820713
2023-11-10,,,661.4504,,,,,390.667516,,99.09391
2023-11-13,,,664.3028,,,,,389.897248,,98.837981
2023-11-14,,,673.5669,,,,,389.843926,,99.491624
2023-11-15,,,672.9277,,,,,390.528846,,99.183496
2023-11-16,,,672.6858,,,,,391.466982,,99.676919
2023-11-17,,,676.4616,,,,,390.027333,,99.517578
2023-11-20,,,679.1435,,,,,390.959959,,100.011857
2023-11-21,,,679.8492,,,,,391.665286,,100.040094
2023-11-22,,,680.0211,,,,,393.53576,,100.488576
2023-11-24,,,681.2697,,,,,391.359511,,99.419041
2023-11-27,,,682.1378,,,,,391.079969,,99.949357
2023-11-28,,,685.3678,,,,,390.592536,,99.951666
2023-11-29,,,687.1953,,,,,392.025271,,100.941822
2023-11-30,,,688.0767,,,,,395.476904,,100.938777
2023-12-01,,,695.3404,,,,,398.48428,,102.864373
2023-12-04,,,689.4208,,,,,398.203089,,102.124021
2023-12-05,,,688.4704,,,,,400.694405,,103.16846
2023-12-06,,,687.8657,,,,,401.318927,,104.144139
2023-12-07,,,688.8421,,,,,402.109571,,103.860465
2023-12-08,,,690.2459,,,,,403.633848,,103.95171
2023-12-11,,,692.3764,,,,,404.382208,,103.40946
2023-12-12,,,693.5575,,,,,404.858519,,103.125887
2023-12-13,,,702.0044,,,,,407.222515,,104.840889
2023-12-14,,,704.8983,,,,,404.921828,,106.219352
2023-12-15,,,704.192,,,,,407.804219,,106.816758
2023-12-18,,,706.967,,,,,407.730875,,106.345312
2023-12-19,,,710.3057,,,,,407.270558,,106.268958
2023-12-20,,,705.0387,,,,,406.02607,,106.432398
2023-12-21,,,708.3705,,,,,405.666653,,106.158032
2023-12-22,,,709.107,,,,,405.815391,,105.828619
2023-12-26,,,711.8477,,,,,406.145357,,105.917443
2023-12-27,,,712.6691,,,,,405.308437,,106.673375
2023-12-28,,,710.4711,,,,,406.64001,,106.621642
2023-12-29,,,709.2438,,,,,406.498666,,106.01906
2024-01-02,,,707.5665,,,,,408.003483,,106.43337
2024-01-03,,,704.4396,,,,,406.734625,,106.425787
2024-01-04,,,702.3147,,,,,404.438774,,105.243735
2024-01-05,,,701.6726,,,,,404.516732,,104.678214
2024-01-08,,,708.3163,,,,,408.254986,,105.306764
2024-01-09,,,705.4242,,,,,408.576333,,104.775894
2024-01-10,,,707.7555,,,,,408.094943,,104.019218
2024-01-11,,,708.9209,,,,,408.9214,,104.501003
2024-01-12,,,711.5613,,,,,410.264616,,105.2642
2024-01-16,,,709.859,,,,,410.902328,,104.226506
2024-01-17,,,707.5637,,,,,408.813176,,103.374408
2024-01-18,,,712.4859,,,,,411.082027,,103.433337
2024-01-19,,,718.2653,,,,,413.376352,,103.715287
2024-01-22,,,721.5666,,,,,414.757911,,104.095393
2024-01-23,,,719.6927,,,,,416.202987,,104.073442
2024-01-24,,,720.2397,,,,,414.904959,,103.473022
2024-01-25,,,724.6542,,,,,418.491316,,104.626069
2024-01-26,,,723.0624,,,,,417.713275,,104.316974
2024-01-29,,,729.3036,,,,,421.216449,,105.557808
2024-01-30,,,733.1606,,,,,420.787895,,105.599966
2024-01-31,,,727.6277,,,,,418.487854,,106.04923
2024-02-01,,,732.6343,,,,,420.652265,,107.336388
2024-02-02,,,736.4682,,,,,425.093312,,106.299136
2024-02-05,,,738.0757,,,,,424.503615,,105.453964
2024-02-06,,,736.8811,,,,,425.661482,,106.129742
2024-02-07,,,741.1714,,,,,426.739294,,105.832653
2024-02-08,,,745.1711,,,,,426.11144,,105.292026
2024-02-09,,,746.7152,,,,,427.313578,,105.116728
2024-02-12,,,748.1378,,,,,427.672467,,105.528361
2024-02-13,,,740.4425,,,,,425.070984,,104.378773
2024-02-14,,,744.224,,,,,427.395707,,105.050433
2024-02-15,,,747.9567,,,,,427.760319,,105.09845
2024-02-16,,,744.7889,,,,,425.881472,,105.140762
2024-02-20,,,742.1364,,,,,423.32739,,104.393167
2024-02-21,,,738.6394,,,,,422.587019,,104.222572
2024-02-22,,,748.4288,,,,,427.846104,,104.610957
2024-02-23,,,750.3077,,,,,428.852039,,105.448108
2024-02-26,,,750.4959,,,,,426.218925,,104.760069
2024-02-27,,,748.932,,,,,426.751127,,104.464005
2024-02-28,,,748.7459,,,,,426.976137,,104.823305
2024-02-29,,,751.05,,,,,429.476393,,105.750158
2024-03-01,,,759.8911,,,,,431.4325,,106.585284
2024-03-04,,,761.2833,,,,,430.027136,,106.286788
2024-03-05,,,757.3678,,,,,428.326679,,106.941229
2024-03-06,,,760.9122,,,,,428.244114,,107.250929
2024-03-07,,,767.161,,,,,429.212736,,107.185167
2024-03-08,,,762.7151,,,,,428.353638,,107.199553
2024-03-11,,,762.0065,,,,,428.279836,,107.283934
2024-03-12,,,766.5746,,,,,430.581112,,106.915114
2024-03-13,,,765.9371,,,,,429.027127,,106.830766
2024-03-14,,,766.8927,,,,,429.962919,,106.620591
2024-03-15,,,762.1318,,,,,427.996947,,105.914182
2024-03-18,,,763.7537,,,,,429.950258,,106.002934
2024-03-19,,,768.2755,,,,,432.078337,,106.308658
2024-03-20,,,773.6853,,,,,432.590831,,106.541936
2024-03-21,,,781.1064,,,,,436.045345,,107.332285
2024-03-22,,,780.5384,,,,,438.246873,,108.162997
2024-03-25,,,779.5506,,,,,435.968166,,107.37365
2024-03-26,,,778.9499,,,,,435.913441,,107.495641
2024-03-27,,,781.8542,,,,,438.815797,,108.677759
2024-03-28,,,785.0046,,,,,440.241718,,109.523368
2024-04-01,,,786.2249,,,,,440.273995,,108.866386
2024-04-02,,,784.9123,,,,,437.401792,,108.538633
2024-04-03,,,786.925,,,,,435.092978,,108.112525
2024-04-04,,,779.6843,,,,,432.290485,,108.345524
2024-04-05,,,787.8328,,,,,434.1656,,107.990529
2024-04-08,,,787.3134,,,,,433.228463,,107.941917
2024-04-09,,,785.7427,,,,,434.218216,,108.810147
2024-04-10,,,780.41,,,,,434.113767,,108.200161
2024-04-11,,,787.8256,,,,,436.781727,,108.30448
2024-04-12,,,780.3575,,,,,437.054074,,108.763917
2024-04-15,,,775.7365,,,,,433.28482,,108.046435
2024-04-16,,,774.1301,,,,,432.555724,,107.176336
2024-04-17,,,769.5061,,,,,429.630194,,107.06303
2024-04-18,,,765.7406,,,,,429.792257,,107.174995
2024-04-19,,,760.5083,,,,,427.365709,,107.270079
2024-04-22,,,761.3174,,,,,429.773461,,107.190422
2024-04-23,,,765.2285,,,,,431.280208,,106.901415
2024-04-24,,,764.6737,,,,,430.792997,,106.61902
2024-04-25,,,763.0867,,,,,428.091251,,106.065597
2024-04-26,,,768.2114,,,,,432.467943,,107.310008
2024-04-29,,,768.6701,,,,,432.697738,,107.744511
2024-04-30,,,756.6769,,,,,430.108259,,106.767511
2024-05-01,,,754.6047,,,,,427.999467,,106.486642
2024-05-02,,,755.8245,,,,,430.643277,,107.08907
2024-05-03,,,760.7904,,,,,433.398497,,107.978307
2024-05-06,,,766.3265,,,,,435.817422,,108.49287
2024-05-07,,,766.6697,,,,,437.027268,,108.870875
2024-05-08,,,768.1718,,,,,436.930904,,108.629722
2024-05-09,,,770.144,,,,,437.406847,,109.141427
2024-05-10,,,773.5413,,,,,437.974596,,109.166635
2024-05-13,,,771.4167,,,,,437.189583,,108.881259
2024-05-14,,,776.0988,,,,,437.670705,,109.371084
2024-05-15,,,784.5787,,,,,439.441244,,109.922549
2024-05-16,,,780.8344,,,,,439.393716,,109.97588
2024-05-17,,,782.1856,,,,,439.212437,,110.216173
2024-05-20,,,783.719,,,,,439.776025,,110.200985
2024-05-21,,,782.4542,,,,,440.855421,,110.471013
2024-05-22,,,778.246,,,,,441.143851,,110.305914
2024-05-23,,,774.9011,,,,,439.03037,,108.930638
2024-05-24,,,777.8339,,,,,439.704705,,109.040387
2024-05-28,,,777.9705,,,,,438.651949,,108.328081
2024-05-29,,,772.4319,,,,,438.380845,,107.674816
2024-05-30,,,771.4707,,,,,436.205059,,107.970883
2024-05-31,,,773.5098,,,,,438.518771,,108.540825
2024-06-03,,,772.7836,,,,,437.501136,,108.757998
2024-06-04,,,771.617,,,,,439.45158,,109.191707
2024-06-05,,,780.7127,,,,,443.548735,,110.081338
2024-06-06,,,781.1976,,,,,442.825239,,110.06886
2024-06-07,,,777.8382,,,,,444.616182,,108.921008
2024-06-10,,,781.4683,,,,,446.627214,,109.310739
2024-06-11,,,783.3319,,,,,448.929616,,109.745236
2024-06-12,,,789.2044,,,,,449.125019,,109.78161
2024-06-13,,,794.1428,,,,,453.574598,,111.244314
2024-06-14,,,793.7981,,,,,455.398767,,111.789804
2024-06-17,,,798.5571,,,,,455.573873,,111.154294
2024-06-18,,,801.3825,,,,,456.689116,,111.890921
2024-06-20,,,801.6302,,,,,457.254657,,112.165716
2024-06-21,,,797.3726,,,,,457.35728,,111.662684
2024-06-24,,,796.6045,,,,,454.861685,,111.724775
2024-06-25,,,798.7449,,,,,456.668475,,112.098133
2024-06-26,,,796.5769,,,,,457.617399,,111.405224
2024-06-27,,,797.8799,,,,,457.370949,,111.654775
2024-06-28,,,795.9385,,,,,455.07926,,110.538173
2024-07-01,,,794.7004,,,,,453.409734,,109.136895
2024-07-02,,,796.3509,,,,,455.651137,,109.820276
2024-07-03,,,802.7528,,,,,456.181312,,110.637901
2024-07-05,,,803.7496,,,,,456.39448,,111.053426
2024-07-08,,,804.5236,,,,,457.381826,,111.020496
2024-07-09,,,802.6326,,,,,457.918391,,110.579595
2024-07-10,,,807.7245,,,,,460.128431,,111.139564
2024-07-11,,,807.9547,,,,,457.077378,,111.838808
2024-07-12,,,810.8221,,,,,457.769964,,111.823118
2024-07-15,,,812.0178,,,,,458.336169,,111.32912
2024-07-16,,,819.7509,,,,,460.496928,,112.537072
2024-07-17,,,809.3029,,,,,455.086705,,111.769068
2024-07-18,,,804.9944,,,,,454.248991,,111.242392
2024-07-19,,,802.536,,,,,452.713415,,110.435856
2024-07-22,,,809.4282,,,,,455.029886,,110.277299
2024-07-23,,,809.3192,,,,,456.125683,,110.229414
2024-07-24,,,795.2864,,,,,449.958667,,109.042277
2024-07-25,,,787.0116,,,,,448.80969,,109.34563
2024-07-26,,,795.9408,,,,,452.09715,,110.282702
2024-07-29,,,796.1745,,,,,453.954653,,110.809963
2024-07-30,,,795.3103,,,,,453.010267,,111.109806
2024-07-31,,,807.1206,,,,,457.945805,,112.575494
2024-08-01,,,796.7701,,,,,456.276434,,112.449401
2024-08-02,,,785.4613,,,,,448.340461,,111.780064
2024-08-05,,,779.273,,,,,438.606434,,110.853174
2024-08-06,,,779.8701,,,,,440.903464,,110.004768
2024-08-07,,,774.33,,,,,438.929484,,109.42808
2024-08-08,,,784.5849,,,,,444.856246,,110.235675
2024-08-09,,,787.216,,,,,446.825977,,110.877723
2024-08-12,,,786.6904,,,,,446.590748,,111.247061
2024-08-13,,,791.7014,,,,,449.161438,,111.332211
2024-08-14,,,791.0761,,,,,449.565531,,111.144167
2024-08-15,,,796.2879,,,,,455.099145,,111.728595
2024-08-16,,,799.3245,,,,,453.902493,,111.713471
2024-08-19,,,802.4206,,,,,454.295501,,111.834602
2024-08-20,,,801.5498,,,,,452.567738,,111.73986
2024-08-21,,,803.3311,,,,,453.047381,,112.070611
2024-08-22,,,799.0402,,,,,451.679386,,111.207882
2024-08-23,,,805.0607,,,,,452.249308,,111.848741
2024-08-26,,,804.0799,,,,,452.580594,,112.012869
2024-08-27,,,804.0848,,,,,452.072309,,111.839129
2024-08-28,,,801.1492,,,,,452.960908,,111.899307
2024-08-29,,,803.2191,,,,,454.466285,,112.265403
2024-08-30,,,804.2031,,,,,457.966149,,112.057498
2024-09-03,,,797.084,,,,,453.174497,,111.545543
2024-09-04,,,798.1223,,,,,451.811203,,111.745555
2024-09-05,,,799.4554,,,,,450.47556,,111.638939
2024-09-06,,,791.1386,,,,,447.230487,,111.079805
2024-09-09,,,797.5608,,,,,452.494108,,112.282942
2024-09-10,,,799.1876,,,,,454.854703,,112.737322
2024-09-11,,,802.0405,,,,,457.92416,,113.1713
2024-09-12,,,807.8701,,,,,457.474823,,112.947997
2024-09-13,,,812.6331,,,,,459.396522,,113.564579
2024-09-16,,,815.8783,,,,,457.726102,,113.946453
2024-09-17,,,815.5761,,,,,458.459797,,113.909407
2024-09-18,,,811.7357,,,,,456.847719,,113.03066
2024-09-19,,,821.617,,,,,459.776357,,113.538016
2024-09-20,,,822.5355,,,,,459.191664,,113.198781
2024-09-23,,,824.7427,,,,,461.83037,,114.229025
2024-09-24,,,827.4988,,,,,460.055559,,114.352119
2024-09-25,,,823.6273,,,,,460.667324,,113.950547
2024-09-26,,,825.4976,,,,,459.976871,,114.438401
2024-09-27,,,825.7046,,,,,460.815077,,115.142476
2024-09-30,,,825.5779,,,,,462.518085,,115.222303
2024-10-01,,,828.5893,,,,,463.317714,,116.571399
2024-10-02,,,828.8737,,,,,464.029025,,116.400768
2024-10-03,,,828.7758,,,,,463.371065,,115.54338
2024-10-04,,,830.9768,,,,,467.165455,,115.617478
2024-10-07,,,826.6983,,,,,463.887589,,115.056652
2024-10-08,,,826.825,,,,,466.59648,,114.458509
2024-10-09,,,828.2747,,,,,469.799648,,114.586816
2024-10-10,,,828.607,,,,,469.298902,,114.554114
2024-10-11,,,832.2293,,,,,471.075413,,114.741292
2024-10-14,,,834.4754,,,,,474.405844,,114.968357
2024-10-15,,,830.9376,,,,,473.730379,,114.975679
2024-10-16,,,835.0007,,,,,476.475875,,115.823748
2024-10-17,,,834.4808,,,,,476.924692,,115.668898
2024-10-18,,,837.0755,,,,,476.636348,,115.544027
2024-10-21,,,833.4462,,,,,477.06072,,114.447939
2024-10-22,,,834.6867,,,,,477.759828,,115.068046
2024-10-23,,,828.8128,,,,,475.306342,,114.312865
2024-10-24,,,830.8092,,,,,474.29246,,114.3753
2024-10-25,,,829.0795,,,,,475.271988,,114.306189
2024-10-28,,,829.7579,,,,,475.044091,,114.175463
2024-10-29,,,831.2122,,,,,475.463143,,113.928226
2024-10-30,,,829.4318,,,,,472.756958,,113.898054
2024-10-31,,,821.4335,,,,,465.963259,,112.944503
2024-11-01,,,820.9858,,,,,468.620028,,112.634181
2024-11-04,,,823.8306,,,,,466.85373,,112.94965
2024-11-05,,,831.6976,,,,,468.429167,,113.126874
2024-11-06,,,841.1199,,,,,482.833134,,113.416347
2024-11-07,,,846.3453,,,,,483.19684,,114.395133
2024-11-08,,,852.2967,,,,,488.635952,,115.302404
2024-11-11,,,853.9336,,,,,491.604728,,115.304272
2024-11-12,,,847.0767,,,,,490.750845,,113.737264
2024-11-13,,,846.8731,,,,,493.686824,,113.520884
2024-11-14,,,844.5633,,,,,493.237655,,114.06346
2024-11-15,,,837.7685,,,,,489.05468,,113.531663
2024-11-18,,,839.2524,,,,,487.683051,,113.761353
2024-11-19,,,842.1261,,,,,489.170289,,114.102957
2024-11-20,,,844.7105,,,,,491.452547,,114.658147
2024-11-21,,,852.8805,,,,,496.198789,,115.669347
2024-11-22,,,857.1572,,,,,500.107173,,116.642713
2024-11-25,,,853.9483,,,,,499.057054,,116.998436
2024-11-26,,,855.8198,,,,,500.649204,,116.513959
2024-11-27,,,851.3145,,,,,496.612099,,116.092534
2024-11-29,,,857.9249,,,,,498.835159,,117.050972
2024-12-02,,,860.5643,,,,,503.080651,,117.84713
2024-12-03,,,862.3715,,,,,502.461152,,117.699463
2024-12-04,,,865.8271,,,,,504.742577,,118.202613
2024-12-05,,,864.8463,,,,,500.653974,,117.170423
2024-12-06,,,866.6552,,,,,502.725016,,117.38444
2024-12-09,,,859.9972,,,,,501.233463,,117.47471
2024-12-10,,,855.8358,,,,,501.266249,,117.390088
2024-12-11,,,864.2322,,,,,504.660693,,117.495923
2024-12-12,,,857.4878,,,,,503.673257,,116.317074
2024-12-13,,,861.4441,,,,,501.302855,,115.274514
2024-12-16,,,866.5418,,,,,502.205687,,114.767562
2024-12-17,,,860.2808,,,,,501.930701,,114.676093
2024-12-18,,,840.4159,,,,,497.994581,,113.931633
2024-12-19,,,840.162,,,,,497.08201,,112.974066
2024-12-20,,,845.6011,,,,,497.771245,,112.768522
2024-12-23,,,847.7559,,,,,500.126952,,112.7842
2024-12-24,,,854.7472,,,,,504.349769,,113.496353
2024-12-26,,,854.9777,,,,,503.09548,,113.305225
2024-12-27,,,847.1441,,,,,499.484079,,112.485205
2024-12-30,,,843.7586,,,,,497.539465,,112.638697
2024-12-31,,,842.7875,,,,,498.673976,,113.071198
2025-01-02,,,848.5701,,,,,502.518974,,114.489264
2025-01-03,,,853.176,,,,,503.764556,,113.650356
2025-01-06,,,853.0658,,,,,501.348873,,112.696808
2025-01-07,,,850.0519,,,,,499.637092,,112.543254
2025-01-08,,,853.5038,,,,,501.355526,,113.030818
2025-01-10,,,851.4422,,,,,499.409751,,112.805656
2025-01-13,,,852.5517,,,,,499.484631,,112.8223
2025-01-14,,,852.5238,,,,,496.906133,,112.322418
2025-01-15,,,861.3748,,,,,504.958688,,114.438121
2025-01-16,,,863.264,,,,,504.445218,,114.670892
2025-01-17,,,870.2354,,,,,508.929387,,115.508962
2025-01-21,,,874.0224,,,,,504.648537,,114.709278
2025-01-22,,,876.528,,,,,506.663491,,114.634774
2025-01-23,,,879.1778,,,,,507.662005,,114.561027
2025-01-24,,,876.1667,,,,,503.386044,,114.157642
2025-01-27,,,854.3191,,,,,500.247266,,114.536911
2025-01-28,,,861.6157,,,,,505.746584,,115.08657
2025-01-29,,,860.9673,,,,,504.696866,,115.062355
2025-01-30,,,871.1437,,,,,508.152909,,116.16955
2025-01-31,,,863.4989,,,,,507.722666,,115.84452
2025-02-03,,,863.3202,,,,,506.500773,,116.114644
2025-02-04,,,865.6397,,,,,507.219986,,116.738233
2025-02-05,,,873.2795,,,,,508.343367,,117.534647
2025-02-06,,,873.6186,,,,,510.147867,,117.757658
2025-02-07,,,871.3269,,,,,509.507869,,117.90208
2025-02-10,,,879.1878,,,,,512.598562,,118.438621
2025-02-11,,,876.684,,,,,509.669809,,117.690198
2025-02-12,,,872.0065,,,,,506.601697,,116.18809
2025-02-13,,,877.9547,,,,,507.030359,,116.972504
2025-02-14,,,876.2955,,,,,506.634091,,117.022945
2025-02-18,,,878.8358,,,,,508.716969,,117.111314
2025-02-19,,,880.0651,,,,,510.874621,,117.56296
2025-02-20,,,878.1777,,,,,506.096642,,117.05756
2025-02-21,,,871.9708,,,,,503.928965,,117.43147
2025-02-24,,,870.6544,,,,,502.369948,,117.49483
2025-02-25,,,870.2655,,,,,499.954849,,117.549772
2025-02-26,,,872.1525,,,,,501.798437,,118.24676
2025-02-27,,,865.3186,,,,,500.810223,,117.904159
2025-02-28,,,873.7894,,,,,507.54762,,118.99505
2025-03-03,,,866.9013,,,,,497.2564,,117.593404
2025-03-04,,,861.8319,,,,,486.781109,,115.381795
2025-03-05,,,864.9678,,,,,481.874515,,113.946486
2025-03-06,,,854.6737,,,,,476.700732,100.0,113.251873
2025-03-07,,,857.9808,,,,,475.994624,99.43925,112.879401
2025-03-10,,,841.6734,,,,,469.175591,98.372353,112.789719
2025-03-11,,,842.5522,,,,,462.581521,97.780821,111.381559
2025-03-12,,,843.691,,,,,464.823637,97.76733,111.395587
2025-03-13,,,843.8876,,,,,463.225963,98.138689,112.073415
2025-03-14,,,850.8127,,,,,467.534712,98.789808,113.208432
2025-03-17,,,854.7215,,,,,467.937892,99.194575,112.84545
2025-03-18,,,853.9145,,,,,464.163285,98.869666,112.736345
2025-03-19,,,861.1504,,,,,469.582329,100.004739,113.962851
2025-03-20,,,859.5092,,,,,471.205174,100.207714,114.405106
2025-03-21,,,856.0517,,,,,472.613057,100.122181,114.056303
2025-03-24,,,858.2974,,,,,477.474798,100.18423,113.871086
2025-03-25,,,860.6488,,,,,478.777938,100.445275,114.402963
2025-03-26,,,856.5394,,,,,476.543262,100.165199,114.069271
2025-03-27,,,855.3491,,,,,473.572982,99.972562,113.50374
2025-03-28,,,852.6793,,,,,468.027559,99.819332,113.585326
2025-03-31,,,860.4921,,,,,470.581046,100.384614,114.568117
2025-04-01,,,863.1357,,,,,473.056861,101.092804,115.107495
2025-04-02,,,865.9642,,,,,472.166431,101.066348,114.509088
2025-04-03,,,842.6997,,,,,450.786883,98.480431,111.522097
2025-04-04,,,820.5959,,,,,438.648929,94.709385,109.435425
2025-04-07,,,814.7296,,,,,438.232957,93.052893,107.001747
2025-04-08,,,809.0453,,,,,431.314953,91.287388,104.55971
2025-04-09,,,844.9528,,,,,459.239614,95.851114,108.233774
2025-04-10,,,828.2313,,,,,435.628428,90.701252,103.034079
2025-04-11,,,839.8228,,,,,433.918512,91.40907,102.966977
2025-04-14,,,831.7181,,,,,437.790728,91.755007,104.140615
2025-04-15,,,829.3969,,,,,440.153866,92.532627,104.91242
2025-04-16,,,830.6057,,,,,430.306689,92.198325,104.04532
2025-04-17,,,832.7429,,,,,431.630399,92.89575,104.499573
2025-04-21,,,828.1498,,,,,418.81162,91.277391,102.208878
2025-04-22,,,833.4479,,,,,429.156064,92.659376,104.254019
2025-04-23,,,835.7429,,,,,437.640329,93.687083,105.752346
2025-04-24,,,842.783,,,,,441.230148,94.618636,106.729022
2025-04-25,,,843.8825,,,,,444.804254,94.994009,107.030954
2025-04-28,,,846.1156,,,,,443.225487,95.1654,107.200633
2025-04-29,,,847.8838,,,,,446.584693,95.590562,107.904049
2025-04-30,,,847.6334,,,,,448.799008,96.038487,108.165271
2025-05-01,,,849.3564,,,,,451.870841,95.550358,107.747889
2025-05-02,,,853.0363,,,,,454.548508,95.770062,107.809428
2025-05-05,,,852.0881,,,,,452.032653,95.755117,107.715862
2025-05-06,,,852.1933,,,,,448.118261,95.789205,107.737418
2025-05-07,,,853.104,,,,,452.184518,96.357184,108.086157
2025-05-08,,,853.3534,,,,,456.160699,96.31592,108.163987
2025-05-09,,,854.3216,,,,,455.149158,96.455334,108.309846
2025-05-12,,,862.3824,,,,,470.400782,97.679185,109.616931
2025-05-13,,,864.7274,,,,,467.768307,97.109352,109.435877
2025-05-14,,,860.4606,,,,,468.026045,96.471132,108.949081
2025-05-15,,,866.6206,,,,,470.032655,97.069875,109.788554
2025-05-16,,,867.0027,,,,,472.877004,97.306852,110.128328
2025-05-19,,,868.2375,,,,,469.780059,96.899645,109.407778
2025-05-20,,,867.8393,,,,,466.806715,96.468364,108.604383
2025-05-21,,,858.1099,,,,,458.982086,95.275764,106.827583
2025-05-22,,,857.0462,,,,,461.647025,95.778164,107.184928
2025-05-23,,,859.2239,,,,,456.812499,95.547283,107.072419
2025-05-27,,,866.5781,,,,,464.616752,96.526715,108.408249
2025-05-28,,,862.8277,,,,,464.134802,96.074314,107.881998
2025-05-29,,,866.5593,,,,,462.831359,96.033303,107.91709
2025-05-30,,,865.2596,,,,,463.776482,96.15858,108.160336
2025-06-02,,,870.5854,,,,,461.078689,95.892116,107.226511
2025-06-03,,,872.4944,,,,,465.357651,96.27901,107.708042
2025-06-04,,,874.7368,,,,,464.46128,96.987591,108.813121
2025-06-05,,,873.5762,,,,,461.524498,96.320835,108.494366
2025-06-06,,,872.3652,,,,,465.530978,96.321428,108.007536
2025-06-09,,,871.8416,,,,,464.992024,96.349327,108.06002
2025-06-10,,,872.7251,,,,,466.889011,96.721653,108.665917
2025-06-11,,,874.6372,,,,,463.985548,96.431637,108.316518
2025-06-12,,,878.8105,,,,,462.026452,96.396694,108.294863
2025-06-13,,,874.2863,,,,,459.443771,96.251415,107.719188
2025-06-16,,,876.3279,,,,,461.355676,96.299409,107.414988
2025-06-17,,,875.1238,,,,,462.773137,97.088447,108.791764
2025-06-18,,,875.0009,,,,,462.858136,97.286677,108.622331
2025-06-20,,,874.1439,,,,,460.699477,96.853691,108.055646
2025-06-23,,,877.279,,,,,461.61028,96.589249,107.826342
2025-06-24,,,882.6987,,,,,464.098347,96.198079,107.971597
2025-06-25,,,883.2547,,,,,462.260985,95.518718,107.625629
2025-06-26,,,889.0789,,,,,463.280974,95.913478,108.085273
2025-06-27,,,888.6612,,,,,463.499799,95.317079,107.542306
2025-06-30,,,893.308,,,,,462.796476,95.436031,107.733347
2025-07-01,,,891.6711,,,,,461.768212,95.27921,107.94501
2025-07-02,,,895.4124,,,,,463.105014,95.149367,108.403483
2025-07-03,,,898.8279,,,,,466.583456,95.719564,108.623466
2025-07-07,,,895.5311,,,,,465.744019,95.307572,107.730531
2025-07-08,,,894.1096,,,,,464.834779,95.087554,107.51292
2025-07-09,,,901.7513,,,,,467.435919,95.888257,107.883336
2025-07-10,,,899.816,,,,,469.012359,95.946304,108.639091
2025-07-11,,,896.3985,,,,,467.621805,95.676914,107.942334
2025-07-14,,,897.0021,,,,,469.16318,95.963414,108.009697
2025-07-15,,,892.396,,,,,469.940129,95.94168,107.807005
2025-07-16,,,892.9196,,,,,469.554193,96.044147,108.00619
2025-07-17,,,897.29,,,,,473.151919,96.603887,108.699515
2025-07-18,,,897.9978,,,,,472.155292,96.760175,108.382257
2025-07-21,,,901.528,,,,,470.380487,96.836084,108.629483
2025-07-22,,,901.381,,,,,468.428305,96.812319,108.922656
2025-07-23,,,903.2912,,,,,469.657355,96.50606,108.527836
2025-07-24,,,904.5247,,,,,470.610895,96.319148,108.637933
2025-07-25,,,907.0694,,,,,472.397387,96.455889,108.705475
2025-07-28,,,907.5827,,,,,478.295353,96.989565,109.461828
2025-07-29,,,912.1915,,,,,480.375458,98.174038,110.894423
2025-07-30,,,911.1462,,,,,485.346124,98.784821,110.990138
2025-07-31,,,910.0462,,,,,483.961754,98.269517,110.784848
2025-08-01,,,903.2592,,,,,473.711492,97.195148,109.58726
2025-08-04,,,913.1,,,,,478.801932,98.021273,110.577131
2025-08-05,,,916.4344,,,,,477.297512,97.960274,110.778835
2025-08-06,,,914.9609,,,,,475.917754,97.362259,109.690172
2025-08-07,,,917.7038,,,,,475.364153,97.640017,109.823049
2025-08-08,,,919.0847,,,,,478.142868,97.750371,110.259612
2025-08-11,,,914.7349,,,,,478.771574,97.810421,110.220426
2025-08-12,,,917.5857,,,,,479.469122,97.369793,109.736494
2025-08-13,,,920.0855,,,,,479.840629,97.76143,110.223407
2025-08-14,,,916.7679,,,,,481.625195,97.844893,110.022629
2025-08-15,,,912.8274,,,,,478.359985,97.066711,109.158326
2025-08-18,,,914.8638,,,,,479.86946,97.315216,109.455894
2025-08-19,,,912.8389,,,,,479.295206,97.244332,109.594048
2025-08-20,,,912.832,,,,,478.492003,97.215117,109.617394
2025-08-21,,,910.3264,,,,,478.684415,97.658063,109.690278
2025-08-22,,,920.8113,,,,,479.400487,98.235546,110.399113
2025-08-25,,,918.7747,,,,,482.026326,98.433492,111.024918
2025-08-26,,,920.6241,,,,,482.612129,98.571085,110.830352
2025-08-27,,,921.6267,,,,,483.608277,98.636962,111.029822
2025-08-28,,,926.3539,,,,,482.996852,98.875839,111.220363
2025-08-29,,,922.1077,,,,,480.887937,98.73208,110.796259
2025-09-02,,,919.6854,,,,,480.008344,98.790077,110.702504
2025-09-03,,,924.2779,,,,,481.499968,99.288606,111.311079
2025-09-04,,,930.4308,,,,,485.122481,99.842834,112.030348
2025-09-05,,,933.4142,,,,,482.40581,100.001027,112.785555
2025-09-08,,,940.9803,,,,,481.918785,100.613237,113.019979
2025-09-09,,,940.9442,,,,,484.359996,100.75433,113.188842
2025-09-10,,,950.1669,,,,,486.279424,101.361224,113.855008
2025-09-11,,,954.544,,,,,487.351982,101.659872,114.405921
2025-09-12,,,952.7593,,,,,487.083563,101.315555,114.184418
2025-09-15,,,956.785,,,,,487.913632,101.823112,114.380831
2025-09-16,,,953.6315,,,,,483.219162,101.028507,113.581064
2025-09-17,,,949.8843,,,,,484.73183,100.995485,113.824725
2025-09-18,,,950.9573,,,,,486.639458,100.878009,113.190698
2025-09-19,,,953.6408,,,,,489.703644,101.135238,113.844552
2025-09-22,,,956.5147,,,,,488.566536,100.776066,113.366684
2025-09-23,,,958.6741,,,,,486.769652,100.938488,113.692556
2025-09-24,,,954.8204,,,,,488.650897,101.329828,114.04548
2025-09-25,,,953.0614,,,,,490.042459,101.955214,114.805539
2025-09-26,,,956.9863,,,,,490.412197,101.850021,114.413929
2025-09-29,,,959.2936,,,,,490.496665,102.427894,115.049835
2025-09-30,,,961.4405,,,,,491.314683,102.521481,115.149792
2025-10-01,,,963.7288,,,,,492.90874,103.119401,115.396879
2025-10-02,,,964.6902,,,,,494.09759,103.325801,115.76547
2025-10-03,,,966.5024,,,,,492.757177,103.477755,115.561037
2025-10-06,,,968.6258,,,,,494.628037,103.738362,115.796108
2025-10-07,,,968.5991,,,,,496.184479,104.497787,116.959931
2025-10-08,,,974.8598,,,,,499.28325,105.431557,117.774119
2025-10-09,,,969.7137,,,,,500.91369,105.071331,117.794188
2025-10-10,,,955.4369,,,,,491.155765,104.007079,116.928379
2025-10-13,,,974.2185,,,,,498.25919,105.836682,118.414013
2025-10-14,,,971.9182,,,,,496.627821,105.886221,118.486337
2025-10-15,,,976.7589,,,,,496.214933,105.960543,118.542929
2025-10-16,,,979.969,,,,,493.14506,106.591692,118.799154
2025-10-17,,,976.3554,,,,,496.114182,106.229438,118.778476
2025-10-20,,,988.6599,,,,,499.955191,107.985548,120.173685
2025-10-21,,,977.9082,,,,,501.937253,107.203072,119.753831
2025-10-22,,,976.5245,,,,,499.921126,106.916412,119.763615
2025-10-23,,,985.1893,,,,,501.001752,107.540946,119.680117
2025-10-24,,,989.0373,,,,,503.327384,107.51223,119.830529
2025-10-27,,,992.4062,,,,,506.179835,106.982544,119.797727
2025-10-28,,,990.9999,,,,,506.802319,107.071333,119.892486
2025-10-29,,,998.9071,,,,,508.237637,106.730774,119.747637
2025-10-30,,,994.0572,,,,,506.024364,107.056542,119.489612
2025-10-31,,,994.2365,,,,,508.191595,107.090984,119.619506
2025-11-03,,,996.1456,,,,,509.276657,107.48685,119.17313
2025-11-04,,,983.8971,,,,,507.360505,107.041669,118.979989
2025-11-05,,,991.8119,,,,,507.433553,106.870936,118.706367
2025-11-06,,,986.42,,,,,502.514004,106.521906,118.599255
2025-11-07,,,985.6409,,,,,501.891991,106.500205,118.458035
2025-11-10,,,1001.1187,,,,,506.93708,107.483883,119.574392
2025-11-11,,,1000.7396,,,,,507.105495,108.261052,119.764967
2025-11-12,,,1004.5988,,,,,506.741121,108.355736,120.219904
2025-11-13,,,988.8514,,,,,499.313633,106.923963,118.722561
2025-11-14,,,984.8776,,,,,499.552418,105.990705,118.229772
2025-11-17,,,980.007,,,,,498.071164,105.756247,117.797508
2025-11-18,,,972.9707,,,,,496.182224,105.784254,117.63246
2025-11-19,,,979.1026,,,,,499.158883,105.781004,117.950071
2025-11-20,,,967.9437,,,,,495.242883,105.363031,117.482711
2025-11-21,,,968.1997,,,,,499.366317,106.05357,117.982527
2025-11-24,,,986.0689,,,,,503.793732,106.718502,118.861743
2025-11-25,,,994.3739,,,,,504.839689,106.781828,119.047533
2025-11-26,,,1004.7471,,,,,506.099712,107.548561,119.396314
2025-11-28,,,1010.5791,,,,,507.369575,107.917192,119.317145
2025-12-01,,,1003.7802,,,,,504.639976,107.234718,118.416599
2025-12-02,,,1001.8548,,,,,504.76471,106.930034,118.307976
2025-12-03,,,1003.8283,,,,,504.19591,107.011176,118.684223
2025-12-04,,,1008.053,,,,,505.083888,106.905966,118.954309
2025-12-05,,,1008.5451,,,,,505.479517,106.916066,118.346228
2025-12-08,,,1010.1225,,,,,504.548538,106.358151,117.908371
2025-12-09,,,1012.9351,,,,,504.551753,106.026389,118.23938
2025-12-10,,,1020.278,,,,,504.20629,106.209236,118.436621
2025-12-11,,,1025.0707,,,,,503.109564,106.05262,118.228179
2025-12-12,,,1006.6972,,,,,499.168304,105.268599,117.317636
2025-12-15,,,1004.2402,,,,,498.344973,105.223574,117.014569
2025-12-16,,,1002.0231,,,,,498.149476,104.969155,116.794324
2025-12-17,,,997.5067,,,,,495.131864,104.65545,116.872916
2025-12-18,,,1005.0139,,,,,498.569061,105.495528,117.708427
2025-12-19,,,1012.2814,,,,,501.593426,105.583124,117.737188
2025-12-22,,,1015.5764,,,,,501.148442,105.80417,117.603817
2025-12-23,,,1020.2658,,,,,501.177975,106.133731,117.7344
2025-12-24,,,1023.1223,,,,,503.390761,106.894543,118.677659
2025-12-26,,,1023.5162,,,,,503.657994,107.025696,118.793846
2025-12-29,,,1017.9927,,,,,502.74147,106.052956,118.554958
2025-12-30,,,1019.4136,,,,,503.343645,106.543884,118.468394
2025-12-31,,,1011.8369,,,,,500.719078,105.60256,117.484953
2026-01-02,,,1023.7883,,,,,502.332406,106.378559,118.69954
2026-01-05,,,1034.52,,,,,504.645663,107.630727,119.74192
2026-01-06,,,1041.0027,,,,,507.826609,108.434584,120.694863
2026-01-07,,,1031.2314,,,,,507.594223,108.399806,120.659771
2026-01-08,,,1030.7504,,,,,507.947269,108.480462,120.498333
2026-01-09,,,1039.4888,,,,,511.387723,109.388193,121.57639
2026-01-12,,,1045.3009,,,,,510.434596,110.070046,121.709127
2026-01-13,,,1047.6596,,,,,511.062392,109.948144,122.185239
2026-01-14,,,1048.9224,,,,,509.753948,110.504793,122.889781
2026-01-15,,,1055.1408,,,,,511.899102,110.614262,123.44026
2026-01-16,,,1053.5993,,,,,511.770075,110.598645,122.987869
2026-01-20,,,1042.4504,,,,,499.229977,108.698847,120.639178
2026-01-21,,,1057.4434,,,,,505.036323,110.530469,122.726521
2026-01-22,,,1062.4904,,,,,503.746112,110.08677,122.46691
2026-01-23,,,1059.6933,,,,,500.933261,110.09866,122.492196
2026-01-26,,,1066.7304,,,,,500.554408,110.373592,123.001406
2026-01-27,,,1075.9213,,,,,494.904667,109.648167,121.956658
2026-01-28,,,1083.2089,,,,,498.398334,110.333866,123.448539
2026-01-29,,,1086.2224,,,,,497.101816,111.233517,123.493314
2026-01-30,,,1074.3242,,,,,501.20148,109.695528,121.978897
2026-02-02,,,1080.8379,,,,,505.033515,108.80136,121.823279
2026-02-03,,,1089.2054,,,,,501.320536,109.654499,123.313869
2026-02-04,,,1083.2497,,,,,500.270484,109.847046,123.111254
2026-02-05,,,1075.9071,,,,,498.496005,109.479406,122.885239
2026-02-06,,,1093.9882,,,,,502.752549,110.505692,123.770211
2026-02-09,,,1103.5734,,,,,500.10689,110.427142,123.904518
2026-02-10,,,1100.5561,,,,,500.745791,110.767336,124.281317
2026-02-11,,,1102.9943,,,,,501.211091,111.403769,125.68596
2026-02-12,,,1095.5825,,,,,497.456023,111.101571,125.411961
2026-02-13,,,1096.6694,,,,,498.460597,111.437563,125.503129
2026-02-17,,,1095.6589,,,,,499.560522,111.038137,125.100423
2026-02-18,,,1102.1135,,,,,503.759374,112.578471,126.511182
2026-02-19,,,1100.5482,,,,,503.518669,112.999882,126.751529
2026-02-20,,,1108.4692,,,,,505.305936,113.629712,128.47799
2026-02-23,,,1108.538,,,,,502.445482,114.01615,127.493115
2026-02-24,,,1108.8933,,,,,505.11726,114.051835,127.841446
2026-02-25,,,1116.9734,,,,,506.009634,114.312578,128.003597
2026-02-26,,,1111.8994,,,,,505.187363,114.586683,128.250357
2026-02-27,,,1108.1202,,,,,503.307867,115.083926,128.980726
2026-03-02,,,1107.6326,,,,,508.130055,115.718587,129.655148
2026-03-03,,,1093.5274,,,,,508.592774,114.821047,128.263411
2026-03-04,,,1098.2213,,,,,509.652214,114.826756,128.066212
2026-03-05,,,1086.7799,,,,,508.537153,114.158987,126.950059
2026-03-06,,,1073.7329,,,,,503.932809,114.777557,126.23969
2026-03-09,,,1083.3932,,,,,506.354736,115.196732,127.088731
2026-03-10,,,1086.976,,,,,506.439003,115.249311,126.726352
2026-03-11,,,1085.117,,,,,506.971449,115.505769,126.72652
2026-03-12,,,1072.5029,,,,,504.02606,115.323919,126.205105
2026-03-13,,,1069.2904,,,,,506.325835,115.369477,126.388428
2026-03-16,,,1075.7736,,,,,506.257502,115.102522,126.320218
2026-03-17,,,1078.2352,,,,,505.932255,115.501314,126.567459
2026-03-18,,,1071.4313,,,,,504.718926,114.857245,126.114428
2026-03-19,,,1069.1041,,,,,498.218163,112.676882,123.939321
2026-03-20,,,1050.6736,,,,,493.034652,109.342593,121.016071
2026-03-23,,,1057.7636,,,,,495.163825,109.470158,121.557951
2026-03-24,,,1062.34,,,,,493.786507,109.232002,121.087355
2026-03-25,,,1071.1002,,,,,498.21061,111.250786,123.352493
2026-03-26,,,1053.8413,,,,,493.010826,109.424977,122.136091
2026-03-27,,,1050.1999,,,,,488.711294,109.635279,121.64368
2026-03-30,,,1045.5092,,,,,490.841133,111.369463,123.085215
2026-03-31,,,1061.0592,,,,,495.895279,112.67551,123.983986
2026-04-01,,,1068.7511,,,,,496.661522,112.777143,124.317058
2026-04-02,,,1068.9334,,,,,499.591924,113.781901,124.353038
2026-04-06,,,1070.5416,,,,,500.493703,113.86664,124.487863
2026-04-07,,,1071.1136,,,,,498.529007,113.255704,123.848485
2026-04-08,,,1091.8519,,,,,503.856135,113.82776,125.073694
2026-04-09,,,1094.7589,,,,,504.13343,113.855396,124.456122
2026-04-10,,,1093.6402,,,,,502.463827,113.21809,124.906996
2026-04-13,,,1097.4158,,,,,504.370744,113.468242,124.826713
2026-04-14,,,1102.5153,,,,,506.968131,114.334463,125.211112
2026-04-15,,,1100.2224,,,,,508.91395,113.842629,125.230592
2026-04-16,,,1099.4393,,,,,510.097996,113.966654,124.630211
2026-04-17,,,1107.2072,,,,,515.369739,115.069342,125.888206
2026-04-20,,,1105.9037,,,,,513.70973,114.458102,125.638292
2026-04-21,,,1099.9695,,,,,512.822154,113.651593,125.041973
2026-04-22,,,1104.6998,,,,,517.871436,115.013901,126.334234
2026-04-23,,,1102.6409,,,,,517.384957,114.863949,125.976508
2026-04-24,,,1103.0771,,,,,518.493678,115.01262,125.758406
2026-04-27,,,1101.3555,,,,,518.616162,114.644558,125.343278
2026-04-28,,,1100.992,,,,,517.375453,114.454175,124.870255
2026-04-29,,,1098.7056,,,,,518.049903,114.159897,124.423747
2026-04-30,,,1106.6065,,,,,518.990697,115.162258,125.068776
2026-05-01,,,1104.4391,,,,,520.55695,115.025604,125.003421
2026-05-04,,,1099.0055,,,,,520.05179,114.813141,124.700976
2026-05-05,,,1109.5723,,,,,522.887282,115.418777,125.473086
2026-05-06,,,1124.5779,,,,,525.641181,116.218751,126.388025
2026-05-07,,,1115.8161,,,,,525.264674,115.501415,125.368191
2026-05-08,,,1119.4065,,,,,525.606498,115.740991,125.937745
2026-05-11,,,1129.9989,,,,,525.909923,115.806792,125.912033
2026-05-12,,,1122.2885,,,,,526.684001,116.029902,125.860996
2026-05-13,,,1128.1305,,,,,529.744077,116.525505,126.147884
2026-05-14,,,1137.7784,,,,,534.184979,116.730865,126.733704
2026-05-15,,,1122.0835,,,,,531.016568,114.77225,125.020637
2026-05-18,,,1115.9464,,,,,529.353109,115.085391,124.799554
2026-05-19,,,1107.2494,,,,,528.676424,114.684045,123.695968
2026-05-20,,,1118.3851,,,,,532.342131,115.739607,125.130191
2026-05-21,,,1120.4613,,,,,533.606289,115.780468,125.329216
2026-05-22,,,1125.5937,,,,,535.762425,116.087712,125.719421
2026-05-26,,,1127.6405,,,,,537.157628,116.686508,126.472501
2026-05-27,,,1123.273,,,,,537.551322,116.202361,126.593074
2026-05-28,,,1125.8994,,,,,538.644317,116.58368,126.614727
2026-05-29,,,1126.4403,,,,,539.008406,116.575792,126.480101
2026-06-01,,,1127.8647,,,,,541.192869,116.91524,127.088094
2026-06-02,,,1141.7706,,,,,541.727438,117.353036,128.171023
2026-06-03,,,1139.6445,,,,,540.508422,116.786091,127.907329
2026-06-04,,,1143.8191,,,,,541.512899,116.70023,127.940112
2026-06-05,,,1120.2286,,,,,536.118868,114.736907,126.190744
2026-06-08,,,1125.0759,,,,,536.390321,114.756785,125.401363
2026-06-09,,,1119.1528,,,,,535.349871,114.485124,125.445719
2026-06-10,,,1106.5035,,,,,530.53543,113.237591,124.172074
2026-06-11,,,1123.0402,,,,,535.150102,114.760584,125.800378
2026-06-12,,,1132.5398,,,,,537.193947,114.999646,126.614264
2026-06-15,,,1142.756,,,,,542.024544,115.71079,127.386639
2026-06-16,,,1142.0294,,,,,539.462372,115.559275,126.838207
2026-06-17,,,1141.1582,,,,,539.598201,115.530843,127.271689
2026-06-18,,,1148.9761,,,,,545.680149,116.605594,128.276478
2026-06-22,,,1157.3287,,,,,545.469802,116.195908,127.68979
2026-06-23,,,1144.4773,,,,,543.089895,115.482331,127.003032
2026-06-24,,,1145.0027,,,,,545.120752,115.718204,127.262437
2026-06-25,,,1154.8552,,,,,545.17173,116.116042,127.651511
2026-06-26,,,1144.136,,,,,542.299522,115.806566,127.370406
2026-06-29,,,1155.4068,,,,,545.847019,115.764667,127.908886
2026-06-30,,,1158.524,,,,,547.645408,115.630972,127.132219
2026-07-01,,,1146.8325,,,,,548.958815,115.558525,126.812751
2026-07-02,,,1141.0533,,,,,546.108937,115.392234,126.426538
2026-07-06,,,1147.0888,,,,,548.742494,116.424924,126.863786
2026-07-07,,,1139.0707,,,,,547.596421,115.53865,125.524633
2026-07-08,,,1132.0499,,,,,545.966063,115.055303,125.184734
2026-07-09,,,1139.6901,,,,,548.384235,115.427568,125.490236
2026-07-10,,,1142.3127,,,,,550.307583,115.778911,125.944487
2026-07-13,,,1137.4677,,,,,548.601492,115.100051,125.175301
2026-07-14,,,1145.8675,,,,,548.47938,115.7191,125.535021
2026-07-15,,,1141.7491,,,,,548.050304,115.799758,125.124611
2026-07-16,,,1130.6139,,,,,547.224465,115.021424,124.432141
2026-07-17,,,1125.1486,,,,,544.366464,115.346836,124.772015
2026-07-20,,,1121.4552,,,,,544.439082,115.119029,124.464386
2026-07-21,,,1134.5432,,,,,547.447841,116.030769,125.442141
2026-07-22,,,1135.6426,,,,,546.036454,116.362892,125.403142
2026-07-23,,,1129.7435,,,,,543.110945,115.605293,124.746251
2026-07-24,,,1129.3545,,,,,544.020852,115.754812,125.110223
2026-07-27,,,1127.5778,,,,,544.720864,115.698849,125.250867
2026-07-28,,,1120.07,,,,,545.151529,115.673443,125.166915
2026-07-29,,,1106.7176,,,,,535.505289,114.311495,123.203057
2026-07-30,,,1123.3016,,,,,538.175365,114.683162,123.572606
2026-07-31,,,1124.676,,,,,539.822759,114.226848,122.862488
2026-08-03,,,1132.7344,,,,,546.001086,114.604025,123.441278
2026-08-04,,,1147.6885,,,,,551.663152,114.874163,124.776062
2026-08-05,,,1147.8348,,,,,550.112694,115.758901,125.173428
2026-08-06,,,1147.0016,,,,,550.339929,115.738979,124.978618
2026-08-07,,,1149.3567,,,,,551.130319,116.3765,125.577367
2026-08-10,,,1152.6264,,,,,550.951729,116.806421,125.632409
2026-08-11,,,1154.071,,,,,550.055898,116.918631,125.399793
2026-08-12,,,1157.8695,,,,,551.991491,117.296993,126.221348
2026-08-13,,,1158.1667,,,,,554.690242,117.292383,126.00369
2026-08-14,,,1159.4027,,,,,551.583116,116.680753,125.329468
2026-08-17,,,1157.2884,1157.2884,,,,549.058182,116.47115,125.17328
2026-08-18,,,1178.7537,1178.7537,,,,547.270967,116.047646,124.881049
2026-08-19,,,1177.2435,1177.2435,,,,544.216548,116.500333,125.752986
2026-08-20,,,1169.7884,1169.7884,,,,540.684977,116.412086,125.797276
2026-08-21,,,1174.4396,1174.4397,,,,541.786645,116.778815,125.817746
2026-08-24,,,1172.3912,1172.3912,,,,541.866408,117.021018,126.459498
2026-08-25,,,1176.129,1176.129,,,,543.443817,117.650117,127.412681
2026-08-26,,,1177.8779,1177.878,,,,544.16486,117.43722,127.13708
2026-08-27,,,1175.9185,1175.9186,,,,546.29915,117.643943,127.151264
2026-08-28,,,1171.8838,1171.8839,,,,548.081248,117.49788,126.787709
2026-08-31,,,1171.9519,1171.952,,,,545.266365,116.987513,126.178912
2026-09-01,,,1165.1859,1165.186,,,,543.505812,116.343549,125.997527
2026-09-02,,,1167.6719,1167.6721,,,,545.288596,116.926813,126.547977
2026-09-03,,,1170.6069,1170.6071,,,,547.210291,117.213483,126.820811
2026-09-04,,,1170.8282,1170.8283,,,,546.614039,117.21602,126.723876
2026-09-08,,,1172.3505,1172.3506,,,,544.155318,116.463281,126.510765
2026-09-09,,,1169.7226,1169.7228,,,,541.667088,115.818148,125.667251
2026-09-10,,,1158.2994,1158.2996,,,,539.377212,114.961377,124.055003
2026-09-11,,,1167.506,1167.5062,,,,542.480657,115.106325,124.395511
2026-09-14,,,1149.6634,1149.6636,,,,543.11456,115.007665,124.297827
2026-09-15,,,1149.2631,1149.2633,,,,541.947502,115.097348,124.224351
2026-09-16,,,1144.1315,1144.1316,,,,544.081694,115.443495,124.264642
2026-09-17,,,1154.1783,1154.1784,,,,548.390311,116.65861,125.561756
2026-09-18,,,1153.2806,1153.2807,,,,547.472527,115.531623,124.820258
2026-09-21,,,1162.3882,1162.3884,,,,554.214188,117.015862,126.035201
2026-09-22,,,1159.3517,1159.3519,,,,555.000647,117.40974,126.261998
2026-09-23,,,1152.2115,1152.2117,,,,553.782783,115.975283,124.962957
2026-09-24,,,1146.9739,1146.9741,,,,552.622817,115.538216,123.852567
2026-09-25,,,1152.3791,1152.3793,,,,554.291373,115.506882,123.734054
2026-09-28,,,1142.4416,1142.4418,,,,551.694563,113.722986,123.141307
2026-09-29,,,1140.7782,1140.7783,,,,552.40588,114.019782,122.711271
2026-09-30,,,1133.143,1133.1432,,,,552.183149,113.785128,122.265858
2026-10-01,,,1135.8948,1135.895,,,,557.542803,114.825172,123.152605
